<?xml version="1.0" encoding="UTF-8" standalone="yes"?>
<addon id="repository.unblockr" name="Unblockr Addons" version="1.3" provider-name="Unblockr">
	<extension point="xbmc.addon.repository" name="unblockr add-on repository">
		<info compressed="false">http://repository.unblockr.net/addons/addons.xml</info>
		<checksum>http://repository.unblockr.net/addons/addons.xml.md5</checksum>
		<datadir zip="true">http://repository.unblockr.net/addons</datadir>
	</extension>
	<extension point="xbmc.addon.metadata">
		<summary>Install addons from Unblockr.net</summary>
		<description>Download and install addons from unblockr</description>
		<platform>all</platform>
	</extension>
</addon>



