<?xml version="1.0" encoding="UTF-8"?>
<window>
	<zorder>3</zorder>
	<defaultcontrol always="true">8000</defaultcontrol>
	<controls>
		<control type="group">
			<posx>0</posx>
			<posy>0</posy>
			<include>NowPlayingFullscreen</include>

			<control type="image">
				<include>FullscreenDimensions</include>
				<texture>osd/fullscreen/osdsettings.png</texture>
				<aspectratio>stretch</aspectratio>
			</control>

			<control type="image">
				<include>FullscreenDimensions</include>
				<texture>osd/fullscreen/osdsettings-eq-separators.png</texture>
				<aspectratio>stretch</aspectratio>
			</control>

			<control type="label">
				<description>EQ Header</description>
				<posx>510</posx>
				<posy>245</posy>
				<width>900</width>
				<height>34</height>
				<label>$ADDON[adsp.basic 30100]</label>
				<align>center</align>
				<font>Font-Condensed-S34-B</font>
				<textcolor>bbwhite</textcolor>
				<shadowcolor>66000000</shadowcolor>
			</control>

			<control type="group">
				<posx>370</posx>
				<posy>227</posy>
				<control type="slider" id="8000">
					<description>Preamp Frequency Band Slider</description>
					<posx>805</posx>
					<posy>76</posy>
					<width>300</width>
					<height>35</height>
					<sliderwidth>300</sliderwidth>
					<sliderheight>35</sliderheight>
					<texturesliderbar border="22,1,22,1">buttons/OSD/slider_back.png</texturesliderbar>
					<textureslidernib>buttons/OSD/orb_nofo.png</textureslidernib>
					<textureslidernibfocus>buttons/OSD/orb_fo.png</textureslidernibfocus>
					<onup>10000</onup>
					<ondown>8001</ondown>
					<onleft>8000</onleft>
					<onright>8000</onright>
				</control>
				<control type="label" id="8100">
					<description>Preamp Frequency Band Label</description>
					<label>$ADDON[adsp.parametric.eq 30150]</label>
					<posx>85</posx>
					<posy>73</posy>
					<width>330</width>
					<height>40</height>

					<align>left</align>
					<font>Font-Condensed-S37</font>
					<textcolor>aawhite</textcolor>
					<scroll>false</scroll>
				</control>
				<control type="label" id="8200">
					<description>Preamp dB Level</description>
					<posx>775</posx>
					<posy>73</posy>
					<label>-</label>
					<width>330</width>
					<height>40</height>
					<align>right</align>
					<font>Font-Condensed-S37</font>
					<textcolor>aawhite</textcolor>
					<scroll>false</scroll>
				</control>

				<control type="slider" id="8001">
					<description>32Hz Frequency Band Slider</description>

					<posx>805</posx>
					<posy>126</posy>
					<width>300</width>
					<height>35</height>
					<sliderwidth>300</sliderwidth>
					<sliderheight>35</sliderheight>
					<texturesliderbar border="22,1,22,1">buttons/OSD/slider_back.png</texturesliderbar>
					<textureslidernib>buttons/OSD/orb_nofo.png</textureslidernib>
					<textureslidernibfocus>buttons/OSD/orb_fo.png</textureslidernibfocus>
					<onup>8000</onup>
					<ondown>8002</ondown>
					<onleft>8001</onleft>
					<onright>8001</onright>
				</control>
				<control type="label" id="8101">
					<description>32Hz Frequency Band Label</description>
					<posx>85</posx>
					<posy>123</posy>
					<width>330</width>
					<height>40</height>

					<align>left</align>
					<font>Font-Condensed-S37</font>
					<textcolor>aawhite</textcolor>
					<scroll>false</scroll>
					<label>$ADDON[adsp.parametric.eq 30151]</label>
				</control>
				<control type="label" id="8201">
					<description>32Hz dB Level</description>
					<posx>775</posx>
					<posy>123</posy>
					<label>-</label>
					<width>330</width>
					<height>40</height>
					<align>right</align>
					<font>Font-Condensed-S37</font>
					<textcolor>aawhite</textcolor>
					<scroll>false</scroll>
				</control>

				<control type="slider" id="8002">
					<description>64Hz Frequency Band Slider</description>
					<posx>805</posx>
					<posy>176</posy>
					<width>300</width>
					<height>35</height>
					<sliderwidth>300</sliderwidth>
					<sliderheight>35</sliderheight>
					<texturesliderbar border="22,1,22,1">buttons/OSD/slider_back.png</texturesliderbar>
					<textureslidernib>buttons/OSD/orb_nofo.png</textureslidernib>
					<textureslidernibfocus>buttons/OSD/orb_fo.png</textureslidernibfocus>
					<onup>8001</onup>
					<ondown>8003</ondown>
					<onleft>8002</onleft>
					<onright>8002</onright>
				</control>
				<control type="label" id="8102">
					<description>64Hz Frequency Band Label</description>
					<posx>85</posx>
					<posy>173</posy>
					<width>330</width>
					<height>40</height>

					<align>left</align>
					<font>Font-Condensed-S37</font>
					<textcolor>aawhite</textcolor>
					<scroll>false</scroll>
					<label>$ADDON[adsp.parametric.eq 30152]</label>
				</control>
				<control type="label" id="8202">
					<description>64Hz dB Level</description>
					<posx>775</posx>
					<posy>173</posy>
					<label>-</label>
					<width>330</width>
					<height>40</height>
					<align>right</align>
					<font>Font-Condensed-S37</font>
					<textcolor>aawhite</textcolor>
					<scroll>false</scroll>
				</control>

				<control type="slider" id="8003">
					<description>128Hz Frequency Band Slider</description>
					<posx>805</posx>
					<posy>226</posy>
					<width>300</width>
					<height>35</height>
					<sliderwidth>300</sliderwidth>
					<sliderheight>35</sliderheight>
					<texturesliderbar border="22,1,22,1">buttons/OSD/slider_back.png</texturesliderbar>
					<textureslidernib>buttons/OSD/orb_nofo.png</textureslidernib>
					<textureslidernibfocus>buttons/OSD/orb_fo.png</textureslidernibfocus>
					<onup>8002</onup>
					<ondown>8004</ondown>
					<onleft>8003</onleft>
					<onright>8003</onright>
				</control>
				<control type="label" id="8103">
					<description>128Hz Frequency Band Label</description>
					<posx>85</posx>
					<posy>223</posy>
					<width>330</width>
					<height>40</height>

					<align>left</align>
					<font>Font-Condensed-S37</font>
					<textcolor>aawhite</textcolor>
					<scroll>false</scroll>
					<label>$ADDON[adsp.parametric.eq 30153]</label>
				</control>
				<control type="label" id="8203">
					<description>128Hz dB Level</description>
					<posx>775</posx>
					<posy>223</posy>
					<label>-</label>
					<width>330</width>
					<height>40</height>
					<align>right</align>
					<font>Font-Condensed-S37</font>
					<textcolor>aawhite</textcolor>
					<scroll>false</scroll>
				</control>

				<control type="slider" id="8004">
					<description>250Hz Frequency Band Slider</description>
					<posx>805</posx>
					<posy>276</posy>
					<width>300</width>
					<height>35</height>
					<sliderwidth>300</sliderwidth>
					<sliderheight>35</sliderheight>
					<texturesliderbar border="22,1,22,1">buttons/OSD/slider_back.png</texturesliderbar>
					<textureslidernib>buttons/OSD/orb_nofo.png</textureslidernib>
					<textureslidernibfocus>buttons/OSD/orb_fo.png</textureslidernibfocus>
					<onup>8003</onup>
					<ondown>8005</ondown>
					<onleft>8004</onleft>
					<onright>8004</onright>
				</control>
				<control type="label" id="8104">
					<description>250Hz Frequency Band Label</description>
					<posx>85</posx>
					<posy>273</posy>
					<width>330</width>
					<height>40</height>

					<align>left</align>
					<font>Font-Condensed-S37</font>
					<textcolor>aawhite</textcolor>
					<scroll>false</scroll>
					<label>$ADDON[adsp.parametric.eq 30154]</label>
				</control>
				<control type="label" id="8204">
					<posx>775</posx>
					<posy>273</posy>
					<label>-</label>
					<width>330</width>
					<height>40</height>
					<align>right</align>
					<font>Font-Condensed-S37</font>
					<textcolor>aawhite</textcolor>
					<scroll>false</scroll>
				</control>

				<control type="slider" id="8005">
					<description>500Hz Frequency Band Slider</description>
					<posx>805</posx>
					<posy>326</posy>
					<width>300</width>
					<height>35</height>
					<sliderwidth>300</sliderwidth>
					<sliderheight>35</sliderheight>
					<texturesliderbar border="22,1,22,1">buttons/OSD/slider_back.png</texturesliderbar>
					<textureslidernib>buttons/OSD/orb_nofo.png</textureslidernib>
					<textureslidernibfocus>buttons/OSD/orb_fo.png</textureslidernibfocus>
					<onup>8004</onup>
					<ondown>8006</ondown>
					<onleft>8005</onleft>
					<onright>8005</onright>
				</control>
				<control type="label" id="8105">
					<description>500Hz Frequency Band Label</description>
					<posx>85</posx>
					<posy>323</posy>
					<width>330</width>
					<height>40</height>

					<align>left</align>
					<font>Font-Condensed-S37</font>
					<textcolor>aawhite</textcolor>
					<scroll>false</scroll>
					<label>$ADDON[adsp.parametric.eq 30155]</label>
				</control>
				<control type="label" id="8205">
					<posx>775</posx>
					<posy>323</posy>
					<label>-</label>
					<width>330</width>
					<height>40</height>
					<align>right</align>
					<font>Font-Condensed-S37</font>
					<textcolor>aawhite</textcolor>
					<scroll>false</scroll>
				</control>

				<control type="slider" id="8006">
					<description>1kHz Frequency Band Slider</description>
					<posx>805</posx>
					<posy>376</posy>
					<width>300</width>
					<height>35</height>
					<sliderwidth>300</sliderwidth>
					<sliderheight>35</sliderheight>
					<texturesliderbar border="22,1,22,1">buttons/OSD/slider_back.png</texturesliderbar>
					<textureslidernib>buttons/OSD/orb_nofo.png</textureslidernib>
					<textureslidernibfocus>buttons/OSD/orb_fo.png</textureslidernibfocus>
					<onup>8005</onup>
					<ondown>8007</ondown>
					<onleft>8006</onleft>
					<onright>8006</onright>
				</control>
				<control type="label" id="8106">
					<description>1kHz Frequency Band Label</description>
					<posx>85</posx>
					<posy>373</posy>
					<width>330</width>
					<height>40</height>

					<align>left</align>
					<font>Font-Condensed-S37</font>
					<textcolor>aawhite</textcolor>
					<scroll>false</scroll>
					<label>$ADDON[adsp.parametric.eq 30156]</label>
				</control>
				<control type="label" id="8206">
					<description>1kHz dB Level</description>
					<posx>775</posx>
					<posy>373</posy>
					<label>-</label>
					<width>330</width>
					<height>40</height>
					<align>right</align>
					<font>Font-Condensed-S37</font>
					<textcolor>aawhite</textcolor>
					<scroll>false</scroll>
				</control>

				<control type="slider" id="8007">
					<description>2kHz Frequency Band Slider</description>
					<posx>805</posx>
					<posy>426</posy>
					<width>300</width>
					<height>35</height>
					<sliderwidth>300</sliderwidth>
					<sliderheight>35</sliderheight>
					<texturesliderbar border="22,1,22,1">buttons/OSD/slider_back.png</texturesliderbar>
					<textureslidernib>buttons/OSD/orb_nofo.png</textureslidernib>
					<textureslidernibfocus>buttons/OSD/orb_fo.png</textureslidernibfocus>
					<onup>8006</onup>
					<ondown>8008</ondown>
					<onleft>8007</onleft>
					<onright>8007</onright>
				</control>
				<control type="label" id="8107">
					<description>2kHz Frequency Band Label</description>
					<posx>85</posx>
					<posy>423</posy>
					<width>330</width>
					<height>40</height>

					<align>left</align>
					<font>Font-Condensed-S37</font>
					<textcolor>aawhite</textcolor>
					<scroll>false</scroll>
					<label>$ADDON[adsp.parametric.eq 30157]</label>
				</control>
				<control type="label" id="8207">
					<description>2kHz dB Level</description>
					<posx>775</posx>
					<posy>423</posy>
					<label>-</label>
					<width>330</width>
					<height>40</height>
					<align>right</align>
					<font>Font-Condensed-S37</font>
					<textcolor>aawhite</textcolor>
					<scroll>false</scroll>
				</control>

				<control type="slider" id="8008">
					<description>4kHz Frequency Band Slider</description>
					<posx>805</posx>
					<posy>476</posy>
					<width>300</width>
					<height>35</height>
					<sliderwidth>300</sliderwidth>
					<sliderheight>35</sliderheight>
					<texturesliderbar border="22,1,22,1">buttons/OSD/slider_back.png</texturesliderbar>
					<textureslidernib>buttons/OSD/orb_nofo.png</textureslidernib>
					<textureslidernibfocus>buttons/OSD/orb_fo.png</textureslidernibfocus>
					<onup>8007</onup>
					<ondown>8009</ondown>
					<onleft>8008</onleft>
					<onright>8008</onright>
				</control>
				<control type="label" id="8108">
					<description>4kHz Frequency Band Label</description>

					<posx>85</posx>
					<posy>473</posy>
					<width>330</width>
					<height>40</height>

					<align>left</align>
					<font>Font-Condensed-S37</font>
					<textcolor>aawhite</textcolor>
					<scroll>false</scroll>
					<label>$ADDON[adsp.parametric.eq 30158]</label>
				</control>
				<control type="label" id="8208">
					<description>4kHz dB Level</description>
					<posx>775</posx>
					<posy>473</posy>
					<label>-</label>
					<width>330</width>
					<height>40</height>
					<align>right</align>
					<font>Font-Condensed-S37</font>
					<textcolor>aawhite</textcolor>
					<scroll>false</scroll>
				</control>

				<control type="slider" id="8009">
					<description>8kHz Frequency Band Slider</description>
					<posx>805</posx>
					<posy>526</posy>
					<width>300</width>
					<height>35</height>
					<sliderwidth>300</sliderwidth>
					<sliderheight>35</sliderheight>
					<texturesliderbar border="22,1,22,1">buttons/OSD/slider_back.png</texturesliderbar>
					<textureslidernib>buttons/OSD/orb_nofo.png</textureslidernib>
					<textureslidernibfocus>buttons/OSD/orb_fo.png</textureslidernibfocus>
					<onup>8008</onup>
					<ondown>8010</ondown>
					<onleft>8009</onleft>
					<onright>8009</onright>
				</control>
				<control type="label" id="8109">
					<description>8kHz Frequency Band Label</description>
					<posx>85</posx>
					<posy>523</posy>
					<width>330</width>
					<height>40</height>

					<align>left</align>
					<font>Font-Condensed-S37</font>
					<textcolor>aawhite</textcolor>
					<scroll>false</scroll>
					<label>$ADDON[adsp.parametric.eq 30159]</label>
				</control>
				<control type="label" id="8209">
					<description>8kHz dB Level</description>
					<posx>775</posx>
					<posy>523</posy>
					<label>-</label>
					<width>330</width>
					<height>40</height>
					<align>right</align>
					<font>Font-Condensed-S37</font>
					<textcolor>aawhite</textcolor>
					<scroll>false</scroll>
				</control>

				<control type="slider" id="8010">
					<description>16kHz Frequency Band Slider</description>
					<posx>805</posx>
					<posy>576</posy>
					<width>300</width>
					<height>35</height>
					<sliderwidth>300</sliderwidth>
					<sliderheight>35</sliderheight>
					<texturesliderbar border="22,1,22,1">buttons/OSD/slider_back.png</texturesliderbar>
					<textureslidernib>buttons/OSD/orb_nofo.png</textureslidernib>
					<textureslidernibfocus>buttons/OSD/orb_fo.png</textureslidernibfocus>
					<onup>8009</onup>
					<ondown>10000</ondown>
					<onleft>8010</onleft>
					<onright>8010</onright>
				</control>
				<control type="label" id="8110">
					<description>16kHz Frequency Band Label</description>
					<posx>85</posx>
					<posy>573</posy>
					<width>330</width>
					<height>40</height>

					<align>left</align>
					<font>Font-Condensed-S37</font>
					<textcolor>aawhite</textcolor>
					<scroll>false</scroll>
					<label>$ADDON[adsp.parametric.eq 30160]</label>
				</control>
				<control type="label" id="8210">
					<description>16kHz dB Level</description>
					<posx>775</posx>
					<posy>573</posy>
					<label>-</label>
					<width>330</width>
					<height>40</height>
					<align>right</align>
					<font>Font-Condensed-S37</font>
					<textcolor>aawhite</textcolor>
					<scroll>false</scroll>
				</control>

				<control type="group" id="10000">
					<posx>70</posx>
					<posy>607</posy>
					<onup>8010</onup>
					<ondown>10000</ondown>
					<onleft>10000</onleft>
					<onright>10000</onright>
					<control type="button" id="10050">
						<description>Ok Button</description>
						<posx>0</posx>
						<posy>0</posy>
						<width>100</width>
						<height>100</height>
						<texturenofocus border="100,0,0,0">buttons/select-nf.png</texturenofocus>
						<texturefocus border="100,0,0,0">buttons/select-fo.png</texturefocus>
						<onup>8010</onup>
						<onleft>10052</onleft>
						<onright>10051</onright>
						<ondown>10000</ondown>
					</control>

					<control type="button" id="10051">
						<description>Cancel Button</description>
						<posx>60</posx>
						<posy>0</posy>
						<width>100</width>
						<height>100</height>
						<texturenofocus border="100,0,0,0">buttons/cancel-nf.png</texturenofocus>
						<texturefocus border="100,0,0,0">buttons/cancel-fo.png</texturefocus>
						<onup>8010</onup>
						<onleft>10050</onleft>
						<onright>10052</onright>
						<ondown>10000</ondown>
					</control>

					<control type="button" id="10052">
						<description>Default Button</description>
						<posx>940</posx>
						<posy>0</posy>
						<width>100</width>
						<height>100</height>
						<texturenofocus border="100,0,0,0">buttons/options-nf.png</texturenofocus>
						<texturefocus border="100,0,0,0">buttons/options-fo.png</texturefocus>
						<onup>8010</onup>
						<onleft>10051</onleft>
						<onright>10052</onright>
						<ondown>10000</ondown>
					</control>
				</control>
			</control>
		</control>
	</controls>
</window>
