<?xml version="1.0" encoding="UTF-8"?>
<window>
    <defaultcontrol></defaultcontrol>
    <onload condition="Library.IsScanningVideo + Skin.HasSetting(UpdateArt.Enabled)">SetProperty(UpdateArt,1)</onload>
    <onunload condition="!IsEmpty(Window.Property(UpdateArt)) + Skin.HasSetting(UpdateArt.Enabled)">XBMC.RunScript(script.artwork.downloader,mode=custom,silent=true,landscape,clearlogo,clearart)</onunload>
    <onunload condition="!IsEmpty(Window.Property(UpdateArt)) + Skin.HasSetting(UpdateArt.Enabled)">ClearProperty(UpdateArt)</onunload>
    <controls>
        <control type="group">
            <posx>1745</posx>
            <posy>26</posy>
            <include>BannerListInfoAnimation</include>
            <visible>!Window.IsActive(fullscreenvideo) + !Window.IsActive(visualisation) + !Window.IsVisible(startup)</visible>
            <animation effect="slide" end="-76" time="300" tween="sine" easing="inout" condition="Window.IsActive(busydialog)">Conditional</animation>
            <animation type="Conditional" condition="Window.IsActive(infodialog) | Window.IsActive(volumebar)">
                <effect type="fade" start="100" end="8" tween="sine" easing="out" time="300" /> 
                <effect type="zoom" start="100" end="50" center="1745,100" tween="sine" easing="inout" time="300" />
            </animation>
            <control type="group">
                <control type="image">
                    <posx>-4</posx>
                    <posy>25</posy>
                    <width>100</width>
                    <height>100</height>
                    <texture>dialogs/extendedprogress/loading-back-dl.png</texture>
                </control>
                <control type="image">
                    <description>Loading indicator</description>
                    <posx>-4</posx>
                    <posy>25</posy>
                    <width>100</width>
                    <height>100</height>
                    <texture>dialogs/extendedprogress/loading-green.png</texture>
                    <animation effect="rotate" center="auto" start="360" end="0" time="1500" loop="true" condition="true">Conditional</animation>
                </control>
                <control type="grouplist">
                    <posx>-800</posx>
                    <posy>0</posy>
                    <width>800</width>
                    <height>120</height>
                    <align>right</align>
                    <orientation>horizontal</orientation>
                    <itemgap>0</itemgap>
                    <control type="label">
                        <description>Header label</description>
                        <posx>0</posx>
                        <posy>0</posy>
                        <width min="0" max="680">auto</width>
                        <height>120</height>
                        <font>Font-Condensed-S36-B</font>
                        <textcolor>C0FFFFFF</textcolor>
                        <label>$INFO[Control.GetLabel(30)]</label>
                        <scroll>false</scroll>
                        <align>left</align>
                    </control>
                    <control type="label">
                        <description>Header label</description>
                        <posx>0</posx>
                        <posy>0</posy>
                        <width min="0" max="120">auto</width>
                        <height>120</height>
                        <font>Font-Condensed-S36-B</font>
                        <textcolor>C0FFFFFF</textcolor>
                        <label>$INFO[Control.GetLabel(32),: ,%]</label>
                        <scroll>false</scroll>
                        <align>left</align>
                    </control>
                </control>
                <control type="label" id="30">
                    <description>Header label</description>
                    <visible>false</visible>
                </control>
                <control type="label" id="31">
                    <description>Title label</description>
                    <posx>0</posx>
                    <posy>33</posy>
                    <width>750</width>
                    <height>120</height>
                    <font>Font-Condensed-S28</font>
                    <textcolor>80FFFFFF</textcolor>
                    <scroll>false</scroll>
                    <align>right</align>
                </control>
                <control type="progress" id="32">
    				<description>progress control</description>
    				<visible>false</visible>
    			</control>
            </control>
        </control>
	</controls>
</window>