<?xml version="1.0" encoding="UTF-8"?>
<window>
	<zorder>3</zorder>
	<defaultcontrol>5</defaultcontrol>
	<controls>
		<control type="group">
			<posx>0</posx>
			<posy>0</posy>
			<include>NowPlayingFullscreen</include>
			<visible>!Window.IsVisible(addonsettings) + !Window.IsVisible(selectdialog) + !Window.IsVisible(sliderdialog) + !Window.IsVisible(DialogSpeakerGain.xml) + !Window.IsVisible(DialogMasterModeFreeSurround.xml) + !Window.IsVisible(DialogSpeakerDistance.xml) + !Window.IsVisible(DialogParametricEQ.xml)</visible>
			<control type="group">
				<include>FullscreenDimensions</include>

				<control type="image">
					<include>FullscreenDimensions</include>
					<texture>osd/fullscreen/osdsettings.png</texture>
					<aspectratio>stretch</aspectratio>
				</control>

				<control type="image">
					<include>FullscreenDimensions</include>
					<texture>osd/fullscreen/osdsettings-separators.png</texture>
					<aspectratio>stretch</aspectratio>
				</control>

				<control type="label" id="2">
					<description>Settings</description>
					<posx>510</posx>
					<posy>245</posy>
					<width>900</width>
					<height>34</height>
					<align>center</align>
					<font>Font-Condensed-S34-B</font>
					<textcolor>bbwhite</textcolor>
					<shadowcolor>66000000</shadowcolor>
				</control>

				<control type="grouplist" id="5">
					<description>Control Area</description>
					<posx>420</posx>
					<posy>294</posy>
					<width>1080</width>
					<height>533</height>
					<itemgap>-1</itemgap>
					<orientation>vertical</orientation>
					<pagecontrol>60</pagecontrol>
					<onleft>60</onleft>
					<onright>60</onright>
					<onup>5</onup>
					<ondown>5</ondown>
					<scrolltime>0</scrolltime>
				</control>

				<control type="scrollbar" id="60">
					<description>Scrollbar</description>
					<posx>1476</posx>
					<posy>304</posy>
					<width>11</width>
					<height>514</height>
					<onleft>5</onleft>
					<onright>5</onright>
					<texturesliderbar border="0,6,0,6">views/other/scrollbar.png</texturesliderbar>
					<texturesliderbarfocus border="0,6,0,6">views/other/scrollbar.png</texturesliderbarfocus>
					<orientation>vertical</orientation>
					<showonepage>false</showonepage>
					<animation effect="fade" start="50" end="30" time="300" tween="sine" easing="inout" condition="!Control.HasFocus(60)">Conditional</animation>
				</control>

				<control type="image">
					<description>Audio DSP Image</description>
					<posx>555</posx>
					<posy>540</posy>
					<width>85</width>
					<height>35</height>
					<aspectratio align="center">keep</aspectratio>
					<visible>!IsEmpty(ADSP.MasterOwnIcon)</visible>
					<texture>$INFO[ADSP.MasterOwnIcon]</texture>
				</control>

				<control type="image">
					<description>Audio Codec Image</description>
					<posx>439</posx>
					<posy>235</posy>
					<width>97</width>
					<height>56</height>
					<aspectratio align="center">keep</aspectratio>
					<texture>$INFO[VideoPlayer.AudioCodec,flags/audio/,.png]</texture>
					<visible>IsEmpty(ADSP.MasterOverrideIcon) + Player.HasVideo</visible>
				</control>

				<control type="image">
					<description>Audio Codec Image</description>
					<posx>439</posx>
					<posy>235</posy>
					<width>97</width>
					<height>56</height>
					<aspectratio align="center">keep</aspectratio>
					<texture>$INFO[MusicPlayer.Codec,flags/audio/,.png]</texture>
					<visible>IsEmpty(ADSP.MasterOverrideIcon) + Player.HasAudio</visible>
				</control>

				<control type="image">
					<description>Audio Codec Override Image</description>
					<posx>640</posx>
					<posy>540</posy>
					<width>85</width>
					<height>35</height>
					<aspectratio align="center">keep</aspectratio>
					<visible>!IsEmpty(ADSP.MasterOverrideIcon)</visible>
					<texture>$INFO[ADSP.MasterOverrideIcon]</texture>
				</control>

				<control type="image">
					<description>Audio Channels Image</description>
					<posx>1360</posx>
					<posy>235</posy>
					<width>121</width>
					<height>56</height>
					<aspectratio align="center">keep</aspectratio>
					<texture>$INFO[VideoPlayer.AudioChannels,flags/channels/,.png]</texture>
				</control>

				<control type="label">
					<description>type label</description>
					<posx>590</posx>
					<posy>65</posy>
					<width>720</width>
					<height>30</height>
					<font>Font-Condensed-S30-B</font>
					<label>15042</label>
					<align>left</align>
					<aligny>center</aligny>
					<textcolor>grey2</textcolor>
					<shadowcolor>black</shadowcolor>
				</control>

				<control type="label">
					<description>type label</description>
					<posx>590</posx>
					<posy>100</posy>
					<width>230</width>
					<height>30</height>
					<font>font13_title</font>
					<label>$INFO[ADSP.DetectedStreamType]</label>
					<align>left</align>
					<aligny>center</aligny>
					<textcolor>selected</textcolor>
					<shadowcolor>black</shadowcolor>
				</control>
			</control>

			<control type="button" id="7">
				<description>Default Button</description>
				<height>77</height>
				<align>left</align>
				<aligny>center</aligny>
				<texturefocus border="150,1,150,1">windows/settings/images/right-focus.png</texturefocus>
				<texturenofocus>-</texturenofocus>
				<textcolor>96FFFFFF</textcolor>
				<focusedcolor>white</focusedcolor>
				<disabledcolor>40FFFFFF</disabledcolor>
				<font>Font-Condensed-S30-B</font>
				<textoffsetx>35</textoffsetx>
			</control>

			<control type="radiobutton" id="8">
				<description>Default Radio Button</description>
				<height>77</height>
				<radioposx>957</radioposx>
				<align>left</align>
				<aligny>center</aligny>
				<texturefocus border="150,1,150,1">windows/settings/images/right-focus.png</texturefocus>
				<texturenofocus>-</texturenofocus>
				<textcolor>96FFFFFF</textcolor>
				<focusedcolor>white</focusedcolor>
				<disabledcolor>40FFFFFF</disabledcolor>
				<font>Font-Condensed-S30-B</font>
				<textoffsetx>35</textoffsetx>
			</control>

			<control type="spincontrolex" id="9">
				<description>Default Spin Control</description>
				<height>77</height>
				<spinposx>33</spinposx>
				<align>left</align>
				<aligny>center</aligny>
				<texturefocus border="150,1,150,1">windows/settings/images/right-focus.png</texturefocus>
				<texturenofocus>-</texturenofocus>
				<textcolor>96FFFFFF</textcolor>
				<focusedcolor>white</focusedcolor>
				<disabledcolor>40FFFFFF</disabledcolor>
				<font>Font-Condensed-S30-B</font>
				<textoffsetx>35</textoffsetx>
			</control>

			<control type="edit" id="12">
				<description>Default Edit</description>
				<posx>0</posx>
				<posy>0</posy>
				<height>40</height>
				<font>font13</font>
				<textcolor>grey2</textcolor>
				<focusedcolor>white</focusedcolor>
				<texturenofocus border="5">button-nofocus.png</texturenofocus>
				<texturefocus border="5">button-focus2.png</texturefocus>
			</control>

			<control type="sliderex" id="13">
				<description>Slider</description>
				<height>77</height>
				<align>left</align>
				<aligny>center</aligny>
				<texturefocus border="150,1,150,1">windows/settings/images/right-focus.png</texturefocus>
				<texturenofocus>-</texturenofocus>
				<textcolor>96FFFFFF</textcolor>
				<focusedcolor>white</focusedcolor>
				<disabledcolor>40FFFFFF</disabledcolor>
				<font>Font-Condensed-S30-B</font>
				<textoffsetx>35</textoffsetx>
				<sliderwidth>300</sliderwidth>
				<sliderheight>35</sliderheight>
				<texturesliderbar border="22,1,22,1">buttons/osd/slider_back.png</texturesliderbar>
				<textureslidernib>buttons/osd/orb_nofo.png</textureslidernib>
				<textureslidernibfocus>buttons/osd/orb_fo.png</textureslidernibfocus>
			</control>

			<control type="label" id="14">
				<description>Default Label</description>
				<posx>0</posx>
				<posy>0</posy>
				<height>77</height>
				<align>center</align>
				<aligny>center</aligny>
				<font>Font-Condensed-S30-B</font>
				<textcolor>96FFFFFF</textcolor>
				<disabledcolor>40FFFFFF</disabledcolor>
			</control>

		</control>
	</controls>
</window>
