<?xml version="1.0" encoding="UTF-8"?>
<includes>
    <include file="Defaults.xml" />
    <include file="Includes_Animations.xml" />
    <include file="Includes_ContextMenu.xml" />
    <include file="Includes_HomeWidgets.xml" />
    <include file="Includes_HomeCommons.xml" />
    <include file="Includes_Home.xml" />
    <include file="Includes_HomeClassic.xml" />
    <include file="Includes_WindowContents.xml" />
    <include file="Includes_ViewHeader.xml" />
    <include file="Includes_Views.xml" />
    <include file="Includes_Flags.xml" />
    <include file="Includes_Info.xml" />
    <include file="Includes_Keyboard.xml" />
    <include file="Includes_GuideInterface.xml" />
    <include file="Includes_Settings.xml" />
    <include file="Includes_SettingsCustomHomeItems.xml" />
    <include file="Includes_SettingsCustomHomeWidgets.xml" />
    <include file="Includes_SettingsCustomGuideItems.xml" />
    <include file="Includes_TVGuide.xml" />
    <include file="Includes_OSD.xml" />
    <include file="Includes_Dialogs.xml" />
    <include file="Includes_GlobalSearch.xml" />
    <include file="Includes_Weather.xml" />
    <include file="Includes_PVR.xml" />
    
    <constant name="FanartCrossfadeTime">400</constant>
    <constant name="IconCrossfadeTime">400</constant>
    
    <!-- Spin control direction includes -->
    <include name="SpinControlDefault">
        <reverse>no</reverse>
    </include>
    <include name="SpinControlReversed">
        <reverse>yes</reverse>
    </include>
</includes>