<?xml version="1.0" encoding="UTF-8"?>
<window>
    <defaultcontrol always="true">10001</defaultcontrol>
    <allowoverlay>no</allowoverlay>
    <controls>
    	<include>FadeBackgroundButtonMenu</include>
        <control type="list" id="10001">
            <left>-90</left>
            <top>0</top>
            <width>2100</width>
            <height>1080</height>
            <onleft>10001</onleft>
            <onright>10001</onright>
            <ondown>9001</ondown>
            <animation effect="fade" start="0" end="100" time="300" tween="sine">WindowOpen</animation>
            <animation effect="fade" end="100" time="200" tween="sine">WindowClose</animation>
            <scrolltime tween="sine">400</scrolltime>
            <orientation>Horizontal</orientation>
            <itemlayout height="1080" width="1920">
                <control type="image">
                    <left>90</left>
                    <top>0</top>
                    <width>1920</width>
                    <height>1080</height>
                    <aspectratio>keep</aspectratio>
                    <fadetime>200</fadetime>
                    <texture>$INFO[ListItem.Property(Original)]</texture>
                </control>
            </itemlayout>
            <focusedlayout height="1080" width="1920">
                <control type="image">
                    <left>90</left>
                    <top>0</top>
                    <width>1920</width>
                    <height>1080</height>
                    <aspectratio>keep</aspectratio>
                    <fadetime>200</fadetime>
                    <texture>$INFO[ListItem.Property(Original)]</texture>
                </control>
            </focusedlayout>
        </control>
    </controls>
</window>
