<?xml version="1.0" encoding="UTF-8"?>
<window>
    <defaultcontrol>30</defaultcontrol>
    <backgroundcolor>0</backgroundcolor>
    <controls>
        <include>CommonSettingsItems</include>
        <include>SettingsHeader</include>
        
        <control type="group">
            <include>OptionsShutdownAnimation</include>
            <animation type="WindowClose">
                <effect type="fade" start="100" end="0" time="300" tween="sine" easing="out" />
                <effect type="zoom" start="100" end="85" time="300" center="960,600" tween="sine" easing="out" />
            </animation>
            <animation type="Visible">
                <effect type="fade" start="0" end="100" time="300" delay="300" tween="sine" easing="out" />
                <effect type="zoom" start="85" end="100" time="300" delay="300" center="960,600" tween="sine" easing="out" />
            </animation>
            <animation type="Hidden">
                <effect type="fade" start="100" end="0" time="300" tween="sine" easing="out" />
                <effect type="zoom" start="100" end="85" time="300" center="960,600" tween="sine" easing="out" />
            </animation>
            <visible>!Window.IsActive(favourites)</visible>
            <control type="group">
                <animation type="WindowOpen">
                    <effect type="slide" start="200" end="0" tween="cubic" easing="out" time="650" />
                    <effect type="fade" start="0" end="100" tween="sine" easing="inout" time="300" />
                    <effect type="zoom" start="88" end="100" center="576,560" tween="cubic" easing="out" time="400" />
                </animation>
                            
                <control type="label">
                    <description>Category</description>
                    <posx>483</posx>
                    <posy>240</posy>
                    <height>40</height>
                    <width>338</width>
                    <align>right</align>
                    <font>Font-Condensed-S25-B</font>
                    <label>[UPPERCASE]$LOCALIZE[31936][/UPPERCASE]</label>
                    <textcolor>aawhite</textcolor>
                </control>
                
			<!-- ===================-->    
			<!-- 		Panel		-->
			<!-- ===================-->
			
                <control type="image">
                    <posx>178</posx>
                    <posy>278</posy>
                    <height>613</height>
                    <width>342</width>
                    <texture border="4">views/list/panel/panel.png</texture>
                </control>
                
                 <control type="list" id="30">
                    <posx>180</posx>
                    <posy>281</posy>
                    <width>338</width>
                    <height>609</height>
                    <onleft>4</onleft>
                    <onright>4</onright>
                    <onup>noop</onup>
                    <ondown>noop</ondown>
                    <scrolltime>0</scrolltime>
                    <itemlayout height="76">
                        <control type="image">
                            <posx>0</posx>
                            <posy>0</posy>
                            <width>338</width>
                            <height>77</height>
                            <texture border="90,3,90,3">views/list/other/separator.png</texture>
                        </control>
                        <control type="label">
                            <posx>0</posx>
                            <posy>0</posy>
                            <width>338</width>
                            <height>77</height>
                            <align>right</align>
                            <aligny>center</aligny>
                            <label>$INFO[ListItem.Label]</label>
                            <textcolor>96FFFFFF</textcolor>
                            <font>Font-Condensed-S30-B</font>
                            <textoffsetx>35</textoffsetx>
                        </control>
                    </itemlayout>
                    <focusedlayout height="76">
                        <control type="image">
                            <posx>0</posx>
                            <posy>0</posy>
                            <width>338</width>
                            <height>77</height>
                            <texture border="150,3,150,3">windows/settings/images/right-focus.png</texture>
                            <animation effect="fade" start="100" end="50" time="0" condition="!Control.HasFocus(30)">Conditional</animation>
                        </control>
                        <control type="label">
                            <posx>0</posx>
                            <posy>0</posy>
                            <width>338</width>
                            <height>77</height>
                            <align>right</align>
                            <aligny>center</aligny>
                            <label>$INFO[ListItem.Label]</label>
                            <textcolor>white</textcolor>
                            <font>Font-Condensed-S30-B</font>
                            <textoffsetx>35</textoffsetx>
                        </control>
                    </focusedlayout>
                    <content>
                        <item id="31">
                            <description>Login Options</description>
                            <label>$LOCALIZE[31982]</label>
                            <onclick>noop</onclick>
                        </item>
                    </content>
                </control>
            </control>
            <control type="group">
                <posx>175</posx> 
                <animation type="WindowOpen">
                    <effect type="slide" start="200" end="0" tween="cubic" easing="out" time="545" delay="75" />
                    <effect type="fade" start="0" end="100" tween="sine" easing="inout" time="300" delay="75" />
                    <effect type="zoom" start="76" end="100" center="1344,560" tween="cubic" easing="out" time="400" delay="75" /> 
                </animation>
                <control type="label">
                    <description>Category</description>
                    <posx>390</posx>
                    <posy>240</posy>
                    <height>40</height>
                    <width>338</width>
                    <align>left</align>
                    <font>Font-Condensed-S25-B</font>
                    <label>[UPPERCASE]$LOCALIZE[5]:[/UPPERCASE]$INFO[Container(30).ListItem.Label, ,]</label>
                    <textcolor>aawhite</textcolor>
                </control>
                          
			<!-- ===================-->    
			<!-- 		Panel		-->
			<!-- ===================-->
                
                <control type="image">
                    <posx>353</posx>
                    <posy>278</posy>
                    <height>613</height>
                    <width>1214</width>
                    <texture border="4">views/list/panel/panel.png</texture>
                </control>
                <control type="image">
                    <description>Shadow</description>
                    <posx>-45</posx>
                    <posy>883</posy>
                    <width>1710</width>
                    <height>150</height>
                    <texture>windows/home/item-shadow.png</texture>
                </control>
                
                
			<!-- ======================== -->    
			<!-- Profile Settings Content -->
			<!-- ======================== -->
                
			<control type="radiobutton" id="4">
				<posx>355</posx>
				<posy>281</posy>
				<height>77</height>
				<width>1210</width>
				<height>77</height>
				<radioposx>1087</radioposx>
				<align>left</align>
				<aligny>center</aligny>
				<label>$LOCALIZE[20096]</label>
				<texturefocus border="150,3,150,3">windows/settings/images/right-focus.png</texturefocus>
				<texturenofocus border="90,3,90,3">views/list/other/separator.png</texturenofocus>
				<textcolor>96FFFFFF</textcolor>
				<focusedcolor>eewhite</focusedcolor>
				<disabledcolor>40FFFFFF</disabledcolor>
				<font>Font-Condensed-S30-B</font>
				<textoffsetx>35</textoffsetx>
				<onup>2</onup>
				<ondown>5</ondown>
				<textoffsetx>35</textoffsetx>
				<textoffsety>4</textoffsety>
			</control>
			
			<control type="button" id="5">
				<description>Auto login button</description>
				<posx>355</posx>
				<posy>357</posy>
				<height>77</height>
				<width>1210</width>
				<height>77</height>
				<align>left</align>
				<aligny>center</aligny>
				<label>$LOCALIZE[31993]</label>
				<label2>$INFO[System.ProfileAutoLogin]</label2>
				<texturefocus border="150,3,150,3">windows/settings/images/right-focus.png</texturefocus>
				<texturenofocus border="90,3,90,3">views/list/other/separator.png</texturenofocus>
				<textcolor>96FFFFFF</textcolor>
				<focusedcolor>eewhite</focusedcolor>
				<disabledcolor>40FFFFFF</disabledcolor>
				<font>Font-Condensed-S30-B</font>
				<textoffsetx>35</textoffsetx>
				<onup>4</onup>
				<ondown>2</ondown>
				<enable>!Window.IsVisible(ProfileSettings) + !System.HasLoginScreen</enable>
			</control>

		<!--	<control type="label" id="6">
				<description>Profiles label</description>
				<posx>355</posx>
				<posy>448</posy>
				<height>77</height>
				<width>1210</width>
				<height>77</height>
				<align>left</align>
				<aligny>center</aligny>
				<label>$LOCALIZE[13200]</label>
				<textcolor>66FFFFFF</textcolor>
				<font>Font-Condensed-S36</font>
				<textoffsetx>35</textoffsetx>
			</control> -->

			<control type="list" id="2">
			<description>Control Area</description>
			<posx>355</posx>
			<posy>524</posy>
			<width>1210</width>
			<height>457</height>
			<onleft>noop</onleft>
			<onright>40</onright>
			<onup>5</onup>
			<ondown>4</ondown>
			<pagecontrol>40</pagecontrol>
			<orientation>vertical</orientation>
				<itemlayout height="76">
					<control type="image">
						<description>List separator</description>
						<posx>0</posx>
						<posy>0</posy>
						<width>1210</width>
						<height>77</height>
						<texture border="90,3,90,3">views/list/other/separator.png</texture>
					</control>
					<control type="image">
						<posx>35</posx>
						<posy>10</posy>
						<width>56</width>
						<height>56</height>
						<texture background="true" fallback="DefaultProfile.png">$INFO[ListItem.Icon]</texture>
						<visible>!IsEmpty(ListItem.Icon)</visible>
					</control>
					<control type="label">
						<posx>35</posx>
						<posy>0</posy>
						<width>700</width>
						<height>74</height>
						<align>left</align>
						<aligny>center</aligny>
						<info>ListItem.Label</info>
						<textcolor>96FFFFFF</textcolor>
						<font>Font-Condensed-S30-B</font>
						<animation effect="slide" start="0" end="80" time="0" condition="!IsEmpty(ListItem.Icon)">Conditional</animation>
					</control>
					<control type="label">
						<posx>1175</posx>
						<posy>0</posy>
						<width>300</width>
						<height>74</height>
						<align>right</align>
						<aligny>center</aligny>
						<info>ListItem.Label2</info>
						<textcolor>96FFFFFF</textcolor>
						<font>Font-Condensed-S30-B</font>
					</control>
				</itemlayout>
				<focusedlayout height="76">
					<control type="group">
					<visible>Control.HasFocus(2)</visible>
						<control type="image">
							<height>77</height>
							<width>1210</width>
							<texture>windows/settings/images/right-focus.png</texture>
						</control>
						<control type="image">
							<posx>35</posx>
							<posy>10</posy>
							<width>56</width>
							<height>56</height>
							<texture background="true" fallback="DefaultProfile.png">$INFO[ListItem.Icon]</texture>
							<visible>!IsEmpty(ListItem.Icon)</visible>
						</control>
						<control type="label">
							<posx>35</posx>
							<posy>0</posy>
							<width>700</width>
							<height>74</height>
							<align>left</align>
							<aligny>center</aligny>
							<info>ListItem.Label</info>
							<textcolor>white</textcolor>
							<font>Font-Condensed-S30-B</font>
							<animation effect="slide" start="0" end="80" time="0" condition="!IsEmpty(ListItem.Icon)">Conditional</animation>
						</control>
						<control type="label">
							<posx>1175</posx>
							<posy>0</posy>
							<width>300</width>
							<height>74</height>
							<align>right</align>
							<aligny>center</aligny>
							<info>ListItem.Label2</info>
							<textcolor>white</textcolor>
							<font>Font-Condensed-S30-B</font>
						</control>
					</control>
                    <control type="group">
                        <visible>!Control.HasFocus(2)</visible>
                        <control type="image">
                            <description>List separator</description>
                            <posx>0</posx>
                            <posy>0</posy>
                            <width>1210</width>
                            <height>77</height>
                            <texture border="90,3,90,3">views/list/other/separator.png</texture>
                        </control>
                        <control type="image">
                            <posx>35</posx>
                            <posy>10</posy>
                            <width>56</width>
                            <height>56</height>
                            <texture background="true" fallback="DefaultProfile.png">$INFO[ListItem.Icon]</texture>
                            <visible>!IsEmpty(ListItem.Icon)</visible>
                        </control>
                        <control type="label">
                            <posx>35</posx>
                            <posy>0</posy>
                            <width>700</width>
                            <height>74</height>
                            <align>left</align>
                            <aligny>center</aligny>
                            <info>ListItem.Label</info>
                            <textcolor>96FFFFFF</textcolor>
                            <font>Font-Condensed-S30-B</font>
                            <animation effect="slide" start="0" end="80" time="0" condition="!IsEmpty(ListItem.Icon)">Conditional</animation>
                        </control>
                        <control type="label">
                            <posx>1175</posx>
                            <posy>0</posy>
                            <width>300</width>
                            <height>74</height>
                            <align>right</align>
                            <aligny>center</aligny>
                            <info>ListItem.Label2</info>
                            <textcolor>96FFFFFF</textcolor>
                            <font>Font-Condensed-S30-B</font>
                        </control>
                    </control>
                </focusedlayout>
            </control>
			
            <control type="image" id="42">
                <animation effect="fade" start="100" end="0" time="0" delay="1500">WindowOpen</animation>
            </control>
            <control type="image" id="41">
                <animation effect="fade" start="0" end="100" time="0">Visible</animation>
                <animation effect="fade" start="100" end="0" time="0">Hidden</animation>
                <visible>Control.HasFocus(40) | !Control.IsVisible(42)</visible>
            </control>
			<control type="scrollbar" id="40">
                    <posx>1559</posx>
                    <posy>281</posy>
                    <width>6</width>
                    <height>608</height>
                    <texturesliderbackground>-</texturesliderbackground>
                    <texturesliderbar border="1">views/other/scrollbar-sq.png</texturesliderbar>
                    <texturesliderbarfocus border="1">views/other/scrollbar-sq.png</texturesliderbarfocus>
                    <textureslidernib>-</textureslidernib>
                    <textureslidernibfocus>-</textureslidernibfocus>
                    <onleft>5</onleft>
                    <onright>30</onright>
                    <showonepage>false</showonepage>
                    <orientation>vertical</orientation>
                    <animation effect="fade" start="45" end="0" time="300" tween="sine" easing="inout" condition="!Control.IsVisible(41)">Conditional</animation>
                </control>
            </control>
        </control>
        <include>Common-Info-NoOptions</include>
    </controls>
</window>