<?xml version="1.0" encoding="UTF-8"?>
<!-- Foundation -->
<window id="20">
    <defaultcontrol always="true">50</defaultcontrol>
    <menucontrol>9000</menucontrol>
    <views>50,503,500,52,505</views>

    <controls>

        <include>GlobalBackground</include>
        <include>Furniture_Header</include>
        <include>Furniture_Clock</include>
        <include>Furniture_NowPlaying</include>
        <include>Furniture_Weather</include>

        <include>View_50_List_Square</include>
        <include>View_503_Poster_Square</include>
        <include>View_500_Thumbnails</include>
        <include condition="Skin.HasSetting(52biglist.singlepane)">View_52_BigList_SinglePane</include>
        <include condition="!Skin.HasSetting(52biglist.singlepane)">View_52_BigList_DoublePane</include>
        <include>View_505_Wall_NoInfo</include>

        <control type="group">
            <visible>ControlGroup(9000).HasFocus()</visible>
            <include>GlobalOverlay</include>
        </control>
        <control type="group">
            <include>Def9000Background</include>
            <include>Def9000Arrows</include>
            <control type="grouplist" id="9000">
                <include>Def9000GroupList</include>

                <!-- Sort Options -->
                <control type="button" id="1802">
                    <description>View</description>
                    <label>View</label>
                    <label2>$INFO[Container.Viewmode]</label2>
                    <include>DefContextButton</include>
                    <align>left</align>
                    <onclick>ActivateWindow(1109)</onclick>
                </control>
                
                <control type="button" id="3">
                    <description>Sort</description>
                    <include>DefContextButton</include>
                    <align>left</align>
                    <visible>false</visible>
                </control>
                <control type="button" id="1803">
                    <description>Sort by button</description>
                    <include>DefContextButton</include>
                    <align>left</align>
                    <label>Sort by</label>
                    <label2>$INFO[Container.SortMethod]</label2>
                    <onclick>Container.NextSortMethod</onclick>
                    <enable>Control.IsEnabled(3)</enable>
                </control>

                <control type="togglebutton" id="4">
                    <description>Ascending</description>
                    <include>DefContextButton</include>
                    <align>left</align>
                    <label>584</label>
                    <altlabel>585</altlabel>
                    <visible>false</visible>
                </control>
                <control type="button" id="1804">
                    <description>Sort Direction</description>
                    <include>DefContextButton</include>
                    <align>left</align>
                    <label>Sort direction</label>
                    <label2>$VAR[SortDirection]</label2>
                    <onclick>SendClick(4)</onclick>
                    <enable>Control.IsEnabled(4)</enable>
                </control>

                <control type="button" id="9">
                    <description>Check for updates</description>
                    <label>24034</label>
                    <align>left</align>
                    <include>DefContextButton</include>
                </control>

                <control type="radiobutton" id="5">
                    <description>Enable auto-updates</description>
                    <label>24063</label>
                    <align>left</align>
                    <include>DefContextButton</include>
                </control>

                <control type="radiobutton" id="6">
                    <description>No notifications</description>
                    <label>25000</label>
                    <align>left</align>
                    <include>DefContextButton</include>
                </control>

                <include name="MenuPlayerControls">
                    <param name="PlayerControlsOnUp" value="98" />
                    <param name="PlayerControlsOnDown" value="1802" />
                </include>
            </control>
        </control>

    </controls>

</window>
