<?xml version="1.0" encoding="UTF-8"?>
<!-- Foundation -->
<window type="dialog" id="1199">
    <visible>!Window.IsVisible(SettingsScreenCalibration.xml) + [!Window.IsVisible(home) | [Window.IsVisible(home) + Skin.HasSetting(home.vertical)]] + !Window.IsVisible(screensaver) + !Window.IsVisible(startup) + !Window.IsVisible(fullscreenvideo) + !Window.IsVisible(visualisation) + !Window.IsVisible(SlideShow.xml)</visible>
    <controls>
        <control type="rss">
            <left>0</left>
            <bottom>0</bottom>
            <height>32</height>
            <right>0</right>
            <font>Mini</font>
            <textcolor>White70</textcolor>
            <headlinecolor>White70</headlinecolor>
            <titlecolor>White100</titlecolor>
        </control>
    </controls>
</window>
