<?xml version="1.0" encoding="UTF-8"?>
<!-- Foundation -->
<window type="dialog" id="1109">
    <defaultcontrol always="true">3110</defaultcontrol>
    <zorder>10</zorder>
    <controls>

        <include condition="Window.IsActive(videolibrary)" name="DefViewLayout">
            <param name="containerheight" value="522" />
            <param name="listheight" value="490" />
        </include>
        <include condition="Window.IsActive(musiclibrary) | Window.IsActive(musicplaylist) | Window.IsActive(videoplaylist) | Window.IsActive(addonbrowser) | Window.IsActive(pictures)" name="DefViewLayout">
            <param name="containerheight" value="382" />
            <param name="listheight" value="350" />
        </include>
        <include condition="Window.IsActive(programs)" name="DefViewLayout">
            <param name="containerheight" value="242" />
            <param name="listheight" value="210" />
        </include>

    </controls>

</window>
