<?xml version="1.0" encoding="UTF-8"?>
<!-- Foundation -->
<window id="100">
    <defaultcontrol always="true">10</defaultcontrol>
    <onunload condition="!Skin.HasSetting(startup.init)">Skin.SetBool(home.classicwidgets)</onunload>
    <onunload condition="!Skin.HasSetting(startup.init)">Skin.SetBool(startup.init)</onunload>
    <controls>

        <include>GlobalOverlay</include>

        <control type="group">
            <include>DefDialogOK</include>
            <control type="button" id="11">
                <description>Yes</description>
                <centerleft>29%</centerleft>
                <posy>285</posy>
                <width>320</width>
                <label>107</label>
                <onleft>10</onleft>
                <onright>10</onright>
                <onup>11</onup>
                <ondown>11</ondown>
                <font>Button</font>
                <texturefocus colordiffuse="$VAR[ColorHighlight]" border="5">common/box.png</texturefocus>
                <texturenofocus colordiffuse="Black12" border="5">common/box.png</texturenofocus>
            </control>
            <control type="button" id="10">
                <description>No</description>
                <centerright>29%</centerright>
                <posy>285</posy>
                <width>320</width>
                <label>106</label>
                <onleft>11</onleft>
                <onright>11</onright>
                <onup>10</onup>
                <ondown>10</ondown>
                <font>Button</font>
                <texturefocus colordiffuse="$VAR[ColorHighlight]" border="5">common/box.png</texturefocus>
                <texturenofocus colordiffuse="Black12" border="5">common/box.png</texturenofocus>
            </control>
            

        </control>

    </controls>

</window>
