<?xml version="1.0" encoding="UTF-8"?>
<!-- Foundation -->
<window id="136">

    <controls>

        <control type="group">
            <visible>!Window.IsVisible(DialogProgress.xml)</visible>
            <visible>!Skin.HasSetting(hide.busydialog)</visible>
            <include>Animation.FadeIn</include>
            <include>Animation.FadeOut</include>
            <include>GlobalOverlay</include>
            <include>GlobalOverlay</include>
            <control type="image">
                <description>Busy animation</description>
                <centerleft>50%</centerleft>
                <centertop>47%</centertop>
                <width>48</width>
                <height>48</height>
                <texture colordiffuse="$VAR[ColorHighlight]" fallback="special://skin/extras/spinners/Sun.png">$INFO[Skin.String(busyloader)]</texture>
                <animation effect="rotate" start="360" end="0" center="auto" time="3000" loop="true" condition="true">conditional</animation>
                <aspectratio>keep</aspectratio>
            </control>

            <control type="label">
                <description>Busy label</description>
                <centerleft>50%</centerleft>
                <centertop>53%</centertop>
                <width>720</width>
                <height>108</height>
                <aligny>center</aligny>
                <align>center</align>
                <label>$LOCALIZE[20186]...</label>
                <textcolor>ffededed</textcolor>
            </control>
        </control>

    </controls>

</window>
