<?xml version="1.0" encoding="UTF-8"?>
<window>
	<defaultcontrol>5</defaultcontrol>
	<controls>
		<!--<control type="group">
            <animation effect="fade" start="100" end="0" time="400" condition="Window.IsVisible(SliderDialog) | Window.IsVisible(FileBrowser)">Conditional</animation>
            <include>GlobalOverlay</include>
        </control>-->
        <control type="group">
            <!--<animation effect="fade" start="100" end="0" time="400" condition="Window.IsVisible(SliderDialog) | Window.IsVisible(FileBrowser)">Conditional</animation>-->
            <height>866</height>
            <!--<include>DefDialogInfoPanel</include>-->
            <centerleft>50%</centerleft>
            <posy>120</posy>
            <width>1320</width>
            <control type="image">
                <left>-24</left>
                <right>-24</right>
                <top>-24</top>
                <bottom>-24</bottom>
                <bordertexture border="32">common/shadow-24.png</bordertexture>
                <bordersize>24</bordersize>
                <texture colordiffuse="White100" border="16">common/box.png</texture>
            </control>
            <control type="label" id="2">
                <description>Header Label</description>
                <centerleft>50%</centerleft>
                <width>1000</width>
                <align>center</align>
                <label>5</label>
                <posy>15</posy>
                <font>MediumBold</font>
            </control>
  
            <control type="grouplist" id="5">
                <description>Control Area</description>
                <left>15</left>
                <right>15</right>
                <bottom>15</bottom>
                <height>756</height>
                <itemgap>3</itemgap>
                <orientation>vertical</orientation>
                <pagecontrol>60</pagecontrol>
                <onup>5</onup>
                <ondown>5</ondown>
            </control>
            <!-- Ok Cancel Defaults -->
            <!--<control type="grouplist" id="8000">
                <centerleft>50%</centerleft>
                <width>760</width>
                <bottom>side</bottom>
                <height>69</height>
                <align>center</align>
                <itemgap>20</itemgap>
                <onup>5</onup>
                <ondown>noop</ondown>
                <orientation>horizontal</orientation>
                <control type="button" id="28">
                    <align>center</align>
                    <width>370</width>
                    <label>186</label>
                    <include>Defs_OptionButton</include>
                </control>
                <control type="button" id="29">
                    <align>center</align>
                    <width>370</width>
                    <label>222</label>
                    <include>Defs_OptionButton</include>
                </control>
            </control>-->
        </control>

        <!-- Default Templates -->
        <control type="button" id="7">
            <align>left</align>
            <texturefocus colordiffuse="$VAR[ColorHighlight]" border="8">common/box.png</texturefocus>
        </control>
        <control type="radiobutton" id="8">
            <align>left</align>
            <radioposx>1230</radioposx>
            <texturefocus colordiffuse="$VAR[ColorHighlight]" border="8">common/box.png</texturefocus>
        </control>
        <control type="spincontrolex" id="9">
            <align>left</align>
            <reverse>yes</reverse>
            <texturefocus colordiffuse="$VAR[ColorHighlight]" border="8">common/box.png</texturefocus>
        </control>
        <control type="edit" id="12">
            <align>left</align>
        </control>
        <control type="label" id="14">
            <align>left</align>
            <textoffsetx>30</textoffsetx>
            <font>Home</font>
        </control>
        <control type="sliderex" id="13">
            <texturefocus colordiffuse="$VAR[ColorHighlight]" border="8">common/box.png</texturefocus>
        </control>
	</controls>
</window>