<?xml version="1.0" encoding="UTF-8"?>
<!-- Foundation -->
<window type="dialog" id="134">
    <defaultcontrol always="true">450</defaultcontrol>

    <controls>

        <include>GlobalOverlay</include>

        <control type="group">
            <include>Animation.ZoomIn</include>
            <centerleft>50%</centerleft>
            <centertop>50%</centertop>
            <height>900</height>
            <width>1080</width>
            <control type="image">
                <width>1080</width>
                <height>900</height>
                <texture border="16" colordiffuse="White100">common/rounded-shadow8.png</texture>
            </control>
            
            <control type="label" id="1">
                <description>header label</description>
                <centerleft>50%</centerleft>
                <posy>15</posy>
                <width>990</width>
                <align>center</align>
                <font>MediumBold</font>
                <textcolor>Black70</textcolor>
                <label>1036</label>
            </control>

            <control type="list" id="450">
                <posx>8</posx>
                <posy>120</posy>
                <width>700</width>
                <height>690</height>
                <onup>450</onup>
                <ondown>450</ondown>

                <itemlayout height="138">

                    <control type="image">
                        <posx>32</posx>
                        <posy>12</posy>
                        <width>111</width>
                        <height>111</height>
                        <aspectratio scalediffuse="false">keep</aspectratio>
                        <texture fallback="DefaultAddonNone.png">$INFO[Listitem.Icon]</texture>
                    </control>

                    <control type="label">
                        <posy>-18</posy>
                        <posx>170</posx>
                        <width>496</width>
                        <height>135</height>
                        <font>SmallBold</font>
                        <textcolor>Black70</textcolor>
                        <selectedcolor>Black70</selectedcolor>
                        <info>ListItem.Label</info>
                        <animation effect="slide" end="0,18" condition="IsEmpty(ListItem.Property(Addon.Summary))">Conditional</animation>
                    </control>
                    <control type="label">
                        <posx>170</posx>
                        <posy>18</posy>
                        <width>496</width>
                        <height>135</height>
                        <font>Mini</font>
                        <textcolor>Black70</textcolor>
                        <selectedcolor>Black70</selectedcolor>
                        <label>$INFO[ListItem.Property(Addon.Summary)]</label>
                    </control>

                </itemlayout>

                <focusedlayout height="138">
                    <control type="group">
                        <visible>!Control.HasFocus(450)</visible>
                        <control type="image">
                            <posx>32</posx>
                            <posy>12</posy>
                            <width>111</width>
                            <height>111</height>
                            <aspectratio scalediffuse="false">keep</aspectratio>
                            <texture fallback="DefaultAddonNone.png">$INFO[Listitem.Icon]</texture>
                        </control>

                        <control type="label">
                            <posy>-18</posy>
                            <posx>170</posx>
                            <width>496</width>
                            <height>135</height>
                            <font>SmallBold</font>
                            <textcolor>Black70</textcolor>
                            <selectedcolor>Black70</selectedcolor>
                            <info>ListItem.Label</info>
                            <animation effect="slide" end="0,18" condition="IsEmpty(ListItem.Label2)">Conditional</animation>
                        </control>
                        <control type="label">
                            <posx>170</posx>
                            <posy>18</posy>
                            <width>496</width>
                            <height>135</height>
                            <font>Mini</font>
                            <textcolor>Black70</textcolor>
                            <selectedcolor>Black70</selectedcolor>
                            <label>$INFO[ListItem.Label2]</label>
                        </control>
                    </control>
                    <control type="group">
                        <visible>Control.HasFocus(450)</visible>
                        <control type="image">
                            <width>696</width>
                            <height>135</height>
                            <texture border="5" colordiffuse="$VAR[ColorHighlight]">common/white.png</texture>
                        </control>

                        <control type="image">
                            <posx>32</posx>
                            <posy>12</posy>
                            <width>111</width>
                            <height>111</height>
                            <aspectratio scalediffuse="false">keep</aspectratio>
                            <texture fallback="DefaultAddonNone.png">$INFO[Listitem.Icon]</texture>
                        </control>

                        <control type="label">
                            <posy>-18</posy>
                            <posx>170</posx>
                            <width>496</width>
                            <height>135</height>
                            <font>SmallBold</font>
                            <textcolor>Selected</textcolor>
                            <selectedcolor>Selected</selectedcolor>
                            <info>ListItem.Label</info>
                            <animation effect="slide" end="0,18" condition="IsEmpty(ListItem.Label2)">Conditional</animation>
                        </control>
                        <control type="label">
                            <left>170</left>
                            <posy>18</posy>
                            <width>496</width>
                            <height>135</height>
                            <font>Mini</font>
                            <textcolor>Selected</textcolor>
                            <selectedcolor>Selected</selectedcolor>
                            <label>$INFO[ListItem.Label2]</label>
                        </control>
                    </control>


                </focusedlayout>

            </control>

            <control type="image">
                <description>Large Icon Image</description>
                <posx>738</posx>
                <posy>357</posy>
                <width>300</width>
                <height>450</height>
                <texture fallback="DefaultAddonNone.png">$INFO[Container(450).ListItem.Icon]</texture>
                <aspectratio align="center" aligny="bottom">keep</aspectratio>
            </control>
            
            <control type="image">
                <posx>705</posx>
                <top>120</top>
                <height>687</height>
                <width>1</width>
                <texture colordiffuse="Black12">common/white.png</texture>
            </control>
        </control>

    </controls>

</window>
