<?xml version="1.0" encoding="UTF-8"?>
<!-- Foundation -->
<window id="2001">
    <defaultcontrol always="true">9000</defaultcontrol>
    <onload>ClearProperty(content)</onload>
    <onload>ClearProperty(tracklist)</onload>
    <onload>Dialog.Close(135)</onload>
    <controls>
        <control type="group">
            <animation type="Conditional" reversible="true" condition="Window.IsVisible(FileBrowser.xml) | Window.IsVisible(DialogProgress.xml) | Window.IsVisible(DialogYesNo.xml) | Window.IsVisible(DialogOK.xml) | Window.IsVisible(DialogSelect.xml) | Window.IsVisible(DialogContextMenu.xml) | Window.IsVisible(DialogButtonMenu.xml)">
                <effect type="zoom" end="95" start="100" time="200" center="auto" tween="quadratic" easing="in" />
            </animation>

            <!-- Poster-->
            <control type="group">
                <visible>!Window.IsVisible(script-ExtendedInfo Script-DialogVideoInfo.xml)</visible>
                <visible>!Window.IsVisible(script-ExtendedInfo Script-DialogInfo.xml)</visible>
                <animation effect="slide" start="-1920" end="0" delay="0" time="300" tween="quadratic" easing="out">WindowOpen</animation>
                <animation effect="slide" start="0" end="-1920" time="300" tween="quadratic" easing="in">WindowClose</animation>
                <animation effect="slide" start="-1920" end="0" delay="0" time="300" tween="quadratic" easing="out">Visible</animation>
                <animation effect="slide" start="0" end="-1920" time="300" tween="quadratic" easing="in">Hidden</animation>
                <include>View_50_SidePoster_Square</include>
            </control>

            <!-- Main -->
            <control type="group">
                <visible>!Window.IsVisible(script-ExtendedInfo Script-DialogVideoInfo.xml)</visible>
                <visible>!Window.IsVisible(script-ExtendedInfo Script-DialogInfo.xml)</visible>
                <animation effect="slide" start="1920" end="0" delay="0" time="300" tween="quadratic" easing="out">WindowOpen</animation>
                <animation effect="slide" start="0" end="1920" time="300" tween="quadratic" easing="in">WindowClose</animation>
                <animation effect="slide" start="1920" end="0" delay="0" time="300" tween="quadratic" easing="out">Visible</animation>
                <animation effect="slide" start="0" end="1920" time="300" tween="quadratic" easing="in">Hidden</animation>
                
                <control type="group">
                    <include>Animation.DelayFadeIn</include>
                    <visible>ControlGroup(9000).HasFocus()</visible>
                    <centerbottom>258</centerbottom>
                    <height>16</height>
                    <control type="image">
                        <visible>Container(9000).HasPrevious</visible>
                        <centerleft>734</centerleft>
                        <width>16</width>
                        <height>16</height>
                        <texture colordiffuse="White30" flipx="true">common/arrow-small-right.png</texture>
                    </control>
                    <control type="image">
                        <visible>Container(9000).HasNext</visible>
                        <centerright>64</centerright>
                        <width>16</width>
                        <height>16</height>
                        <texture colordiffuse="White30" flipx="false">common/arrow-small-right.png</texture>
                    </control>
                </control>
                <control type="group">
                    <include>Animation.DelayFadeIn</include>
                    <visible>Control.HasFocus(51) | [Control.HasFocus(9501) + Control.IsVisible(9501)] | [Control.HasFocus(350) + Control.IsVisible(350)]</visible>
                    <animation effect="slide" time="0" start="0" end="0,20" condition="Control.HasFocus(350) + Control.IsVisible(350)">Conditional</animation>
                    <centerbottom>396</centerbottom>
                    <height>16</height>
                    <control type="image">
                        <visible>[Container(9501).HasPrevious + Control.HasFocus(9501)] | [Container(350).HasPrevious + Control.HasFocus(350)] | [Container(50).HasPrevious + Control.HasFocus(51)]</visible>
                        <centerleft>734</centerleft>
                        <width>16</width>
                        <height>16</height>
                        <texture colordiffuse="White30" flipx="true">common/arrow-small-right.png</texture>
                    </control>
                    <control type="image">
                        <visible>[Container(9501).HasNext + Control.HasFocus(9501)] | [Container(350).HasNext + Control.HasFocus(350)] | [Container(50).HasNext + Control.HasFocus(51)]</visible>
                        <centerright>64</centerright>
                        <width>16</width>
                        <height>16</height>
                        <texture colordiffuse="White30" flipx="false">common/arrow-small-right.png</texture>
                    </control>
                </control>
                <control type="button" id ="5">
                    <width>1</width>
                    <height>1</height>
                    <visible allowhiddenfocus="true">false</visible>
                </control>
                <control type="button" id ="9601">
                    <width>1</width>
                    <height>1</height>
                    <visible allowhiddenfocus="true">false</visible>
                    <onback>9000</onback>
                    <onup>9000</onup>
                    <ondown>9000</ondown>
                    <onleft>9000</onleft>
                    <onright>9000</onright>
                </control>

                <!-- Control Buttons -->
                <control type="grouplist" id="9000">
                    <visible allowhiddenfocus="true">ControlGroup(9000).HasFocus()</visible>
                    <bottom>224</bottom>
                    <left>ListSquareX</left>
                    <right>SidePad</right>
                    <height>68</height>
                    <bottom>33</bottom>
                    <itemgap>16</itemgap>
                    <ondown>9000</ondown>
                    <onup condition="Control.IsVisible(50)">51</onup>
                    <onup condition="Control.IsVisible(9501)">9501</onup>
                    <onup condition="!Control.IsVisible(50) + !Control.IsVisible(9501)">9601</onup>
                    <orientation>horizontal</orientation>

                    <control type="button" id ="9001">
                        <description>Discog</description>
                        <label>21888</label>
                        <width>260</width>
                        <onclick>SetProperty(content,1)</onclick>
                        <onclick>SetFocus(9501)</onclick>
                        <include>DefInfoButtons</include>
                        <enable>IntegerGreaterThan(Container(9501).NumItems,0)</enable>
                    </control>

                    <control type="togglebutton" id ="9002">
                        <description>Tracklist</description>
                        <label>182</label>
                        <altlabel>183</altlabel>
                        <width>260</width>
                        <usealttexture>!IsEmpty(Window.Property(tracklist))</usealttexture>
                        <onclick condition="IsEmpty(Window.Property(tracklist))">SetProperty(tracklist,1)</onclick>
                        <onclick condition="!IsEmpty(Window.Property(tracklist))">ClearProperty(tracklist)</onclick>
                        <include>DefInfoButtons</include>
                        <visible>Container.Content(albums)</visible>
                    </control>

                    <!--<control type="button" id ="9003">
                        <description>Youtube</description>
                        <label>31141</label>
                        <width>260</width>
                        <onclick>Close</onclick>
                        <onclick>ActivateWindow(videos,plugin://plugin.video.youtube/search/?q=$INFO[ListItem.Artist],return)</onclick>
                        <include>DefInfoButtons</include>
                    </control>-->
                    <control type="button" id ="9003">
                        <description>Youtube</description>
                        <label>31141</label>
                        <width>260</width>
                        <onclick>SetProperty(content,350)</onclick>
                        <onclick>SetFocus(350)</onclick>
                        <include>DefInfoButtons</include>
                        <enable>IntegerGreaterThan(Container(350).NumItems,0)</enable>
                    </control>

                    <control type="button" id ="6">
                        <description>Refresh</description>
                        <label>184</label>
                        <width>260</width>
                        <include>DefInfoButtons</include>
                        <visible>!Skin.HasSetting(global.kioskmode)</visible>
                    </control>

                    <control type="button" id ="10">
                        <description>Get Thumb</description>
                        <label>13405</label>
                        <width>260</width>
                        <include>DefInfoButtons</include>
                        <visible>!Skin.HasSetting(global.kioskmode)</visible>
                    </control>

                    <control type="button" id ="12">
                        <description>Get Fanart</description>
                        <label>20413</label>
                        <width>260</width>
                        <include>DefInfoButtons</include>
                        <visible>!Skin.HasSetting(global.kioskmode)</visible>
                        <visible>Container.Content(artists)</visible>
                    </control>

                    <control type="button" id ="9004">
                        <description>View fanart</description>
                        <label>View Fanart</label>
                        <width>260</width>
                        <onclick>SetFocus(90400)</onclick>
                        <include>DefInfoButtons</include>
                    </control>
                </control>        

                <!-- Album Info -->
                <control type="group">
                    <visible>Container.Content(albums)</visible>
                    <visible>!Control.IsVisible(50) + IsEmpty(Window.Property(content))</visible>
                    <left>ListSquareX</left>
                    <right>SidePad</right>
                    <bottom>224</bottom>
                    <top>PosterPad</top>
                    <control type="grouplist">
                        <left>30</left>
                        <right>30</right>
                        <itemgap>0</itemgap>
                        <control type="label">
                            <description>Header Label</description>
                            <textcolor>White100</textcolor>
                            <include>DefDialogInfoHeader</include>
                            <label>$INFO[ListItem.Album]</label>
                        </control>
                        <control type="group">
                            <height>50</height>
                            <control type="label">
                                <posy>-10</posy>
                                <width>100%</width>
                                <height>36</height>
                                <font>Tiny</font>
                                <textcolor>White70</textcolor>
                                <label fallback="19055">$INFO[ListItem.Artist]</label>
                                <aligny>center</aligny>
                            </control>
                        </control>
                        
                        <control type="group">
                            <visible>!IsEmpty(ListItem.Year)</visible>
                            <height>36</height>
                            <control type="label">
                                <width>150</width>
                                <height>36</height>
                                <font>Tiny</font>
                                <textcolor>White100</textcolor>
                                <label>[B]$LOCALIZE[345][/B]</label>
                                <aligny>center</aligny>
                            </control>
                            <control type="label">
                                <left>160</left>
                                <width>100%</width>
                                <height>36</height>
                                <font>Tiny</font>
                                <textcolor>White70</textcolor>
                                <label fallback="19055">$INFO[ListItem.Year]</label>
                                <aligny>center</aligny>
                            </control>
                        </control>
                        <control type="group">
                            <visible>!IsEmpty(ListItem.Property(Album_Label))</visible>
                            <height>36</height>
                            <control type="label">
                                <width>150</width>
                                <height>36</height>
                                <font>Tiny</font>
                                <textcolor>White100</textcolor>
                                <label>[B]$LOCALIZE[572][/B]</label>
                                <aligny>center</aligny>
                            </control>
                            <control type="label">
                                <left>160</left>
                                <width>100%</width>
                                <height>36</height>
                                <font>Tiny</font>
                                <textcolor>White70</textcolor>
                                <label fallback="19055">$INFO[ListItem.Property(Album_Label)]</label>
                                <aligny>center</aligny>
                            </control>
                        </control>
                        <control type="group">
                            <visible>!IsEmpty(ListItem.Genre)</visible>
                            <height>36</height>
                            <control type="label">
                                <width>150</width>
                                <height>36</height>
                                <font>Tiny</font>
                                <textcolor>White100</textcolor>
                                <label>[B]$LOCALIZE[515][/B]</label>
                                <aligny>center</aligny>
                            </control>
                            <control type="label">
                                <left>160</left>
                                <width>100%</width>
                                <height>36</height>
                                <font>Tiny</font>
                                <textcolor>White70</textcolor>
                                <label fallback="19055">$INFO[ListItem.Genre]</label>
                                <aligny>center</aligny>
                            </control>
                        </control>

                        <control type="group">
                            <height>auto</height>
                            <width>100%</width>
                            <visible>!Container.Content(Albums) | IsEmpty(Window.Property(tracklist))</visible>
                            <control type="textbox" id="4">
                                <top>10</top>
                                <width>100%</width>
                                <height>250</height>
                                <font>Tiny</font>
                                <textcolor>White70</textcolor>
                                <aligny>top</aligny>
                            </control>
                        </control>
                        <control type="group">
                            <visible>Container.Content(Albums) + [IsEmpty(Control.GetLabel(4)) | !IsEmpty(Window.Property(tracklist))]</visible>
                            <height>auto</height>
                            <width>100%</width>
                            <control type="textbox">
                                <top>10</top>
                                <width>100%</width>
                                <height>313</height>
                                <font>Tiny</font>
                                <textcolor>White70</textcolor>
                                <label>$INFO[Window(Home).Property(SkinHelper.Music.TrackList)]</label>
                                <aligny>top</aligny>
                            </control>
                        </control>
                    </control>
                </control>

                <!-- Artist Info -->
                <control type="group">
                    <visible>Container.Content(artists)</visible>
                    <visible>!Control.IsVisible(50) + IsEmpty(Window.Property(content))</visible>
                    <left>ListSquareX</left>
                    <right>SidePad</right>
                    <bottom>224</bottom>
                    <top>PosterPad</top>
                    <control type="grouplist">
                        <left>30</left>
                        <right>30</right>
                        <itemgap>0</itemgap>
                        <control type="label">
                            <description>Header Label</description>
                            <textcolor>White100</textcolor>
                            <include>DefDialogInfoHeader</include>
                            <label>$INFO[ListItem.Artist]</label>
                        </control>
                        <control type="group">
                            <height>50</height>
                            <control type="label">
                                <posy>-10</posy>
                                <width>100%</width>
                                <height>36</height>
                                <font>Tiny</font>
                                <textcolor>White70</textcolor>
                                <label fallback="19055">$INFO[ListItem.Property(Artist_YearsActive)]</label>
                                <aligny>center</aligny>
                            </control>
                        </control>
                        <control type="group">
                            <visible>!IsEmpty(ListItem.Genre)</visible>
                            <height>36</height>
                            <control type="label">
                                <width>150</width>
                                <height>36</height>
                                <font>Tiny</font>
                                <textcolor>White100</textcolor>
                                <label>[B]$LOCALIZE[515][/B]</label>
                                <aligny>center</aligny>
                            </control>
                            <control type="label">
                                <left>160</left>
                                <width>100%</width>
                                <height>36</height>
                                <font>Tiny</font>
                                <textcolor>White70</textcolor>
                                <label fallback="19055">$INFO[ListItem.Genre]</label>
                                <aligny>center</aligny>
                            </control>
                        </control>
                        <control type="group">
                            <visible>!IsEmpty(ListItem.Property(Artist_Born)) | !IsEmpty(ListItem.Property(Artist_Formed))</visible>
                            <height>36</height>
                            <control type="label">
                                <width>150</width>
                                <height>36</height>
                                <font>Tiny</font>
                                <textcolor>White100</textcolor>
                                <label>[B]$LOCALIZE[21893][/B]</label>
                                <aligny>center</aligny>
                                <visible>!IsEmpty(ListItem.Property(Artist_Born))</visible>
                            </control>
                            <control type="label">
                                <width>100%</width>
                                <height>36</height>
                                <font>Tiny</font>
                                <textcolor>White100</textcolor>
                                <label>[B]$LOCALIZE[21894][/B]</label>
                                <aligny>center</aligny>
                                <visible>IsEmpty(ListItem.Property(Artist_Born))</visible>
                            </control>
                            <control type="label">
                                <left>160</left>
                                <width>100%</width>
                                <height>36</height>
                                <font>Tiny</font>
                                <textcolor>White70</textcolor>
                                <label fallback="19055">$INFO[ListItem.Property(Artist_Born)]$INFO[ListItem.Property(Artist_Formed)]</label>
                                <aligny>center</aligny>
                            </control>
                        </control>
                        <control type="group">
                            <visible>!IsEmpty(ListItem.Property(Artist_Died)) | !IsEmpty(ListItem.Property(Artist_Disbanded))</visible>
                            <height>36</height>
                            <control type="label">
                                <width>150</width>
                                <height>36</height>
                                <font>Tiny</font>
                                <textcolor>White100</textcolor>
                                <label>[B]$LOCALIZE[21897][/B]</label>
                                <aligny>center</aligny>
                                <visible>!IsEmpty(ListItem.Property(Artist_Died))</visible>
                            </control>
                            <control type="label">
                                <width>150</width>
                                <height>36</height>
                                <font>Tiny</font>
                                <textcolor>White100</textcolor>
                                <label>[B]$LOCALIZE[21896][/B]</label>
                                <aligny>center</aligny>
                                <visible>IsEmpty(ListItem.Property(Artist_Died))</visible>
                            </control>
                            <control type="label">
                                <left>160</left>
                                <width>100%</width>
                                <height>36</height>
                                <font>Tiny</font>
                                <textcolor>White70</textcolor>
                                <label fallback="19055">$INFO[ListItem.Property(Artist_Died)]</label>
                                <aligny>center</aligny>
                                <visible>!IsEmpty(ListItem.Property(Artist_Died))</visible>
                            </control>
                            <control type="label">
                                <left>160</left>
                                <width>100%</width>
                                <height>36</height>
                                <font>Tiny</font>
                                <textcolor>White70</textcolor>
                                <label fallback="19055">$INFO[ListItem.Property(Artist_Disbanded)]</label>
                                <aligny>center</aligny>
                                <visible>IsEmpty(ListItem.Property(Artist_Died))</visible>
                            </control>
                        </control>
                        <control type="group">
                            <visible>!IsEmpty(ListItem.Property(Artist_Style))</visible>
                            <height>36</height>
                            <control type="label">
                                <width>150</width>
                                <height>36</height>
                                <font>Tiny</font>
                                <textcolor>White100</textcolor>
                                <label>[B]$LOCALIZE[176][/B]</label>
                                <aligny>center</aligny>
                            </control>
                            <control type="label">
                                <left>160</left>
                                <width>100%</width>
                                <height>36</height>
                                <font>Tiny</font>
                                <textcolor>White70</textcolor>
                                <label fallback="19055">$INFO[ListItem.Property(Artist_Style)]</label>
                                <aligny>center</aligny>
                            </control>
                        </control>

                        <control type="group">
                            <height>auto</height>
                            <width>100%</width>
                            <control type="textbox" id="4">
                                <top>24</top>
                                <width>100%</width>
                                <height>250</height>
                                <font>Tiny</font>
                                <textcolor>White70</textcolor>
                                <aligny>top</aligny>
                            </control>
                        </control>
                    </control>
                </control>

                <!-- Busy Loader -->
                <control type="group">
                    <centerleft>1290</centerleft>
                    <centerbottom>51%</centerbottom>
                    <width>450</width>
                    <height>117</height>
                    <visible>!IsEmpty(Window.Property(content)) + Container(9501).IsUpdating + !Control.IsVisible(50)</visible>
                    <include>Animation.FadeIn</include>
                    <include>Animation.FadeOut</include>
                    <control type="image">
                        <description>Busy animation</description>
                        <posx>30</posx>
                        <posy>30</posy>
                        <width>48</width>
                        <height>48</height>
                        <texture colordiffuse="$VAR[ColorHighlight]" fallback="special://skin/extras/spinners/Sun.png">$INFO[Skin.String(busyloader)]</texture>
                        <animation effect="rotate" start="360" end="0" center="auto" time="3000" loop="true" condition="true">conditional</animation>
                        <aspectratio>keep</aspectratio>
                    </control>
                    <control type="label">
                        <description>Busy label</description>
                        <posx>105</posx>
                        <posy>30</posy>
                        <width>720</width>
                        <height>48</height>
                        <align>left</align>
                        <label>$LOCALIZE[31138]...</label>
                        <textcolor>White100</textcolor>
                    </control>
                </control>

                <!-- Content Labels -->
                <control type="label">
                    <visible>Control.IsVisible(50) | [!IsEmpty(Window.Property(content)) + !StringCompare(Window.Property(content),350) + !Container(9501).IsUpdating]</visible>
                    <left>ListSquareX</left>
                    <right>SidePad</right>
                    <textoffsetx>5</textoffsetx>
                    <top>280</top>
                    <description>Header Label</description>
                    <textcolor>White70</textcolor>
                    <font>Small</font>
                    <label>$INFO[ListItem.Artist,, $LOCALIZE[21888]]</label>
                    <include>Animation.DelayFadeIn</include>
                </control>
                <control type="label">
                    <visible>[StringCompare(Window.Property(content),350) + !Container(9501).IsUpdating]</visible>
                    <left>ListSquareX</left>
                    <right>SidePad</right>
                    <textoffsetx>5</textoffsetx>
                    <top>260</top>
                    <description>Header Label</description>
                    <textcolor>White70</textcolor>
                    <font>Small</font>
                    <label>$INFO[ListItem.Artist,, YouTube videos]</label>
                    <include>Animation.DelayFadeIn</include>
                </control>
                <control type="label">
                    <right>SidePad</right>
                    <left>540</left>
                    <bottom>290</bottom>
                    <height>50</height>
                    <font>Mini</font>
                    <scroll>true</scroll>
                    <textcolor>White30</textcolor>
                    <label>$INFO[Container(9501).NumItems,, $LOCALIZE[31101]  •  ]$INFO[Container(9501).CurrentPage,, $LOCALIZE[20163] ]$INFO[Container(9501).NumPages,, $LOCALIZE[31243]]</label>
                    <aligny>center</aligny>
                    <align>right</align>
                    <visible>Control.IsVisible(9501)</visible>
                    <include>Animation.DelayFadeIn</include>
                </control>
                <control type="label">
                    <right>SidePad</right>
                    <left>540</left>
                    <bottom>270</bottom>
                    <height>50</height>
                    <font>Mini</font>
                    <scroll>true</scroll>
                    <textcolor>White30</textcolor>
                    <label>$INFO[Container(350).NumItems,, $LOCALIZE[31101]  •  ]$INFO[Container(350).CurrentPage,, $LOCALIZE[20163] ]$INFO[Container(350).NumPages,, $LOCALIZE[31243]]</label>
                    <aligny>center</aligny>
                    <align>right</align>
                    <visible>Control.IsVisible(350)</visible>
                    <include>Animation.DelayFadeIn</include>
                </control>
                
                <!-- Youtube List -->
                <control type="list" id="350">
                    <visible allowhiddenfocus="true">!IsEmpty(Window.Property(content)) + StringCompare(Window.Property(content),350)</visible>
                    <onleft>350</onleft>
                    <onright>350</onright>
                    <bottom>80</bottom>
                    <left>742</left>
                    <width>1108</width>
                    <height>670</height>
                    <include>Animation.FadeIn.Slide</include>
                    <ondown>ClearProperty(content)</ondown>
                    <ondown>9000</ondown>
                    <onback>ClearProperty(content)</onback>
                    <onback>9000</onback>
                    <orientation>horizontal</orientation>
                    <preloaditems>2</preloaditems>
                    <scrolltime tween="quadratic">400</scrolltime>
                    <itemlayout height="415" width="554">
                        <include name="DefExtendedInfoItemContent">
                            <param name="diffusetexture" value="diffuse/wall-fanart.png" />
                        </include>
                    </itemlayout>
                    <focusedlayout height="415" width="554">
                        <include name="DefExtendedInfoFocusContent">
                            <param name="diffusetexture" value="diffuse/wall-fanart.png" />
                        </include>
                    </focusedlayout>
                    <content>plugin://script.extendedinfo?info=youtubesearch&amp;&amp;id=$ESCINFO[ListItem.Artist] $LOCALIZE[2]</content>
                </control>
                <!-- Content List -->
                <control type="list" id="9501">
                    <include>Animation.FadeIn.Slide</include>
                    <visible allowhiddenfocus="true">!IsEmpty(Window.Property(content)) + !Container(9501).IsUpdating + !Control.IsVisible(50) + !StringCompare(Window.Property(content),350)</visible>
                    <bottom>60</bottom>
                    <left>742</left>
                    <width>1108</width>
                    <height>670</height>
                    <onleft>9501</onleft>
                    <onright>9501</onright>
                    <ondown>ClearProperty(content)</ondown>
                    <ondown>9000</ondown>
                    <onback>ClearProperty(content)</onback>
                    <onback>9000</onback>
                    <orientation>horizontal</orientation>
                    <preloaditems>2</preloaditems>
                    <pagecontrol>60</pagecontrol>
                    <viewtype label="536">list</viewtype>
                    <scrolltime tween="quadratic">400</scrolltime>
                    <itemlayout height="377" width="277">
                        <control type="image">
                            <left>0</left>
                            <top>0</top>
                            <right>0</right>
                            <bottom>100</bottom>
                            <texture border="10">common/nofocus-shadow10.png</texture>
                        </control>
                        <control type="image">
                            <left>10</left>
                            <top>10</top>
                            <right>10</right>
                            <bottom>110</bottom>
                            <aspectratio scalediffuse="false">scale</aspectratio>
                            <texture diffuse="diffuse/wall-square.png" background="true">$VAR[PosterImage]</texture>
                        </control>
                        <control type="image">
                            <left>10</left>
                            <right>10</right>
                            <bottom>0</bottom>
                            <height>86</height>
                            <texture colordiffuse="White12" border="5">common/box.png</texture>
                        </control>
                        <control type="textbox">
                            <left>20</left>
                            <right>20</right>
                            <centerbottom>45</centerbottom>
                            <height>64</height>
                            <font>Mini</font>
                            <autoscroll>false</autoscroll>
                            <textcolor>White70</textcolor>
                            <label>$INFO[ListItem.Label]</label>
                            <aligny>center</aligny>
                            <align>center</align>
                        </control>
                    </itemlayout>
                    <focusedlayout height="377" width="277">
                        <control type="image">
                            <left>0</left>
                            <top>0</top>
                            <right>0</right>
                            <bottom>100</bottom>
                            <texture border="10">common/nofocus-shadow10.png</texture>
                        </control>
                        <control type="image">
                            <left>10</left>
                            <top>10</top>
                            <right>10</right>
                            <bottom>110</bottom>
                            <aspectratio scalediffuse="false">scale</aspectratio>
                            <texture diffuse="diffuse/wall-square.png" background="true">$VAR[PosterImage]</texture>
                        </control>
                        <control type="group">
                            <visible>Control.HasFocus(9501)</visible>
                            <control type="image">
                                <left>10</left>
                                <right>10</right>
                                <bottom>0</bottom>
                                <height>86</height>
                                <texture colordiffuse="$VAR[ColorHighlight]" border="5">common/box.png</texture>
                            </control>
                            <control type="textbox">
                                <left>20</left>
                                <right>20</right>
                                <centerbottom>45</centerbottom>
                                <height>64</height>
                                <font>Mini</font>
                                <scroll>true</scroll>
                                <textcolor>PanelWhite100</textcolor>
                                <label>$INFO[ListItem.Label]</label>
                                <aligny>center</aligny>
                                <align>center</align>
                            </control>
                        </control>
                        <control type="group">
                            <visible>!Control.HasFocus(9501)</visible>
                            <control type="image">
                                <left>10</left>
                                <right>10</right>
                                <bottom>0</bottom>
                                <height>86</height>
                                <texture colordiffuse="White12" border="5">common/box.png</texture>
                            </control>
                            <control type="textbox">
                                <left>20</left>
                                <right>20</right>
                                <centerbottom>45</centerbottom>
                                <height>64</height>
                                <font>Mini</font>
                                <scroll>true</scroll>
                                <textcolor>White70</textcolor>
                                <label>$INFO[ListItem.Label]</label>
                                <aligny>center</aligny>
                                <align>center</align>
                            </control>
                        </control>
                    </focusedlayout>
                    <content>plugin://script.extendedinfo?info=discography&amp;&amp;artistname=$INFO[ListItem.Artist]</content>
                </control>

            </control>
        </control>

        <control type="group">
            <visible>Control.HasFocus(9601)</visible>
            <include>Animation.FadeIn</include>
            <include>Animation.FadeOut</include>
            
            <control type="image" description="Background">
                <include>Dimensions_Fullscreen</include>
                <texture colordiffuse="$VAR[ColorBackground]">common/bg.png</texture>
                <animation effect="fade" start="100" end="95" condition="true">Conditional</animation>
            </control>

            <control type="image" description="clearlogo">
                <visible>Skin.HasSetting(furniture.logo)</visible>
                <centertop>120</centertop>
                <centerleft>50%</centerleft>
                <width>400</width>
                <height>100</height>
                <aspectratio align="center">keep</aspectratio>
                <texture background="true">$VAR[ClearLogoTopVar]</texture>
            </control>
        </control>

        <control type="group">
            <left>SidePad</left>
            <right>SidePad</right>
            <top>PosterPad</top>
            <height>670</height>
            <visible>Control.HasFocus(9601)</visible>
            <include>Animation.FadeIn.Slide</include>
            <include>Animation.FadeOut</include>
            
            
            <control type="label">
                <description>header label</description>
                <left>60</left>
                <right>60</right>
                <posy>60</posy>
                <font>EpisodeNumber</font>
                <textcolor>White100</textcolor>
                <height>45</height>
                <label>$INFO[ListItem.Artist]</label>
                <visible>Container.Content(artists)</visible>
            </control>
            <control type="label">
                <description>header label</description>
                <left>60</left>
                <right>60</right>
                <posy>60</posy>
                <font>EpisodeNumber</font>
                <textcolor>White100</textcolor>
                <height>45</height>
                <label>$INFO[ListItem.Album]</label>
                <visible>Container.Content(albums)</visible>
            </control>

            <control type="textbox">
                <description>textarea</description>
                <left>60</left>
                <right>60</right>
                <top>150</top>
                <bottom>0</bottom>
                <font>Medium</font>
                <textcolor>White100</textcolor>
                <label>$INFO[ListItem.Property(Artist_Description)]</label>
                <visible>Container.Content(artists)</visible>
            </control>
            <control type="textbox">
                <description>textarea</description>
                <left>60</left>
                <right>60</right>
                <top>150</top>
                <bottom>0</bottom>
                <font>Medium</font>
                <textcolor>White100</textcolor>
                <label>$INFO[ListItem.Property(Album_Description)]</label>
                <visible>Container.Content(albums)</visible>
            </control>
        </control>

        <control type="group">
            <visible allowhiddenfocus="true">Control.HasFocus(90400)</visible>
            <control type="button" id="90400">
                <description>FS Fanart button</description>
                <width>1920</width>
                <height>1080</height>
                <texturefocus>-</texturefocus>
                <texturenofocus>-</texturenofocus>
                <onleft>SetFocus(9000)</onleft>
                <onright>SetFocus(9000)</onright>
                <onup>SetFocus(9000)</onup>
                <ondown>SetFocus(9000)</ondown>
                <onclick>SetFocus(9000)</onclick>
                <label>-</label>
                <hitrect x="0" y="0" w="0" h="0"/>
            </control>
            <control type="image">
                <include>FullscreenDimensions</include>
                <texture>$INFO[ListItem.Art(fanart)]</texture>
            </control>
        </control>

    </controls>

</window>
