<?xml version="1.0" encoding="UTF-8"?>
<window type="window" id="1107">
    <defaultcontrol always="true">50</defaultcontrol>
    <menucontrol>9000</menucontrol>
    <controls>
        <include>GlobalBackground</include>
        <include>Furniture_Header</include>
        <include>Furniture_NowPlaying</include>
        <include>Furniture_Clock</include>
        <include>Furniture_Weather</include>
		<include>CommonBackground</include>

        <control type="group">
            <include>Animation.Common</include>
            <left>72</left>
            <right>72</right>
            <top>208</top>
            <height>656</height>
            
            <control type="image">
                <width>100%</width>
                <height>100%</height>
                <texture border="16" colordiffuse="PanelFull">common/rounded-shadow8.png</texture>
            </control>
			
			<!-- view id = 50 -->
			<control type="group">
				<visible>Control.IsVisible(50) + !Window.IsActive(addoninformation)</visible>
				<control type="group">
					<control type="list" id="50">
						<left>9</left>
						<top>18</top>
						<width>1776</width>
						<height>620</height>
						<onleft>9000</onleft>
						<onright>60</onright>
						<onup>50</onup>
						<ondown>50</ondown>
						<viewtype label="535">list</viewtype>
						<pagecontrol>60</pagecontrol>
						<scrolltime tween="quadratic" easing="out">200</scrolltime>
						<itemlayout height="124" width="1758">
							<control type="image">
								<left>20</left>
								<top>10</top>
								<width>104</width>
								<height>104</height>
								<aspectratio>keep</aspectratio>
								<texture background="true">$INFO[ListItem.Icon]</texture>
							</control>
							<control type="label">
								<left>145</left>
								<top>2</top>
								<width>1565</width>
								<height>70</height>
								<align>left</align>
								<aligny>center</aligny>
								<textcolor>PanelWhite100</textcolor>
								<font>MediumBold</font>
								<label>$INFO[ListItem.Label]</label>
								<animation effect="slide" start="0,0" end="0,25" time="0" condition="IsEmpty(ListItem.Property(Event.Description))">Conditional</animation>
							</control>
							<control type="label">
								<left>145</left>
								<top>52</top>
								<width>1565</width>
								<height>60</height>
								<align>left</align>
								<aligny>center</aligny>
								<textcolor>PanelWhite70</textcolor>
								<font>Tiny</font>
								<label>$INFO[ListItem.Property(Event.Description)]</label>
							</control>
							<control type="label">
								<left>0</left>
								<top>0</top>
								<width>1720</width>
								<height>124</height>
								<align>right</align>
								<aligny>center</aligny>
								<textcolor>PanelWhite100</textcolor>
								<font>Small</font>
								<label>$INFO[ListItem.Label2]</label>
							</control>
						</itemlayout>
						<focusedlayout height="124" width="1758">
							<control type="image">
								<left>0</left>
								<top>0</top>
								<width>100%</width>
								<height>124</height>
								<texture colordiffuse="$VAR[ColorHighlight]">common/white.png</texture>
								<visible>Control.HasFocus(50)</visible>
							</control>
							<control type="image">
								<left>20</left>
								<top>10</top>
								<width>104</width>
								<height>104</height>
								<aspectratio>keep</aspectratio>
								<texture background="true">$INFO[ListItem.Icon]</texture>
							</control>
							<control type="label">
								<left>145</left>
								<top>2</top>
								<width>1565</width>
								<height>70</height>
								<align>left</align>
								<aligny>center</aligny>
								<textcolor>PanelWhite100</textcolor>
								<font>MediumBold</font>
								<label>$INFO[ListItem.Label]</label>
								<animation effect="fade" start="100" end="70" time="300" tween="sine" easing="inout" condition="!Control.HasFocus(50)">Conditional</animation>
								<animation effect="slide" start="0,0" end="0,25" time="0" condition="IsEmpty(ListItem.Property(Event.Description))">Conditional</animation>
							</control>
							<control type="label">
								<left>145</left>
								<top>52</top>
								<width>1565</width>
								<height>60</height>
								<align>left</align>
								<aligny>center</aligny>
								<textcolor>PanelWhite100</textcolor>
								<font>Tiny</font>
								<label>$INFO[ListItem.Property(Event.Description)]</label>
								<animation effect="fade" start="100" end="30" time="300" tween="sine" easing="inout" condition="!Control.HasFocus(50)">Conditional</animation>
							</control>
							<control type="label">
								<left>0</left>
								<top>0</top>
								<width>1720</width>
								<height>124</height>
								<align>right</align>
								<aligny>center</aligny>
								<textcolor>PanelWhite100</textcolor>
								<font>Small</font>
								<label>$INFO[ListItem.Label2]</label>
								<animation effect="fade" start="100" end="70" time="300" tween="sine" easing="inout" condition="!Control.HasFocus(50)">Conditional</animation>
							</control>
						</focusedlayout>
					</control>
					<control type="scrollbar" id="60">
			            <onback>50</onback>
			            <centerright>-10</centerright>
			            <posy>8</posy>
			            <height>PosterH</height>
			            <width>8</width>
			            <onleft>50</onleft>
			            <onright condition="!Skin.HasSetting(global.kioskmode)">9000</onright>
			            <texturesliderbackground border="4" colordiffuse="White12">scrollbar/scrollv.png</texturesliderbackground>
			            <texturesliderbar border="4" colordiffuse="White30">scrollbar/scrollv.png</texturesliderbar>
			            <texturesliderbarfocus border="4" colordiffuse="White70">scrollbar/scrollv.png</texturesliderbarfocus>
			            <animation effect="fade" start="100" end="33" time="400" condition="!Control.HasFocus(60) + !Container.Scrolling">Conditional</animation>
			        </control>
				</control>
			</control>
		</control>
		<control type="group">
            <include>Animation.FadeIn</include>
            <include>Animation.FadeOut</include>
            <visible>ControlGroup(9000).HasFocus()</visible>
            <include>GlobalOverlay</include>
        </control>
		<control type="group">
			<!--<top>419</top>-->
            <height>242</height>
            <include>Def9000Background</include>
            <control type="grouplist" id="9000">
                <height>210</height>
                <usecontrolcoords>true</usecontrolcoords>
                <include>Def9000GroupList</include>
				<control type="button" id="21">
					<description>Log level</description>
					<include>DefContextButton</include>
                    <align>left</align>
				</control>
				<control type="radiobutton" id="22">
					<description>Only show current level</description>
					<include>DefContextButton</include>
                    <align>left</align>
				</control>
				<control type="button" id="20">
					<description>Clear button</description>
					<include>DefContextButton</include>
                    <align>left</align>
					<label>192</label>
				</control>
            </control>
        </control>
	</controls>
</window>
