<?xml version="1.0" encoding="UTF-8"?>
<!-- Foundation -->
<fonts>
    <fontset id="Default" idloc="31168">

        <font>
            <name>LargeBold</name>
            <style>uppercase</style>
            <filename>weblysleekuisb.ttf</filename>
            <size>48</size>
        </font>
        <font>
            <name>Lyrics</name>
            <filename>weblysleekuil.ttf</filename>
            <size>48</size>
        </font>
        <font>
            <name>Large</name>
            <filename>weblysleekuisl.ttf</filename>
            <size>48</size>
        </font>
        <font>
            <name>EpisodeNumber</name>
            <filename>weblysleekuisb.ttf</filename>
            <size>100</size>
        </font>
        <font>
            <name>Medium</name>
            <filename>weblysleekuisl.ttf</filename>
            <size>38</size>
        </font>
        <font>
            <name>MediumBold</name>
            <filename>weblysleekuisb.ttf</filename>
            <size>38</size>
        </font>
        
        <font>
            <name>Small</name>
            <filename>weblysleekuisl.ttf</filename>
            <size>34</size>
        </font>
        <font>
            <name>SmallBold</name>
            <filename>weblysleekuisb.ttf</filename>
            <size>34</size>
        </font>
        
      
        <font>
            <name>Tiny</name>
            <filename>weblysleekuisl.ttf</filename>
            <size>30</size>
            <linespacing>0.85</linespacing>
        </font>
        <font>
            <name>TinyBold</name>
            <filename>weblysleekuisb.ttf</filename>
            <size>30</size>
        </font>
        <font>
            <name>Mini</name>
            <filename>weblysleekuisl.ttf</filename>
            <size>24</size>
        </font>
        <font>
            <name>Button</name>
            <style>uppercase</style>
            <filename>weblysleekuisl.ttf</filename>
            <size>28</size>
        </font>
        
        <font>
            <name>Flag</name>
            <style>uppercase</style>
            <filename>weblysleekuisb.ttf</filename>
            <size>26</size>
        </font>
        <font>
            <name>EPGTimeline</name>
            <filename>weblysleekuisb.ttf</filename>
            <size>20</size>
            <style>uppercase</style>
        </font>
        <font>
            <name>Home</name>
            <style>uppercase</style>
            <filename>weblysleekuisb.ttf</filename>
            <size>34</size>
        </font>
        <font>
            <name>HomeIcon</name>
            <style>uppercase</style>
            <filename>weblysleekuisb.ttf</filename>
            <size>26</size>
        </font>
        
        <font>
            <name>WidgetSelector</name>
            <style>uppercase</style>
            <filename>weblysleekuisb.ttf</filename>
            <size>22</size>
        </font>

        <font>
            <name>Symbol</name>
            <filename>webhostinghub-glyphs.ttf</filename>
            <size>40</size>
        </font>
       
        <!-- Required for system -->
        <font>
            <name>font13</name>
            <filename>weblysleekuisl.ttf</filename>
            <size>30</size>
        </font>

    </fontset>
    <fontset id="Light" idloc="377">

        <font>
            <name>LargeBold</name>
            <style>uppercase</style>
            <filename>weblysleekuisl.ttf</filename>
            <size>48</size>
        </font>
        <font>
            <name>Lyrics</name>
            <filename>weblysleekuil.ttf</filename>
            <size>48</size>
        </font>
        <font>
            <name>Large</name>
            <filename>weblysleekuisl.ttf</filename>
            <size>48</size>
        </font>
        <font>
            <name>EpisodeNumber</name>
            <filename>weblysleekuisl.ttf</filename>
            <size>100</size>
        </font>
        <font>
            <name>Medium</name>
            <filename>weblysleekuil.ttf</filename>
            <size>38</size>
        </font>
        <font>
            <name>MediumBold</name>
            <filename>weblysleekuisl.ttf</filename>
            <size>38</size>
        </font>
        
        <font>
            <name>Small</name>
            <filename>weblysleekuil.ttf</filename>
            <size>34</size>
        </font>
        <font>
            <name>SmallBold</name>
            <filename>weblysleekuisl.ttf</filename>
            <size>34</size>
        </font>
        
      
        <font>
            <name>Tiny</name>
            <filename>weblysleekuil.ttf</filename>
            <size>30</size>
            <linespacing>0.85</linespacing>
        </font>
        <font>
            <name>TinyBold</name>
            <filename>weblysleekuisl.ttf</filename>
            <size>30</size>
        </font>
        <font>
            <name>Mini</name>
            <filename>weblysleekuisl.ttf</filename>
            <size>24</size>
        </font>
        <font>
            <name>Button</name>
            <style>uppercase</style>
            <filename>weblysleekuisl.ttf</filename>
            <size>28</size>
        </font>
        
        <font>
            <name>Flag</name>
            <style>uppercase</style>
            <filename>weblysleekuisl.ttf</filename>
            <size>26</size>
        </font>
        <font>
            <name>EPGTimeline</name>
            <filename>weblysleekuisl.ttf</filename>
            <size>20</size>
            <style>uppercase</style>
        </font>
        <font>
            <name>Home</name>
            <style>uppercase</style>
            <filename>weblysleekuisl.ttf</filename>
            <size>34</size>
        </font>
        <font>
            <name>HomeIcon</name>
            <style>uppercase</style>
            <filename>weblysleekuisl.ttf</filename>
            <size>26</size>
        </font>
        
        <font>
            <name>WidgetSelector</name>
            <style>uppercase</style>
            <filename>weblysleekuisl.ttf</filename>
            <size>22</size>
        </font>

        <font>
            <name>Symbol</name>
            <filename>webhostinghub-glyphs.ttf</filename>
            <size>40</size>
        </font>
       
        <!-- Required for system -->
        <font>
            <name>font13</name>
            <filename>weblysleekuisl.ttf</filename>
            <size>30</size>
        </font>

    </fontset>
    
</fonts>
