<?xml version="1.0" encoding="UTF-8"?>
<includes>
    <include name="PVRSideBlade">
        <control type="group">
            <include>Animation.FadeIn</include>
            <include>Animation.FadeOut</include>
            <visible>ControlGroup(9000).HasFocus()</visible>
            <include>GlobalOverlay</include>
        </control>
        <control type="group">
            <height>522</height>
            <include>Def9000Background</include>
            <control type="group">
                <visible>!Window.IsActive(1109)</visible>
                <control type="image">
                    <visible>Container(9000).HasPrevious</visible>
                    <description>arrow image</description>
                    <centerleft>50%</centerleft>
                    <posy>-16</posy>
                    <width>16</width>
                    <height>16</height>
                    <texture colordiffuse="White70" flipy="true">common/arrow-small.png</texture>
                </control>
                <control type="image">
                    <visible>Container(9000).HasNext</visible>
                    <description>arrow image</description>
                    <centerleft>50%</centerleft>
                    <posy>522</posy>
                    <width>16</width>
                    <height>16</height>
                    <texture colordiffuse="White70" flipy="false">common/arrow-small.png</texture>
                </control>
            </control>
            <control type="grouplist" id="9000">
                <height>490</height>
                <onback condition="Window.IsVisible(MyPVRGuide.xml) + Control.IsVisible(10)">ActivateWindow(home)</onback>
                <include>Def9000GroupList</include>
                <!-- Sort Options -->
                <control type="button" id="1802">
                    <description>View</description>
                    <label>View</label>
                    <label2>$INFO[Container.Viewmode]</label2>
                    <include>DefContextButton</include>
                    <align>left</align>
                    <onclick>Container.NextViewMode</onclick>
                </control>
                
                <control type="button" id="3">
                    <description>Sort</description>
                    <include>DefContextButton</include>
                    <align>left</align>
                    <visible>false</visible>
                </control>
                <control type="button" id="1803">
                    <description>Sort by button</description>
                    <include>DefContextButton</include>
                    <align>left</align>
                    <label>Sort by</label>
                    <label2>$INFO[Container.SortMethod]</label2>
                    <onclick>Container.NextSortMethod</onclick>
                    <enable>Control.IsEnabled(3)</enable>
                </control>

                <control type="togglebutton" id="4">
                    <description>Ascending</description>
                    <include>DefContextButton</include>
                    <align>left</align>
                    <label>584</label>
                    <altlabel>585</altlabel>
                </control>
                <control type="button" id="9001">
                    <description>Channels</description>
                    <label>19019</label>
                    <onclick>ActivateWindow(TVChannels)</onclick>
                    <include>DefContextButton</include>
                    <align>left</align>
                </control>
                <control type="button" id="9002">
                    <description>Guide</description>
                    <label>22020</label>
                    <onclick>ActivateWindow(TvGuide)</onclick>
                    <include>DefContextButton</include>
                    <align>left</align>
                </control>
                <control type="button" id="9003">
                    <description>Recordings</description>
                    <label>19017</label>
                    <onclick>ActivateWindow(TVRecordings)</onclick>
                    <include>DefContextButton</include>
                    <align>left</align>
                </control>
                <control type="button" id="9004">
                    <description>Timers</description>
                    <label>19040</label>
                    <onclick>ActivateWindow(TVTimers)</onclick>
                    <include>DefContextButton</include>
                    <align>left</align>
                </control>
                <control type="button" id="9005">
                    <description>Search</description>
                    <label>137</label>
                    <onclick>ActivateWindow(TVSearch)</onclick>
                    <include>DefContextButton</include>
                    <align>left</align>
                </control>
                
                
                <!-- PVR options -->
                <!-- <control type="label" id="9010">
                    <description>Channels</description>
                    <label>31194</label>
                    <font>TinyBold</font>
                    <textcolor>Black30</textcolor>
                    <textoffsetx>30</textoffsetx>
                    <include>DefContextButton</include>
                    <align>left</align>
                </control> -->
                <control type="button" id="28">
                    <description>Group</description>
                    <include>DefContextButton</include>
                    <align>left</align>
                </control>

                <control type="radiobutton" id="5">
                    <description>Group recording items by folder structure</description>
                    <include>DefContextButton</include>
                    <align>left</align>
                    <label>Group items</label>
                    <visible>Window.IsVisible(MyPVRRecordings.xml)</visible>
                </control>
                <control type="radiobutton" id="6">
                    <description>Show Hidden Channels</description>
                    <label>19051</label>
                    <include>DefContextButton</include>
                    <align>left</align>
                    <visible>Window.IsVisible(MyPVRChannels.xml)</visible>
                </control>
                <control type="radiobutton" id="7">
                    <description>Show Hidden Channels</description>
                    <label>19184</label>
                    <visible>Window.IsVisible(MyPVRRecordings.xml)</visible>
                    <include>DefContextButton</include>
                    <align>left</align>
                </control>
                <control type="button" id="31">
                    <description>Filter</description>
                    <label>587</label>
                    <include>DefContextButton</include>
                    <align>left</align>
                    <visible>Window.IsVisible(MyPVRChannels.xml)</visible>
                </control>
                <include name="MenuPlayerControls">
                    <param name="PlayerControlsOnUp" value="31" />
                    <param name="PlayerControlsOnDown" value="9001" />
                </include>
                
            </control>
        </control>
    </include>

    <include name="PVRInfoPanel">

      
        <control type="group">
            <left>70</left>
            <width>645</width>
            <top>206</top>
            <height>660</height>
            <control type="group">
                <height>370</height>
                <control type="image">
                    <width>100%</width>
                    <height>100%</height>
                    <texture border="10">common/nofocus-shadow10.png</texture>
                </control>
                <control type="image">
                    <left>10</left>
                    <top>10</top>
                    <right>10</right>
                    <bottom>10</bottom>
                    <fadetime>200</fadetime>
                    <texture border="10" colordiffuse="Black">diffuse/pvrinfo.png</texture>
                    <visible>Player.HasVideo</visible>
                </control>
                <control type="videowindow">
                    <left>10</left>
                    <top>10</top>
                    <right>10</right>
                    <bottom>10</bottom>
                    <animation effect="zoom" start="100" end="1" time="0">WindowClose</animation>
                    <visible>Player.HasVideo</visible>
                </control>
             
                <control type="image">
                    <left>10</left>
                    <top>10</top>
                    <right>10</right>
                    <bottom>10</bottom>
                    <fadetime>200</fadetime>
                    <texture diffuse="diffuse/pvrinfo.png">common/black-back.png</texture>
                    <visible>!Player.HasVideo</visible>
                </control>
                <control type="image">
                    <left>10</left>
                    <top>10</top>
                    <right>10</right>
                    <bottom>10</bottom>
                    <fadetime>200</fadetime>
                    <aspectratio align="center" aligny="center" scalediffuse="false">keep</aspectratio>
                    <texture diffuse="diffuse/pvrinfo.png" background="true">$INFO[ListItem.Thumb]</texture>
                    <visible>!Player.HasVideo</visible>
                    <visible>Window.IsVisible(MyPVRRecordings.xml)</visible>
                </control>
            </control>
            <control type="group">
                <left>20</left>
                <right>20</right>
                <posy>370</posy>
                <height>290</height>
                
                <control type="label">
                    <top>8</top>
                    <aligny>center</aligny>
                    <height>64</height>
                    <font>SmallBold</font>
                    <textcolor>White100</textcolor>
                    <selectedcolor>White100</selectedcolor>
                    <label>$INFO[ListItem.Title]</label>
                </control>
                <control type="label">
                    <top>48</top>
                    <height>64</height>
                    <aligny>center</aligny>
                    <font>Tiny</font>
                    <textcolor>White100</textcolor>
                    <selectedcolor>White100</selectedcolor>
                    <label fallback="19055">$INFO[ListItem.Genre]</label>
                </control>
                <control type="textbox">
                    <top>115</top>
                    <bottom>0</bottom>
                    <font>Tiny</font>
                    <textcolor>White100</textcolor>
                    <selectedcolor>White100</selectedcolor>
                    <label fallback="19055">$INFO[ListItem.Plot]</label>
                </control>
            </control>
        
        </control>
    </include>
    <variable name="ProgressPercent">
        <value condition="IntegerGreaterThan(ListItem.Progress,99)">100</value>
        <value condition="IntegerGreaterThan(ListItem.Progress,98)">99</value>
        <value condition="IntegerGreaterThan(ListItem.Progress,97)">98</value>
        <value condition="IntegerGreaterThan(ListItem.Progress,96)">97</value>
        <value condition="IntegerGreaterThan(ListItem.Progress,95)">96</value>
        <value condition="IntegerGreaterThan(ListItem.Progress,94)">95</value>
        <value condition="IntegerGreaterThan(ListItem.Progress,93)">94</value>
        <value condition="IntegerGreaterThan(ListItem.Progress,92)">93</value>
        <value condition="IntegerGreaterThan(ListItem.Progress,91)">92</value>
        <value condition="IntegerGreaterThan(ListItem.Progress,90)">91</value>
        <value condition="IntegerGreaterThan(ListItem.Progress,89)">90</value>
        <value condition="IntegerGreaterThan(ListItem.Progress,88)">89</value>
        <value condition="IntegerGreaterThan(ListItem.Progress,87)">88</value>
        <value condition="IntegerGreaterThan(ListItem.Progress,86)">87</value>
        <value condition="IntegerGreaterThan(ListItem.Progress,85)">86</value>
        <value condition="IntegerGreaterThan(ListItem.Progress,84)">85</value>
        <value condition="IntegerGreaterThan(ListItem.Progress,83)">84</value>
        <value condition="IntegerGreaterThan(ListItem.Progress,82)">83</value>
        <value condition="IntegerGreaterThan(ListItem.Progress,81)">82</value>
        <value condition="IntegerGreaterThan(ListItem.Progress,80)">81</value>
        <value condition="IntegerGreaterThan(ListItem.Progress,79)">80</value>
        <value condition="IntegerGreaterThan(ListItem.Progress,78)">79</value>
        <value condition="IntegerGreaterThan(ListItem.Progress,77)">78</value>
        <value condition="IntegerGreaterThan(ListItem.Progress,76)">77</value>
        <value condition="IntegerGreaterThan(ListItem.Progress,75)">76</value>
        <value condition="IntegerGreaterThan(ListItem.Progress,74)">75</value>
        <value condition="IntegerGreaterThan(ListItem.Progress,73)">74</value>
        <value condition="IntegerGreaterThan(ListItem.Progress,72)">73</value>
        <value condition="IntegerGreaterThan(ListItem.Progress,71)">72</value>
        <value condition="IntegerGreaterThan(ListItem.Progress,70)">71</value>
        <value condition="IntegerGreaterThan(ListItem.Progress,69)">70</value>
        <value condition="IntegerGreaterThan(ListItem.Progress,68)">69</value>
        <value condition="IntegerGreaterThan(ListItem.Progress,67)">68</value>
        <value condition="IntegerGreaterThan(ListItem.Progress,66)">67</value>
        <value condition="IntegerGreaterThan(ListItem.Progress,65)">66</value>
        <value condition="IntegerGreaterThan(ListItem.Progress,64)">65</value>
        <value condition="IntegerGreaterThan(ListItem.Progress,63)">64</value>
        <value condition="IntegerGreaterThan(ListItem.Progress,62)">63</value>
        <value condition="IntegerGreaterThan(ListItem.Progress,61)">62</value>
        <value condition="IntegerGreaterThan(ListItem.Progress,60)">61</value>
        <value condition="IntegerGreaterThan(ListItem.Progress,59)">60</value>
        <value condition="IntegerGreaterThan(ListItem.Progress,58)">59</value>
        <value condition="IntegerGreaterThan(ListItem.Progress,57)">58</value>
        <value condition="IntegerGreaterThan(ListItem.Progress,56)">57</value>
        <value condition="IntegerGreaterThan(ListItem.Progress,55)">56</value>
        <value condition="IntegerGreaterThan(ListItem.Progress,54)">55</value>
        <value condition="IntegerGreaterThan(ListItem.Progress,53)">54</value>
        <value condition="IntegerGreaterThan(ListItem.Progress,52)">53</value>
        <value condition="IntegerGreaterThan(ListItem.Progress,51)">52</value>
        <value condition="IntegerGreaterThan(ListItem.Progress,50)">51</value>
        <value condition="IntegerGreaterThan(ListItem.Progress,49)">50</value>
        <value condition="IntegerGreaterThan(ListItem.Progress,48)">49</value>
        <value condition="IntegerGreaterThan(ListItem.Progress,47)">48</value>
        <value condition="IntegerGreaterThan(ListItem.Progress,46)">47</value>
        <value condition="IntegerGreaterThan(ListItem.Progress,45)">46</value>
        <value condition="IntegerGreaterThan(ListItem.Progress,44)">45</value>
        <value condition="IntegerGreaterThan(ListItem.Progress,43)">44</value>
        <value condition="IntegerGreaterThan(ListItem.Progress,42)">43</value>
        <value condition="IntegerGreaterThan(ListItem.Progress,41)">42</value>
        <value condition="IntegerGreaterThan(ListItem.Progress,40)">41</value>
        <value condition="IntegerGreaterThan(ListItem.Progress,39)">40</value>
        <value condition="IntegerGreaterThan(ListItem.Progress,38)">39</value>
        <value condition="IntegerGreaterThan(ListItem.Progress,37)">38</value>
        <value condition="IntegerGreaterThan(ListItem.Progress,36)">37</value>
        <value condition="IntegerGreaterThan(ListItem.Progress,35)">36</value>
        <value condition="IntegerGreaterThan(ListItem.Progress,34)">35</value>
        <value condition="IntegerGreaterThan(ListItem.Progress,33)">34</value>
        <value condition="IntegerGreaterThan(ListItem.Progress,32)">33</value>
        <value condition="IntegerGreaterThan(ListItem.Progress,31)">32</value>
        <value condition="IntegerGreaterThan(ListItem.Progress,30)">31</value>
        <value condition="IntegerGreaterThan(ListItem.Progress,29)">30</value>
        <value condition="IntegerGreaterThan(ListItem.Progress,28)">29</value>
        <value condition="IntegerGreaterThan(ListItem.Progress,27)">28</value>
        <value condition="IntegerGreaterThan(ListItem.Progress,26)">27</value>
        <value condition="IntegerGreaterThan(ListItem.Progress,25)">26</value>
        <value condition="IntegerGreaterThan(ListItem.Progress,24)">25</value>
        <value condition="IntegerGreaterThan(ListItem.Progress,23)">24</value>
        <value condition="IntegerGreaterThan(ListItem.Progress,22)">23</value>
        <value condition="IntegerGreaterThan(ListItem.Progress,21)">22</value>
        <value condition="IntegerGreaterThan(ListItem.Progress,20)">21</value>
        <value condition="IntegerGreaterThan(ListItem.Progress,19)">20</value>
        <value condition="IntegerGreaterThan(ListItem.Progress,18)">19</value>
        <value condition="IntegerGreaterThan(ListItem.Progress,17)">18</value>
        <value condition="IntegerGreaterThan(ListItem.Progress,16)">17</value>
        <value condition="IntegerGreaterThan(ListItem.Progress,15)">16</value>
        <value condition="IntegerGreaterThan(ListItem.Progress,14)">15</value>
        <value condition="IntegerGreaterThan(ListItem.Progress,13)">14</value>
        <value condition="IntegerGreaterThan(ListItem.Progress,12)">13</value>
        <value condition="IntegerGreaterThan(ListItem.Progress,11)">12</value>
        <value condition="IntegerGreaterThan(ListItem.Progress,10)">11</value>
        <value condition="IntegerGreaterThan(ListItem.Progress,9)">10</value>
        <value condition="IntegerGreaterThan(ListItem.Progress,8)">9</value>
        <value condition="IntegerGreaterThan(ListItem.Progress,7)">8</value>
        <value condition="IntegerGreaterThan(ListItem.Progress,6)">7</value>
        <value condition="IntegerGreaterThan(ListItem.Progress,5)">6</value>
        <value condition="IntegerGreaterThan(ListItem.Progress,4)">5</value>
        <value condition="IntegerGreaterThan(ListItem.Progress,3)">4</value>
        <value condition="IntegerGreaterThan(ListItem.Progress,2)">3</value>
        <value condition="IntegerGreaterThan(ListItem.Progress,1)">2</value>
        <value condition="IntegerGreaterThan(ListItem.Progress,0)">1</value>
    </variable>
    <include name="PVRView_50">
        <control type="group">
            <visible>Control.IsVisible(50)</visible>
            <include>Animation.Common</include>
            <control type="group">
                <right>SidePad</right>
                <width>1100</width>
                <top>PosterPad</top>
                <height>640</height>
               
                <control type="list" id="50" description="TV CHANNELS">     
                    <right>0</right>
                    <width>1100</width>
                    <top>0</top>
                    <bottom>0</bottom>
                    <onup>50</onup>
                    <ondown>50</ondown>
                    <onleft condition="!Skin.HasSetting(global.kioskmode)">9000</onleft>
                    <onright>60</onright>
                    <pagecontrol>60</pagecontrol>
                    <viewtype label="535">list</viewtype>
                    <scrolltime>200</scrolltime>
                    <orientation>vertical</orientation>
                    <itemlayout height="128" width="1100">
                        <control type="image">                                
                            <left>10</left>
                            <centertop>50%</centertop>
                            <width>111</width>
                            <height>111</height>
                            <aspectratio align="left">keep</aspectratio>
                            <texture fallback="DefaultAddonNone.png">$INFO[Listitem.Icon]</texture>
                        </control>
                        <control type="group">
                            <visible>Window.IsVisible(MyPVRChannels.xml)</visible>
                            <control type="progress">
                                <posx>150</posx>
                                <bottom>14</bottom>
                                <width>920</width>
                                <height>6</height>
                                <reveal>true</reveal>
                                <info>ListItem.Progress</info>
                            </control>
                            <control type="label">
                                <posx>150</posx>
                                <right>100</right>
                                <top>4</top>
                                <aligny>center</aligny>
                                <height>64</height>
                                <font>SmallBold</font>
                                <textcolor>White100</textcolor>
                                <selectedcolor>White100</selectedcolor>
                                <label>$INFO[ListItem.ChannelNumberLabel,,  ]$INFO[ListItem.ChannelName]</label>
                            </control>
                            <control type="label">
                                <posx>150</posx>
                                <bottom>20</bottom>
                                <right>100</right>
                                <aligny>center</aligny>
                                <height>64</height>
                                <font>Small</font>
                                <textcolor>White70</textcolor>
                                <selectedcolor>White70</selectedcolor>
                                <label>$INFO[ListItem.Title]</label>
                            </control>
                            <control type="label">
                                <right>30</right>
                                <width>500</width>
                                <top>4</top>
                                <aligny>center</aligny>
                                <height>64</height>
                                <align>right</align>
                                <font>Tiny</font>
                                <textcolor>White100</textcolor>
                                <selectedcolor>White100</selectedcolor>
                                <label>$INFO[ListItem.EndTime,$LOCALIZE[31106] ,]</label>
                                <visible>!IsEmpty(ListItem.NextTitle)</visible>
                            </control>
                            <control type="label">
                                <right>30</right>
                                <width>500</width>
                                <aligny>center</aligny>
                                <height>100%</height>
                                <align>right</align>
                                <font>Tiny</font>
                                <textcolor>White100</textcolor>
                                <selectedcolor>White100</selectedcolor>
                                <label>$INFO[ListItem.EndTime,$LOCALIZE[31106] ,]</label>
                                <visible>IsEmpty(ListItem.NextTitle)</visible>
                            </control>
                            <control type="label">
                                <right>30</right>
                                <width>500</width>
                                <bottom>20</bottom>
                                <aligny>center</aligny>
                                <height>64</height>
                                <align>right</align>
                                <font>Tiny</font>
                                <textcolor>White100</textcolor>
                                <selectedcolor>White100</selectedcolor>
                                <label>$INFO[ListItem.NextTitle,[B],[/B] $LOCALIZE[19031]]</label>
                            </control>
                        </control>
                        <control type="group">
                            <visible>Window.IsVisible(MyPVRRecordings.xml) | Window.IsVisible(MyPVRTimers.xml) | Window.IsVisible(MyPVRSearch.xml)</visible>

                            <control type="label">
                                <posx>140</posx>
                                <right>100</right>
                                <top>12</top>
                                <aligny>center</aligny>
                                <height>64</height>
                                <font>SmallBold</font>
                                <textcolor>White100</textcolor>
                                <selectedcolor>White100</selectedcolor>
                                <label>$INFO[ListItem.Label]</label>
                            </control>
                            <control type="label">
                                <posx>140</posx>
                                <bottom>8</bottom>
                                <right>100</right>
                                <aligny>center</aligny>
                                <height>64</height>
                                <font>Small</font>
                                <textcolor>White70</textcolor>
                                <selectedcolor>White70</selectedcolor>
                                <label>$INFO[ListItem.StartDate]$INFO[ListItem.StartTime,$COMMA  ,]</label>
                            </control>
                            <control type="label">
                                <right>60</right>
                                <width>500</width>
                                <aligny>center</aligny>
                                <height>100%</height>
                                <align>right</align>
                                <font>Small</font>
                                <textcolor>White100</textcolor>
                                <selectedcolor>White100</selectedcolor>
                                <label>$INFO[ListItem.ChannelName]</label>
                            </control>
                            <control type="image">
                                <centerright>30</centerright>
                                <centertop>66</centertop>
                                <width>32</width>
                                <height>32</height>
                                <aspectratio aligny="top">keep</aspectratio>
                                <texture>$VAR[PercentWatched]</texture>
                                <visible>!stringcompare(ListItem.Label,..)</visible>
                            </control>
                        </control>
                    
                    </itemlayout>
                    
                    
                    <focusedlayout height="128" width="1100">
                        <control type="group">
                            <visible>Control.HasFocus(50)</visible>
                            <control type="image">
                                <width>100%</width>
                                <height>100%</height>
                                <texture colordiffuse="White100" border="5">common/box.png</texture>
                            </control>
                            <control type="image">                                
                                <left>10</left>
                                <centertop>50%</centertop>
                                <width>111</width>
                                <height>111</height>
                                <aspectratio align="left">keep</aspectratio>
                                <texture fallback="DefaultAddonNone.png">$INFO[Listitem.Icon]</texture>
                            </control>
                            
                            <control type="group">
                                <visible>Window.IsVisible(MyPVRChannels.xml)</visible>
                                <control type="progress">
                                    <posx>150</posx>
                                    <bottom>14</bottom>
                                    <width>920</width>
                                    <height>6</height>
                                    <reveal>true</reveal>
                                    <info>ListItem.Progress</info>
                                </control>
                                <control type="label">
                                    <posx>150</posx>
                                    <right>100</right>
                                    <top>4</top>
                                    <aligny>center</aligny>
                                    <height>64</height>
                                    <font>SmallBold</font>
                                    <textcolor>Dark1</textcolor>
                                    <selectedcolor>Dark1</selectedcolor>
                                    <label>$INFO[ListItem.ChannelNumberLabel,,  ]$INFO[ListItem.ChannelName]</label>
                                </control>
                                <control type="label">
                                    <posx>150</posx>
                                    <bottom>20</bottom>
                                    <right>100</right>
                                    <aligny>center</aligny>
                                    <height>64</height>
                                    <font>Small</font>
                                    <textcolor>Dark2</textcolor>
                                    <selectedcolor>Dark2</selectedcolor>
                                    <label>$INFO[ListItem.Title]</label>
                                </control>
                                <control type="label">
                                    <right>30</right>
                                    <width>500</width>
                                    <top>4</top>
                                    <aligny>center</aligny>
                                    <height>64</height>
                                    <align>right</align>
                                    <font>Tiny</font>
                                    <textcolor>Dark1</textcolor>
                                    <selectedcolor>Dark1</selectedcolor>
                                    <label>$INFO[ListItem.EndTime,$LOCALIZE[31106] ,]</label>
                                    <visible>!IsEmpty(ListItem.NextTitle)</visible>
                                </control>
                                <control type="label">
                                    <right>30</right>
                                    <width>500</width>
                                    <aligny>center</aligny>
                                    <height>100%</height>
                                    <align>right</align>
                                    <font>Tiny</font>
                                    <textcolor>Dark1</textcolor>
                                    <selectedcolor>Dark1</selectedcolor>
                                    <label>$INFO[ListItem.EndTime,$LOCALIZE[31106] ,]</label>
                                    <visible>IsEmpty(ListItem.NextTitle)</visible>
                                </control>
                                <control type="label">
                                    <right>30</right>
                                    <width>500</width>
                                    <bottom>20</bottom>
                                    <aligny>center</aligny>
                                    <height>64</height>
                                    <align>right</align>
                                    <font>Tiny</font>
                                    <textcolor>Dark1</textcolor>
                                    <selectedcolor>Dark1</selectedcolor>
                                    <label>$INFO[ListItem.NextTitle,[B],[/B] $LOCALIZE[19031]]</label>
                                </control>

                            </control>
                            <control type="group">
                                <visible>Window.IsVisible(MyPVRRecordings.xml) | Window.IsVisible(MyPVRTimers.xml) | Window.IsVisible(MyPVRSearch.xml)</visible>
                                <control type="label">
                                    <posx>140</posx>
                                    <right>100</right>
                                    <top>12</top>
                                    <aligny>center</aligny>
                                    <height>64</height>
                                    <font>SmallBold</font>
                                    <textcolor>Dark1</textcolor>
                                    <selectedcolor>Dark1</selectedcolor>
                                    <label>$INFO[ListItem.Label]</label>
                                </control>
                                <control type="label">
                                    <posx>140</posx>
                                    <bottom>8</bottom>
                                    <right>100</right>
                                    <aligny>center</aligny>
                                    <height>64</height>
                                    <font>Small</font>
                                    <textcolor>Dark1</textcolor>
                                    <selectedcolor>Dark1</selectedcolor>
                                    <label>$INFO[ListItem.StartDate]$INFO[ListItem.StartTime,$COMMA  ,]</label>
                                </control>
                                <control type="label">
                                    <right>60</right>
                                    <width>500</width>
                                    <aligny>center</aligny>
                                    <height>100%</height>
                                    <align>right</align>
                                    <font>Small</font>
                                    <textcolor>Dark1</textcolor>
                                    <selectedcolor>Dark1</selectedcolor>
                                    <label>$INFO[ListItem.ChannelName]</label>
                                </control>
                                <control type="image">
                                    <centerright>30</centerright>
                                    <centertop>66</centertop>
                                    <width>32</width>
                                    <height>32</height>
                                    <aspectratio aligny="top">keep</aspectratio>
                                    <texture>$VAR[PercentWatched]</texture>
                                    <visible>!stringcompare(ListItem.Label,..)</visible>
                                </control>
                            </control>
                        </control>
                        <control type="group">
                            <visible>!Control.HasFocus(50)</visible>
                            <control type="image">                                
                                <left>10</left>
                                <centertop>50%</centertop>
                                <width>111</width>
                                <height>111</height>
                                <aspectratio align="left">keep</aspectratio>
                                <texture fallback="DefaultAddonNone.png">$INFO[Listitem.Icon]</texture>
                            </control>
                            <control type="group">
                                <visible>Window.IsVisible(MyPVRChannels.xml)</visible>
                                
                                <control type="progress">
                                    <posx>150</posx>
                                    <bottom>14</bottom>
                                    <width>920</width>
                                    <height>6</height>
                                    <reveal>true</reveal>
                                    <info>ListItem.Progress</info>
                                </control>
                                <control type="label">
                                    <posx>150</posx>
                                    <right>100</right>
                                    <top>4</top>
                                    <aligny>center</aligny>
                                    <height>64</height>
                                    <font>SmallBold</font>
                                    <textcolor>White100</textcolor>
                                    <selectedcolor>White100</selectedcolor>
                                    <label>$INFO[ListItem.ChannelNumberLabel,,  ]$INFO[ListItem.ChannelName]</label>
                                </control>
                                <control type="label">
                                    <posx>150</posx>
                                    <bottom>20</bottom>
                                    <right>100</right>
                                    <aligny>center</aligny>
                                    <height>64</height>
                                    <font>Small</font>
                                    <textcolor>White70</textcolor>
                                    <selectedcolor>White70</selectedcolor>
                                    <label>$INFO[ListItem.Title]</label>
                                </control>
                                <control type="label">
                                    <right>30</right>
                                    <width>500</width>
                                    <top>4</top>
                                    <aligny>center</aligny>
                                    <height>64</height>
                                    <align>right</align>
                                    <font>Tiny</font>
                                    <textcolor>White100</textcolor>
                                    <selectedcolor>White100</selectedcolor>
                                    <label>$INFO[ListItem.EndTime,$LOCALIZE[31106] ,]</label>
                                    <visible>!IsEmpty(ListItem.NextTitle)</visible>
                                </control>
                                <control type="label">
                                    <right>30</right>
                                    <width>500</width>
                                    <aligny>center</aligny>
                                    <height>100%</height>
                                    <align>right</align>
                                    <font>Tiny</font>
                                    <textcolor>White100</textcolor>
                                    <selectedcolor>White100</selectedcolor>
                                    <label>$INFO[ListItem.EndTime,$LOCALIZE[31106] ,]</label>
                                    <visible>IsEmpty(ListItem.NextTitle)</visible>
                                </control>
                                <control type="label">
                                    <right>30</right>
                                    <width>500</width>
                                    <bottom>20</bottom>
                                    <aligny>center</aligny>
                                    <height>64</height>
                                    <align>right</align>
                                    <font>Tiny</font>
                                    <textcolor>White100</textcolor>
                                    <selectedcolor>White100</selectedcolor>
                                    <label>$INFO[ListItem.NextTitle,[B],[/B] $LOCALIZE[19031]]</label>
                                </control>

                            </control>
                            <control type="group">
                                <visible>Window.IsVisible(MyPVRRecordings.xml) | Window.IsVisible(MyPVRTimers.xml) | Window.IsVisible(MyPVRSearch.xml)</visible>

                                <control type="label">
                                    <posx>130</posx>
                                    <right>100</right>
                                    <top>12</top>
                                    <aligny>center</aligny>
                                    <height>64</height>
                                    <font>SmallBold</font>
                                    <textcolor>White100</textcolor>
                                    <selectedcolor>White100</selectedcolor>
                                    <label>$INFO[ListItem.Label]</label>
                                </control>
                                <control type="label">
                                    <posx>130</posx>
                                    <bottom>8</bottom>
                                    <right>100</right>
                                    <aligny>center</aligny>
                                    <height>64</height>
                                    <font>Small</font>
                                    <textcolor>White70</textcolor>
                                    <selectedcolor>White70</selectedcolor>
                                    <label>$INFO[ListItem.StartDate]$INFO[ListItem.StartTime,$COMMA  ,]</label>
                                </control>
                                <control type="label">
                                    <right>30</right>
                                    <width>500</width>
                                    <aligny>center</aligny>
                                    <height>100%</height>
                                    <align>right</align>
                                    <font>Small</font>
                                    <textcolor>White100</textcolor>
                                    <selectedcolor>White100</selectedcolor>
                                    <label>$INFO[ListItem.ChannelName]</label>
                                </control>
                            </control>
                        
                        
                        </control>
                    
                        
                    </focusedlayout>
                </control>
            </control>
            <include>Furniture_Scrollbar</include>
            <include>PVRInfoPanel</include>
        </control>
    </include>

    <include name="PVRView_51">
        <control type="group">
            <visible>Control.IsVisible(51)</visible>
            <include>Animation.Common</include>
            <control type="group">
          
                
                <control type="panel" id="51" description="TV CHANNELS">     
                    <top>206</top>
                    <height>660</height>
                    <left>70</left>
                    <right>70</right>
                    <onup>51</onup>
                    <ondown>51</ondown>
                    <onleft condition="!Skin.HasSetting(global.kioskmode)">9000</onleft>
                    <onright>60</onright>
                    <orientation>vertical</orientation>
                    <pagecontrol>60</pagecontrol>
                    <viewtype label="31198">list</viewtype>
                    <scrolltime tween="quadratic">400</scrolltime>
                    <itemlayout height="330" width="890">
                        <control type="image">
                            <left>10</left>
                            <top>10</top>
                            <right>10</right>
                            <bottom>10</bottom>
                            <texture colordiffuse="White12" border="5">common/box.png</texture>
                        </control>
                        
                        <control type="group">
                            <visible>Window.IsVisible(MyPVRChannels.xml)</visible>
                            <control type="image">                                
                                <left>20</left>
                                <top>20</top>
                                <width>220</width>
                                <height>220</height>
                                <aspectratio align="left" aligny="top">keep</aspectratio>
                                <texture fallback="DefaultAddonNone.png">$INFO[Listitem.Icon]</texture>
                            </control>
                            <control type="label">
                                <left>260</left>
                                <right>30</right>
                                <top>14</top>
                                <height>50</height>
                                <align>left</align>
                                <font>SmallBold</font>
                                <textcolor>White100</textcolor>
                                <selectedcolor>White100</selectedcolor>
                                <label>$INFO[ListItem.Title]</label>
                            </control>
                            <control type="textbox">
                                <left>260</left>
                                <right>30</right>
                                <top>70</top>
                                <height>145</height>
                                <font>Tiny</font>
                                <textcolor>White100</textcolor>
                                <selectedcolor>White100</selectedcolor>
                                <label>$INFO[ListItem.Plot]</label>
                                <autoscroll>false</autoscroll>
                            </control>
                            <control type="label">
                                <left>260</left>
                                <right>30</right>
                                <bottom>70</bottom>
                                <aligny>center</aligny>
                                <height>38</height>
                                <align>left</align>
                                <font>Tiny</font>
                                <textcolor>White100</textcolor>
                                <selectedcolor>White100</selectedcolor>
                                <label>$INFO[ListItem.NextTitle,[B]$LOCALIZE[19031]:[/B] ,]</label>
                            </control>
                            <control type="label">
                                <right>30</right>
                                <width>300</width>
                                <bottom>32</bottom>
                                <aligny>center</aligny>
                                <align>right</align>
                                <font>EpisodeNumber</font>
                                <textcolor>White100</textcolor>
                                <selectedcolor>White100</selectedcolor>
                                <label>$INFO[ListItem.ChannelNumberLabel]</label>
                            </control>
                            <control type="progress">
                                <posx>20</posx>
                                <bottom>30</bottom>
                                <width>67</width>
                                <height>19</height>
                                <reveal>true</reveal>
                                <texturebg>pvr/progress-back.png</texturebg>
                                <lefttexture>pvr/progress-leftright.png</lefttexture>
                                <midtexture>pvr/progress-mid.png</midtexture>
                                <righttexture>pvr/progress-leftright.png</righttexture>
                                <info>ListItem.Progress</info>
                                <colordiffuse>White100</colordiffuse>
                            </control>
                            <control type="label">
                                <left>110</left>
                                <right>30</right>
                                <bottom>30</bottom>
                                <height>24</height>
                                <aligny>center</aligny>
                                <align>left</align>
                                <font>SmallBold</font>
                                <textcolor>White100</textcolor>
                                <selectedcolor>White100</selectedcolor>
                                <label>$INFO[ListItem.ChannelName]</label>
                            </control>
                        </control>
                        <control type="group">
                            <visible>!Window.IsVisible(MyPVRChannels.xml)</visible>
                            <control type="image">                                
                                <left>20</left>
                                <top>20</top>
                                <width>290</width>
                                <height>290</height>
                                <aspectratio>scale</aspectratio>
                                <texture fallback="DefaultAddonNone.png">$INFO[Listitem.Icon]</texture>
                            </control>
                            <control type="label">
                                <left>330</left>
                                <right>30</right>
                                <top>20</top>
                                <height>50</height>
                                <align>left</align>
                                <font>SmallBold</font>
                                <textcolor>White100</textcolor>
                                <selectedcolor>White100</selectedcolor>
                                <label>$INFO[ListItem.Label]</label>
                            </control>
                            <control type="label">
                                <left>330</left>
                                <right>30</right>
                                <top>75</top>
                                <height>24</height>
                                <aligny>center</aligny>
                                <align>left</align>
                                <font>TinyBold</font>
                                <textcolor>White70</textcolor>
                                <selectedcolor>White70</selectedcolor>
                                <label>$INFO[ListItem.ChannelName]</label>
                            </control>
                            <control type="textbox">
                                <left>330</left>
                                <right>30</right>
                                <top>120</top>
                                <height>128</height>
                                <font>Tiny</font>
                                <textcolor>White100</textcolor>
                                <selectedcolor>White100</selectedcolor>
                                <autoscroll>false</autoscroll>
                                <label>$INFO[ListItem.Plot]</label>
                            </control>
                            <control type="label">
                                <left>330</left>
                                <right>30</right>
                                <bottom>25</bottom>
                                <aligny>center</aligny>
                                <height>38</height>
                                <align>left</align>
                                <font>Tiny</font>
                                <textcolor>White100</textcolor>
                                <selectedcolor>White100</selectedcolor>
                                <label>$INFO[ListItem.StartDate]$INFO[ListItem.StartTime,$COMMA  ,]</label>
                            </control>
                            
                        
                        </control>
                        
                        
                    </itemlayout>
                    <focusedlayout height="330" width="890">
                        <control type="image">
                            <left>10</left>
                            <top>10</top>
                            <right>10</right>
                            <bottom>10</bottom>
                            <texture colordiffuse="White100" border="5">common/box.png</texture>
                        </control>
                        <control type="group">
                            <visible>Window.IsVisible(MyPVRChannels.xml)</visible>
                            <control type="image">                                
                                <left>20</left>
                                <top>20</top>
                                <width>220</width>
                                <height>220</height>
                                <aspectratio align="left" aligny="top">keep</aspectratio>
                                <texture fallback="DefaultAddonNone.png">$INFO[Listitem.Icon]</texture>
                            </control>
                            <control type="label">
                                <left>260</left>
                                <right>30</right>
                                <top>14</top>
                                <height>50</height>
                                <align>left</align>
                                <font>SmallBold</font>
                                <textcolor>Dark1</textcolor>
                                <selectedcolor>Dark1</selectedcolor>
                                <label>$INFO[ListItem.Title]</label>
                            </control>
                            <control type="textbox">
                                <left>260</left>
                                <right>30</right>
                                <top>70</top>
                                <height>145</height>
                                <font>Tiny</font>
                                <textcolor>Dark1</textcolor>
                                <selectedcolor>Dark1</selectedcolor>
                                <label>$INFO[ListItem.Plot]</label>
                            </control>
                            <control type="label">
                                <left>260</left>
                                <right>30</right>
                                <bottom>70</bottom>
                                <aligny>center</aligny>
                                <height>38</height>
                                <align>left</align>
                                <font>Tiny</font>
                                <textcolor>Dark1</textcolor>
                                <selectedcolor>Dark1</selectedcolor>
                                <label>$INFO[ListItem.NextTitle,[B]$LOCALIZE[19031]:[/B] ,]</label>
                            </control>
                            <control type="label">
                                <right>30</right>
                                <width>300</width>
                                <bottom>32</bottom>
                                <aligny>center</aligny>
                                <align>right</align>
                                <font>EpisodeNumber</font>
                                <textcolor>Dark1</textcolor>
                                <selectedcolor>Dark1</selectedcolor>
                                <label>$INFO[ListItem.ChannelNumberLabel]</label>
                            </control>
                            <control type="progress">
                                <posx>20</posx>
                                <bottom>30</bottom>
                                <width>67</width>
                                <height>19</height>
                                <reveal>true</reveal>
                                <texturebg>pvr/progress-back.png</texturebg>
                                <lefttexture>pvr/progress-leftright.png</lefttexture>
                                <midtexture>pvr/progress-mid.png</midtexture>
                                <righttexture>pvr/progress-leftright.png</righttexture>
                                <info>ListItem.Progress</info>
                                <colordiffuse>Dark1</colordiffuse>
                            </control>
                            <control type="label">
                                <left>110</left>
                                <right>30</right>
                                <bottom>30</bottom>
                                <height>24</height>
                                <aligny>center</aligny>
                                <align>left</align>
                                <font>SmallBold</font>
                                <textcolor>Dark1</textcolor>
                                <selectedcolor>Dark1</selectedcolor>
                                <label>$INFO[ListItem.ChannelName]</label>
                            </control>
                        </control>
                        <control type="group">
                            <visible>!Window.IsVisible(MyPVRChannels.xml)</visible>
                            <control type="image">                                
                                <left>20</left>
                                <top>20</top>
                                <width>290</width>
                                <height>290</height>
                                <aspectratio>scale</aspectratio>
                                <texture fallback="DefaultAddonNone.png">$INFO[Listitem.Icon]</texture>
                            </control>
                            <control type="label">
                                <left>330</left>
                                <right>30</right>
                                <top>20</top>
                                <height>50</height>
                                <align>left</align>
                                <font>SmallBold</font>
                                <textcolor>Dark1</textcolor>
                                <selectedcolor>Dark1</selectedcolor>
                                <label>$INFO[ListItem.Label]</label>
                            </control>
                            <control type="label">
                                <left>330</left>
                                <right>30</right>
                                <top>75</top>
                                <height>24</height>
                                <aligny>center</aligny>
                                <align>left</align>
                                <font>TinyBold</font>
                                <textcolor>Dark1</textcolor>
                                <selectedcolor>Dark1</selectedcolor>
                                <label>$INFO[ListItem.ChannelName]</label>
                            </control>
                            <control type="textbox">
                                <left>330</left>
                                <right>30</right>
                                <top>120</top>
                                <height>128</height>
                                <font>Tiny</font>
                                <textcolor>Dark1</textcolor>
                                <selectedcolor>Dark1</selectedcolor>
                                <label>$INFO[ListItem.Plot]</label>
                            </control>
                            <control type="label">
                                <left>330</left>
                                <right>30</right>
                                <bottom>25</bottom>
                                <aligny>center</aligny>
                                <height>38</height>
                                <align>left</align>
                                <font>Tiny</font>
                                <textcolor>Dark1</textcolor>
                                <selectedcolor>Dark1</selectedcolor>
                                <label>$INFO[ListItem.StartDate]$INFO[ListItem.StartTime,$COMMA  ,]</label>
                            </control>
                            
                        
                        </control>
                        
                    </focusedlayout>
                </control>
                
            </control>
            <include>Furniture_Scrollbar</include>
        </control>
    </include>

    <variable name="PVRChannelZero">
        <value condition="!IntegerGreaterThan(ListItem.ChannelNumberLabel,9)">$NUMBER[0]$NUMBER[0]</value>
        <value condition="!IntegerGreaterThan(ListItem.ChannelNumberLabel,99)">$NUMBER[0]</value>
    </variable>

    <include name="PVRView_52">
        <control type="group">
            <visible>Control.IsVisible(52)</visible>
            <include>Animation.Common</include>     
            <control type="panel" id="52" description="TV CHANNELS">     
                <top>206</top>
                <height>495</height>
                <left>70</left>
                <right>70</right>
                <onup>52</onup>
                <ondown>52</ondown>
                <onleft condition="!Skin.HasSetting(global.kioskmode)">9000</onleft>
                <onright>60</onright>
                <orientation>vertical</orientation>
                <pagecontrol>60</pagecontrol>
                <viewtype label="536">list</viewtype>
                <scrolltime tween="quadratic">400</scrolltime>
                <itemlayout height="165" width="445">
                    <control type="image">
                        <left>10</left>
                        <top>10</top>
                        <right>10</right>
                        <bottom>10</bottom>
                        <texture colordiffuse="White12" border="5">common/box.png</texture>
                    </control>
                    <control type="image">                                
                        <right>20</right>
                        <top>20</top>
                        <width>100</width>
                        <height>100</height>
                        <aspectratio align="right" aligny="top">keep</aspectratio>
                        <texture fallback="DefaultAddonNone.png">$INFO[Listitem.Icon]</texture>
                    </control>
                    <control type="label">
                        <left>30</left>
                        <right>130</right>
                        <top>16</top>
                        <align>left</align>
                        <aligny>top</aligny>
                        <font>SmallBold</font>
                        <textcolor>White100</textcolor>
                        <selectedcolor>White100</selectedcolor>
                        <label>$VAR[PVRChannelZero]$INFO[ListItem.ChannelNumberLabel,,. ]$INFO[ListItem.ChannelName]</label>
                    </control>
                    <!-- <control type="label">
                        <left>30</left>
                        <right>30</right>
                        <top>16</top>
                        <align>right</align>
                        <aligny>top</aligny>
                        <font>SmallBold</font>
                        <textcolor>White100</textcolor>
                        <selectedcolor>White100</selectedcolor>
                        <label>$VAR[PVRChannelZero]$INFO[ListItem.ChannelNumberLabel]</label>
                    </control> -->
                    <control type="image">
                        <left>30</left>
                        <top>66</top>
                        <width>24</width>
                        <height>24</height>
                        <aspectratio>keep</aspectratio>
                        <texture colordiffuse="White100">pvr/clock24.png</texture>
                        <visible>!IsEmpty(ListItem.Title)</visible>
                    </control>
                    <control type="label">
                        <left>70</left>
                        <right>130</right>
                        <top>66</top>
                        <height>22</height>
                        <align>left</align>
                        <aligny>center</aligny>
                        <font>Tiny</font>
                        <textcolor>White100</textcolor>
                        <selectedcolor>White100</selectedcolor>
                        <label>$INFO[ListItem.Title]</label>
                    </control>
                    <control type="image">
                        <left>30</left>
                        <top>96</top>
                        <width>24</width>
                        <height>24</height>
                        <aspectratio>keep</aspectratio>
                        <texture colordiffuse="White100">pvr/nextclock24.png</texture>
                        <visible>!IsEmpty(ListItem.NextTitle)</visible>
                    </control>
                    <control type="label">
                        <left>70</left>
                        <right>130</right>
                        <top>96</top>
                        <height>22</height>
                        <align>left</align>
                        <aligny>center</aligny>
                        <font>Tiny</font>
                        <textcolor>White100</textcolor>
                        <selectedcolor>White100</selectedcolor>
                        <label>$INFO[ListItem.NextTitle]</label>
                    </control>
                    <control type="progress">
                        <left>30</left>
                        <right>30</right>
                        <height>8</height>
                        <bottom>24</bottom>
                        <info>ListItem.Progress</info>
                    </control>
                </itemlayout>
                <focusedlayout height="165" width="445">
                    <control type="image">
                        <left>10</left>
                        <top>10</top>
                        <right>10</right>
                        <bottom>10</bottom>
                        <texture colordiffuse="White100" border="5">common/box.png</texture>
                    </control>
                    <control type="image">                                
                        <right>20</right>
                        <top>20</top>
                        <width>100</width>
                        <height>100</height>
                        <aspectratio align="right" aligny="top">keep</aspectratio>
                        <texture fallback="DefaultAddonNone.png">$INFO[Listitem.Icon]</texture>
                    </control>
                    <control type="label">
                        <left>30</left>
                        <right>130</right>
                        <top>16</top>
                        <align>left</align>
                        <aligny>top</aligny>
                        <font>SmallBold</font>
                        <textcolor>Dark1</textcolor>
                        <selectedcolor>Dark1</selectedcolor>
                        <label>$VAR[PVRChannelZero]$INFO[ListItem.ChannelNumberLabel,,. ]$INFO[ListItem.ChannelName]</label>
                    </control>
                    <!-- <control type="label">
                        <left>30</left>
                        <right>30</right>
                        <top>16</top>
                        <align>right</align>
                        <aligny>top</aligny>
                        <font>SmallBold</font>
                        <textcolor>Dark1</textcolor>
                        <selectedcolor>Dark1</selectedcolor>
                        <label>$VAR[PVRChannelZero]$INFO[ListItem.ChannelNumberLabel]</label>
                    </control> -->
                    <control type="image">
                        <left>30</left>
                        <top>66</top>
                        <width>24</width>
                        <height>24</height>
                        <aspectratio>keep</aspectratio>
                        <texture colordiffuse="Dark1">pvr/clock24.png</texture>
                        <visible>!IsEmpty(ListItem.Title)</visible>
                    </control>
                    <control type="label">
                        <left>70</left>
                        <right>130</right>
                        <top>66</top>
                        <height>22</height>
                        <align>left</align>
                        <aligny>center</aligny>
                        <font>Tiny</font>
                        <textcolor>Dark1</textcolor>
                        <selectedcolor>Dark1</selectedcolor>
                        <label>$INFO[ListItem.Title]</label>
                    </control>
                    <control type="image">
                        <left>30</left>
                        <top>96</top>
                        <width>24</width>
                        <height>24</height>
                        <aspectratio>keep</aspectratio>
                        <texture colordiffuse="Dark1">pvr/nextclock24.png</texture>
                        <visible>!IsEmpty(ListItem.NextTitle)</visible>
                    </control>
                    <control type="label">
                        <left>70</left>
                        <right>130</right>
                        <top>96</top>
                        <height>22</height>
                        <align>left</align>
                        <aligny>center</aligny>
                        <font>Tiny</font>
                        <textcolor>Dark1</textcolor>
                        <selectedcolor>Dark1</selectedcolor>
                        <label>$INFO[ListItem.NextTitle]</label>
                    </control>
                    <control type="progress">
                        <left>30</left>
                        <right>30</right>
                        <height>8</height>
                        <bottom>24</bottom>
                        <info>ListItem.Progress</info>
                    </control>
                </focusedlayout>
            </control>
            <control type="group">
                <top>701</top>
                <height>165</height>
                <left>70</left>
                <right>70</right>
                <!--<control type="image">
                    <left>10</left>
                    <top>10</top>
                    <right>10</right>
                    <bottom>10</bottom>
                    <texture colordiffuse="White12" border="5">common/box.png</texture>
                </control>-->
                <control type="image">
                    <right>20</right>
                    <top>20</top>
                    <width>250</width>
                    <height>125</height>
                    <aspectratio align="right">keep</aspectratio>
                    <texture>$INFO[ListItem.Icon]</texture>
                    <colordiffuse>White100</colordiffuse>
                </control>
                <control type="label">
                    <left>30</left>
                    <right>30</right>
                    <top>24</top>
                    <align>left</align>
                    <aligny>top</aligny>
                    <font>SmallBold</font>
                    <textcolor>White100</textcolor>
                    <selectedcolor>White100</selectedcolor>
                    <label>[COLOR=$VAR[ColorHighlight]]$INFO[ListItem.StartTime]$INFO[ListItem.EndTime, - ,][/COLOR]$INFO[ListItem.Title,  ,]        [COLOR=$VAR[ColorHighlight]]$LOCALIZE[515][/COLOR]$INFO[ListItem.Genre,  ,]</label>
                </control>
                <control type="textbox">
                    <left>30</left>
                    <right>280</right>
                    <top>70</top>
                    <height>80</height>
                    <align>left</align>
                    <aligny>top</aligny>
                    <font>Tiny</font>
                    <textcolor>White100</textcolor>
                    <selectedcolor>White100</selectedcolor>
                    <label>$INFO[ListItem.Plot]</label>
                </control>
            </control>
            <include>Furniture_Scrollbar</include>
        </control>
    </include>

</includes>
