<?xml version="1.0" encoding="UTF-8"?>
<includes>
    <variable name="PercentWatched">
        <value condition="ListItem.IsPlaying">indicator/play.png</value>
        <value condition="ListItem.IsResumable">indicator/inprogress.png</value>
        <value condition="stringcompare(ListItem.Overlay,OverlayWatched.png)">indicator/checkmark.png</value>
        <value condition="[SubString(ListItem.Overlay,OverlayUnwatched.png) + [[Container.Content(movies) + [StringCompare(Window(Home).Property(LatestMovie.1.Title),ListItem.Label) | StringCompare(Window(Home).Property(LatestMovie.2.Title),ListItem.Label) | StringCompare(Window(Home).Property(LatestMovie.3.Title),ListItem.Label) | StringCompare(Window(Home).Property(LatestMovie.4.Title),ListItem.Label) | StringCompare(Window(Home).Property(LatestMovie.5.Title),ListItem.Label) | StringCompare(Window(Home).Property(LatestMovie.6.Title),ListItem.Label) | StringCompare(Window(Home).Property(LatestMovie.7.Title),ListItem.Label) | StringCompare(Window(Home).Property(LatestMovie.8.Title),ListItem.Label) | StringCompare(Window(Home).Property(LatestMovie.9.Title),ListItem.Label) | StringCompare(Window(Home).Property(LatestMovie.10.Title),ListItem.Label)]] | [[Container.Content(tvshows)] + [StringCompare(Window(Home).Property(LatestEpisode.1.ShowTitle),ListItem.TvShowTitle) | StringCompare(Window(Home).Property(LatestEpisode.2.ShowTitle),ListItem.TvShowTitle) | StringCompare(Window(Home).Property(LatestEpisode.3.ShowTitle),ListItem.TvShowTitle) | StringCompare(Window(Home).Property(LatestEpisode.4.ShowTitle),ListItem.TvShowTitle) | StringCompare(Window(Home).Property(LatestEpisode.5.ShowTitle),ListItem.TvShowTitle) | StringCompare(Window(Home).Property(LatestEpisode.6.ShowTitle),ListItem.TvShowTitle) | StringCompare(Window(Home).Property(LatestEpisode.7.ShowTitle),ListItem.TvShowTitle) | StringCompare(Window(Home).Property(LatestEpisode.8.ShowTitle),ListItem.TvShowTitle) | StringCompare(Window(Home).Property(LatestEpisode.9.ShowTitle),ListItem.TvShowTitle) | StringCompare(Window(Home).Property(LatestEpisode.10.ShowTitle),ListItem.TvShowTitle)]] | [Container.Content(episodes) + [StringCompare(Window(Home).Property(LatestEpisode.1.EpisodeTitle),ListItem.Title) | StringCompare(Window(Home).Property(LatestEpisode.2.EpisodeTitle),ListItem.Title) | StringCompare(Window(Home).Property(LatestEpisode.3.EpisodeTitle),ListItem.Title) | StringCompare(Window(Home).Property(LatestEpisode.4.EpisodeTitle),ListItem.Title) | StringCompare(Window(Home).Property(LatestEpisode.5.EpisodeTitle),ListItem.Title) | StringCompare(Window(Home).Property(LatestEpisode.6.EpisodeTitle),ListItem.Title) | StringCompare(Window(Home).Property(LatestEpisode.7.EpisodeTitle),ListItem.Title) | StringCompare(Window(Home).Property(LatestEpisode.8.EpisodeTitle),ListItem.Title) | StringCompare(Window(Home).Property(LatestEpisode.9.EpisodeTitle),ListItem.Title) | StringCompare(Window(Home).Property(LatestEpisode.10.EpisodeTitle),ListItem.Title)]]]]">indicator/new.png</value>
        <value condition="stringcompare(ListItem.Overlay,OverlayUnwatched.png)">indicator/unwatched.png</value>
    </variable>
    <variable name="PosterPercentWatched">
        <value condition="[Window.IsVisible(script-ExtendedInfo Script-DialogVideoInfo.xml) | Window.IsVisible(script-ExtendedInfo Script-DialogInfo.xml) | Window.IsVisible(script-ExtendedInfo Script-VideoList.xml) | [Window.IsVisible(DialogVideoInfo.xml) + [stringcompare(Window.Property(content),2) | stringcompare(Window.Property(content),3)]]] + !IsEmpty(ListItem.Property(DBID))">indicator/poster-new.png</value>
        <value condition="!Skin.HasSetting(indicators.resume) + ListItem.IsResumable">indicator/poster-inprogress.png</value>
        <value condition="!Skin.HasSetting(indicators.watched) + stringcompare(ListItem.Overlay,OverlayWatched.png)">indicator/poster-checkmark.png</value>
        <value condition="!Skin.HasSetting(indicators.new) + [SubString(ListItem.Overlay,OverlayUnwatched.png) + [[Container.Content(movies) + [StringCompare(Window(Home).Property(LatestMovie.1.Title),ListItem.Label) | StringCompare(Window(Home).Property(LatestMovie.2.Title),ListItem.Label) | StringCompare(Window(Home).Property(LatestMovie.3.Title),ListItem.Label) | StringCompare(Window(Home).Property(LatestMovie.4.Title),ListItem.Label) | StringCompare(Window(Home).Property(LatestMovie.5.Title),ListItem.Label) | StringCompare(Window(Home).Property(LatestMovie.6.Title),ListItem.Label) | StringCompare(Window(Home).Property(LatestMovie.7.Title),ListItem.Label) | StringCompare(Window(Home).Property(LatestMovie.8.Title),ListItem.Label) | StringCompare(Window(Home).Property(LatestMovie.9.Title),ListItem.Label) | StringCompare(Window(Home).Property(LatestMovie.10.Title),ListItem.Label)]] | [[Container.Content(tvshows)] + [StringCompare(Window(Home).Property(LatestEpisode.1.ShowTitle),ListItem.TvShowTitle) | StringCompare(Window(Home).Property(LatestEpisode.2.ShowTitle),ListItem.TvShowTitle) | StringCompare(Window(Home).Property(LatestEpisode.3.ShowTitle),ListItem.TvShowTitle) | StringCompare(Window(Home).Property(LatestEpisode.4.ShowTitle),ListItem.TvShowTitle) | StringCompare(Window(Home).Property(LatestEpisode.5.ShowTitle),ListItem.TvShowTitle) | StringCompare(Window(Home).Property(LatestEpisode.6.ShowTitle),ListItem.TvShowTitle) | StringCompare(Window(Home).Property(LatestEpisode.7.ShowTitle),ListItem.TvShowTitle) | StringCompare(Window(Home).Property(LatestEpisode.8.ShowTitle),ListItem.TvShowTitle) | StringCompare(Window(Home).Property(LatestEpisode.9.ShowTitle),ListItem.TvShowTitle) | StringCompare(Window(Home).Property(LatestEpisode.10.ShowTitle),ListItem.TvShowTitle)]] | [Container.Content(episodes) + [StringCompare(Window(Home).Property(LatestEpisode.1.EpisodeTitle),ListItem.Title) | StringCompare(Window(Home).Property(LatestEpisode.2.EpisodeTitle),ListItem.Title) | StringCompare(Window(Home).Property(LatestEpisode.3.EpisodeTitle),ListItem.Title) | StringCompare(Window(Home).Property(LatestEpisode.4.EpisodeTitle),ListItem.Title) | StringCompare(Window(Home).Property(LatestEpisode.5.EpisodeTitle),ListItem.Title) | StringCompare(Window(Home).Property(LatestEpisode.6.EpisodeTitle),ListItem.Title) | StringCompare(Window(Home).Property(LatestEpisode.7.EpisodeTitle),ListItem.Title) | StringCompare(Window(Home).Property(LatestEpisode.8.EpisodeTitle),ListItem.Title) | StringCompare(Window(Home).Property(LatestEpisode.9.EpisodeTitle),ListItem.Title) | StringCompare(Window(Home).Property(LatestEpisode.10.EpisodeTitle),ListItem.Title)]]]]">indicator/poster-new.png</value>
        <value condition="Skin.HasSetting(indicators.unwatched) + stringcompare(ListItem.Overlay,OverlayUnwatched.png)">indicator/poster-unwatched.png</value>
    </variable>
    <variable name="PosterPercentWatchedBacking">
        <value condition="[Window.IsVisible(script-ExtendedInfo Script-DialogVideoInfo.xml) | Window.IsVisible(script-ExtendedInfo Script-DialogInfo.xml) | Window.IsVisible(script-ExtendedInfo Script-VideoList.xml) | [Window.IsVisible(DialogVideoInfo.xml) + [stringcompare(Window.Property(content),2) | stringcompare(Window.Property(content),3)]]] + !IsEmpty(ListItem.Property(DBID))">indicator/backing.png</value>
        <value condition="!Skin.HasSetting(indicators.resume) + ListItem.IsResumable">indicator/backing.png</value>
        <value condition="!Skin.HasSetting(indicators.watched) + stringcompare(ListItem.Overlay,OverlayWatched.png)">indicator/backing.png</value>
        <value condition="!Skin.HasSetting(indicators.new) + [SubString(ListItem.Overlay,OverlayUnwatched.png) + [[Container.Content(movies) + [StringCompare(Window(Home).Property(LatestMovie.1.Title),ListItem.Label) | StringCompare(Window(Home).Property(LatestMovie.2.Title),ListItem.Label) | StringCompare(Window(Home).Property(LatestMovie.3.Title),ListItem.Label) | StringCompare(Window(Home).Property(LatestMovie.4.Title),ListItem.Label) | StringCompare(Window(Home).Property(LatestMovie.5.Title),ListItem.Label) | StringCompare(Window(Home).Property(LatestMovie.6.Title),ListItem.Label) | StringCompare(Window(Home).Property(LatestMovie.7.Title),ListItem.Label) | StringCompare(Window(Home).Property(LatestMovie.8.Title),ListItem.Label) | StringCompare(Window(Home).Property(LatestMovie.9.Title),ListItem.Label) | StringCompare(Window(Home).Property(LatestMovie.10.Title),ListItem.Label)]] | [[Container.Content(tvshows)] + [StringCompare(Window(Home).Property(LatestEpisode.1.ShowTitle),ListItem.TvShowTitle) | StringCompare(Window(Home).Property(LatestEpisode.2.ShowTitle),ListItem.TvShowTitle) | StringCompare(Window(Home).Property(LatestEpisode.3.ShowTitle),ListItem.TvShowTitle) | StringCompare(Window(Home).Property(LatestEpisode.4.ShowTitle),ListItem.TvShowTitle) | StringCompare(Window(Home).Property(LatestEpisode.5.ShowTitle),ListItem.TvShowTitle) | StringCompare(Window(Home).Property(LatestEpisode.6.ShowTitle),ListItem.TvShowTitle) | StringCompare(Window(Home).Property(LatestEpisode.7.ShowTitle),ListItem.TvShowTitle) | StringCompare(Window(Home).Property(LatestEpisode.8.ShowTitle),ListItem.TvShowTitle) | StringCompare(Window(Home).Property(LatestEpisode.9.ShowTitle),ListItem.TvShowTitle) | StringCompare(Window(Home).Property(LatestEpisode.10.ShowTitle),ListItem.TvShowTitle)]] | [Container.Content(episodes) + [StringCompare(Window(Home).Property(LatestEpisode.1.EpisodeTitle),ListItem.Title) | StringCompare(Window(Home).Property(LatestEpisode.2.EpisodeTitle),ListItem.Title) | StringCompare(Window(Home).Property(LatestEpisode.3.EpisodeTitle),ListItem.Title) | StringCompare(Window(Home).Property(LatestEpisode.4.EpisodeTitle),ListItem.Title) | StringCompare(Window(Home).Property(LatestEpisode.5.EpisodeTitle),ListItem.Title) | StringCompare(Window(Home).Property(LatestEpisode.6.EpisodeTitle),ListItem.Title) | StringCompare(Window(Home).Property(LatestEpisode.7.EpisodeTitle),ListItem.Title) | StringCompare(Window(Home).Property(LatestEpisode.8.EpisodeTitle),ListItem.Title) | StringCompare(Window(Home).Property(LatestEpisode.9.EpisodeTitle),ListItem.Title) | StringCompare(Window(Home).Property(LatestEpisode.10.EpisodeTitle),ListItem.Title)]]]]">indicator/backing.png</value>
        <value condition="Skin.HasSetting(indicators.unwatched) + stringcompare(ListItem.Overlay,OverlayUnwatched.png)">indicator/backing.png</value>
    </variable>
    <variable name="PercentWatched9500">
        <value condition="[SubString(Container(9500).ListItem.Overlay,OverlayUnwatched.png) + [[Container.Content(movies) + [StringCompare(Window(Home).Property(LatestMovie.1.Title),Container(9500).ListItem.Label) | StringCompare(Window(Home).Property(LatestMovie.2.Title),Container(9500).ListItem.Label) | StringCompare(Window(Home).Property(LatestMovie.3.Title),Container(9500).ListItem.Label) | StringCompare(Window(Home).Property(LatestMovie.4.Title),Container(9500).ListItem.Label) | StringCompare(Window(Home).Property(LatestMovie.5.Title),Container(9500).ListItem.Label) | StringCompare(Window(Home).Property(LatestMovie.6.Title),Container(9500).ListItem.Label) | StringCompare(Window(Home).Property(LatestMovie.7.Title),Container(9500).ListItem.Label) | StringCompare(Window(Home).Property(LatestMovie.8.Title),Container(9500).ListItem.Label) | StringCompare(Window(Home).Property(LatestMovie.9.Title),Container(9500).ListItem.Label) | StringCompare(Window(Home).Property(LatestMovie.10.Title),Container(9500).ListItem.Label)]] | [[Container.Content(tvshows)] + [StringCompare(Window(Home).Property(LatestEpisode.1.ShowTitle),Container(9500).ListItem.TvShowTitle) | StringCompare(Window(Home).Property(LatestEpisode.2.ShowTitle),Container(9500).ListItem.TvShowTitle) | StringCompare(Window(Home).Property(LatestEpisode.3.ShowTitle),Container(9500).ListItem.TvShowTitle) | StringCompare(Window(Home).Property(LatestEpisode.4.ShowTitle),Container(9500).ListItem.TvShowTitle) | StringCompare(Window(Home).Property(LatestEpisode.5.ShowTitle),Container(9500).ListItem.TvShowTitle) | StringCompare(Window(Home).Property(LatestEpisode.6.ShowTitle),Container(9500).ListItem.TvShowTitle) | StringCompare(Window(Home).Property(LatestEpisode.7.ShowTitle),Container(9500).ListItem.TvShowTitle) | StringCompare(Window(Home).Property(LatestEpisode.8.ShowTitle),Container(9500).ListItem.TvShowTitle) | StringCompare(Window(Home).Property(LatestEpisode.9.ShowTitle),Container(9500).ListItem.TvShowTitle) | StringCompare(Window(Home).Property(LatestEpisode.10.ShowTitle),Container(9500).ListItem.TvShowTitle)]] | [Container.Content(episodes) + [StringCompare(Window(Home).Property(LatestEpisode.1.EpisodeTitle),Container(9500).ListItem.Title) | StringCompare(Window(Home).Property(LatestEpisode.2.EpisodeTitle),Container(9500).ListItem.Title) | StringCompare(Window(Home).Property(LatestEpisode.3.EpisodeTitle),Container(9500).ListItem.Title) | StringCompare(Window(Home).Property(LatestEpisode.4.EpisodeTitle),Container(9500).ListItem.Title) | StringCompare(Window(Home).Property(LatestEpisode.5.EpisodeTitle),Container(9500).ListItem.Title) | StringCompare(Window(Home).Property(LatestEpisode.6.EpisodeTitle),Container(9500).ListItem.Title) | StringCompare(Window(Home).Property(LatestEpisode.7.EpisodeTitle),Container(9500).ListItem.Title) | StringCompare(Window(Home).Property(LatestEpisode.8.EpisodeTitle),Container(9500).ListItem.Title) | StringCompare(Window(Home).Property(LatestEpisode.9.EpisodeTitle),Container(9500).ListItem.Title) | StringCompare(Window(Home).Property(LatestEpisode.10.EpisodeTitle),Container(9500).ListItem.Title)]]]]">indicator/new.png</value>
        <value condition="Container(9500).ListItem.IsResumable">indicator/inprogress.png</value>
        <value condition="stringcompare(Container(9500).ListItem.Overlay,OverlayWatched.png)">indicator/checkmark.png</value>
        <value condition="stringcompare(Container(9500).ListItem.Overlay,OverlayUnwatched.png)">indicator/unwatched.png</value>
    </variable>
    <variable name="PercentWatchedN3">
        <value condition="ListItem(-3).IsPlaying">indicator/play.png</value>
        <value condition="ListItem(-3).IsResumable">indicator/inprogress.png</value>
        <value condition="stringcompare(ListItem(-3).Overlay,OverlayWatched.png)">indicator/checkmark.png</value>
        <value condition="[SubString(ListItem(-3).Overlay,OverlayUnwatched.png) + [[Container.Content(movies) + [StringCompare(Window(Home).Property(LatestMovie.1.Title),ListItem(-3).Label) | StringCompare(Window(Home).Property(LatestMovie.2.Title),ListItem(-3).Label) | StringCompare(Window(Home).Property(LatestMovie.3.Title),ListItem(-3).Label) | StringCompare(Window(Home).Property(LatestMovie.4.Title),ListItem(-3).Label) | StringCompare(Window(Home).Property(LatestMovie.5.Title),ListItem(-3).Label) | StringCompare(Window(Home).Property(LatestMovie.6.Title),ListItem(-3).Label) | StringCompare(Window(Home).Property(LatestMovie.7.Title),ListItem(-3).Label) | StringCompare(Window(Home).Property(LatestMovie.8.Title),ListItem(-3).Label) | StringCompare(Window(Home).Property(LatestMovie.9.Title),ListItem(-3).Label) | StringCompare(Window(Home).Property(LatestMovie.10.Title),ListItem(-3).Label)]] | [[Container.Content(tvshows)] + [StringCompare(Window(Home).Property(LatestEpisode.1.ShowTitle),ListItem(-3).TvShowTitle) | StringCompare(Window(Home).Property(LatestEpisode.2.ShowTitle),ListItem(-3).TvShowTitle) | StringCompare(Window(Home).Property(LatestEpisode.3.ShowTitle),ListItem(-3).TvShowTitle) | StringCompare(Window(Home).Property(LatestEpisode.4.ShowTitle),ListItem(-3).TvShowTitle) | StringCompare(Window(Home).Property(LatestEpisode.5.ShowTitle),ListItem(-3).TvShowTitle) | StringCompare(Window(Home).Property(LatestEpisode.6.ShowTitle),ListItem(-3).TvShowTitle) | StringCompare(Window(Home).Property(LatestEpisode.7.ShowTitle),ListItem(-3).TvShowTitle) | StringCompare(Window(Home).Property(LatestEpisode.8.ShowTitle),ListItem(-3).TvShowTitle) | StringCompare(Window(Home).Property(LatestEpisode.9.ShowTitle),ListItem(-3).TvShowTitle) | StringCompare(Window(Home).Property(LatestEpisode.10.ShowTitle),ListItem(-3).TvShowTitle)]] | [Container.Content(episodes) + [StringCompare(Window(Home).Property(LatestEpisode.1.EpisodeTitle),ListItem(-3).Title) | StringCompare(Window(Home).Property(LatestEpisode.2.EpisodeTitle),ListItem(-3).Title) | StringCompare(Window(Home).Property(LatestEpisode.3.EpisodeTitle),ListItem(-3).Title) | StringCompare(Window(Home).Property(LatestEpisode.4.EpisodeTitle),ListItem(-3).Title) | StringCompare(Window(Home).Property(LatestEpisode.5.EpisodeTitle),ListItem(-3).Title) | StringCompare(Window(Home).Property(LatestEpisode.6.EpisodeTitle),ListItem(-3).Title) | StringCompare(Window(Home).Property(LatestEpisode.7.EpisodeTitle),ListItem(-3).Title) | StringCompare(Window(Home).Property(LatestEpisode.8.EpisodeTitle),ListItem(-3).Title) | StringCompare(Window(Home).Property(LatestEpisode.9.EpisodeTitle),ListItem(-3).Title) | StringCompare(Window(Home).Property(LatestEpisode.10.EpisodeTitle),ListItem(-3).Title)]]]]">indicator/new.png</value>
        <value condition="stringcompare(ListItem(-3).Overlay,OverlayUnwatched.png)">indicator/unwatched.png</value>
    </variable>
    <variable name="PercentWatchedN2">
        <value condition="ListItem(-2).IsPlaying">indicator/play.png</value>
        <value condition="ListItem(-2).IsResumable">indicator/inprogress.png</value>
        <value condition="stringcompare(ListItem(-2).Overlay,OverlayWatched.png)">indicator/checkmark.png</value>
        <value condition="[SubString(ListItem(-2).Overlay,OverlayUnwatched.png) + [[Container.Content(movies) + [StringCompare(Window(Home).Property(LatestMovie.1.Title),ListItem(-2).Label) | StringCompare(Window(Home).Property(LatestMovie.2.Title),ListItem(-2).Label) | StringCompare(Window(Home).Property(LatestMovie.3.Title),ListItem(-2).Label) | StringCompare(Window(Home).Property(LatestMovie.4.Title),ListItem(-2).Label) | StringCompare(Window(Home).Property(LatestMovie.5.Title),ListItem(-2).Label) | StringCompare(Window(Home).Property(LatestMovie.6.Title),ListItem(-2).Label) | StringCompare(Window(Home).Property(LatestMovie.7.Title),ListItem(-2).Label) | StringCompare(Window(Home).Property(LatestMovie.8.Title),ListItem(-2).Label) | StringCompare(Window(Home).Property(LatestMovie.9.Title),ListItem(-2).Label) | StringCompare(Window(Home).Property(LatestMovie.10.Title),ListItem(-2).Label)]] | [[Container.Content(tvshows)] + [StringCompare(Window(Home).Property(LatestEpisode.1.ShowTitle),ListItem(-2).TvShowTitle) | StringCompare(Window(Home).Property(LatestEpisode.2.ShowTitle),ListItem(-2).TvShowTitle) | StringCompare(Window(Home).Property(LatestEpisode.3.ShowTitle),ListItem(-2).TvShowTitle) | StringCompare(Window(Home).Property(LatestEpisode.4.ShowTitle),ListItem(-2).TvShowTitle) | StringCompare(Window(Home).Property(LatestEpisode.5.ShowTitle),ListItem(-2).TvShowTitle) | StringCompare(Window(Home).Property(LatestEpisode.6.ShowTitle),ListItem(-2).TvShowTitle) | StringCompare(Window(Home).Property(LatestEpisode.7.ShowTitle),ListItem(-2).TvShowTitle) | StringCompare(Window(Home).Property(LatestEpisode.8.ShowTitle),ListItem(-2).TvShowTitle) | StringCompare(Window(Home).Property(LatestEpisode.9.ShowTitle),ListItem(-2).TvShowTitle) | StringCompare(Window(Home).Property(LatestEpisode.10.ShowTitle),ListItem(-2).TvShowTitle)]] | [Container.Content(episodes) + [StringCompare(Window(Home).Property(LatestEpisode.1.EpisodeTitle),ListItem(-2).Title) | StringCompare(Window(Home).Property(LatestEpisode.2.EpisodeTitle),ListItem(-2).Title) | StringCompare(Window(Home).Property(LatestEpisode.3.EpisodeTitle),ListItem(-2).Title) | StringCompare(Window(Home).Property(LatestEpisode.4.EpisodeTitle),ListItem(-2).Title) | StringCompare(Window(Home).Property(LatestEpisode.5.EpisodeTitle),ListItem(-2).Title) | StringCompare(Window(Home).Property(LatestEpisode.6.EpisodeTitle),ListItem(-2).Title) | StringCompare(Window(Home).Property(LatestEpisode.7.EpisodeTitle),ListItem(-2).Title) | StringCompare(Window(Home).Property(LatestEpisode.8.EpisodeTitle),ListItem(-2).Title) | StringCompare(Window(Home).Property(LatestEpisode.9.EpisodeTitle),ListItem(-2).Title) | StringCompare(Window(Home).Property(LatestEpisode.10.EpisodeTitle),ListItem(-2).Title)]]]]">indicator/new.png</value>
        <value condition="stringcompare(ListItem(-2).Overlay,OverlayUnwatched.png)">indicator/unwatched.png</value>
    </variable>
    <variable name="PercentWatchedN1">
        <value condition="ListItem(-1).IsPlaying">indicator/play.png</value>
        <value condition="ListItem(-1).IsResumable">indicator/inprogress.png</value>
        <value condition="stringcompare(ListItem(-1).Overlay,OverlayWatched.png)">indicator/checkmark.png</value>
        <value condition="[SubString(ListItem(-1).Overlay,OverlayUnwatched.png) + [[Container.Content(movies) + [StringCompare(Window(Home).Property(LatestMovie.1.Title),ListItem(-1).Label) | StringCompare(Window(Home).Property(LatestMovie.2.Title),ListItem(-1).Label) | StringCompare(Window(Home).Property(LatestMovie.3.Title),ListItem(-1).Label) | StringCompare(Window(Home).Property(LatestMovie.4.Title),ListItem(-1).Label) | StringCompare(Window(Home).Property(LatestMovie.5.Title),ListItem(-1).Label) | StringCompare(Window(Home).Property(LatestMovie.6.Title),ListItem(-1).Label) | StringCompare(Window(Home).Property(LatestMovie.7.Title),ListItem(-1).Label) | StringCompare(Window(Home).Property(LatestMovie.8.Title),ListItem(-1).Label) | StringCompare(Window(Home).Property(LatestMovie.9.Title),ListItem(-1).Label) | StringCompare(Window(Home).Property(LatestMovie.10.Title),ListItem(-1).Label)]] | [[Container.Content(tvshows)] + [StringCompare(Window(Home).Property(LatestEpisode.1.ShowTitle),ListItem(-1).TvShowTitle) | StringCompare(Window(Home).Property(LatestEpisode.2.ShowTitle),ListItem(-1).TvShowTitle) | StringCompare(Window(Home).Property(LatestEpisode.3.ShowTitle),ListItem(-1).TvShowTitle) | StringCompare(Window(Home).Property(LatestEpisode.4.ShowTitle),ListItem(-1).TvShowTitle) | StringCompare(Window(Home).Property(LatestEpisode.5.ShowTitle),ListItem(-1).TvShowTitle) | StringCompare(Window(Home).Property(LatestEpisode.6.ShowTitle),ListItem(-1).TvShowTitle) | StringCompare(Window(Home).Property(LatestEpisode.7.ShowTitle),ListItem(-1).TvShowTitle) | StringCompare(Window(Home).Property(LatestEpisode.8.ShowTitle),ListItem(-1).TvShowTitle) | StringCompare(Window(Home).Property(LatestEpisode.9.ShowTitle),ListItem(-1).TvShowTitle) | StringCompare(Window(Home).Property(LatestEpisode.10.ShowTitle),ListItem(-1).TvShowTitle)]] | [Container.Content(episodes) + [StringCompare(Window(Home).Property(LatestEpisode.1.EpisodeTitle),ListItem(-1).Title) | StringCompare(Window(Home).Property(LatestEpisode.2.EpisodeTitle),ListItem(-1).Title) | StringCompare(Window(Home).Property(LatestEpisode.3.EpisodeTitle),ListItem(-1).Title) | StringCompare(Window(Home).Property(LatestEpisode.4.EpisodeTitle),ListItem(-1).Title) | StringCompare(Window(Home).Property(LatestEpisode.5.EpisodeTitle),ListItem(-1).Title) | StringCompare(Window(Home).Property(LatestEpisode.6.EpisodeTitle),ListItem(-1).Title) | StringCompare(Window(Home).Property(LatestEpisode.7.EpisodeTitle),ListItem(-1).Title) | StringCompare(Window(Home).Property(LatestEpisode.8.EpisodeTitle),ListItem(-1).Title) | StringCompare(Window(Home).Property(LatestEpisode.9.EpisodeTitle),ListItem(-1).Title) | StringCompare(Window(Home).Property(LatestEpisode.10.EpisodeTitle),ListItem(-1).Title)]]]]">indicator/new.png</value>
        <value condition="stringcompare(ListItem(-1).Overlay,OverlayUnwatched.png)">indicator/unwatched.png</value>
    </variable>
    <variable name="PercentWatchedP3">
        <value condition="ListItem(3).IsPlaying">indicator/play.png</value>
        <value condition="ListItem(3).IsResumable">indicator/inprogress.png</value>
        <value condition="stringcompare(ListItem(3).Overlay,OverlayWatched.png)">indicator/checkmark.png</value>
        <value condition="[SubString(ListItem(3).Overlay,OverlayUnwatched.png) + [[Container.Content(movies) + [StringCompare(Window(Home).Property(LatestMovie.1.Title),ListItem(3).Label) | StringCompare(Window(Home).Property(LatestMovie.2.Title),ListItem(3).Label) | StringCompare(Window(Home).Property(LatestMovie.3.Title),ListItem(3).Label) | StringCompare(Window(Home).Property(LatestMovie.4.Title),ListItem(3).Label) | StringCompare(Window(Home).Property(LatestMovie.5.Title),ListItem(3).Label) | StringCompare(Window(Home).Property(LatestMovie.6.Title),ListItem(3).Label) | StringCompare(Window(Home).Property(LatestMovie.7.Title),ListItem(3).Label) | StringCompare(Window(Home).Property(LatestMovie.8.Title),ListItem(3).Label) | StringCompare(Window(Home).Property(LatestMovie.9.Title),ListItem(3).Label) | StringCompare(Window(Home).Property(LatestMovie.10.Title),ListItem(3).Label)]] | [[Container.Content(tvshows)] + [StringCompare(Window(Home).Property(LatestEpisode.1.ShowTitle),ListItem(3).TvShowTitle) | StringCompare(Window(Home).Property(LatestEpisode.2.ShowTitle),ListItem(3).TvShowTitle) | StringCompare(Window(Home).Property(LatestEpisode.3.ShowTitle),ListItem(3).TvShowTitle) | StringCompare(Window(Home).Property(LatestEpisode.4.ShowTitle),ListItem(3).TvShowTitle) | StringCompare(Window(Home).Property(LatestEpisode.5.ShowTitle),ListItem(3).TvShowTitle) | StringCompare(Window(Home).Property(LatestEpisode.6.ShowTitle),ListItem(3).TvShowTitle) | StringCompare(Window(Home).Property(LatestEpisode.7.ShowTitle),ListItem(3).TvShowTitle) | StringCompare(Window(Home).Property(LatestEpisode.8.ShowTitle),ListItem(3).TvShowTitle) | StringCompare(Window(Home).Property(LatestEpisode.9.ShowTitle),ListItem(3).TvShowTitle) | StringCompare(Window(Home).Property(LatestEpisode.10.ShowTitle),ListItem(3).TvShowTitle)]] | [Container.Content(episodes) + [StringCompare(Window(Home).Property(LatestEpisode.1.EpisodeTitle),ListItem(3).Title) | StringCompare(Window(Home).Property(LatestEpisode.2.EpisodeTitle),ListItem(3).Title) | StringCompare(Window(Home).Property(LatestEpisode.3.EpisodeTitle),ListItem(3).Title) | StringCompare(Window(Home).Property(LatestEpisode.4.EpisodeTitle),ListItem(3).Title) | StringCompare(Window(Home).Property(LatestEpisode.5.EpisodeTitle),ListItem(3).Title) | StringCompare(Window(Home).Property(LatestEpisode.6.EpisodeTitle),ListItem(3).Title) | StringCompare(Window(Home).Property(LatestEpisode.7.EpisodeTitle),ListItem(3).Title) | StringCompare(Window(Home).Property(LatestEpisode.8.EpisodeTitle),ListItem(3).Title) | StringCompare(Window(Home).Property(LatestEpisode.9.EpisodeTitle),ListItem(3).Title) | StringCompare(Window(Home).Property(LatestEpisode.10.EpisodeTitle),ListItem(3).Title)]]]]">indicator/new.png</value>
        <value condition="stringcompare(ListItem(3).Overlay,OverlayUnwatched.png)">indicator/unwatched.png</value>
    </variable>
    <variable name="PercentWatchedP2">
        <value condition="ListItem(2).IsPlaying">indicator/play.png</value>
        <value condition="ListItem(2).IsResumable">indicator/inprogress.png</value>
        <value condition="stringcompare(ListItem(2).Overlay,OverlayWatched.png)">indicator/checkmark.png</value>
        <value condition="[SubString(ListItem(2).Overlay,OverlayUnwatched.png) + [[Container.Content(movies) + [StringCompare(Window(Home).Property(LatestMovie.1.Title),ListItem(2).Label) | StringCompare(Window(Home).Property(LatestMovie.2.Title),ListItem(2).Label) | StringCompare(Window(Home).Property(LatestMovie.3.Title),ListItem(2).Label) | StringCompare(Window(Home).Property(LatestMovie.4.Title),ListItem(2).Label) | StringCompare(Window(Home).Property(LatestMovie.5.Title),ListItem(2).Label) | StringCompare(Window(Home).Property(LatestMovie.6.Title),ListItem(2).Label) | StringCompare(Window(Home).Property(LatestMovie.7.Title),ListItem(2).Label) | StringCompare(Window(Home).Property(LatestMovie.8.Title),ListItem(2).Label) | StringCompare(Window(Home).Property(LatestMovie.9.Title),ListItem(2).Label) | StringCompare(Window(Home).Property(LatestMovie.10.Title),ListItem(2).Label)]] | [[Container.Content(tvshows)] + [StringCompare(Window(Home).Property(LatestEpisode.1.ShowTitle),ListItem(2).TvShowTitle) | StringCompare(Window(Home).Property(LatestEpisode.2.ShowTitle),ListItem(2).TvShowTitle) | StringCompare(Window(Home).Property(LatestEpisode.3.ShowTitle),ListItem(2).TvShowTitle) | StringCompare(Window(Home).Property(LatestEpisode.4.ShowTitle),ListItem(2).TvShowTitle) | StringCompare(Window(Home).Property(LatestEpisode.5.ShowTitle),ListItem(2).TvShowTitle) | StringCompare(Window(Home).Property(LatestEpisode.6.ShowTitle),ListItem(2).TvShowTitle) | StringCompare(Window(Home).Property(LatestEpisode.7.ShowTitle),ListItem(2).TvShowTitle) | StringCompare(Window(Home).Property(LatestEpisode.8.ShowTitle),ListItem(2).TvShowTitle) | StringCompare(Window(Home).Property(LatestEpisode.9.ShowTitle),ListItem(2).TvShowTitle) | StringCompare(Window(Home).Property(LatestEpisode.10.ShowTitle),ListItem(2).TvShowTitle)]] | [Container.Content(episodes) + [StringCompare(Window(Home).Property(LatestEpisode.1.EpisodeTitle),ListItem(2).Title) | StringCompare(Window(Home).Property(LatestEpisode.2.EpisodeTitle),ListItem(2).Title) | StringCompare(Window(Home).Property(LatestEpisode.3.EpisodeTitle),ListItem(2).Title) | StringCompare(Window(Home).Property(LatestEpisode.4.EpisodeTitle),ListItem(2).Title) | StringCompare(Window(Home).Property(LatestEpisode.5.EpisodeTitle),ListItem(2).Title) | StringCompare(Window(Home).Property(LatestEpisode.6.EpisodeTitle),ListItem(2).Title) | StringCompare(Window(Home).Property(LatestEpisode.7.EpisodeTitle),ListItem(2).Title) | StringCompare(Window(Home).Property(LatestEpisode.8.EpisodeTitle),ListItem(2).Title) | StringCompare(Window(Home).Property(LatestEpisode.9.EpisodeTitle),ListItem(2).Title) | StringCompare(Window(Home).Property(LatestEpisode.10.EpisodeTitle),ListItem(2).Title)]]]]">indicator/new.png</value>
        <value condition="stringcompare(ListItem(2).Overlay,OverlayUnwatched.png)">indicator/unwatched.png</value>
    </variable>
    <variable name="PercentWatchedP1">
        <value condition="ListItem(1).IsPlaying">indicator/play.png</value>
        <value condition="ListItem(1).IsResumable">indicator/inprogress.png</value>
        <value condition="stringcompare(ListItem(1).Overlay,OverlayWatched.png)">indicator/checkmark.png</value>
        <value condition="[SubString(ListItem(1).Overlay,OverlayUnwatched.png) + [[Container.Content(movies) + [StringCompare(Window(Home).Property(LatestMovie.1.Title),ListItem(1).Label) | StringCompare(Window(Home).Property(LatestMovie.2.Title),ListItem(1).Label) | StringCompare(Window(Home).Property(LatestMovie.3.Title),ListItem(1).Label) | StringCompare(Window(Home).Property(LatestMovie.4.Title),ListItem(1).Label) | StringCompare(Window(Home).Property(LatestMovie.5.Title),ListItem(1).Label) | StringCompare(Window(Home).Property(LatestMovie.6.Title),ListItem(1).Label) | StringCompare(Window(Home).Property(LatestMovie.7.Title),ListItem(1).Label) | StringCompare(Window(Home).Property(LatestMovie.8.Title),ListItem(1).Label) | StringCompare(Window(Home).Property(LatestMovie.9.Title),ListItem(1).Label) | StringCompare(Window(Home).Property(LatestMovie.10.Title),ListItem(1).Label)]] | [[Container.Content(tvshows)] + [StringCompare(Window(Home).Property(LatestEpisode.1.ShowTitle),ListItem(1).TvShowTitle) | StringCompare(Window(Home).Property(LatestEpisode.2.ShowTitle),ListItem(1).TvShowTitle) | StringCompare(Window(Home).Property(LatestEpisode.3.ShowTitle),ListItem(1).TvShowTitle) | StringCompare(Window(Home).Property(LatestEpisode.4.ShowTitle),ListItem(1).TvShowTitle) | StringCompare(Window(Home).Property(LatestEpisode.5.ShowTitle),ListItem(1).TvShowTitle) | StringCompare(Window(Home).Property(LatestEpisode.6.ShowTitle),ListItem(1).TvShowTitle) | StringCompare(Window(Home).Property(LatestEpisode.7.ShowTitle),ListItem(1).TvShowTitle) | StringCompare(Window(Home).Property(LatestEpisode.8.ShowTitle),ListItem(1).TvShowTitle) | StringCompare(Window(Home).Property(LatestEpisode.9.ShowTitle),ListItem(1).TvShowTitle) | StringCompare(Window(Home).Property(LatestEpisode.10.ShowTitle),ListItem(1).TvShowTitle)]] | [Container.Content(episodes) + [StringCompare(Window(Home).Property(LatestEpisode.1.EpisodeTitle),ListItem(1).Title) | StringCompare(Window(Home).Property(LatestEpisode.2.EpisodeTitle),ListItem(1).Title) | StringCompare(Window(Home).Property(LatestEpisode.3.EpisodeTitle),ListItem(1).Title) | StringCompare(Window(Home).Property(LatestEpisode.4.EpisodeTitle),ListItem(1).Title) | StringCompare(Window(Home).Property(LatestEpisode.5.EpisodeTitle),ListItem(1).Title) | StringCompare(Window(Home).Property(LatestEpisode.6.EpisodeTitle),ListItem(1).Title) | StringCompare(Window(Home).Property(LatestEpisode.7.EpisodeTitle),ListItem(1).Title) | StringCompare(Window(Home).Property(LatestEpisode.8.EpisodeTitle),ListItem(1).Title) | StringCompare(Window(Home).Property(LatestEpisode.9.EpisodeTitle),ListItem(1).Title) | StringCompare(Window(Home).Property(LatestEpisode.10.EpisodeTitle),ListItem(1).Title)]]]]">indicator/new.png</value>
        <value condition="stringcompare(ListItem(1).Overlay,OverlayUnwatched.png)">indicator/unwatched.png</value>
    </variable>
    <variable name="PosterImage">
        <value condition="Container.Content(seasons)">$INFO[ListItem.Icon]</value>
        <value condition="!IsEmpty(ListItem.Art(tvshow.poster))">$INFO[ListItem.Art(tvshow.poster)]</value>
        <value condition="!IsEmpty(ListItem.Art(poster))">$INFO[ListItem.Art(poster)]</value>
        <value condition="Window.IsActive(videos) + Container.Content(genres)">$INFO[ListItem.Label,resource://resource.images.moviegenreicons.arctic.zephyr/,.png]</value>
        <value>$INFO[ListItem.Icon]</value>
    </variable>
    <variable name="WidgetImage">
        <value condition="StringCompare(Container(300).ListItem.Property(widgetType),episodes) + !IsEmpty(Container(301).ListItem.Thumb)">$INFO[Container(301).ListItem.Thumb]</value>
        <value condition="[StringCompare(Container(300).ListItem.Property(widgetIcon),Square) | StringCompare(Container(300).ListItem.Property(widgetIcon),Landscape)] + !IsEmpty(Container(301).ListItem.Art(fanart))">$INFO[Container(301).ListItem.Art(fanart)]</value>
        <value condition="!IsEmpty(Container(301).ListItem.Art(tvshow.poster))">$INFO[Container(301).ListItem.Art(tvshow.poster)]</value>
        <value condition="!IsEmpty(Container(301).ListItem.Art(poster))">$INFO[Container(301).ListItem.Art(poster)]</value>
        <value>$INFO[Container(301).ListItem.Icon]</value>
    </variable>
    <variable name="ThumbImage">
        <value condition="Window.IsVisible(MyVideoNav.xml) + !Control.IsVisible(52) + [Container.Content(movies) | Container.Content(tvshows) | Container.Content(seasons) | Container.Content(episodes) | Container.Content(sets)]">$VAR[FanartImage]</value>
        <value condition="Window.IsActive(videos) + Container.Content(genres)">$INFO[ListItem.Label,resource://resource.images.moviegenreicons.arctic.zephyr/,.png]</value>
        <value>$INFO[ListItem.Icon]</value>
    </variable>
    <variable name="PlayerPoster">
        <value condition="!IsEmpty(Player.Art(tvshow.poster))">$INFO[Player.Art(tvshow.poster)]</value>
        <value condition="!IsEmpty(Player.Art(poster))">$INFO[Player.Art(poster)]</value>
        <value>$INFO[Player.Art(thumb)]</value>
    </variable>
    <variable name="BannerImage">
        <value condition="!IsEmpty(ListItem.Art(season.banner))">$INFO[ListItem.Art(season.banner)]</value>
        <value condition="!IsEmpty(ListItem.Art(tvshow.banner))">$INFO[ListItem.Art(tvshow.banner)]</value>
        <value condition="!IsEmpty(ListItem.Art(banner))">$INFO[ListItem.Art(banner)]</value>
        <value condition="!IsEmpty(ListItem.Art(fanart))">$INFO[ListItem.Art(fanart)]</value>
        <value condition="!IsEmpty(ListItem.Thumb)">$INFO[ListItem.Thumb]</value>
        <value>$INFO[ListItem.Icon]</value>
    </variable>
    <variable name="LandscapeImage">
        <value condition="Control.IsVisible(301) + StringCompare(Container(300).ListItem.Property(widgetType),episodes)">$INFO[ListItem.Thumb]</value>
        <value condition="!IsEmpty(ListItem.Art(landscape))">$INFO[ListItem.Art(landscape)]</value>
        <value condition="!IsEmpty(ListItem.Art(fanart)) + !Container.Content(episodes)">$INFO[ListItem.Art(fanart)]</value>
        <value condition="!IsEmpty(ListItem.Thumb)">$INFO[ListItem.Thumb]</value>
        <value>$INFO[ListItem.Icon]</value>
    </variable>
    <variable name="FanartImage">
        <value condition="!IsEmpty(ListItem.Art(fanart)) + !Container.Content(episodes)">$INFO[ListItem.Art(fanart)]</value>
        <value condition="!IsEmpty(ListItem.Thumb)">$INFO[ListItem.Thumb]</value>
        <value>$INFO[ListItem.Icon]</value>
    </variable>
    <variable name="MusicImage">
        <value condition="!IsEmpty(ListItem.Thumb)">$INFO[ListItem.Thumb]</value>
        <value condition="!IsEmpty(ListItem.Art(fanart))">$INFO[ListItem.Art(fanart)]</value>
        <value>$INFO[ListItem.Icon]</value>
    </variable>
    <variable name="PlayerClearart">
        <value condition="!IsEmpty(Player.Art(tvshow.clearart))">$INFO[Player.Art(tvshow.clearart)]</value>
        <value condition="!IsEmpty(Player.Art(clearart))">$INFO[Player.Art(clearart)]</value>
        <value condition="!IsEmpty(Player.Art(tvshow.clearlogo))">$INFO[Player.Art(tvshow.clearlogo)]</value>
        <value condition="!IsEmpty(Player.Art(clearlogo))">$INFO[Player.Art(clearlogo)]</value>
    </variable>
</includes>
