<?xml version="1.0" encoding="UTF-8"?>
<!-- Foundation -->
<window id="502">
    <defaultcontrol always="true">50</defaultcontrol>
    <menucontrol>9000</menucontrol>
    <views>50,505,500,503,54,51,52,57</views>
    
    <controls>

        <include>GlobalBackground</include>
        <include>Furniture_Header</include>
        <include>Furniture_Clock</include>
        <include>Furniture_Weather</include>
        <include>Furniture_NowPlaying</include>
        <include>View_50_List_Square</include>
        <include condition="!Skin.HasSetting(51bigwide.showinfo)">View_51_BigWide</include>
        <include condition="Skin.HasSetting(51bigwide.showinfo)">View_51_BigWide_Info</include>
        <include condition="Skin.HasSetting(52biglist.singlepane)">View_52_BigList_SinglePane</include>
        <include condition="!Skin.HasSetting(52biglist.singlepane)">View_52_BigList_DoublePane</include>
        <include>View_500_Thumbnails</include>
        <include>View_503_Poster_Square</include>
        <include condition="!Skin.HasSetting(505wall.showinfo)">View_505_Wall_NoInfo</include>
        <include condition="Skin.HasSetting(505wall.showinfo)">View_505_Wall</include>
        <include>View_54_Banner</include>
        <include>View_57_Panel</include>
        
        <control type="group">
            <include>Animation.FadeIn</include>
            <include>Animation.FadeOut</include>
            <visible>ControlGroup(9000).HasFocus()</visible>
            <include>GlobalOverlay</include>
        </control>
        <control type="group">
            <include>Def9000Background</include>
            <include>Def9000Arrows</include>
            <control type="grouplist" id="9000">
                <include>Def9000GroupList</include>
                <include>Def9000MusicSide</include>
                                
                <control type="radiobutton" id="9008" description="Big Wide Info (51)">
                    <include>DefContextButton</include>
                    <align>left</align>
                    <label>31147</label>
                    <selected>Skin.HasSetting(51bigwide.showinfo)</selected>
                    <onclick>Skin.ToggleSetting(51bigwide.showinfo)</onclick>
                    <onclick>ReloadSkin()</onclick>
                    <visible>Control.IsVisible(51)</visible>
                </control>
                <control type="radiobutton" id="9009" description="Info Wall (505)">
                    <include>DefContextButton</include>
                    <align>left</align>
                    <label>31147</label>
                    <selected>Skin.HasSetting(505wall.showinfo)</selected>
                    <onclick>Skin.ToggleSetting(505wall.showinfo)</onclick>
                    <onclick>ReloadSkin()</onclick>
                    <visible>Control.IsVisible(505)</visible>
                </control>
              
                <control type="button" id="9091">
                    <description>Global Search</description>
                    <include>DefContextButton</include>
                    <align>left</align>
                    <label>137</label>
                    <onclick>RunScript(script.globalsearch,artists=true&amp;albums=true&amp;songs=true)</onclick>
                </control>

                <control type="radiobutton" id="16">
                    <description>PartyMode</description>
                    <include>DefContextButton</include>
                    <align>left</align>
                    <label>589</label>
                </control>

                <control type="radiobutton" id="98">
                    <visible>Container.CanFilterAdvanced</visible>
                    <description>Filter</description>
                    <include>DefContextButton</include>
                    <label>587</label>
                    <align>left</align>
                    <onclick>SetFocus(50)</onclick>
                    <onclick>Filter</onclick>
                    <selected>Container.Filtered</selected>
                </control>

                <control type="togglebutton" id="20">
                    <description>Update</description>
                    <align>left</align>
                    <label>653</label>
                    <altlabel>13353</altlabel>
                    <usealttexture>library.isscanningvideo</usealttexture>
                    <include>DefContextButton</include>
                </control>

                <include name="MenuPlayerControls">
                    <param name="PlayerControlsOnUp" value="20" />
                    <param name="PlayerControlsOnDown" value="1802" />
                </include>
            </control>
        </control>
        

    </controls>

</window>
