<?xml version="1.0" encoding="UTF-8"?>
<!-- Foundation -->
<window id="501">
    <defaultcontrol always="true">50</defaultcontrol>
    <views>50,500,503,52</views>

    <controls>

        <include>GlobalBackground</include>
        <include>Furniture_Header</include>
        <include>Furniture_Clock</include>
        <include>Furniture_Flags</include>
        <include>Furniture_NowPlaying</include>
        <include>Furniture_Weather</include>
        <include>View_50_List_Square</include>
        <include>View_500_Thumbnails</include>
        <include>View_503_Poster_Square</include>
        <include condition="Skin.HasSetting(52biglist.singlepane)">View_52_BigList_SinglePane</include>
        <include condition="!Skin.HasSetting(52biglist.singlepane)">View_52_BigList_DoublePane</include>

        <control type="group">
            <visible>ControlGroup(9000).HasFocus()</visible>
            <include>GlobalOverlay</include>
        </control>
        <control type="group">
            <include>Def9000Background</include>
            <include>Def9000Arrows</include>
            <control type="grouplist" id="9000">
                <include>Def9000GroupList</include>
                <include>Def9000MusicSide</include>
                <control type="button" id="9001" description="Library">
                    <visible>Library.HasContent(music) | Library.HasContent(musicvideos)</visible>
                    <include>DefContextButton</include>
                    <align>left</align>
                    <label>$LOCALIZE[1024] $LOCALIZE[14022]</label>
                    <onclick>ActivateWindow(MusicLibrary)</onclick>
                </control>
            </control>
        </control>
        


    </controls>

</window>
