<?xml version="1.0" encoding="UTF-8"?>
<!-- Foundation -->
<window id="2">
    <defaultcontrol always="true">50</defaultcontrol>
    <menucontrol>9000</menucontrol>
    <views>50,500,503</views>

    <controls>

        <include>GlobalBackground</include>

        <include>Furniture_Header</include>
        <include>Furniture_NowPlaying</include>
        <include>Furniture_Clock</include>
        <include>Furniture_Weather</include>
        <include>View_50_List_Square</include>
        <include>View_500_Thumbnails</include>
        <include>View_503_Poster_Square</include>

        <control type="group">
            <include>Animation.FadeIn</include>
            <include>Animation.FadeOut</include>
            <visible>ControlGroup(9000).HasFocus()</visible>
            <include>GlobalOverlay</include>
        </control>
        <control type="group">
            <include>Def9000Background</include>
            <include>Def9000Arrows</include>
            <control type="grouplist" id="9000">
                <include>Def9000GroupList</include>

                <!-- Sort Options -->
                <control type="button" id="1802">
                    <description>View</description>
                    <label>View</label>
                    <label2>$INFO[Container.Viewmode]</label2>
                    <include>DefContextButton</include>
                    <align>left</align>
                    <onclick>ActivateWindow(1109)</onclick>
                </control>
                
                <control type="button" id="3">
                    <description>Sort</description>
                    <include>DefContextButton</include>
                    <align>left</align>
                    <visible>false</visible>
                </control>
                <control type="button" id="1803">
                    <description>Sort by button</description>
                    <include>DefContextButton</include>
                    <align>left</align>
                    <label>Sort by</label>
                    <label2>$INFO[Container.SortMethod]</label2>
                    <onclick>Container.NextSortMethod</onclick>
                    <enable>Control.IsEnabled(3)</enable>
                </control>

                <control type="togglebutton" id="4">
                    <description>Ascending</description>
                    <include>DefContextButton</include>
                    <align>left</align>
                    <label>584</label>
                    <altlabel>585</altlabel>
                    <visible>false</visible>
                </control>
                <control type="button" id="1804">
                    <description>Sort Direction</description>
                    <include>DefContextButton</include>
                    <align>left</align>
                    <label>Sort direction</label>
                    <label2>$VAR[SortDirection]</label2>
                    <onclick>SendClick(4)</onclick>
                    <enable>Control.IsEnabled(4)</enable>
                </control>

                <control type="button" id="6">
                    <description>Slideshow</description>
                    <include>DefContextButton</include>
                    <align>left</align>
                    <label>108</label>
                    <visible>!ListItem.IsFolder</visible>
                </control>

                <control type="button" id="7">
                    <description>Recursive Slideshow</description>
                    <include>DefContextButton</include>
                    <align>left</align>
                    <label>108</label>
                    <visible>ListItem.IsFolder</visible>
                </control>

                <control type="radiobutton" id="9">
                    <description>Randomise</description>
                    <include>DefContextButton</include>
                    <align>left</align>
                    <label>13319</label>
                </control>

                <include name="MenuPlayerControls">
                    <param name="PlayerControlsOnUp" value="9" />
                    <param name="PlayerControlsOnDown" value="1802" />
                </include>

            </control>

        </control>

    </controls>

</window>
