<?xml version="1.0" encoding="UTF-8"?>
<!-- Foundation -->
<window id="1">
    <defaultcontrol always="true">50</defaultcontrol>
    <menucontrol>9000</menucontrol>
    <views>50,503,500,52,505</views>

    <controls>

        <include>GlobalBackground</include>

        <include>View_50_List_Square</include>
        <include>View_503_Poster_Square</include>
        <include>View_500_Thumbnails</include>
        <include condition="Skin.HasSetting(52biglist.singlepane)">View_52_BigList_SinglePane</include>
        <include condition="!Skin.HasSetting(52biglist.singlepane)">View_52_BigList_DoublePane</include>
        <include>View_505_Wall_NoInfo</include>
        <include>Furniture_Header</include>
        <include>Furniture_NowPlaying</include>
        <include>Furniture_Clock</include>
        <include>Furniture_Weather</include>

        <control type="button" id ="9601">
            <width>1</width>
            <height>1</height>
            <visible allowhiddenfocus="true">false</visible>
            <onback>50</onback>
            <onup>50</onup>
            <ondown>50</ondown>
            <onleft>50</onleft>
            <onright>50</onright>
        </control>
        <control type="group">
            <visible>Control.HasFocus(9601)</visible>
            <include>Animation.FadeIn</include>
            <include>Animation.FadeOut</include>
            
            <control type="image" description="Background">
                <include>Dimensions_Fullscreen</include>
                <texture colordiffuse="$VAR[ColorBackground]">common/bg.png</texture>
                <animation effect="fade" start="100" end="95" condition="true">Conditional</animation>
            </control>
        </control>

        <control type="group">
            <left>SidePad</left>
            <right>SidePad</right>
            <top>PosterPad</top>
            <height>670</height>
            <visible>Control.HasFocus(9601)</visible>
            <include>Animation.FadeIn.Slide</include>
            <include>Animation.FadeOut</include>            
            <control type="label">
                <description>header label</description>
                <left>60</left>
                <right>60</right>
                <posy>60</posy>
                <font>EpisodeNumber</font>
                <textcolor>White100</textcolor>
                <height>45</height>
                <label>$INFO[ListItem.Label]</label>
            </control>
            <control type="textbox">
                <description>textarea</description>
                <left>60</left>
                <right>60</right>
                <top>150</top>
                <bottom>0</bottom>
                <font>Medium</font>
                <textcolor>White100</textcolor>
                <label>$INFO[ListItem.Plot]</label>
            </control>
        </control>

        <control type="group">
            <include>Animation.FadeIn</include>
            <include>Animation.FadeOut</include>
            <visible>ControlGroup(9000).HasFocus()</visible>
            <include>GlobalOverlay</include>
        </control>
        <control type="group">
            <height>242</height>
            <include>Def9000Background</include>
            <control type="group">
                <visible>!Window.IsActive(1109)</visible>
                <control type="image">
                    <visible>Container(9000).HasPrevious</visible>
                    <description>arrow image</description>
                    <centerleft>50%</centerleft>
                    <posy>-16</posy>
                    <width>16</width>
                    <height>16</height>
                    <texture colordiffuse="White70" flipy="true">common/arrow-small.png</texture>
                </control>
                <control type="image">
                    <visible>Container(9000).HasNext</visible>
                    <description>arrow image</description>
                    <centerleft>50%</centerleft>
                    <posy>242</posy>
                    <width>16</width>
                    <height>16</height>
                    <texture colordiffuse="White70" flipy="false">common/arrow-small.png</texture>
                </control>
            </control>
            <control type="grouplist" id="9000">
                <height>210</height>
                <include>Def9000GroupList</include>
                
                <!-- Sort Options -->
                <control type="button" id="1802">
                    <description>View</description>
                    <label>View</label>
                    <label2>$INFO[Container.Viewmode]</label2>
                    <include>DefContextButton</include>
                    <align>left</align>
                    <onclick>ActivateWindow(1109)</onclick>
                </control>
                
                <control type="button" id="3">
                    <description>Sort</description>
                    <include>DefContextButton</include>
                    <align>left</align>
                    <visible>false</visible>
                </control>
                <control type="button" id="1803">
                    <description>Sort by button</description>
                    <include>DefContextButton</include>
                    <align>left</align>
                    <label>Sort by</label>
                    <label2>$INFO[Container.SortMethod]</label2>
                    <onclick>Container.NextSortMethod</onclick>
                    <enable>Control.IsEnabled(3)</enable>
                </control>

                <control type="togglebutton" id="4">
                    <description>Ascending</description>
                    <include>DefContextButton</include>
                    <align>left</align>
                    <label>584</label>
                    <altlabel>585</altlabel>
                    <visible>false</visible>
                </control>
                <control type="button" id="1804">
                    <description>Sort Direction</description>
                    <include>DefContextButton</include>
                    <align>left</align>
                    <label>Sort direction</label>
                    <label2>$VAR[SortDirection]</label2>
                    <onclick>SendClick(4)</onclick>
                    <enable>Control.IsEnabled(4)</enable>
                </control>

                <control type="radiobutton" id="9009" description="Show plot (50)">
                    <include>DefContextButton</include>
                    <align>left</align>
                    <label>31214</label>
                    <selected>Skin.HasSetting(50list.showplot)</selected>
                    <onclick>Skin.ToggleSetting(50list.showplot)</onclick>
                    <visible>Control.IsVisible(50)</visible>
                </control>
                <include name="MenuPlayerControls">
                    <param name="PlayerControlsOnUp" value="4" />
                    <param name="PlayerControlsOnDown" value="1802" />
                </include>

            </control>
        </control>

    </controls>

</window>
