<?xml version="1.0" encoding="UTF-8"?>
<window>
    <background>0</background>
    <menucontrol>9000</menucontrol>
    <defaultcontrol always="true">50</defaultcontrol>
    <views>50</views>
    <controls>
        <include>GlobalBackground</include>
        <include>Furniture_Header</include>
        <include>Furniture_Clock</include>
        <include>Furniture_NowPlaying</include>
        <include>Furniture_Weather</include>
        <include>PVRView_50</include>
        <include>PVRSideBlade</include>
    </controls>
</window>
