<?xml version="1.0" encoding="UTF-8"?>
<!-- Foundation -->
<window id="6">
    <defaultcontrol always="true">50</defaultcontrol>
    <menucontrol>9000</menucontrol>
    <views>50,550,53,55,56,555,59,54,51,57,58,52,500,503,505</views>
    <onload condition="System.HasAddon(script.tv.show.next.aired)">RunScript(script.tv.show.next.aired,backend=True)</onload>
    
    <controls>

        <include>GlobalBackground</include>

        <include>View_550_List</include>
        <include>View_50_List</include>
        <include condition="Skin.HasSetting(51bigwide.showinfo)">View_51_BigWide_Info</include>
        <include condition="!Skin.HasSetting(51bigwide.showinfo)">View_51_BigWide_Classic</include>
        <include condition="Skin.HasSetting(52biglist.singlepane)">View_52_BigList_SinglePane</include>
        <include condition="!Skin.HasSetting(52biglist.singlepane)">View_52_BigList_DoublePane</include>
        <include>View_53_Poster</include>
        <include>View_54_Banner</include>
        <include>View_555_Wall_Episodes</include>
        <include>View_55_Wall</include>
        <include>View_56_InfoWall</include>
        <include>View_57_Panel</include>
        <include>View_58_Cards</include>
        <include>View_59_BannerWall</include>
        <include>View_500_Thumbnails</include>
        <include>View_503_Poster_Square</include>
        <include>View_505_Wall_NoInfo</include>
        
        <include>Furniture_Header</include>
        <include>Furniture_NowPlaying</include>
        <include>Furniture_Clock</include>
        <include>Furniture_Flags</include>
        <include>Furniture_Weather</include>
        <include>Furniture_OverlayInfo</include>
        
        <control type="group">
            <include>Animation.FadeIn</include>
            <include>Animation.FadeOut</include>
            <visible>ControlGroup(9000).HasFocus()</visible>
            <include>GlobalOverlay</include>
        </control>
        <control type="group">
            <height>522</height>
            <include>Def9000Background</include>
            <control type="group">
                <visible>!Window.IsActive(1109)</visible>
                <control type="image">
                    <visible>Container(9000).HasPrevious</visible>
                    <description>arrow image</description>
                    <centerleft>50%</centerleft>
                    <posy>-16</posy>
                    <width>16</width>
                    <height>16</height>
                    <texture colordiffuse="White70" flipy="true">common/arrow-small.png</texture>
                </control>
                <control type="image">
                    <visible>Container(9000).HasNext</visible>
                    <description>arrow image</description>
                    <centerleft>50%</centerleft>
                    <posy>522</posy>
                    <width>16</width>
                    <height>16</height>
                    <texture colordiffuse="White70" flipy="false">common/arrow-small.png</texture>
                </control>
            </control>
            <control type="grouplist" id="9000">
                <height>490</height>
                <usecontrolcoords>true</usecontrolcoords>
                <include>Def9000GroupList</include>

                <!-- Sort Options -->
                <control type="button" id="1802">
                    <description>View</description>
                    <label>View</label>
                    <label2>$INFO[Container.Viewmode]</label2>
                    <include>DefContextButton</include>
                    <align>left</align>
                    <onclick>ActivateWindow(1109)</onclick>
                </control>
                
                <control type="button" id="3">
                    <description>Sort</description>
                    <include>DefContextButton</include>
                    <align>left</align>
                    <visible>false</visible>
                </control>
                <control type="button" id="1803">
                    <description>Sort by button</description>
                    <include>DefContextButton</include>
                    <align>left</align>
                    <label>Sort by</label>
                    <label2>$INFO[Container.SortMethod]</label2>
                    <onclick>Container.NextSortMethod</onclick>
                    <enable>Control.IsEnabled(3)</enable>
                </control>

                <control type="togglebutton" id="4">
                    <description>Ascending</description>
                    <include>DefContextButton</include>
                    <align>left</align>
                    <label>584</label>
                    <altlabel>585</altlabel>
                    <visible>false</visible>
                </control>
                <control type="button" id="1804">
                    <description>Sort Direction</description>
                    <include>DefContextButton</include>
                    <align>left</align>
                    <label>Sort direction</label>
                    <label2>$VAR[SortDirection]</label2>
                    <onclick>SendClick(4)</onclick>
                    <enable>Control.IsEnabled(4)</enable>
                </control>
                
                <!-- View Options -->                
                <control type="radiobutton" id="9009" description="Show plot (50)">
                    <include>DefContextButton</include>
                    <align>left</align>
                    <label>31214</label>
                    <selected>Skin.HasSetting(50list.showplot)</selected>
                    <onclick>Skin.ToggleSetting(50list.showplot)</onclick>
                    <visible>Control.IsVisible(50)</visible>
                </control>
                
                <control type="radiobutton" id="9002" description="No Wrap (53)">
                    <include>DefContextButton</include>
                    <align>left</align>
                    <label>31148</label>
                    <selected>!Skin.HasSetting(53poster.nowrap)</selected>
                    <onclick>Skin.ToggleSetting(53poster.nowrap)</onclick>
                    <onclick>ReloadSkin()</onclick>
                    <visible>Control.IsVisible(53)</visible>
                </control>
                
                <control type="radiobutton" id="9003" description="Info Wall (55)">
                    <include>DefContextButton</include>
                    <align>left</align>
                    <label>31214</label>
                    <selected>Skin.HasSetting(55wall.showinfo)</selected>
                    <onclick>Skin.ToggleSetting(55wall.showinfo)</onclick>
                    <visible>Control.IsVisible(55)</visible>
                </control>
                                                
                <control type="radiobutton" id="9008" description="Big Wide Info (51)">
                    <include>DefContextButton</include>
                    <align>left</align>
                    <label>31147</label>
                    <selected>Skin.HasSetting(51bigwide.showinfo)</selected>
                    <onclick>Skin.ToggleSetting(51bigwide.showinfo)</onclick>
                    <onclick>Skin.Reset(51bigwide.showclassic)</onclick>
                    <onclick>ReloadSkin()</onclick>
                    <visible>Control.IsVisible(51)</visible>
                </control>
                
                <control type="radiobutton" id="9011" description="Banner show poster (54)">
                    <include>DefContextButton</include>
                    <align>left</align>
                    <label>31147</label>
                    <selected>Skin.HasSetting(54banner.showinfo)</selected>
                    <onclick>Skin.ToggleSetting(54banner.showinfo)</onclick>
                    <visible>Control.IsVisible(54) + !Container.Content(episodes)</visible>
                </control>

                <control type="radiobutton" id="9012" description="Big List Double Pane (52)">
                    <include>DefContextButton</include>
                    <align>left</align>
                    <label>31235</label>
                    <selected>!Skin.HasSetting(52biglist.singlepane)</selected>
                    <onclick>Skin.ToggleSetting(52biglist.singlepane)</onclick>
                    <onclick>ReloadSkin()</onclick>
                    <visible>Control.IsVisible(52)</visible>
                </control>

                <!-- Other Options -->
                <control type="radiobutton" id="14">
                    <description>Hide watched</description>
                    <include>DefContextButton</include>
                    <align>left</align>
                    <label>31133</label>
                </control>
                
                <control type="radiobutton" id="11">
                    <description>Unlock Shares</description>
                    <include>DefContextButton</include>
                    <align>left</align>
                    <label>20336</label>
                    <onclick>xbmc.mastermode</onclick>
                    <selected>system.ismaster</selected>
                    <visible>system.haslocks</visible>
                </control>

                <control type="radiobutton" id="16">
                    <description>PartyMode</description>
                    <include>DefContextButton</include>
                    <align>left</align>
                    <label>589</label>
                    <visible>Container.Content(MusicVideo)</visible>
                </control>
                
                <control type="edit" id="19">
                    <label>587</label>
                    <description>Filter (hidden)</description>
                    <include>DefContextButton</include>
                    <visible>!Container.CanFilterAdvanced</visible>
                </control>

                <control type="radiobutton" id="98">
                    <visible>Container.CanFilterAdvanced</visible>
                    <description>Filter</description>
                    <include>DefContextButton</include>
                    <label>587</label>
                    <align>left</align>
                    <onclick>SetFocus(50)</onclick>
                    <onclick>Filter</onclick>
                    <selected>Container.Filtered</selected>
                </control>
                                
                <control type="button" id="9091">
                    <description>Global Search</description>
                    <include>DefContextButton</include>
                    <align>left</align>
                    <label>137</label>
                    <onclick>SetFocus(50)</onclick>
                    <onclick>RunScript(script.globalsearch,tvshows=true&amp;movies=true&amp;episodes=true&amp;actors=true)</onclick>
                </control>

                <control type="togglebutton" id="20">
                    <description>Update</description>
                    <align>left</align>
                    <label>653</label>
                    <altlabel>13353</altlabel>
                    <usealttexture>library.isscanningvideo</usealttexture>
                    <include>DefContextButton</include>
                </control>

                <include name="MenuPlayerControls">
                    <param name="PlayerControlsOnUp" value="20" />
                    <param name="PlayerControlsOnDown" value="1802" />
                </include>
            </control>
        </control>        
    
        
    </controls>

</window>
