<?xml version="1.0" encoding="UTF-8"?>
<!-- Foundation -->
<window id="2600">
    <defaultcontrol always="true">9100</defaultcontrol>
    <menucontrol>9000</menucontrol>
    <background>0</background>
    <controls>

        <include>GlobalBackground</include>
        <include>Furniture_Header</include>
        <include>Furniture_NowPlaying</include>
        <include>Furniture_Clock</include>
        <control type="group">
            <include>Animation.Common</include>
            <control type="grouplist">
                <posy>PosterPad</posy>
                <left>SidePad</left>
                <right>SidePad</right>
                <height>PosterH</height>
                <orientation>horizontal</orientation>
                <itemgap>10</itemgap>
                <control type="group">
                    <width>285</width>
                    <control type="image">
                        <width>100%</width>
                        <height>100%</height>
                        <texture border="5" colordiffuse="PanelFull">common/box.png</texture>
                    </control>
                    <control type="multiimage" description="Fanart">
                        <visible>!Skin.HasSetting(weather.hidefanart)</visible>
                        <width>100%</width>
                        <height>100%</height>
                        <fadetime>600</fadetime>
                        <timeperimage>12000</timeperimage>
                        <randomize>true</randomize>
                        <aspectratio scalediffuse="false">scale</aspectratio>
                        <animation effect="fade" start="100" end="10" condition="true">Conditional</animation>
                        <imagepath diffuse="diffuse/weather.png" background="true">$INFO[Skin.String(weatherfanart.path)]$INFO[Window(Weather).Property(Current.FanartCode)]$VAR[DefWeatherFanart]</imagepath>
                    </control>
                    <control type="multiimage">
                        <centertop>35%</centertop>
                        <centerleft>50%</centerleft>
                        <width>255</width>
                        <height>255</height>
                        <timeperimage>65</timeperimage>
                        <fadetime>1</fadetime>
                        <randomize>false</randomize>
                        <loop>yes</loop>
                        <aspectratio align="center" aligny="center">keep</aspectratio>
                        <imagepath background="true">$VAR[DefWeatherIcon]$INFO[Window(weather).Property(Current.FanartCode)]$VAR[DefWeatherIconExt]</imagepath>
                    </control>
                    <control type="label">
                        <top>20</top>
                        <left>20</left>
                        <right>20</right>
                        <align>center</align>
                        <font>Small</font>
                        <textcolor>PanelWhite100</textcolor>
                        <label fallback="161">19030</label>
                    </control>
                    <control type="label">
                        <centertop>65%</centertop>
                        <left>20</left>
                        <right>20</right>
                        <align>center</align>
                        <font>EpisodeNumber</font>
                        <textcolor>PanelWhite100</textcolor>
                        <label fallback="N/A">$INFO[Window(Weather).Property(Current.Temperature),[B],[/B]°]</label>
                    </control>
                    <control type="textbox">
                        <top>75%</top>
                        <height>140</height>
                        <left>10</left>
                        <right>10</right>
                        <align>center</align>
                        <font>Tiny</font>
                        <textcolor>PanelWhite100</textcolor>
                        <label fallback="161">$INFO[Window(Weather).Property(Current.Condition),,[CR]]$INFO[Window(Weather).Property(Current.FeelsLike),$LOCALIZE[402] ,°[CR]]$INFO[Window(Weather).Property(Current.Humidity),, $LOCALIZE[406]]</label>
                    </control>
                </control>
                <control type="group">
                    <width>285</width>
                    <control type="image">
                        <width>100%</width>
                        <height>100%</height>
                        <texture border="5" colordiffuse="PanelFull">common/box.png</texture>
                    </control>
                    <control type="multiimage" description="Fanart">
                        <visible>!Skin.HasSetting(weather.hidefanart)</visible>
                        <width>100%</width>
                        <height>100%</height>
                        <fadetime>600</fadetime>
                        <timeperimage>12000</timeperimage>
                        <randomize>true</randomize>
                        <aspectratio scalediffuse="false">scale</aspectratio>
                        <animation effect="fade" start="100" end="10" condition="true">Conditional</animation>
                        <imagepath diffuse="diffuse/weather.png" background="true">$INFO[Skin.String(weatherfanart.path)]$INFO[Window(Weather).Property(Day0.FanartCode)]$VAR[DefWeatherFanart]</imagepath>
                    </control>
                    <control type="multiimage">
                        <centertop>35%</centertop>
                        <centerleft>50%</centerleft>
                        <width>255</width>
                        <height>255</height>
                        <timeperimage>65</timeperimage>
                        <fadetime>1</fadetime>
                        <randomize>false</randomize>
                        <loop>yes</loop>
                        <aspectratio align="center" aligny="center">keep</aspectratio>
                        <imagepath background="true">$VAR[DefWeatherIcon]$INFO[Window(weather).Property(Day0.FanartCode)]$VAR[DefWeatherIconExt]</imagepath>
                    </control>
                    <control type="label">
                        <top>20</top>
                        <left>20</left>
                        <right>20</right>
                        <align>center</align>
                        <font>Small</font>
                        <textcolor>PanelWhite100</textcolor>
                        <label fallback="161">$LOCALIZE[33006]</label>
                    </control>
                    <control type="label">
                        <centertop>65%</centertop>
                        <left>20</left>
                        <right>20</right>
                        <align>center</align>
                        <font>LargeBold</font>
                        <textcolor>PanelWhite100</textcolor>
                        <label fallback="N/A">$INFO[Window(Weather).Property(Day0.HighTemp),[B],[/B]°]$INFO[Window(Weather).Property(Day0.LowTemp),  ,°]</label>
                    </control>
                    <control type="textbox">
                        <top>75%</top>
                        <height>130</height>
                        <left>10</left>
                        <right>10</right>
                        <align>center</align>
                        <font>Tiny</font>
                        <textcolor>PanelWhite100</textcolor>
                        <label fallback="161">$INFO[Window(Weather).Property(Day0.Outlook)]</label>
                    </control>
                </control>
                <control type="group">
                    <width>285</width>
                    <control type="image">
                        <width>100%</width>
                        <height>100%</height>
                        <texture border="5" colordiffuse="PanelFull">common/box.png</texture>
                    </control>
                    <control type="multiimage" description="Fanart">
                        <visible>!Skin.HasSetting(weather.hidefanart)</visible>
                        <width>100%</width>
                        <height>100%</height>
                        <fadetime>600</fadetime>
                        <timeperimage>12000</timeperimage>
                        <randomize>true</randomize>
                        <aspectratio scalediffuse="false">scale</aspectratio>
                        <animation effect="fade" start="100" end="10" condition="true">Conditional</animation>
                        <imagepath diffuse="diffuse/weather.png" background="true">$INFO[Skin.String(weatherfanart.path)]$INFO[Window(Weather).Property(Day1.FanartCode)]$VAR[DefWeatherFanart]</imagepath>
                    </control>
                    <control type="multiimage">
                        <centertop>35%</centertop>
                        <centerleft>50%</centerleft>
                        <width>255</width>
                        <height>255</height>
                        <timeperimage>65</timeperimage>
                        <fadetime>1</fadetime>
                        <randomize>false</randomize>
                        <loop>yes</loop>
                        <aspectratio align="center" aligny="center">keep</aspectratio>
                        <imagepath background="true">$VAR[DefWeatherIcon]$INFO[Window(weather).Property(Day1.FanartCode)]$VAR[DefWeatherIconExt]</imagepath>
                    </control>
                    <control type="label">
                        <top>20</top>
                        <left>20</left>
                        <right>20</right>
                        <align>center</align>
                        <font>Small</font>
                        <textcolor>PanelWhite100</textcolor>
                        <label fallback="161">$LOCALIZE[33007]</label>
                    </control>
                    <control type="label">
                        <centertop>65%</centertop>
                        <left>20</left>
                        <right>20</right>
                        <align>center</align>
                        <font>LargeBold</font>
                        <textcolor>PanelWhite100</textcolor>
                        <label fallback="N/A">$INFO[Window(Weather).Property(Day1.HighTemp),[B],[/B]°]$INFO[Window(Weather).Property(Day1.LowTemp),  ,°]</label>
                    </control>
                    <control type="textbox">
                        <top>75%</top>
                        <height>130</height>
                        <left>10</left>
                        <right>10</right>
                        <align>center</align>
                        <font>Tiny</font>
                        <textcolor>PanelWhite100</textcolor>
                        <label fallback="161">$INFO[Window(Weather).Property(Day1.Outlook)]</label>
                    </control>
                </control>
                <control type="group">
                    <width>285</width>
                    <control type="image">
                        <width>100%</width>
                        <height>100%</height>
                        <texture border="5" colordiffuse="PanelFull">common/box.png</texture>
                    </control>
                    <control type="multiimage" description="Fanart">
                        <visible>!Skin.HasSetting(weather.hidefanart)</visible>
                        <width>100%</width>
                        <height>100%</height>
                        <fadetime>600</fadetime>
                        <timeperimage>12000</timeperimage>
                        <randomize>true</randomize>
                        <aspectratio scalediffuse="false">scale</aspectratio>
                        <animation effect="fade" start="100" end="10" condition="true">Conditional</animation>
                        <imagepath diffuse="diffuse/weather.png" background="true">$INFO[Skin.String(weatherfanart.path)]$INFO[Window(Weather).Property(Day2.FanartCode)]$VAR[DefWeatherFanart]</imagepath>
                    </control>
                    <control type="multiimage">
                        <centertop>35%</centertop>
                        <centerleft>50%</centerleft>
                        <width>255</width>
                        <height>255</height>
                        <timeperimage>65</timeperimage>
                        <fadetime>1</fadetime>
                        <randomize>false</randomize>
                        <loop>yes</loop>
                        <aspectratio align="center" aligny="center">keep</aspectratio>
                        <imagepath background="true">$VAR[DefWeatherIcon]$INFO[Window(weather).Property(Day2.FanartCode)]$VAR[DefWeatherIconExt]</imagepath>
                    </control>
                    <control type="label">
                        <top>20</top>
                        <left>20</left>
                        <right>20</right>
                        <align>center</align>
                        <font>Small</font>
                        <textcolor>PanelWhite100</textcolor>
                        <label fallback="161">$INFO[Window(Weather).Property(Day2.Title)]</label>
                    </control>
                    <control type="label">
                        <centertop>65%</centertop>
                        <left>20</left>
                        <right>20</right>
                        <align>center</align>
                        <font>LargeBold</font>
                        <textcolor>PanelWhite100</textcolor>
                        <label fallback="N/A">$INFO[Window(Weather).Property(Day2.HighTemp),[B],[/B]°]$INFO[Window(Weather).Property(Day2.LowTemp),  ,°]</label>
                    </control>
                    <control type="textbox">
                        <top>75%</top>
                        <height>130</height>
                        <left>10</left>
                        <right>10</right>
                        <align>center</align>
                        <font>Tiny</font>
                        <textcolor>PanelWhite100</textcolor>
                        <label fallback="161">$INFO[Window(Weather).Property(Day2.Outlook)]</label>
                    </control>
                </control>
                <control type="group">
                    <width>285</width>
                    <control type="image">
                        <width>100%</width>
                        <height>100%</height>
                        <texture border="5" colordiffuse="PanelFull">common/box.png</texture>
                    </control>
                    <control type="multiimage" description="Fanart">
                        <visible>!Skin.HasSetting(weather.hidefanart)</visible>
                        <width>100%</width>
                        <height>100%</height>
                        <fadetime>600</fadetime>
                        <timeperimage>12000</timeperimage>
                        <randomize>true</randomize>
                        <aspectratio scalediffuse="false">scale</aspectratio>
                        <animation effect="fade" start="100" end="10" condition="true">Conditional</animation>
                        <imagepath diffuse="diffuse/weather.png" background="true">$INFO[Skin.String(weatherfanart.path)]$INFO[Window(Weather).Property(Day3.FanartCode)]$VAR[DefWeatherFanart]</imagepath>
                    </control>
                    <control type="multiimage">
                        <centertop>35%</centertop>
                        <centerleft>50%</centerleft>
                        <width>255</width>
                        <height>255</height>
                        <timeperimage>65</timeperimage>
                        <fadetime>1</fadetime>
                        <randomize>false</randomize>
                        <loop>yes</loop>
                        <aspectratio align="center" aligny="center">keep</aspectratio>
                        <imagepath background="true">$VAR[DefWeatherIcon]$INFO[Window(weather).Property(Day3.FanartCode)]$VAR[DefWeatherIconExt]</imagepath>
                    </control>
                    <control type="label">
                        <top>20</top>
                        <left>20</left>
                        <right>20</right>
                        <align>center</align>
                        <font>Small</font>
                        <textcolor>PanelWhite100</textcolor>
                        <label fallback="161">$INFO[Window(Weather).Property(Day3.Title)]</label>
                    </control>
                    <control type="label">
                        <centertop>65%</centertop>
                        <left>20</left>
                        <right>20</right>
                        <align>center</align>
                        <font>LargeBold</font>
                        <textcolor>PanelWhite100</textcolor>
                        <label fallback="N/A">$INFO[Window(Weather).Property(Day3.HighTemp),[B],[/B]°]$INFO[Window(Weather).Property(Day3.LowTemp),  ,°]</label>
                    </control>
                    <control type="textbox">
                        <top>75%</top>
                        <height>130</height>
                        <left>10</left>
                        <right>10</right>
                        <align>center</align>
                        <font>Tiny</font>
                        <textcolor>PanelWhite100</textcolor>
                        <label fallback="161">$INFO[Window(Weather).Property(Day3.Outlook)]</label>
                    </control>
                </control>
                <control type="group">
                    <width>285</width>
                    <control type="image">
                        <width>100%</width>
                        <height>100%</height>
                        <texture border="5" colordiffuse="PanelFull">common/box.png</texture>
                    </control>
                    <control type="multiimage" description="Fanart">
                        <visible>!Skin.HasSetting(weather.hidefanart)</visible>
                        <width>100%</width>
                        <height>100%</height>
                        <fadetime>600</fadetime>
                        <timeperimage>12000</timeperimage>
                        <randomize>true</randomize>
                        <aspectratio scalediffuse="false">scale</aspectratio>
                        <animation effect="fade" start="100" end="10" condition="true">Conditional</animation>
                        <imagepath diffuse="diffuse/weather.png" background="true">$INFO[Skin.String(weatherfanart.path)]$INFO[Window(Weather).Property(Day4.FanartCode)]$VAR[DefWeatherFanart]</imagepath>
                    </control>
                    <control type="multiimage">
                        <centertop>35%</centertop>
                        <centerleft>50%</centerleft>
                        <width>255</width>
                        <height>255</height>
                        <timeperimage>65</timeperimage>
                        <fadetime>1</fadetime>
                        <randomize>false</randomize>
                        <loop>yes</loop>
                        <aspectratio align="center" aligny="center">keep</aspectratio>
                        <imagepath background="true">$VAR[DefWeatherIcon]$INFO[Window(weather).Property(Day4.FanartCode)]$VAR[DefWeatherIconExt]</imagepath>
                    </control>
                    <control type="label">
                        <top>20</top>
                        <left>20</left>
                        <right>20</right>
                        <align>center</align>
                        <font>Small</font>
                        <textcolor>PanelWhite100</textcolor>
                        <label fallback="161">$INFO[Window(Weather).Property(Day4.Title)]</label>
                    </control>
                    <control type="label">
                        <centertop>65%</centertop>
                        <left>20</left>
                        <right>20</right>
                        <align>center</align>
                        <font>LargeBold</font>
                        <textcolor>PanelWhite100</textcolor>
                        <label fallback="N/A">$INFO[Window(Weather).Property(Day4.HighTemp),[B],[/B]°]$INFO[Window(Weather).Property(Day4.LowTemp),  ,°]</label>
                    </control>
                    <control type="textbox">
                        <top>75%</top>
                        <height>130</height>
                        <left>10</left>
                        <right>10</right>
                        <align>center</align>
                        <font>Tiny</font>
                        <textcolor>PanelWhite100</textcolor>
                        <label fallback="161">$INFO[Window(Weather).Property(Day4.Outlook)]</label>
                    </control>
                </control>
            </control>
            <control type="image">
                <left>80</left>
                <top>912</top>
                <width>300</width>
                <height>100</height>
                <aspectratio align="left" aligny="center">keep</aspectratio>
                <texture>$INFO[Window.Property(WeatherProviderLogo)]</texture>
            </control>
            
        </control>
        <control type="button" id="9100" description="Fake Button">
            <visible allowhiddenfocus="true">false</visible>
            <onleft>9000</onleft>
            <onright>9000</onright>
            <onup>9000</onup>
            <ondown>9000</ondown>
            <onclick>SetFocus(9000)</onclick>
        </control>
        <control type="spincontrolex" id="3">
            <textoffsetx>30</textoffsetx>
            <description>Location Select</description>
            <visible allowhiddenfocus="true">false</visible>
        </control>
        <control type="group">
            <include>Animation.FadeIn</include>
            <include>Animation.FadeOut</include>
            <visible>ControlGroup(9000).HasFocus()</visible>
            <include>GlobalOverlay</include>
        </control>
        <control type="group">
            <include>Def9000Background</include>
            <control type="grouplist" id="9000">
                <onright>9100</onright>
                <onleft>9100</onleft>
                <onback>9100</onback>
                <usecontrolcoords>true</usecontrolcoords>
                <include>Def9000GroupList</include>
                
                <!-- Weather Options -->
                <control type="button" id="9008" description="Weather Location">
                    <include>DefContextButton</include>
                    <align>left</align>
                    <label>35500</label>
                    <label2>$INFO[Weather.Location]</label2>
                    <onclick>Weather.LocationNext</onclick>
                </control>
                <control type="button" id="9001" description="Select icons">
                    <include>DefContextButton</include>
                    <align>left</align>
                    <label>Select weather icons</label>
                    <onclick>RunScript(script.image.resource.select,property=weathericons&amp;type=resource.images.weathericons)</onclick>
                    <enable>System.HasAddon(script.image.resource.select)</enable>
                </control>
                <control type="button" id="9004" description="Set Weather Fanart">
                    <include>DefContextButton</include>
                    <align>left</align>
                    <label>31143</label>
                    <onclick>RunScript(script.image.resource.select,property=weatherfanart&amp;type=resource.images.weatherfanart)</onclick>
                    <enable>System.HasAddon(script.image.resource.select)</enable>
                </control>
                <control type="radiobutton" id="9002" description="Show weather overlay">
                    <include>DefContextButton</include>
                    <align>left</align>
                    <label>31234</label>
                    <enable>!IsEmpty(Skin.String(weatherfanart.path))</enable>
                    <selected>!Skin.HasSetting(weather.hidefanart)</selected>
                    <onclick>Skin.ToggleSetting(weather.hidefanart)</onclick>
                </control>
                <control type="button" id="9003" description="Weather Settings">
                    <include>DefContextButton</include>
                    <align>left</align>
                    <label>$LOCALIZE[5]</label>
                    <onclick>activatewindow(WeatherSettings)</onclick>
                </control>
            </control>
        </control>
    </controls>

</window>