<?xml version="1.0" encoding="UTF-8"?>
<window type="dialog">
    <defaultcontrol always="true">9000</defaultcontrol>

    <controls>
        <control type="list" id="100">
            <posx>-10</posx>
            <posy>-10</posy>
            <width>1</width>
            <height>1</height>
            <visible>false</visible>
            <itemlayout width="1" height="1"/>
            <focusedlayout width="1" height="1"/>
        </control>
        <control type="grouplist">
            <visible>!Window.IsVisible(script-ExtendedInfo Script-DialogVideoInfo.xml)</visible>
            <include>Animation.FadeIn</include>
            <include>Animation.FadeOut</include>
            <left>SidePad</left>
            <centerbottom>NavBarPad</centerbottom>
            <width>1400</width>
            <height>120</height>
            <orientation>horizontal</orientation>
            <align>left</align>
            <itemgap>24</itemgap>
            <usecontrolcoords>true</usecontrolcoords>
            
            <control type="image">
                <width>64</width>
                <height>64</height>
                <centertop>50%</centertop>
                <texture colordiffuse="White100">flags/$VAR[SearchFlagstar1].png</texture>
                <visible>!Skin.HasSetting(furniture.numericrating) | !IsEmpty(Container(100).ListItem.Property(Rating))</visible>
            </control>
            <control type="image">
                <posx>-48</posx>
                <width>64</width>
                <height>64</height>
                <centertop>50%</centertop>
                <texture colordiffuse="White100">flags/$VAR[SearchFlagstar2].png</texture>
                <visible>!Skin.HasSetting(furniture.numericrating)</visible>
            </control>
            <control type="image">
                <posx>-48</posx>
                <width>64</width>
                <height>64</height>
                <centertop>50%</centertop>
                <texture colordiffuse="White100">flags/$VAR[SearchFlagstar3].png</texture>
                <visible>!Skin.HasSetting(furniture.numericrating)</visible>
            </control>
            <control type="image">
                <posx>-48</posx>
                <width>64</width>
                <height>64</height>
                <centertop>50%</centertop>
                <texture colordiffuse="White100">flags/$VAR[SearchFlagstar4].png</texture>
                <visible>!Skin.HasSetting(furniture.numericrating)</visible>
            </control>
            <control type="image">
                <posx>-48</posx>
                <width>64</width>
                <height>64</height>
                <centertop>50%</centertop>
                <texture colordiffuse="White100">flags/$VAR[SearchFlagstar5].png</texture>
                <visible>!Skin.HasSetting(furniture.numericrating)</visible>
            </control>
            <control type="label">
                <left>-16</left>
                <width min="48">auto</width>
                <centertop>50%</centertop>
                <height>64</height>
                <align>left</align>
                <aligny>center</aligny>
                <label>$INFO[Container(100).ListItem.Property(Rating)]</label>
                <font>Flag</font>
                <textcolor>White100</textcolor>
                <visible>Skin.HasSetting(furniture.numericrating) + !IsEmpty(Container(100).ListItem.Property(Rating))</visible>
            </control>
            
            <control type="image">
                <width>88</width>
                <height>64</height>
                <centertop>50%</centertop>
                <texture colordiffuse="White100" fallback="flags/fallback.png">$INFO[Container(100).ListItem.Property(VideoCodec),flags/source/,.png]</texture>
                <aspectratio align="center">keep</aspectratio>
                <visible>Skin.HasSetting(furniture.flagicons) + !IsEmpty(Container(100).ListItem.Property(VideoCodec))</visible>
            </control>
            <control type="image">
                <width>88</width>
                <height>64</height>
                <centertop>50%</centertop>
                <texture colordiffuse="White100" fallback="flags/fallback.png">$INFO[Container(100).ListItem.Property(VideoAspect),flags/aspectratio/,.png]</texture>
                <aspectratio align="center">keep</aspectratio>
                <visible>Skin.HasSetting(furniture.flagicons) + !IsEmpty(Container(100).ListItem.Property(VideoAspect))</visible>
            </control>
            <control type="image">
                <width>88</width>
                <height>64</height>
                <centertop>50%</centertop>
                <texture colordiffuse="White100" fallback="flags/fallback.png">$INFO[Container(100).ListItem.Property(AudioCodec),flags/audio/,.png]</texture>
                <aspectratio align="center">keep</aspectratio>
                <visible>Skin.HasSetting(furniture.flagicons) + !IsEmpty(Container(100).ListItem.Property(AudioCodec))</visible>
            </control>
            <control type="image">
                <width>88</width>
                <height>64</height>
                <centertop>50%</centertop>
                <texture colordiffuse="White100" fallback="flags/fallback.png">$INFO[Container(100).ListItem.Property(AudioChannels),flags/channels/,.png]</texture>
                <aspectratio align="center">keep</aspectratio>
                <visible>Skin.HasSetting(furniture.flagicons) + !IsEmpty(Container(100).ListItem.Property(AudioChannels))</visible>
            </control>
            
            
            
            <control type="image">
                <width>48</width>
                <height>64</height>
                <centertop>50%</centertop>
                <texture colordiffuse="White100">flags/video.png</texture>
                <aspectratio align="left">scale</aspectratio>
                <visible>!Skin.HasSetting(furniture.flagicons) + !IsEmpty(Container(100).ListItem.Property(VideoResolution))</visible>
            </control>
            <control type="label">
                <width min="128">auto</width>
                <centertop>50%</centertop>
                <height>64</height>
                <align>left</align>
                <aligny>center</aligny>
                <label>$INFO[Container(100).ListItem.Property(VideoCodec),,  •  ]$INFO[Container(100).ListItem.Property(VideoResolution)]$INFO[Container(100).ListItem.Property(VideoAspect),  •  ,]</label>
                <font>Flag</font>
                <textcolor>White100</textcolor>
                <visible>!Skin.HasSetting(furniture.flagicons) + !IsEmpty(Container(100).ListItem.Property(VideoResolution))</visible>
            </control>
            <control type="image">
                <width>48</width>
                <centertop>50%</centertop>
                <height>64</height>
                <texture colordiffuse="White100">flags/audio.png</texture>
                <aspectratio align="left">scale</aspectratio>
                <visible>!Skin.HasSetting(furniture.flagicons) + !IsEmpty(Container(100).ListItem.Property(AudioCodec))</visible>
            </control>
            <control type="label">
                <width>auto</width>
                <centertop>50%</centertop>
                <height>64</height>
                <align>left</align>
                <aligny>center</aligny>
                <label>$INFO[Container(100).ListItem.Property(AudioCodec)]$VAR[LabelSearchAudioChannels,  •  ,]</label>
                <font>Flag</font>
                <textcolor>White100</textcolor>
                <visible>!Skin.HasSetting(furniture.flagicons) + !IsEmpty(Container(100).ListItem.Property(AudioCodec))</visible>
            </control>
            <control type="image">
                <width>48</width>
                <height>64</height>
                <centertop>50%</centertop>
                <texture colordiffuse="White100">flags/time.png</texture>
                <aspectratio align="left">scale</aspectratio>
                <visible>!IsEmpty(Container(100).ListItem.Property(Duration))</visible>
            </control>
            <control type="label">
                <width>auto</width>
                <centertop>50%</centertop>
                <height>64</height>
                <align>left</align>
                <aligny>center</aligny>
                <label>$INFO[Container(100).ListItem.Property(Duration),, $LOCALIZE[31102]  ]</label>
                <font>Flag</font>
                <textcolor>White100</textcolor>
                <visible>!IsEmpty(Container(100).ListItem.Property(Duration))</visible>
            </control>
        </control>

        <control type="group" id="101">
            <control type="group" id="110">
                <include>GlobalSearchInfoPosterArt</include>
                <include>GlobalSearchVideoDetails</include>
            </control>
            <control type="group" id="120">
                <include>GlobalSearchInfoPosterArt</include>
                <include>GlobalSearchVideoDetails</include>
            </control>
            <control type="group" id="130">
                <include>GlobalSearchInfoPosterArt</include>
                <include>GlobalSearchVideoDetails</include>
            </control>
            <control type="group" id="140">
                <include>GlobalSearchInfoPosterArt</include>
                <include>GlobalSearchVideoDetails</include>
            </control>
            <control type="group" id="150">
                <include>GlobalSearchInfoSquareArt</include>
                <include>GlobalSearchMusicDetails</include>
            </control>
            <control type="group" id="160">
                <include>GlobalSearchInfoSquareArt</include>
                <include>GlobalSearchMusicDetails</include>
            </control>
            <control type="group" id="170">
                <include>GlobalSearchInfoSquareArt</include>
                <include>GlobalSearchMusicDetails</include>
            </control>
            <control type="group" id="180">
                <include>GlobalSearchInfoSquareArt</include>
                <include>GlobalSearchMusicDetails</include>
            </control>
            <control type="group" id="200">
                <include>GlobalSearchInfoSquareArt</include>
                <include>GlobalSearchEPGDetails</include>
            </control>
            <control type="group">
                <visible>!Window.IsVisible(script-ExtendedInfo Script-DialogVideoInfo.xml)</visible>
                <animation effect="slide" start="1920" end="0" delay="0" time="300" tween="quadratic" easing="out">WindowOpen</animation>
                <animation effect="slide" start="0" end="1920" time="300" tween="quadratic" easing="in">WindowClose</animation>
                <animation effect="slide" start="1920" end="0" delay="0" time="300" tween="quadratic" easing="out">Visible</animation>
                <animation effect="slide" start="0" end="1920" time="300" tween="quadratic" easing="in">Hidden</animation>
                <control type="button" id ="9601">
                    <width>1</width>
                    <height>1</height>
                    <visible allowhiddenfocus="true">false</visible>
                    <onback>9000</onback>
                    <onup>9000</onup>
                    <ondown>9000</ondown>
                    <onleft>9000</onleft>
                    <onright>9000</onright>
                </control>
                <control type="grouplist" id="9000">
                    <visible allowhiddenfocus="true">ControlGroup(9000).HasFocus()</visible>
                    <animation effect="slide" start="0" end="212" time="0" condition="Control.IsVisible(150) | Control.IsVisible(160) | Control.IsVisible(170) | Control.IsVisible(180) | Control.IsVisible(200)">Conditional</animation>
                    <bottom>224</bottom>
                    <left>540</left>
                    <right>SidePad</right>
                    <height>68</height>
                    <onup>9601</onup>
                    <itemgap>16</itemgap>
                    <orientation>horizontal</orientation>
                    <control type="button" id ="191">
                        <description>Ok button</description>
                        <label>186</label>
                        <width>260</width>
                        <include>DefInfoButtons</include>
                    </control>
                    <control type="button" id ="192">
                        <description>Play button</description>
                        <label>-</label>
                        <width>260</width>
                        <include>DefInfoButtons</include>
                    </control>
                    <control type="button" id ="193">
                        <description>Trailer button</description>
                        <label>-</label>
                        <width>260</width>
                        <include>DefInfoButtons</include>
                    </control>
                    <control type="button" id ="9001">
                        <visible>Control.IsVisible(110)</visible>
                        <description>Extended button</description>
                        <label>TMDb</label>
                        <width>260</width>
                        <include>DefInfoButtons</include>
                        <onclick>RunScript(script.extendedinfo,info=extendedinfo,name=$INFO[Container(100).ListItem.Label])</onclick>
                    </control>
                    <control type="button" id ="9002">
                        <visible>Control.IsVisible(120)</visible>
                        <description>Extended button</description>
                        <label>TMDb</label>
                        <width>260</width>
                        <include>DefInfoButtons</include>
                        <onclick>RunScript(script.extendedinfo,info=extendedtvinfo,name=$INFO[Container(100).ListItem.Label])</onclick>
                    </control>
                    <control type="button" id ="9003">
                        <visible>Control.IsVisible(140)</visible>
                        <description>Extended button</description>
                        <label>TMDb</label>
                        <width>260</width>
                        <include>DefInfoButtons</include>
                        <onclick>RunScript(script.extendedinfo,info=extendedtvinfo,name=$INFO[Container(100).ListItem.Property(TvShowTitle)])</onclick>
                    </control>
                </control>
                <control type="label">
                    <right>SidePad</right>
                    <left>SidePad</left>
                    <bottom>174</bottom>
                    <height>50</height>
                    <font>Mini</font>
                    <scroll>true</scroll>
                    <textcolor>White30</textcolor>
                    <label>$INFO[Container(100).ListItem.Property(Path)]</label>
                    <aligny>center</aligny>
                    <align>right</align>
                    <visible>ControlGroup(9000).HasFocus() + [Control.IsVisible(110) | Control.IsVisible(140) | Control.IsVisible(150) | Control.IsVisible(180)]</visible>
                    <include>Animation.FadeIn</include>
                </control>
            </control>
        </control>
        <control type="group">
            <visible>Control.HasFocus(9601)</visible>
            <include>Animation.FadeIn</include>
            <include>Animation.FadeOut</include>
            
            <control type="image" description="Background">
                <include>Dimensions_Fullscreen</include>
                <texture colordiffuse="$VAR[ColorBackground]">common/bg.png</texture>
                <animation effect="fade" start="100" end="95" condition="true">Conditional</animation>
            </control>

        </control>

        <control type="group">
            <left>SidePad</left>
            <right>SidePad</right>
            <top>PosterPad</top>
            <height>670</height>
            <visible>Control.HasFocus(9601)</visible>
            <include>Animation.FadeIn.Slide</include>
            <include>Animation.FadeOut</include>
            
            
            <control type="label">
                <description>header label</description>
                <left>60</left>
                <right>60</right>
                <posy>60</posy>
                <font>EpisodeNumber</font>
                <textcolor>White100</textcolor>
                <height>45</height>
                <label>$INFO[Container(100).ListItem.Label]</label>
            </control>

            <control type="textbox">
                <description>textarea</description>
                <left>60</left>
                <right>60</right>
                <top>150</top>
                <bottom>0</bottom>
                <font>Medium</font>
                <textcolor>White100</textcolor>
                <label>$INFO[Container(100).ListItem.Property(Plot)]</label>
                <visible>![Control.IsVisible(170) | Control.IsVisible(160)]</visible>
            </control>
            <control type="textbox">
                <description>textarea</description>
                <left>60</left>
                <right>60</right>
                <top>150</top>
                <bottom>0</bottom>
                <font>Medium</font>
                <textcolor>White100</textcolor>
                <label>$INFO[Container(100).ListItem.Property(Album_Description)]</label>
                <visible>Control.IsVisible(170)</visible>
            </control>
            <control type="textbox">
                <description>textarea</description>
                <left>60</left>
                <right>60</right>
                <top>150</top>
                <bottom>0</bottom>
                <font>Medium</font>
                <textcolor>White100</textcolor>
                <label>$INFO[Container(100).ListItem.Property(Artist_Description)]</label>
                <visible>Control.IsVisible(160)</visible>
            </control>
        </control>
    </controls>

</window>
