<?xml version="1.0" encoding="UTF-8" standalone="yes"?>
<window>
    <onload>SetProperty(loading.progress,25)</onload>
    <onload>SetProperty(loading.status,$ADDON[script.hdhomerun.view 32010])</onload>
    <defaultcontrol>200</defaultcontrol>
    <coordinates>
        <system>1</system>
        <posx>0</posx>
        <posy>0</posy>
    </coordinates>
    <controls>

        <control type="image">
            <visible>!Window.IsActive(fullscreenvideo)</visible>
            <posx>0</posx>
            <posy>0</posy>
            <width>1920</width>
            <height>1080</height>
            <texture>common/white.png</texture>
            <colordiffuse>FF000000</colordiffuse>
            <aspectratio>stretch</aspectratio>
        </control>

        <control type="videowindow">
            <visible>!IsEmpty(Window.Property(touch.mode))</visible>
            <posx>0</posx>
            <posy>0</posy>
            <width>1920</width>
            <height>1080</height>
        </control>

        <control type="group" id="200">
            <animation effect="slide" start="0,0" end="-820,0" time="500" condition="!IsEmpty(Window.Property(show.overlay))">Conditional</animation>
            <posx>1920</posx>
            <posy>0</posy>
            <defaultcontrol>210</defaultcontrol>

            <control type="list" id="210">
                <posx>-1920</posx>
                <posy>0</posy>
                <width>1920</width>
                <height>1080</height>

                <itemlayout width="1920" height="1080">
                </itemlayout>
                <focusedlayout width="1920" height="1080">
                </focusedlayout>
            </control>

            <control type="list" id="201">
                <posx>0</posx>
                <posy>0</posy>
                <width>820</width>
                <height>1080</height>
                <scrolltime>200</scrolltime>
                <onup>200</onup>
                <ondown>200</ondown>
                <orientation>vertical</orientation>
                <preloaditems>2</preloaditems>

                <!-- ITEM LAYOUT ########################################## -->
                <itemlayout height="270">

                    <control type="group">
                        <visible>!IsEmpty(Window(10000).Property(script.hdhomerun.view.touch.mode)) | !IsEmpty(Window(10000).Property(script.hdhomerun.view.guide.full.detail))</visible>
                        <posx>0</posx>
                        <posy>0</posy>
                        <control type="image">
                            <posx>0</posx>
                            <posy>0</posy>
                            <width>820</width>
                            <height>268</height>
                            <texture colordiffuse="White70" border="8">common/box.png</texture>
                            <aspectratio>stretch</aspectratio>
                        </control>
                        <control type="image">
                            <visible>!IsEmpty(ListItem.Property(is.current))</visible>
                            <posx>0</posx>
                            <posy>0</posy>
                            <width>820</width>
                            <height>268</height>
                            <texture colordiffuse="PanelWhite70" border="8">common/box.png</texture>
                            <aspectratio>stretch</aspectratio>
                        </control>
                        <control type="image">
                            <posx>180</posx>
                            <posy>188</posy>
                            <width>640</width>
                            <height>81</height>
                            <texture>common/white.png</texture>
                            <colordiffuse>22FFFFFF</colordiffuse>
                            <aspectratio>stretch</aspectratio>
                        </control>
                        <control type="label">
                            <visible>IsEmpty(ListItem.Property(channel.icon))</visible>
                            <posx>10</posx>
                            <posy>10</posy>
                            <width>160</width>
                            <height>160</height>
                            <font>Medium</font>
                            <align>center</align>
                            <aligny>center</aligny>
                            <textcolor>Black70</textcolor>
                            <label>[B][COLOR $VAR[ColorHighlight]]$INFO[ListItem.Property(channel.number)][/COLOR][/B]</label>
                        </control>
                        <control type="image">
                            <posx>10</posx>
                            <posy>10</posy>
                            <width>160</width>
                            <height>160</height>
                            <texture>$INFO[ListItem.Property(channel.icon)]</texture>
                            <aspectratio aligny="top">scale</aspectratio>
                        </control>
                        <control type="image">
                            <posx>180</posx>
                            <posy>0</posy>
                            <width>240</width>
                            <height>180</height>
                            <texture fallback="script-hdhomerun-view-default_image.png">$INFO[ListItem.Thumb]</texture>
                            <aspectratio aligny="top">scale</aspectratio>
                        </control>

                        <control type="textbox">
                            <posx>10</posx>
                            <posy>180</posy>
                            <width>160</width>
                            <height>80</height>
                            <font>Tiny</font>
                            <align>center</align>
                            <textcolor>Black70</textcolor>
                            <label>[B]$INFO[ListItem.Label][/B]</label>
                        </control>
                        <control type="label">
                            <posx>430</posx>
                            <posy>10</posy>
                            <width>380</width>
                            <height>30</height>
                            <font>Tiny</font>
                            <align>left</align>
                            <textcolor>Black70</textcolor>
                            <label>[B]$INFO[ListItem.Property(show.title)][/B]</label>
                        </control>
                        <control type="textbox">
                            <posx>430</posx>
                            <posy>60</posy>
                            <width>380</width>
                            <height>128</height>
                            <font>Mini</font>
                            <align>left</align>
                            <textcolor>Black70</textcolor>
                            <label>$INFO[ListItem.Property(show.synopsis)]</label>
                        </control>

                        <control type="image">
                            <posx>190</posx>
                            <posy>193</posy>
                            <width>88</width>
                            <height>66</height>
                            <texture fallback="script-hdhomerun-view-default_image.png">$INFO[ListItem.Property(next.icon)]</texture>
                            <aspectratio aligny="top">scale</aspectratio>
                        </control>
                        <control type="label">
                            <posx>298</posx>
                            <posy>193</posy>
                            <width>500</width>
                            <height>30</height>
                            <font>Mini</font>
                            <align>left</align>
                            <textcolor>Black70</textcolor>
                            <label>$INFO[ListItem.Property(next.title)]</label>
                        </control>
                        <control type="label">
                            <posx>298</posx>
                            <posy>223</posy>
                            <width>150</width>
                            <height>30</height>
                            <font>Mini</font>
                            <align>left</align>
                            <textcolor>Black70</textcolor>
                            <label>$INFO[ListItem.Property(next.start)]</label>
                        </control>

                        <control type="image">
                            <posx>180</posx>
                            <posy>180</posy>
                            <width>240</width>
                            <height>8</height>
                            <texture>$INFO[ListItem.Property(show.progress)]</texture>
                            <colordiffuse>$VAR[ColorHighlight]</colordiffuse>
                            <aspectratio>stretch</aspectratio>
                        </control>
                    </control>

                    <control type="group">
                        <visible>IsEmpty(Window(10000).Property(script.hdhomerun.view.touch.mode)) + IsEmpty(Window(10000).Property(script.hdhomerun.view.guide.full.detail))</visible>
                        <posx>400</posx>
                        <posy>0</posy>

                        <control type="image">
                            <posx>0</posx>
                            <posy>0</posy>
                            <width>430</width>
                            <height>268</height>
                            <texture colordiffuse="White70" border="8">common/box.png</texture>
                            <aspectratio>stretch</aspectratio>
                        </control>
                        <control type="image">
                            <visible>!IsEmpty(ListItem.Property(is.current))</visible>
                            <posx>0</posx>
                            <posy>0</posy>
                            <width>430</width>
                            <height>268</height>
                            <texture colordiffuse="PanelWhite70" border="8">common/box.png</texture>
                            <aspectratio>stretch</aspectratio>
                        </control>
                        <control type="image">
                            <posx>180</posx>
                            <posy>188</posy>
                            <width>240</width>
                            <height>81</height>
                            <texture>common/white.png</texture>
                            <colordiffuse>22FFFFFF</colordiffuse>
                            <aspectratio>stretch</aspectratio>
                        </control>
                        <control type="label">
                            <visible>IsEmpty(ListItem.Property(channel.icon))</visible>
                            <posx>10</posx>
                            <posy>10</posy>
                            <width>160</width>
                            <height>160</height>
                            <font>Medium</font>
                            <align>center</align>
                            <aligny>center</aligny>
                            <textcolor>Black70</textcolor>
                            <label>[B][COLOR $VAR[ColorHighlight]]$INFO[ListItem.Property(channel.number)][/COLOR][/B]</label>
                        </control>
                        <control type="image">
                            <posx>10</posx>
                            <posy>10</posy>
                            <width>160</width>
                            <height>160</height>
                            <texture>$INFO[ListItem.Property(channel.icon)]</texture>
                            <aspectratio aligny="top">scale</aspectratio>
                        </control>
                        <control type="image">
                            <posx>180</posx>
                            <posy>0</posy>
                            <width>240</width>
                            <height>180</height>
                            <texture fallback="script-hdhomerun-view-default_image.png">$INFO[ListItem.Thumb]</texture>
                            <aspectratio aligny="top">scale</aspectratio>
                        </control>
                        <control type="textbox">
                            <posx>10</posx>
                            <posy>180</posy>
                            <width>160</width>
                            <height>80</height>
                            <font>Tiny</font>
                            <align>center</align>
                            <textcolor>Black70</textcolor>
                            <label>[B]$INFO[ListItem.Label][/B]</label>
                        </control>
                        <control type="textbox">
                            <posx>190</posx>
                            <posy>192</posy>
                            <width>220</width>
                            <height>65</height>
                            <font>Mini</font>
                            <align>left</align>
                            <aligny>top</aligny>
                            <textcolor>Black70</textcolor>
                            <label>$INFO[ListItem.Property(next.title)]</label>
                        </control>
                        <control type="image">
                            <posx>180</posx>
                            <posy>180</posy>
                            <width>240</width>
                            <height>8</height>
                            <texture>$INFO[ListItem.Property(show.progress)]</texture>
                            <colordiffuse>$VAR[ColorHighlight]</colordiffuse>
                            <aspectratio>stretch</aspectratio>
                        </control>

                        <!-- offscreen - just for pre-load to get ready for focused item-->
                        <control type="image">
                            <posx>500</posx>
                            <posy>193</posy>
                            <width>88</width>
                            <height>66</height>
                            <texture>$INFO[ListItem.Property(next.icon)]</texture>
                            <aspectratio aligny="top">scale</aspectratio>
                        </control>

                    </control>
                </itemlayout>

                <!-- FOCUSED LAYOUT ####################################### -->
                <focusedlayout height="270">
                    <control type="group">
                        <visible>!IsEmpty(Window(10000).Property(script.hdhomerun.view.touch.mode)) | !IsEmpty(Window(10000).Property(script.hdhomerun.view.guide.full.detail))</visible>
                        <posx>0</posx>
                        <posy>0</posy>
                        <control type="image">
                            <posx>0</posx>
                            <posy>0</posy>
                            <width>820</width>
                            <height>268</height>
                            <texture colordiffuse="PanelWhite100" border="8">common/box.png</texture>
                            <aspectratio>stretch</aspectratio>
                        </control>
                        <control type="image">
                            <visible>!IsEmpty(ListItem.Property(is.current))</visible>
                            <posx>0</posx>
                            <posy>0</posy>
                            <width>820</width>
                            <height>268</height>
                            <texture colordiffuse="PanelWhite100" border="8">common/box.png</texture>
                            <aspectratio>stretch</aspectratio>
                        </control>
                        <control type="image">
                            <posx>180</posx>
                            <posy>188</posy>
                            <width>640</width>
                            <height>81</height>
                            <texture>common/white.png</texture>
                            <colordiffuse>22FFFFFF</colordiffuse>
                            <aspectratio>stretch</aspectratio>
                        </control>
                        <control type="label">
                            <visible>IsEmpty(ListItem.Property(channel.icon))</visible>
                            <posx>10</posx>
                            <posy>10</posy>
                            <width>160</width>
                            <height>160</height>
                            <font>Medium</font>
                            <align>center</align>
                            <aligny>center</aligny>
                            <textcolor>Black70</textcolor>
                            <label>[B][COLOR $VAR[ColorHighlight]]$INFO[ListItem.Property(channel.number)][/COLOR][/B]</label>
                        </control>
                        <control type="image">
                            <posx>10</posx>
                            <posy>10</posy>
                            <width>160</width>
                            <height>160</height>
                            <texture>$INFO[ListItem.Property(channel.icon)]</texture>
                            <aspectratio aligny="top">scale</aspectratio>
                        </control>
                        <control type="image">
                            <posx>180</posx>
                            <posy>0</posy>
                            <width>240</width>
                            <height>180</height>
                            <texture fallback="script-hdhomerun-view-default_image.png">$INFO[ListItem.Thumb]</texture>
                            <aspectratio aligny="top">scale</aspectratio>
                        </control>

                        <control type="textbox">
                            <posx>10</posx>
                            <posy>180</posy>
                            <width>160</width>
                            <height>80</height>
                            <font>Tiny</font>
                            <align>center</align>
                            <textcolor>Black70</textcolor>
                            <label>[B]$INFO[ListItem.Label][/B]</label>
                        </control>
                        <control type="label">
                            <posx>430</posx>
                            <posy>10</posy>
                            <width>380</width>
                            <height>30</height>
                            <font>Tiny</font>
                            <align>left</align>
                            <textcolor>Black70</textcolor>
                            <label>[B]$INFO[ListItem.Property(show.title)][/B]</label>
                        </control>
                        <control type="textbox">
                            <posx>430</posx>
                            <posy>60</posy>
                            <width>380</width>
                            <height>128</height>
                            <font>Mini</font>
                            <align>left</align>
                            <textcolor>Black70</textcolor>
                            <label>$INFO[ListItem.Property(show.synopsis)]</label>
                        </control>

                        <control type="image">
                            <posx>190</posx>
                            <posy>196</posy>
                            <width>88</width>
                            <height>63</height>
                            <texture fallback="script-hdhomerun-view-default_image.png">$INFO[ListItem.Property(next.icon)]</texture>
                            <aspectratio aligny="top">scale</aspectratio>
                        </control>
                        <control type="label">
                            <posx>293</posx>
                            <posy>197</posy>
                            <width>500</width>
                            <height>30</height>
                            <font>Mini</font>
                            <align>left</align>
                            <textcolor>Black70</textcolor>
                            <label>$INFO[ListItem.Property(next.title)]</label>
                        </control>
                        <control type="label">
                            <posx>293</posx>
                            <posy>227</posy>
                            <width>150</width>
                            <height>30</height>
                            <font>Mini</font>
                            <align>left</align>
                            <textcolor>Black70</textcolor>
                            <label>$INFO[ListItem.Property(next.start)]</label>
                        </control>

                        <control type="image">
                            <posx>180</posx>
                            <posy>180</posy>
                            <width>240</width>
                            <height>8</height>
                            <texture>$INFO[ListItem.Property(show.progress)]</texture>
                            <colordiffuse>$VAR[ColorHighlight]</colordiffuse>
                            <aspectratio>stretch</aspectratio>
                        </control>
                    </control>

                    <control type="group">
                        <visible>IsEmpty(Window(10000).Property(script.hdhomerun.view.touch.mode)) + IsEmpty(Window(10000).Property(script.hdhomerun.view.guide.full.detail))</visible>
                        <animation effect="slide" start="400,0" end="0,0" time="200" delay="500">Focus</animation>
                        <posx>0</posx>
                        <posy>0</posy>
                        <control type="image">
                            <posx>0</posx>
                            <posy>0</posy>
                            <width>830</width>
                            <height>268</height>
                            <texture colordiffuse="PanelWhite100" border="8">common/box.png</texture>
                            <aspectratio>stretch</aspectratio>
                        </control>
                        <control type="image">
                            <visible>!IsEmpty(ListItem.Property(is.current))</visible>
                            <posx>0</posx>
                            <posy>0</posy>
                            <width>830</width>
                            <height>268</height>
                            <texture colordiffuse="PanelWhite100" border="8">common/box.png</texture>
                            <aspectratio>stretch</aspectratio>
                        </control>
                        <control type="image">
                            <posx>180</posx>
                            <posy>188</posy>
                            <width>640</width>
                            <height>81</height>
                            <texture>common/white.png</texture>
                            <colordiffuse>22FFFFFF</colordiffuse>
                            <aspectratio>stretch</aspectratio>
                        </control>
                        <control type="label">
                            <visible>IsEmpty(ListItem.Property(channel.icon))</visible>
                            <posx>10</posx>
                            <posy>10</posy>
                            <width>160</width>
                            <height>160</height>
                            <font>Medium</font>
                            <align>center</align>
                            <aligny>center</aligny>
                            <textcolor>Black70</textcolor>
                            <label>[B][COLOR $VAR[ColorHighlight]]$INFO[ListItem.Property(channel.number)][/COLOR][/B]</label>
                        </control>
                        <control type="image">
                            <posx>10</posx>
                            <posy>10</posy>
                            <width>160</width>
                            <height>160</height>
                            <texture>$INFO[ListItem.Property(channel.icon)]</texture>
                            <aspectratio aligny="top">scale</aspectratio>
                        </control>
                        <control type="image">
                            <posx>180</posx>
                            <posy>0</posy>
                            <width>240</width>
                            <height>180</height>
                            <texture fallback="script-hdhomerun-view-default_image.png">$INFO[ListItem.Thumb]</texture>
                            <aspectratio aligny="top">scale</aspectratio>
                        </control>

                        <control type="textbox">
                            <posx>10</posx>
                            <posy>180</posy>
                            <width>160</width>
                            <height>80</height>
                            <font>Tiny</font>
                            <align>center</align>
                            <textcolor>Black70</textcolor>
                            <label>[B]$INFO[ListItem.Label][/B]</label>
                        </control>
                        <control type="label">
                            <posx>430</posx>
                            <posy>10</posy>
                            <width>380</width>
                            <height>30</height>
                            <font>Tiny</font>
                            <align>left</align>
                            <textcolor>Black70</textcolor>
                            <label>[B]$INFO[ListItem.Property(show.title)][/B]</label>
                        </control>
                        <control type="textbox">
                            <posx>430</posx>
                            <posy>50</posy>
                            <width>380</width>
                            <height>130</height>
                            <font>Mini</font>
                            <align>left</align>
                            <textcolor>Black70</textcolor>
                            <label>$INFO[ListItem.Property(show.synopsis)]</label>
                        </control>
                        <control type="image">
                            <posx>190</posx>
                            <posy>196</posy>
                            <width>88</width>
                            <height>63</height>
                            <texture fallback="script-hdhomerun-view-default_image.png">$INFO[ListItem.Property(next.icon)]</texture>
                            <aspectratio aligny="top">scale</aspectratio>
                        </control>
                        <control type="label">
                            <posx>293</posx>
                            <posy>197</posy>
                            <width>500</width>
                            <height>30</height>
                            <font>Mini</font>
                            <align>left</align>
                            <textcolor>Black70</textcolor>
                            <label>$INFO[ListItem.Property(next.title)]</label>
                        </control>
                        <control type="label">
                            <posx>293</posx>
                            <posy>227</posy>
                            <width>150</width>
                            <height>30</height>
                            <font>Mini</font>
                            <align>left</align>
                            <textcolor>Black70</textcolor>
                            <label>$INFO[ListItem.Property(next.start)]</label>
                        </control>
                        <control type="image">
                            <posx>180</posx>
                            <posy>180</posy>
                            <width>240</width>
                            <height>8</height>
                            <texture>$INFO[ListItem.Property(show.progress)]</texture>
                            <colordiffuse>$VAR[ColorHighlight]</colordiffuse>
                            <aspectratio>stretch</aspectratio>
                        </control>
                    </control>
                </focusedlayout>
            </control>
        </control>

        <control type="group">
            <visible>False</visible>
            <!--<visible>[!IsEmpty(Window.Property(show.overlay)) | !IsEmpty(Window.Property(show.current))] + !IsEmpty(Window.Property(channel.name))</visible>-->
            <animation effect="slide" start="0,1080" end="0,-150" time="500">VisibleChange</animation>
            <posx>0</posx>
            <posy>1080</posy>
            <control type="image">
                <posx>0</posx>
                <posy>0</posy>
                <width>1090</width>
                <height>150</height>
                <texture>common/white.png</texture>
                <colordiffuse>E0000000</colordiffuse>
            </control>
            <control type="image">
                <posx>0</posx>
                <posy>0</posy>
                <width>200</width>
                <height>150</height>
                <texture fallback="script-hdhomerun-view-default_image.png">$INFO[Window.Property(show.icon)]</texture>
                <aspectratio aligny="top">scale</aspectratio>
            </control>
            <control type="label">
                <posx>210</posx>
                <posy>10</posy>
                <width>691</width>
                <height>30</height>
                <font>font13</font>
                <align>left</align>
                <textcolor>FFFFFFFF</textcolor>
                <label>[B]$INFO[Window.Property(show.title)][/B]</label>
            </control>
            <control type="label">
                <posx>210</posx>
                <posy>85</posy>
                <width>691</width>
                <height>30</height>
                <font>font13</font>
                <align>left</align>
                <textcolor>FFFFFFFF</textcolor>
                <label>[B]$INFO[Window.Property(channel.name)][/B]</label>
            </control>
            <control type="label">
                <posx>210</posx>
                <posy>50</posy>
                <width>691</width>
                <height>15</height>
                <font>font10</font>
                <align>left</align>
                <textcolor>FFFFFFFF</textcolor>
                <label>[B]$INFO[Window.Property(next.title)][/B]</label>
            </control>
            <control type="progress" id="250">
                <posx>200</posx>
                <posy>135</posy>
                <width>890</width>
                <height>15</height>
                <visible>true</visible>
                <reveal>false</reveal>
                <texturebg colordiffuse="DD000000">common/white.png</texturebg>
                <lefttexture>-</lefttexture>
                <midtexture colordiffuse="9000FF00">common/white.png</midtexture>
                <righttexture>-</righttexture>
                <overlaytexture>-</overlaytexture>
            </control>
            <control type="image">
                <posx>911</posx>
                <posy>10</posy>
                <width>100</width>
                <height>48</height>
                <texture>video/$INFO[VideoPlayer.VideoCodec].png</texture>
            </control>
            <control type="image">
                <posx>1016</posx>
                <posy>10</posy>
                <width>64</width>
                <height>48</height>
                <texture>video/$INFO[VideoPlayer.VideoResolution].png</texture>
            </control>
            <control type="image">
                <posx>911</posx>
                <posy>68</posy>
                <width>100</width>
                <height>48</height>
                <texture>audio/$INFO[VideoPlayer.AudioCodec].png</texture>
            </control>
            <control type="image">
                <posx>1016</posx>
                <posy>68</posy>
                <width>64</width>
                <height>48</height>
                <texture>audio/$INFO[VideoPlayer.AudioChannels].png</texture>
            </control>
        </control>

        <control type="group">
            <description>Seek bar for DVR</description>
            <visible>[!IsEmpty(Window.Property(show.seekbar)) + Player.HasVideo()] | [!IsEmpty(Window(10000).Property(script.hdhomerun.view.playing.dvr)) + [Player.Paused | Player.Seeking | Player.DisplayAfterSeek | Player.Forwarding | Player.Rewinding]]</visible>
            <posx>40</posx>
            <posy>960</posy>
            <control type="image">
                <posx>0</posx>
                <posy>0</posy>
                <width>1840</width>
                <height>60</height>
                <texture>common/white.png</texture>
                <colordiffuse>DD000000</colordiffuse>
            </control>
            <control type="group">
                <control type="progress">
                    <posx>120</posx>
                    <posy>20</posy>
                    <width>1600</width>
                    <height>20</height>
                    <visible>true</visible>
                    <reveal>false</reveal>
                    <info>Player.ProgressCache</info>
                    <texturebg colordiffuse="DD404040">common/white.png</texturebg>
                    <lefttexture>-</lefttexture>
                    <midtexture colordiffuse="FF606060">common/white.png</midtexture>
                    <righttexture>-</righttexture>
                    <overlaytexture>-</overlaytexture>
                </control>
                <control type="progress">
                    <posx>120</posx>
                    <posy>20</posy>
                    <width>1600</width>
                    <height>20</height>
                    <visible>true</visible>
                    <reveal>false</reveal>
                    <info>Player.Progress</info>
                    <texturebg colordiffuse="01000000">common/white.png</texturebg>
                    <lefttexture>-</lefttexture>
                    <midtexture colordiffuse="9000FF00">common/white.png</midtexture>
                    <righttexture>-</righttexture>
                    <overlaytexture>-</overlaytexture>
                </control>
                <control type="slider" id="251">
                    <description>Seek Slider</description>
                    <posx>120</posx>
                    <posy>0</posy>
                    <width>1600</width>
                    <height>60</height>
                    <action>seek</action>
                    <texturesliderbar colordiffuse="00FFFFFF">common/white.png</texturesliderbar>
                    <textureslidernib colordiffuse="FF004000">script-hdhomerun-view-white_nib.png</textureslidernib>
                    <textureslidernibfocus colordiffuse="FF008000">script-hdhomerun-view-white_nib.png</textureslidernibfocus>
                </control>

                <control type="label">
                    <posx>20</posx>
                    <posy>20</posy>
                    <width>200</width>
                    <height>20</height>
                    <font>font10</font>
                    <align>left</align>
                    <aligny>center</aligny>
                    <textcolor>FFFFFFFF</textcolor>
                    <label>$INFO[Player.Time(hh:mm:ss)]</label>
                </control>
                <control type="label">
                    <posx>1820</posx>
                    <posy>20</posy>
                    <width>200</width>
                    <height>20</height>
                    <font>font10</font>
                    <align>right</align>
                    <aligny>center</aligny>
                    <textcolor>FFFFFFFF</textcolor>
                    <label>$INFO[Player.Duration(hh:mm:ss)]</label>
                </control>

            </control>
        </control>

        <control type="group">
            <visible>!IsEmpty(Window.Property(loading.progress))</visible>
            <posx>760</posx>
            <posy>340</posy>

            <control type="image">
                <posx>80</posx>
                <posy>137</posy>
                <width>249</width>
                <height>138</height>
                <texture>common/white.png</texture>
                <colordiffuse>FF444444</colordiffuse>
            </control>

            <control type="image">
                <visible>StringCompare(Window.Property(loading.progress),25)</visible>
                <animation effect="zoom" start="24,100" end="50,100" center="0,69" time="1000">Visible</animation>
                <posx>80</posx>
                <posy>137</posy>
                <width>249</width>
                <height>138</height>
                <texture>script-hdhomerun-view-splash_progress_bar.png</texture>
            </control>
            <control type="image">
                <visible>StringCompare(Window.Property(loading.progress),50)</visible>
                <animation effect="zoom" start="50,100" end="75,100" center="0,69" time="1000">Visible</animation>
                <posx>80</posx>
                <posy>137</posy>
                <width>249</width>
                <height>138</height>
                <texture>script-hdhomerun-view-splash_progress_bar.png</texture>
            </control>
            <control type="image">
                <visible>StringCompare(Window.Property(loading.progress),75)</visible>
                <animation effect="zoom" start="75,100" end="100,100" center="0,69" time="1000">Visible</animation>
                <posx>80</posx>
                <posy>137</posy>
                <width>249</width>
                <height>138</height>
                <texture>script-hdhomerun-view-splash_progress_bar.png</texture>
            </control>
            <control type="image">
                <visible>StringCompare(Window.Property(loading.progress),100)</visible>
                <posx>80</posx>
                <posy>137</posy>
                <width>249</width>
                <height>138</height>
                <texture>script-hdhomerun-view-splash_progress_bar.png</texture>
            </control>

            <control type="image">
                <posx>0</posx>
                <posy>0</posy>
                <width>400</width>
                <height>400</height>
                <texture>script-hdhomerun-view-splash_progress_image.png</texture>
            </control>

            <control type="label">
                <posx>0</posx>
                <posy>420</posy>
                <width>400</width>
                <height>30</height>
                <font>font13</font>
                <align>center</align>
                <textcolor>FFFFFFFF</textcolor>
                <label>[B]$INFO[Window.Property(loading.status)][/B]</label>
            </control>

        </control>

        <control type="group">
            <visible>!IsEmpty(Window(10000).Property(script.hdhomerun.view.busy)) + [!Player.HasVideo | !IsEmpty(Window.Property(show.overlay))]</visible>
            <posx>1367</posx>
            <posy>860</posy>

            <control type="image">
                <posx>0</posx>
                <posy>0</posy>
                <width>503</width>
                <height>170</height>
                <texture>script-hdhomerun-view-loading_bg.png</texture>
                <colordiffuse>80FFFFFF</colordiffuse>
                <aspectratio>stretch</aspectratio>
            </control>
            <control type="label">
                <posx>21</posx>
                <posy>44</posy>
                <width>307</width>
                <height>106</height>
                <font>font13</font>
                <align>center</align>
                <aligny>center</aligny>
                <textcolor>FF000000</textcolor>
                <label>[B]$INFO[Window(10000).Property(script.hdhomerun.view.busy)][/B]</label>
            </control>
            <control type="image">
                <posx>354</posx>
                <posy>21</posy>
                <width>128</width>
                <height>128</height>
                <texture>script-hdhomerun-view-loading.gif</texture>
                <colordiffuse>80FFFFFF</colordiffuse>
                <aspectratio>stretch</aspectratio>
            </control>

        </control>

    </controls>
</window>
