<?xml version="1.0" encoding="UTF-8"?>
<window>
    <defaultcontrol always="true">10001</defaultcontrol>
    <controls>
        <control type="image">
            <include>Dimensions_Fullscreen</include>
            <texture>special://skin/extras/backgrounds/default_bg.jpg</texture>
            <include>Animation.FadeIn</include>
            <include>Animation.FadeOut</include>
        </control>
        <!-- Busy Loader -->
        <control type="group">
            <centerleft>50%</centerleft>
            <centerbottom>50%</centerbottom>
            <width>450</width>
            <height>117</height>
            <animation effect="fade" start="0" end="100" time="350" tween="cubic" easing="inout">Visible</animation>
            <animation effect="fade" start="0" end="100" time="350" delay="100" tween="cubic" easing="inout">WindowOpen</animation>
            <include>Animation.FadeOut</include>
            <control type="image">
                <description>Busy animation</description>
                <visible>!Container(10001).OnPrevious + !Container(10001).OnNext</visible>
                <animation effect="fade" time="350" delay="500">Visible</animation>
                <posx>30</posx>
                <posy>30</posy>
                <width>48</width>
                <height>48</height>
                <texture colordiffuse="$VAR[ColorHighlight]" fallback="special://skin/extras/spinners/Sun.png">$INFO[Skin.String(busyloader)]</texture>
                <animation effect="rotate" start="360" end="0" center="auto" time="2000" loop="true" condition="true">conditional</animation>
                <aspectratio>keep</aspectratio>
            </control>
            <control type="label">
                <description>Busy label</description>
                <visible>!Container(10001).OnPrevious + !Container(10001).OnNext</visible>
                <animation effect="fade" time="350" delay="500">Visible</animation>
                <posx>105</posx>
                <posy>30</posy>
                <width>720</width>
                <height>48</height>
                <align>left</align>
                <label>$LOCALIZE[31138]...</label>
                <textcolor>White100</textcolor>
            </control>
        </control>
        <control type="list" id="10001">
            <left>-90</left>
            <top>0</top>
            <width>2100</width>
            <height>1080</height>
            <onleft>10001</onleft>
            <onright>10001</onright>
            <ondown>9001</ondown>
            <include>Animation.FadeIn</include>
            <include>Animation.FadeOut</include>
            <scrolltime tween="sine">400</scrolltime>
            <orientation>Horizontal</orientation>
            <itemlayout height="1080" width="1920">
                <control type="image">
                    <left>90</left>
                    <top>0</top>
                    <width>1920</width>
                    <height>1080</height>
                    <aspectratio>keep</aspectratio>
                    <fadetime>200</fadetime>
                    <texture>$INFO[ListItem.Property(Original)]</texture>
                </control>
            </itemlayout>
            <focusedlayout height="1080" width="1920">
                <control type="image">
                    <left>90</left>
                    <top>0</top>
                    <width>1920</width>
                    <height>1080</height>
                    <aspectratio>keep</aspectratio>
                    <fadetime>200</fadetime>
                    <texture>$INFO[ListItem.Property(Original)]</texture>
                </control>
            </focusedlayout>
        </control>
    </controls>
</window>
