<?xml version="1.0" encoding="UTF-8"?>
<!-- Foundation -->
<window id="34">
    <defaultcontrol always="true">4</defaultcontrol>

    <controls>
        <include>GlobalBackground</include>
        <include>Furniture_Header</include>
        <include>Furniture_Clock</include>
        <include>Furniture_NowPlaying</include>
        <include>Furniture_Weather</include>
        <include>GlobalOverlay</include>

        <control type="group">
            <width>700</width>
            <include>DefDialogInfoPanel</include>
            
            <control type="label">
                <description>Header Label</description>
                <centerleft>50%</centerleft>
                <width>1000</width>
                <align>center</align>
                <label>10130</label>
                <posy>15</posy>
                <font>MediumBold</font>
            </control>

            <control type="radiobutton" id="4">
                <description>Enable Login Screen</description>
                <left>15</left>
                <right>15</right>
                <textoffsetx>20</textoffsetx>
                <posy>90</posy>
                <label>20096</label>
                <align>left</align>
                <ondown>2</ondown>
                <radioposx>624</radioposx>
                <texturefocus colordiffuse="$VAR[ColorHighlight]" border="8">common/box.png</texturefocus>
            </control>

            <control type="list" id="2">
                <posx>15</posx>
                <posy>159</posy>
                <width>670</width>
                <height>483</height>
                <onup>4</onup>

                <itemlayout height="69" width="670">

                    <control type="label">
                        <posx>20</posx>
                        <width>810</width>
                        <info>ListItem.Label</info>
                    </control>

                    <control type="label">
                        <right>20</right>
                        <width>810</width>
                        <align>right</align>
                        <font>Tiny</font>
                        <info>ListItem.Label2</info>
                    </control>

                </itemlayout>

                <focusedlayout height="69" width="670">
                    <control type="group">
                        
                        <visible>Control.HasFocus(2)</visible>
                        <control type="image">
                            <width>100%</width>
                            <height>66</height>
                            <texture border="5" colordiffuse="$VAR[ColorHighlight]">common/box.png</texture>
                        </control>

                        <control type="label">
                            <posx>20</posx>
                            <width>810</width>
                            <textcolor>Selected</textcolor>
                            <info>ListItem.Label</info>
                        </control>

                        <control type="label">
                            <right>20</right>
                            <width>810</width>
                            <align>right</align>
                            <font>Tiny</font>
                            <textcolor>Selected</textcolor>
                            <info>ListItem.Label2</info>
                        </control>
                    </control>
                    <control type="group">
                        <visible>!Control.HasFocus(2)</visible>
                        <control type="label">
                            <posx>20</posx>
                            <width>810</width>
                            <info>ListItem.Label</info>
                        </control>

                        <control type="label">
                            <right>20</right>
                            <width>810</width>
                            <align>right</align>
                            <font>Tiny</font>
                            <info>ListItem.Label2</info>
                        </control>
                    </control>

                </focusedlayout>

            </control>

        </control>

    </controls>

</window>
