<window>
    <defaultcontrol>30</defaultcontrol>
    <defaultcontrol always="true">9101</defaultcontrol>

    <controls>
        <include>GlobalBackground</include>
        <include>Furniture_Header</include>
        <include>Furniture_NowPlaying</include>
        <include>Furniture_Clock</include>
        <include>Furniture_Weather</include>
        <control type="group">
            <include>Animation.Common</include>
            <left>72</left>
            <right>72</right>
            <top>208</top>
            <height>656</height>
            <control type="image">
                <width>100%</width>
                <height>100%</height>
                <texture border="16" colordiffuse="PanelFull">common/rounded-shadow8.png</texture>
            </control>
            <control type="group">
                <animation effect="fade" time="150" tween="cubic" start="100" end="0" reversible="true">Hidden</animation>
                <left>8</left>
                <right>8</right>
                <top>8</top>
                <bottom>8</bottom>
                <!-- Left Group -->
                <control type="grouplist" id="9100">
                    <description>Button Area</description>
                    <width>450</width>
                    <top>140</top>
                    <bottom>10</bottom>
                    <itemgap>0</itemgap>
                    <onleft>9000</onleft>
                    <onright>9200</onright>
                    <onup>9100</onup>
                    <ondown>9100</ondown>
                    <orientation>vertical</orientation>
                    <control type="togglebutton" id="9101" description="Home">
                        <usealttexture>ControlGroup(9100).HasFocus(9101)</usealttexture>
                        <alttexturenofocus colordiffuse="$VAR[ColorHighlight]">common/white.png</alttexturenofocus>
                        <include>DefSettingsButton</include>
                        <label>10000</label>
                    </control>
                    <control type="togglebutton" id="9104" description="Widgets">
                        <usealttexture>ControlGroup(9100).HasFocus(9104)</usealttexture>
                        <alttexturenofocus colordiffuse="$VAR[ColorHighlight]">common/white.png</alttexturenofocus>
                        <include>DefSettingsButton</include>
                        <label>31144</label>
                    </control>

                    <control type="togglebutton" id="9102" description="Background">
                        <usealttexture>ControlGroup(9100).HasFocus(9102)</usealttexture>
                        <alttexturenofocus colordiffuse="$VAR[ColorHighlight]">common/white.png</alttexturenofocus>
                        <include>DefSettingsButton</include>
                        <label>31110</label>
                    </control>
                    <control type="togglebutton" id="9105" description="Hub Items">
                        <usealttexture>ControlGroup(9100).HasFocus(9105)</usealttexture>
                        <alttexturenofocus colordiffuse="$VAR[ColorHighlight]">common/white.png</alttexturenofocus>
                        <include>DefSettingsButton</include>
                        <label>31178</label>
                    </control>
                    <control type="togglebutton" id="9106" description="Furniture">
                        <usealttexture>ControlGroup(9100).HasFocus(9106)</usealttexture>
                        <alttexturenofocus colordiffuse="$VAR[ColorHighlight]">common/white.png</alttexturenofocus>
                        <include>DefSettingsButton</include>
                        <label>31152</label>
                    </control>
                    <control type="togglebutton" id="9103" description="OSD">
                        <usealttexture>ControlGroup(9100).HasFocus(9103)</usealttexture>
                        <alttexturenofocus colordiffuse="$VAR[ColorHighlight]">common/white.png</alttexturenofocus>
                        <include>DefSettingsButton</include>
                        <label>478</label>
                    </control>
                    
                    <control type="togglebutton" id="9107" description="Extras">
                        <usealttexture>ControlGroup(9100).HasFocus(9107)</usealttexture>
                        <alttexturenofocus colordiffuse="$VAR[ColorHighlight]">common/white.png</alttexturenofocus>
                        <include>DefSettingsButton</include>
                        <label>31169</label>
                    </control>

                    <control type="togglebutton" id="9108" description="Advanced">
                        <usealttexture>ControlGroup(9100).HasFocus(9108)</usealttexture>
                        <alttexturenofocus colordiffuse="$VAR[ColorHighlight]">common/white.png</alttexturenofocus>
                        <include>DefSettingsButton</include>
                        <label>Advanced</label>
                    </control>

                    <control type="togglebutton" id="9109" description="Add-ons">
                        <usealttexture>ControlGroup(9100).HasFocus(9109)</usealttexture>
                        <alttexturenofocus colordiffuse="$VAR[ColorHighlight]">common/white.png</alttexturenofocus>
                        <include>DefSettingsButton</include>
                        <label>Add-ons</label>
                    </control>
                </control>
                
                
                <!-- Right Group -->
                <control type="grouplist" id="9200">
                    <description>Control Area</description>
                    <left>450</left>
                    <right>0</right>
                    <top>140</top>
                    <bottom>10</bottom>
                    <itemgap>0</itemgap>
                    <onleft>9100</onleft>
                    <onright>9000</onright>
                    <onup>9200</onup>
                    <ondown>9200</ondown>
                    <orientation>vertical</orientation>
                    <!-- Home -->
                    <control type="button" id="9210" description="Customise Home">
                        <width>1310</width>
                        <visible>ControlGroup(9100).HasFocus(9101)</visible>
                        <include>DefSettingsButton</include>
                        <label>31109</label>
                        <onclick>RunScript(script.skinshortcuts,type=manage&amp;group=mainmenu)</onclick>
                    </control>
                    <control type="button" id="9211" description="Home Style">
                        <width>1310</width>
                        <visible>ControlGroup(9100).HasFocus(9101)</visible>
                        <include>DefSettingsButton</include>
                        <label>31247</label>
                        <label2>$VAR[LabelHomeWidgetStyle]</label2>
                        <onclick condition="Skin.HasSetting(home.classicwidgets)">Skin.SetBool(home.vertical)</onclick>
                        <onclick condition="Skin.HasSetting(home.classicwidgets)">Skin.Reset(home.classicwidgets)</onclick>
                        <onclick condition="Skin.HasSetting(home.vertical)">Skin.Reset(home.vertical)</onclick>
                        <onclick condition="Skin.HasSetting(home.vertical)">Skin.SetBool(home.classicwidgets)</onclick>
                    </control>
                    
                    <control type="radiobutton" id="9212" description="Show Header">
                        <width>1310</width>
                        <visible>ControlGroup(9100).HasFocus(9101)</visible>
                        <include>DefSettingsButton</include>
                        <label>31115</label>
                        <selected>Skin.HasSetting(home.showheader)</selected>
                        <onclick>Skin.ToggleSetting(home.showheader)</onclick>
                        <enable>!Skin.HasSetting(home.vertical)</enable>
                    </control>
                
                    <control type="radiobutton" id="9213" description="Show Icons">
                        <width>1310</width>
                        <visible>ControlGroup(9100).HasFocus(9101)</visible>
                        <include>DefSettingsButton</include>
                        <label>31190</label>
                        <selected>Skin.HasSetting(home.showicons)</selected>
                        <onclick>Skin.ToggleSetting(home.showicons)</onclick>
                    </control>
                    
                    <control type="radiobutton" id="9214" description="Horz Sub">
                        <width>1310</width>
                        <visible>ControlGroup(9100).HasFocus(9101)</visible>
                        <include>DefSettingsButton</include>
                        <label>31202</label>
                        <enable>!Skin.HasSetting(home.vertical)</enable>
                        <selected>Skin.HasSetting(home.submenu2)</selected>
                        <onclick>Skin.ToggleSetting(home.submenu2)</onclick>
                    </control>
                    
                    <!-- Background -->
                    <control type="button" id="9220" description="Set library fanart">
                        <width>1310</width>
                        <visible>ControlGroup(9100).HasFocus(9102)</visible>
                        <include>DefSettingsButton</include>
                        <label>Select library background</label>
                        <label2>$VAR[LibraryBackground]</label2>
                        <onclick>SetProperty(Dialog.1.Label,None)</onclick>
                        <onclick>SetProperty(Dialog.1.BuiltIn,Skin.SetBool(global.hidefanart))</onclick>
                        <onclick>SetProperty(Dialog.2.Label,Fanart)</onclick>
                        <onclick>SetProperty(Dialog.2.BuiltIn,Skin.Reset(global.hidefanart)||Skin.Reset(SkinHelper.EnableExtraFanart))</onclick>
                        <onclick>SetProperty(Dialog.3.Label,Extra fanart)</onclick>
                        <onclick>SetProperty(Dialog.3.BuiltIn,Skin.Reset(global.hidefanart)||Skin.SetBool(SkinHelper.EnableExtraFanart))</onclick>
                        <onclick>RunScript(script.toolbox,info=selectdialog,header=Select library background)</onclick>
                    </control>
                    <control type="radiobutton" id="9221" description="Animate Fanart">
                        <width>1310</width>
                        <visible>ControlGroup(9100).HasFocus(9102)</visible>
                        <include>DefSettingsButton</include>
                        <label>- Animate library background</label>
                        <selected>Skin.HasSetting(Fanart.Animate)</selected>
                        <onclick>Skin.ToggleSetting(Fanart.Animate)</onclick>
                    </control>
                    <control type="button" id="9222" description="Set music viz fanart">
                        <width>1310</width>
                        <visible>ControlGroup(9100).HasFocus(9102)</visible>
                        <include>DefSettingsButton</include>
                        <label>Select music visualization background</label>
                        <label2>$VAR[MusicVizBackground]</label2>
                        <onclick>SetProperty(Dialog.1.Label,None)</onclick>
                        <onclick>SetProperty(Dialog.1.BuiltIn,Skin.Reset(musicvis.background))</onclick>
                        <onclick>SetProperty(Dialog.2.Label,Fanart)</onclick>
                        <onclick>SetProperty(Dialog.2.BuiltIn,Skin.SetString(musicvis.background,fanart))</onclick>
                        <onclick condition="System.HasAddon(script.artistslideshow)">SetProperty(Dialog.3.Label,Artist slideshow)</onclick>
                        <onclick condition="System.HasAddon(script.artistslideshow)">SetProperty(Dialog.3.BuiltIn,Skin.SetString(musicvis.background,artistslideshow))</onclick>
                        <onclick>SetProperty(Dialog.4.Label,Album wall)</onclick>
                        <onclick>SetProperty(Dialog.4.BuiltIn,Skin.SetString(musicvis.background,albumwall))</onclick>
                        <onclick condition="System.HasAddon(script.colorbox)">SetProperty(Dialog.5.Label,Blurred album cover)</onclick>
                        <onclick condition="System.HasAddon(script.colorbox)">SetProperty(Dialog.5.BuiltIn,Skin.SetString(musicvis.background,bluralbum))</onclick>
                        <onclick condition="System.HasAddon(script.colorbox)">SetProperty(Dialog.6.Label,Pixelated fanart)</onclick>
                        <onclick condition="System.HasAddon(script.colorbox)">SetProperty(Dialog.6.BuiltIn,Skin.SetString(musicvis.background,pixelfanart))</onclick>
                        <onclick condition="System.HasAddon(script.colorbox)">SetProperty(Dialog.7.Label,Posterized fanart)</onclick>
                        <onclick condition="System.HasAddon(script.colorbox)">SetProperty(Dialog.7.BuiltIn,Skin.SetString(musicvis.background,posterizefanart))</onclick>
                        <onclick>RunScript(script.toolbox,info=selectdialog,header=Select music visualization background)</onclick>
                    </control>
                    <control type="radiobutton" id="9223" description="Animate background">
                        <width>1310</width>
                        <visible>ControlGroup(9100).HasFocus(9102)</visible>
                        <include>DefSettingsButton</include>
                        <label>- Animate music visualization background</label>
                        <selected>Skin.HasSetting(ArtistSlideshow.Animate)</selected>
                        <onclick>Skin.ToggleSetting(ArtistSlideshow.Animate)</onclick>
                        <enable>!IsEmpty(Skin.String(musicvis.background)) + !StringCompare(Skin.String(musicvis.background),albumwall)</enable>
                    </control>
                    <control type="radiobutton" id="9224" description="Show slideshow in background">
                        <width>1310</width>
                        <visible>ControlGroup(9100).HasFocus(9102)</visible>
                        <include>DefSettingsButton</include>
                        <label>- Show visualization behind background</label>
                        <selected>Skin.HasSetting(OSDVisualisation.ShowFanart)</selected>
                        <onclick>Skin.ToggleSetting(OSDVisualisation.ShowFanart)</onclick>
                        <enable>!IsEmpty(Skin.String(musicvis.background))</enable>
                    </control>
                    <control type="button" id="9225" description="Set Fallback Image">
                        <width>1310</width>
                        <visible>ControlGroup(9100).HasFocus(9102)</visible>
                        <include>DefSettingsButton</include>
                        <label>31150</label>
                        <label2>$INFO[Skin.String(fanart.fallback)]</label2>
                        <onclick>Skin.SetImage(fanart.fallback,special://skin/extras/backgrounds)</onclick>
                    </control>
                    <control type="button" id="9228" description="Reset Fallback Image">
                        <width>1310</width>
                        <visible>ControlGroup(9100).HasFocus(9102)</visible>
                        <include>DefSettingsButton</include>
                        <label>- Reset</label>
                        <onclick>Skin.Reset(fanart.fallback)</onclick>
                        <onclick>SetFocus(9225)</onclick>
                        <visible>!IsEmpty(Skin.String(fanart.fallback))</visible>
                    </control>
                    <control type="radiobutton" id="9226" description="Show video in background">
                        <width>1310</width>
                        <visible>ControlGroup(9100).HasFocus(9102)</visible>
                        <include>DefSettingsButton</include>
                        <label>31111</label>
                        <selected>Skin.HasSetting(global.showvideo)</selected>
                        <onclick>Skin.ToggleSetting(global.showvideo)</onclick>
                    </control>
                    <control type="radiobutton" id="9227" description="Show vis in background">
                        <width>1310</width>
                        <visible>ControlGroup(9100).HasFocus(9102)</visible>
                        <include>DefSettingsButton</include>
                        <label>31172</label>
                        <selected>Skin.HasSetting(global.showvisualisation)</selected>
                        <onclick>Skin.ToggleSetting(global.showvisualisation)</onclick>
                    </control>
                    
                    <!-- OSD -->
                    <control type="radiobutton" id="9230" description="Show detailed info on pause">
                        <width>1310</width>
                        <visible>ControlGroup(9100).HasFocus(9103)</visible>
                        <include>DefSettingsButton</include>
                        <label>31201</label>
                        <selected>Skin.HasSetting(osd.showinfoonpause)</selected>
                        <onclick>Skin.ToggleSetting(osd.showinfoonpause)</onclick>
                    </control>
                    <control type="radiobutton" id="9231" description="Always show osd info/controls in music visualisation">
                        <width>1310</width>
                        <visible>ControlGroup(9100).HasFocus(9103)</visible>
                        <include>DefSettingsButton</include>
                        <label>Always display info and osd controls on music visualization</label>
                        <selected>Skin.HasSetting(osd.alwaysshowmusicosd)</selected>
                        <onclick>Skin.ToggleSetting(osd.alwaysshowmusicosd)</onclick>
                    </control>
                    <control type="radiobutton" id="9232" description="Show clearart">
                        <width>1310</width>
                        <visible>ControlGroup(9100).HasFocus(9103)</visible>
                        <include>DefSettingsButton</include>
                        <label>31217</label>
                        <selected>Skin.HasSetting(ShowClearArtOSD)</selected>
                        <onclick>Skin.ToggleSetting(ShowClearArtOSD)</onclick>
                    </control>
                    
                    <!-- Widgets -->
                    <control type="radiobutton" id="9240" description="Classic Widget Auto show">
                        <width>1310</width>
                        <visible>ControlGroup(9100).HasFocus(9104)</visible>
                        <include>DefSettingsButton</include>
                        <label>Display only when pressing up (horizontal menu) or right (vertical menu)</label>
                        <selected>Skin.HasSetting(home.dontautoshowwidget)</selected>
                        <onclick>Skin.ToggleSetting(home.dontautoshowwidget)</onclick>
                    </control>
                    <control type="radiobutton" id="9244" description="Autoscroll">
                        <width>1310</width>
                        <visible>ControlGroup(9100).HasFocus(9104)</visible>
                        <include>DefSettingsButton</include>
                        <label>Auto scroll widgets</label>
                        <selected>Skin.HasSetting(WidgetScroll.Enable)</selected>
                        <onclick>Skin.ToggleSetting(WidgetScroll.Enable)</onclick>
                    </control>
                    <control type="radiobutton" id="9241" description="Show slideshow instead of fanart">
                        <width>1310</width>
                        <visible>ControlGroup(9100).HasFocus(9104)</visible>
                        <include>DefSettingsButton</include>
                        <label>31149</label>
                        <selected>Skin.HasSetting(home.dontshowfanart)</selected>
                        <onclick condition="!Skin.HasSetting(home.dontshowfanart) + IsEmpty(Skin.String(home.slideshowpath))">Skin.SetPath(home.slideshowpath)</onclick>
                        <onclick>Skin.ToggleSetting(home.dontshowfanart)</onclick>
                    </control>
                    <control type="button" id="9242" description="Set Slideshow Path">
                        <width>1310</width>
                        <visible>ControlGroup(9100).HasFocus(9104)</visible>
                        <include>DefSettingsButton</include>
                        <label>31131</label>
                        <label2>$INFO[Skin.String(home.slideshowpath)]</label2>
                        <onclick>Skin.SetPath(home.slideshowpath)</onclick>
                        <enable>Skin.HasSetting(home.dontshowfanart)</enable>
                    </control>
                    <control type="button" id="9243" description="Reset Slideshow Path">
                        <width>1310</width>
                        <visible>ControlGroup(9100).HasFocus(9104)</visible>
                        <include>DefSettingsButton</include>
                        <label>- Reset</label>
                        <onclick>Skin.Reset(home.dontshowfanart)</onclick>
                        <onclick>Skin.Reset(home.slideshowpath)</onclick>
                        <onclick>SetFocus(9241)</onclick>
                        <enable>Skin.HasSetting(home.dontshowfanart)</enable>
                    </control>
                                        
                    <!-- Hubs -->
                    <control type="button" id="9251" description="Select Movies Hub Widget">
                        <width>1310</width>
                        <visible>ControlGroup(9100).HasFocus(9105)</visible>
                        <include>DefSettingsButton</include>
                        <label>31182</label>
                        <label2>$INFO[Skin.String(MovieHubWidget)]</label2>
                        <onclick condition="IsEmpty(Skin.String(MovieHubWidget))">Skin.SetFile(MovieHubWidget,.xsp|.m3u,special://profile/playlists/video/)</onclick>
                        <onclick condition="!IsEmpty(Skin.String(MovieHubWidget))">Skin.Reset(MovieHubWidget)</onclick>
                    </control>
                    <control type="button" id="9252" description="Select Movies Hub Items">
                        <width>1310</width>
                        <visible>ControlGroup(9100).HasFocus(9105)</visible>
                        <include>DefSettingsButton</include>
                        <label>31256</label>
                        <onclick>RunScript(script.skinshortcuts,type=manage&amp;group=movieshub)</onclick>
                    </control>
                    <control type="button" id="9253" description="Select TV Shows Hub Widget">
                        <width>1310</width>
                        <visible>ControlGroup(9100).HasFocus(9105)</visible>
                        <include>DefSettingsButton</include>
                        <label>31183</label>
                        <label2>$INFO[Skin.String(TVHubWidget)]</label2>
                        <onclick condition="IsEmpty(Skin.String(TVHubWidget))">Skin.SetFile(TVHubWidget,.xsp|.m3u,special://profile/playlists/video/)</onclick>
                        <onclick condition="!IsEmpty(Skin.String(TVHubWidget))">Skin.Reset(TVHubWidget)</onclick>
                    </control>
                    <control type="button" id="9254" description="Select TV Hub Items">
                        <width>1310</width>
                        <visible>ControlGroup(9100).HasFocus(9105)</visible>
                        <include>DefSettingsButton</include>
                        <label>31257</label>
                        <onclick>RunScript(script.skinshortcuts,type=manage&amp;group=episodeshub)</onclick>
                    </control>
                    
                    
                    <!-- Furniture -->
                    <control type="radiobutton" id="9261" description="Header">
                        <width>1310</width>
                        <visible>ControlGroup(9100).HasFocus(9106)</visible>
                        <include>DefSettingsButton</include>
                        <label>31115</label>
                        <selected>!Skin.HasSetting(furniture.header)</selected>
                        <onclick>Skin.ToggleSetting(furniture.header)</onclick>
                    </control>
                    <control type="radiobutton" id="9262" description="Clock">
                        <width>1310</width>
                        <visible>ControlGroup(9100).HasFocus(9106)</visible>
                        <include>DefSettingsButton</include>
                        <label>31153</label>
                        <selected>!Skin.HasSetting(furniture.clock)</selected>
                        <onclick>Skin.ToggleSetting(furniture.clock)</onclick>
                    </control>
                    <control type="radiobutton" id="9265" description="Weather">
                        <width>1310</width>
                        <visible>ControlGroup(9100).HasFocus(9106)</visible>
                        <include>DefSettingsButton</include>
                        <label>31197</label>
                        <selected>Skin.HasSetting(furniture.weather)</selected>
                        <onclick>Skin.Reset(furniture.topweather)</onclick>
                        <onclick>Skin.ToggleSetting(furniture.weather)</onclick>
                        <enable>!Skin.HasSetting(furniture.clock)</enable>
                    </control>
                    <control type="radiobutton" id="9260" description="Weather Top">
                        <width>1310</width>
                        <visible>ControlGroup(9100).HasFocus(9106)</visible>
                        <include>DefSettingsButton</include>
                        <label>31145</label>
                        <selected>Skin.HasSetting(furniture.topweather)</selected>
                        <onclick>Skin.Reset(furniture.weather)</onclick>
                        <onclick>Skin.ToggleSetting(furniture.topweather)</onclick>
                    </control>
                    <control type="radiobutton" id="9263" description="Flags">
                        <width>1310</width>
                        <visible>ControlGroup(9100).HasFocus(9106)</visible>
                        <include>DefSettingsButton</include>
                        <label>31154</label>
                        <selected>!Skin.HasSetting(furniture.flags)</selected>
                        <onclick>Skin.ToggleSetting(furniture.flags)</onclick>
                    </control>
                    <control type="radiobutton" id="9269" description="FlagsIcons">
                        <width>1310</width>
                        <visible>ControlGroup(9100).HasFocus(9106)</visible>
                        <include>DefSettingsButton</include>
                        <label>31246</label>
                        <selected>Skin.HasSetting(furniture.flagicons)</selected>
                        <onclick>Skin.ToggleSetting(furniture.flagicons)</onclick>
                    </control>
                    <control type="radiobutton" id="9266" description="Numeric Rating">
                        <width>1310</width>
                        <visible>ControlGroup(9100).HasFocus(9106)</visible>
                        <include>DefSettingsButton</include>
                        <label>31218</label>
                        <selected>Skin.HasSetting(furniture.numericrating)</selected>
                        <onclick>Skin.ToggleSetting(furniture.numericrating)</onclick>
                        <enable>!Skin.HasSetting(furniture.flags)</enable>
                    </control>
                    <control type="radiobutton" id="9264" description="Now Playing">
                        <width>1310</width>
                        <visible>ControlGroup(9100).HasFocus(9106)</visible>
                        <include>DefSettingsButton</include>
                        <label>31155</label>
                        <selected>!Skin.HasSetting(furniture.nowplaying)</selected>
                        <onclick>Skin.ToggleSetting(furniture.nowplaying)</onclick>
                    </control>
                    <control type="radiobutton" id="9268" description="Clearlogo">
                        <width>1310</width>
                        <visible>ControlGroup(9100).HasFocus(9106)</visible>
                        <include>DefSettingsButton</include>
                        <label>31179</label>
                        <selected>Skin.HasSetting(furniture.logo)</selected>
                        <onclick>Skin.ToggleSetting(furniture.logo)</onclick>
                    </control>
                    <control type="radiobutton" id="9267" description="Reflections">
                        <width>1310</width>
                        <visible>ControlGroup(9100).HasFocus(9106)</visible>
                        <include>DefSettingsButton</include>
                        <label>31219</label>
                        <selected>Skin.HasSetting(show.reflections)</selected>
                        <onclick>Skin.ToggleSetting(show.reflections)</onclick>
                    </control>
                    <control type="radiobutton" id="9361" description="Plot Overlay">
                        <width>1310</width>
                        <visible>ControlGroup(9100).HasFocus(9106)</visible>
                        <include>DefSettingsButton</include>
                        <label>31254</label>
                        <selected>Skin.HasSetting(furniture.overlayinfo)</selected>
                        <onclick>Skin.ToggleSetting(furniture.overlayinfo)</onclick>
                    </control>                  
                    
                    <!-- Extras -->
                    <control type="button" id="9279" description="Set Highlight Color">
                        <width>1310</width>
                        <visible>ControlGroup(9100).HasFocus(9107)</visible>
                        <include>DefSettingsButton</include>
                        <label>$LOCALIZE[31238]</label>
                        <label2>[UPPERCASE]$INFO[Skin.String(focuscolor.name)][/UPPERCASE]</label2>
                        <onclick>RunScript(script.skin.helper.service,action=colorpicker,skinstring=focuscolor.name,header=Select highlight color)</onclick>
                    </control>
                    <control type="button" id="9271" description="Set Background Color">
                        <width>1310</width>
                        <visible>ControlGroup(9100).HasFocus(9107)</visible>
                        <include>DefSettingsButton</include>
                        <label>Select background color</label>
                        <label2>[UPPERCASE]$INFO[Skin.String(backgroundcolor.name)][/UPPERCASE]</label2>
                        <onclick>RunScript(script.skin.helper.service,action=colorpicker,skinstring=backgroundcolor.name,header=Select background color)</onclick>
                    </control>
                    <control type="button" id="9272" description="Reset colors">
                        <width>1310</width>
                        <visible>ControlGroup(9100).HasFocus(9107)</visible>
                        <include>DefSettingsButton</include>
                        <label>Reset colors to defaults</label>
                        <onclick>Skin.Reset(focuscolor.name)</onclick>
                        <onclick>Skin.Reset(backgroundcolor.name)</onclick>
                    </control>
                    <control type="radiobutton" id="9273" description="Busy Loader Minimal">
                        <width>1310</width>
                        <visible>ControlGroup(9100).HasFocus(9107)</visible>
                        <include>DefSettingsButton</include>
                        <label>31237</label>
                        <selected>Skin.HasSetting(hide.busydialog)</selected>
                        <onclick>Skin.ToggleSetting(hide.busydialog)</onclick>
                    </control>
                    <control type="button" id="9274" description="Busy Loader Image">
                        <width>1310</width>
                        <visible>ControlGroup(9100).HasFocus(9107)</visible>
                        <include>DefSettingsButton</include>
                        <label>31216</label>
                        <label2>$INFO[Skin.String(busyloader)]</label2>
                        <onclick>Skin.SetImage(busyloader,special://skin/extras/spinners)</onclick>
                    </control>

                    <!-- Advanced -->
                    <control type="radiobutton" id="9280" description="Kiosk Mode">
                        <width>1310</width>
                        <visible>ControlGroup(9100).HasFocus(9108)</visible>
                        <include>DefSettingsButton</include>
                        <label>31199</label>
                        <selected>Skin.HasSetting(global.kioskmode)</selected>
                        <onclick>Skin.ToggleSetting(global.kioskmode)</onclick>
                    </control>
                    <control type="radiobutton" id="9281" description="Debug mode">
                        <width>1310</width>
                        <visible>ControlGroup(9100).HasFocus(9108)</visible>
                        <include>DefSettingsButton</include>
                        <label>20191</label>
                        <onclick>Skin.ToggleSetting(Skin.ToggleDebug)</onclick>
                        <onclick>Skin.ToggleDebug</onclick>
                        <selected>Skin.HasSetting(Skin.ToggleDebug)</selected>
                    </control>
                    <control type="button" id="9282" description="Backup settings">
                        <width>1310</width>
                        <visible>ControlGroup(9100).HasFocus(9108) + System.HasAddon(script.skin.helper.service)</visible>
                        <include>DefSettingsButton</include>
                        <label>Backup skin settings</label>
                        <onclick>RunScript(script.skin.helper.service,action=backup)</onclick>
                    </control>
                    <control type="button" id="9283" description="Restore settings">
                        <width>1310</width>
                        <visible>ControlGroup(9100).HasFocus(9108) + System.HasAddon(script.skin.helper.service)</visible>
                        <include>DefSettingsButton</include>
                        <label>Restore skin settings</label>
                        <onclick>RunScript(script.skin.helper.service,action=restore)</onclick>
                    </control>
                    <control type="button" id="9284" description="Reset settings">
                        <width>1310</width>
                        <visible>ControlGroup(9100).HasFocus(9108) + System.HasAddon(script.skin.helper.service)</visible>
                        <include>DefSettingsButton</include>
                        <label>Reset skin settings</label>
                        <onclick>RunScript(script.skin.helper.service,action=reset)</onclick>
                    </control>

                    <!-- Scripts -->
                    <control type="button" id="9290" description="Video Genre Icons">
                        <width>1310</width>
                        <visible>ControlGroup(9100).HasFocus(9109)</visible>
                        <include>DefSettingsButton</include>
                        <label>resource.images.moviegenreicons.arctic.zephyr</label>
                        <label2>$VAR[StatusVideoGenreIcons]</label2>
                        <onclick condition="System.HasAddon(resource.images.moviegenreicons.arctic.zephyr)">Addon.OpenSettings(resource.images.moviegenreicons.arctic.zephyr)</onclick>
                        <onclick condition="!System.HasAddon(resource.images.moviegenreicons.arctic.zephyr)">RunPlugin(plugin://resource.images.moviegenreicons.arctic.zephyr)</onclick>
                    </control>
                    <control type="button" id="9299" description="Artist Slideshow">
                        <width>1310</width>
                        <visible>ControlGroup(9100).HasFocus(9109)</visible>
                        <include>DefSettingsButton</include>
                        <label>script.artistslideshow</label>
                        <label2>$VAR[StatusArtistSlideshow]</label2>
                        <onclick condition="System.HasAddon(script.artistslideshow)">Addon.OpenSettings(script.artistslideshow)</onclick>
                        <onclick condition="!System.HasAddon(script.artistslideshow)">RunPlugin(plugin://script.artistslideshow)</onclick>
                    </control>
                    <control type="button" id="9291" description="Extended Info">
                        <width>1310</width>
                        <visible>ControlGroup(9100).HasFocus(9109)</visible>
                        <include>DefSettingsButton</include>
                        <label>script.extendedinfo</label>
                        <label2>$VAR[StatusExtendedInfo]</label2>
                        <onclick condition="System.HasAddon(script.extendedinfo)">Addon.OpenSettings(script.extendedinfo)</onclick>
                        <onclick condition="!System.HasAddon(script.extendedinfo)">RunPlugin(plugin://script.extendedinfo)</onclick>
                    </control>
                    <control type="button" id="9296" description="Global Search">
                        <width>1310</width>
                        <visible>ControlGroup(9100).HasFocus(9109)</visible>
                        <include>DefSettingsButton</include>
                        <label>script.globalsearch</label>
                        <label2>$VAR[StatusGlobalSearch]</label2>
                        <onclick condition="System.HasAddon(script.globalsearch)">Addon.OpenSettings(script.globalsearch)</onclick>
                        <onclick condition="!System.HasAddon(script.globalsearch)">RunPlugin(plugin://script.globalsearch)</onclick>
                    </control>
                    <control type="button" id="9298" description="Grab Fanart">
                        <width>1310</width>
                        <visible>ControlGroup(9100).HasFocus(9109)</visible>
                        <include>DefSettingsButton</include>
                        <label>script.grab.fanart</label>
                        <label2>$VAR[StatusGrabFanart]</label2>
                        <onclick condition="System.HasAddon(script.grab.fanart)">Addon.OpenSettings(script.grab.fanart)</onclick>
                        <onclick condition="!System.HasAddon(script.grab.fanart)">RunPlugin(plugin://script.grab.fanart)</onclick>
                    </control>
                    <control type="button" id="9300" description="Image Resource Select">
                        <width>1310</width>
                        <visible>ControlGroup(9100).HasFocus(9109)</visible>
                        <include>DefSettingsButton</include>
                        <label>script.image.resource.select</label>
                        <label2>$VAR[StatusImageResourceSelect]</label2>
                        <onclick condition="System.HasAddon(script.grab.fanart)">Addon.OpenSettings(script.image.resource.select)</onclick>
                        <onclick condition="!System.HasAddon(script.grab.fanart)">RunPlugin(plugin://script.image.resource.select)</onclick>
                    </control>
                    <control type="button" id="9292" description="Skin Helper Service">
                        <width>1310</width>
                        <visible>ControlGroup(9100).HasFocus(9109)</visible>
                        <include>DefSettingsButton</include>
                        <label>script.skin.helper.service</label>
                        <label2>$VAR[StatusSkinHelperService]</label2>
                        <onclick condition="System.HasAddon(script.skin.helper.service)">Addon.OpenSettings(script.skin.helper.service)</onclick>
                        <onclick condition="!System.HasAddon(script.skin.helper.service)">RunPlugin(plugin://script.skin.helper.service)</onclick>
                    </control>
                    <control type="button" id="9293" description="Skin Shortcuts">
                        <width>1310</width>
                        <visible>ControlGroup(9100).HasFocus(9109)</visible>
                        <include>DefSettingsButton</include>
                        <label>script.skinshortcuts</label>
                        <label2>$VAR[StatusSkinShortcuts]</label2>
                        <onclick condition="System.HasAddon(script.skinshortcuts)">Addon.OpenSettings(script.skinshortcuts)</onclick>
                        <onclick condition="!System.HasAddon(script.skinshortcuts)">RunPlugin(plugin://script.skinshortcuts)</onclick>
                    </control>
                    <control type="button" id="9294" description="Toolbox">
                        <width>1310</width>
                        <visible>ControlGroup(9100).HasFocus(9109)</visible>
                        <include>DefSettingsButton</include>
                        <label>script.toolbox</label>
                        <label2>$VAR[StatusToolbox]</label2>
                        <onclick condition="System.HasAddon(script.toolbox)">Addon.OpenSettings(script.toolbox)</onclick>
                        <onclick condition="!System.HasAddon(script.toolbox)">RunPlugin(plugin://script.toolbox)</onclick>
                    </control>
                    <control type="button" id="9295" description="Library Data Provider">
                        <width>1310</width>
                        <visible>ControlGroup(9100).HasFocus(9109)</visible>
                        <include>DefSettingsButton</include>
                        <label>service.library.data.provider</label>
                        <label2>$VAR[StatusLibraryDataProvider]</label2>
                        <onclick condition="System.HasAddon(service.library.data.provider)">Addon.OpenSettings(service.library.data.provider)</onclick>
                        <onclick condition="!System.HasAddon(service.library.data.provider)">RunPlugin(plugin://service.library.data.provider)</onclick>
                    </control>
                    <control type="button" id="9297" description="Nextup Notification">
                        <width>1310</width>
                        <visible>ControlGroup(9100).HasFocus(9109)</visible>
                        <include>DefSettingsButton</include>
                        <label>service.nextup.notification</label>
                        <label2>$VAR[StatusNextupNotification]</label2>
                        <onclick condition="System.HasAddon(service.nextup.notification)">Addon.OpenSettings(service.nextup.notification)</onclick>
                        <onclick condition="!System.HasAddon(service.nextup.notification)">RunPlugin(plugin://service.nextup.notification)</onclick>
                    </control>
                    
                </control>
                
                
                
                <!-- Lines -->
                <control type="image">
                    <top>10</top>
                    <left>450</left>
                    <width>1</width>
                    <bottom>10</bottom>
                    <colordiffuse>Black12</colordiffuse>
                    <texture>common/white.png</texture>
                </control>
         
                
                <!-- Header -->
                <control type="label">
                    <left>30</left>
                    <width>390</width>
                    <posy>18</posy>
                    <font>MediumBold</font>
                    <label>5</label>
                    <textcolor>PanelWhite100</textcolor>
                </control>
                <control type="label">
                    <left>30</left>
                    <right>30</right>
                    <posy>77</posy>
                    <height>30</height>
                    <font>Tiny</font>
                    <textcolor>PanelWhite70</textcolor>
                    <scroll>true</scroll>
                    <align>left</align>
                    <textoffsetx>0</textoffsetx>
                    <texturenofocus>noop</texturenofocus>
                    <texturefocus>noop</texturefocus>
                    <label>$INFO[System.ProfileName]</label>
                </control>
                <control type="label">
                    <left>480</left>
                    <width>390</width>
                    <posy>18</posy>
                    <font>MediumBold</font>
                    <label>$VAR[Label_SettingsHeader]</label>
                    <textcolor>PanelWhite100</textcolor>
                </control>
                <control type="label">
                    <left>480</left>
                    <right>30</right>
                    <posy>77</posy>
                    <height>30</height>
                    <font>Tiny</font>
                    <textcolor>PanelWhite70</textcolor>
                    <scroll>true</scroll>
                    <label>19055</label>
                </control>
            </control>
        </control>
        <include>Def9000SettingsMenu</include>
    </controls>
</window>
