<?xml version="1.0" encoding="UTF-8"?>
<!-- Foundation -->
<window id="2005">
    <defaultcontrol>-</defaultcontrol>
    <controls>
        
        <control type="group" id="0">
            <left>0</left>
            <include>Animation.FadeIn</include>
            <visible>Control.IsVisible(10) | Control.IsVisible(11) | Control.IsVisible(12)</visible>
            <control type="image">
                <width>1920</width>
                <height>325</height>
                <texture colordiffuse="$VAR[ColorBackground]" flipy="false">common/white.png</texture>
                
            </control>
            <control type="grouplist">
                <posx>20</posx>
                <posy>20</posy>
                <orientation>vertical</orientation>
                <control type="label" id="10">
                    <description>row 1 label</description>
                    <width>auto</width>
                    <height>75</height>
                    <align>left</align>
                    <aligny>top</aligny>
                    <textcolor>PanelWhite100</textcolor>
                </control>
                <control type="label" id="11">
                    <description>row 2 label</description>
                    <height>75</height>
                    <width>auto</width>
                    <align>left</align>
                    <aligny>top</aligny>
                    <textcolor>PanelWhite100</textcolor>
                </control>
                <control type="label" id="12">
                    <description>row 3 label</description>
                    <width>auto</width>
                    <height>75</height>
                    <align>left</align>
                    <aligny>top</aligny>
                    <textcolor>PanelWhite100</textcolor>
                </control>
            </control>
        </control>
        
    </controls>

</window>
