<?xml version="1.0" encoding="UTF-8"?>
<!-- Foundation -->
<window id="122">
    <defaultcontrol always="true">2</defaultcontrol>

    <controls>

        <control type="group">
            <posy>95</posy>
            <width>700</width>
            <height>658</height>
            <include>DefDialogInfoPanel</include>
            <control type="label" id="2">
                <description>Header Label</description>
                <centerleft>50%</centerleft>
                <width>1000</width>
                <align>center</align>
                <label>-</label>
                <posy>15</posy>
                <font>MediumBold</font>
            </control>

            <control type="list" id="5">
                <description>Preset List</description>
                <posx>15</posx>
                <posy>90</posy>
                <width>670</width>
                <height>552</height>
                <onup>2</onup>
                <ondown>2</ondown>

                <itemlayout height="69" width="670">

                    <control type="label">
                        <left>30</left>
                        <right>30</right>
                        <textcolor>Black70</textcolor>
                        <info>ListItem.Label</info>
                    </control>

                </itemlayout>

                <focusedlayout height="69" width="670">

                    <control type="image">
                        <width>100%</width>
                        <height>66</height>
                        <texture colordiffuse="$VAR[ColorHighlight]" border="8">common/box.png</texture>
                    </control>

                    <control type="label">
                        <left>30</left>
                        <right>30</right>
                        <textcolor>White100</textcolor>
                        <info>ListItem.Label</info>
                    </control>

                </focusedlayout>

            </control>

        </control>

    </controls>

</window>
