<?xml version='1.0' encoding='UTF-8'?>
<shortcuts>
    <shortcut>
        <visible>!Skin.HasSetting(plexbmc)</visible>
        <defaultID>pictures</defaultID>
        <label>10002</label>
        <label2>Common Shortcut</label2>
        <icon>DefaultShortcut.png</icon>
        <thumb></thumb>
        <action>ActivateWindow(Pictures,root)</action>
    </shortcut>
    <shortcut>
        <defaultID>24001</defaultID>
        <label>24001</label>
        <label2>Common Shortcut</label2>
        <icon>DefaultShortcut.png</icon>
        <thumb></thumb>
        <action>ActivateWindow(1119)</action>
    </shortcut>
    <shortcut>
        <visible>!Skin.HasSetting(plexbmc)</visible>
        <defaultID>videos</defaultID>
        <label>10006</label>
        <label2>Common Shortcut</label2>
        <icon>DefaultShortcut.png</icon>
        <thumb></thumb>
        <action>ActivateWindow(Videos,root)</action>
    </shortcut>
    <shortcut>
        <visible>!Skin.HasSetting(plexbmc) + Library.HasContent(Movies)</visible>
        <defaultID>movies</defaultID>
        <label>342</label>
        <label2>Common Shortcut</label2>
        <icon>DefaultShortcut.png</icon>
        <thumb></thumb>
        <action>ActivateWindow(VideoLibrary,MovieTitles,return)</action>
    </shortcut>
    <shortcut>
        <visible>!Skin.HasSetting(plexbmc) + Library.HasContent(TVShows)</visible>
        <defaultID>tvshows</defaultID>
        <label>20343</label>
        <label2>Common Shortcut</label2>
        <icon>DefaultShortcut.png</icon>
        <thumb></thumb>
        <action>ActivateWindow(VideoLibrary,TVShowTitles,return)</action>
    </shortcut>
    <shortcut>
        <visible>!Skin.HasSetting(plexbmc)</visible>
        <defaultID>music</defaultID>
        <label>10005</label>
        <label2>Common Shortcut</label2>
        <icon>DefaultShortcut.png</icon>
        <thumb></thumb>
        <action>ActivateWindow(Music)</action>
    </shortcut>
    <shortcut>
        <visible>!Skin.HasSetting(plexbmc) + Library.HasContent(MusicVideos)</visible>
        <defaultID>31972</defaultID>
        <label>31972</label>
        <label2>Common Shortcut</label2>
        <icon>DefaultShortcut.png</icon>
        <thumb></thumb>
        <action>ActivateWindow(10501,"videodb://musicvideos/")</action>
    </shortcut>
    <shortcut>
        <visible>!Skin.HasSetting(plexbmc) + Library.HasContent(MusicVideos)</visible>
        <defaultID>31971</defaultID>
        <label>31971</label>
        <label2>Common Shortcut</label2>
        <icon>DefaultShortcut.png</icon>
        <thumb></thumb>
        <action>ActivateWindow(VideoLibrary,MusicVideoTitles,return)</action>
    </shortcut>
    <shortcut>
        <visible>System.GetBool(pvrmanager.enabled)</visible>
        <defaultID>livetv</defaultID>
        <label>32022</label>
        <label2>Common Shortcut</label2>
        <icon>DefaultShortcut.png</icon>
        <thumb></thumb>
        <action>ActivateWindow(TVChannels)</action>
    </shortcut>
    <shortcut>
        <visible>System.GetBool(pvrmanager.enabled)</visible>
        <defaultID>radio</defaultID>
        <label>32087</label>
        <label2>Common Shortcut</label2>
        <icon>DefaultShortcut.png</icon>
        <thumb></thumb>
        <action>ActivateWindow(RadioChannels)</action>
    </shortcut>
    <shortcut>
        <defaultID>favourites</defaultID>
        <label>1036</label>
        <label2>Common Shortcut</label2>
        <icon>special://skin/backgrounds/Favourites.jpg</icon>
        <thumb></thumb>
        <action>ActivateWindow(Favourites)</action>
    </shortcut>
    <shortcut>
        <visible>System.HasMediaDVD</visible>
        <defaultID>dvd</defaultID>
        <label>32032</label>
        <label2>Common Shortcut</label2>
        <icon>DefaultShortcut.png</icon>
        <thumb></thumb>
        <action>PlayDVD()</action>
    </shortcut>
    <shortcut>
        <defaultID>weather</defaultID>
        <label>12600</label>
        <label2>Common Shortcut</label2>
        <icon>DefaultShortcut.png</icon>
        <thumb></thumb>
        <action>ActivateWindow(Weather)</action>
    </shortcut>
    <shortcut>
        <defaultID>settings</defaultID>
        <label>10004</label>
        <label2>Common Shortcut</label2>
        <icon>DefaultShortcut.png</icon>
        <thumb></thumb>
        <action>ActivateWindow(Settings)</action>
    </shortcut>
    <shortcut>
        <visible>!Skin.HasSetting(plexbmc) + System.HasAddon(script.globalsearch)</visible>
        <defaultID>script.globalsearch</defaultID>
        <label>137</label>
        <label2>Program</label2>
        <icon>DefaultShortcut.png</icon>
        <thumb></thumb>
        <action>RunAddOn(script.globalsearch)</action>
    </shortcut>
    <shortcut>
        <defaultID>1114</defaultID>
        <label>13009</label>
        <label2>Common Shortcut</label2>
        <icon>DefaultShortcut.png</icon>
        <thumb></thumb>
        <action>ActivateWindow(shutdownmenu)</action>
    </shortcut>
</shortcuts>
