<?xml version="1.0" encoding="utf-8"?>
<window>
    <defaultcontrol always="true">20</defaultcontrol>
    <controls>
        <control type="group">
            <include>NotificationOpenClose</include>
            <control type="image">
                <posx>0</posx>
                <posy>0</posy>
                <width>1920</width>
                <height>183</height>
                <texture flipy="true" border="1">$VAR[Theme.Color]/common/HomeGradient.png</texture>
            </control>
            <control type="image">
                <posx>-200</posx>
                <posy>0</posy>
                <width>2320</width>
                <height>183</height>
                <texture border="150,40,150,40">$VAR[Theme.Color]/common/bg_dialog.png</texture>
            </control>
            <control type="progress" id="20">
                <include>ConditionWhite</include>
                <posx>0</posx>
                <posy>0</posy>
                <width>1920</width>
                <height>14</height>
                <texturebg border="1,1,1,1">white/OSD/osd_progress_background.png</texturebg>
                <midtexture border="1,1,5,1">white/OSD/osd_progress_mid.png</midtexture>
                <righttexture>-</righttexture>
                <lefttexture>-</lefttexture>
                <info>Player.Volume</info>
            </control>
            <control type="progress" id="20">
                <include>ConditionBlack</include>
                <posx>0</posx>
                <posy>0</posy>
                <width>1920</width>
                <height>14</height>
                <texturebg border="1,1,1,1">black/OSD/osd_progress_background.png</texturebg>
                <midtexture border="1,1,5,1">black/OSD/osd_progress_mid.png</midtexture>
                <righttexture>-</righttexture>
                <lefttexture>-</lefttexture>
                <info>Player.Volume</info>
            </control>
            <control type="label">
                <posx>TextMargin</posx>
                <posy>33</posy>
                <height>117</height>
                <width>1800</width>
                <scroll>true</scroll>
                <align>center</align>
                <font>InfoTitleFont</font>
                <include>TextColor_MainColor</include>
                <label>$LOCALIZE[13376]: $INFO[Control.GetLabel(20)]</label>
            </control>
        </control>
    </controls>
</window>
