<?xml version="1.0" encoding="utf-8"?>
<window type="dialog">
    <defaultcontrol always="true">9000</defaultcontrol>
    <menucontrol>9000</menucontrol>
    <onload condition="Container.Content(artists)">RunScript(script.extendedinfo,info=artistdetails,artistname='$ESCINFO[ListItem.Artist]',silent=False)</onload>
    <onload condition="Container.Content(albums)">RunScript(script.extendedinfo,info=artistdetails,info=albuminfo,artistname='$ESCINFO[ListItem.Artist]',albumname='$ESCINFO[ListItem.Album]',silent=False)</onload>
    <controls>
        <!-- <include>DimBG</include> -->
        <include>TopBar</include>
        <control type="group">
            <include>FacadeFadeDialogs2ndLevelCondition</include>
            <include>Icon_Fade</include>
            <control type="group">
                <animation effect="slide" tween="circle" easing="out" time="250" start="0,0" end="660,0" condition="[ControlGroup(9000).HasFocus()|Control.HasFocus(8999)|Control.HasFocus(9060)]">conditional</animation>
                <include>DialogOpenClose</include>
                <control type="image">
                    <posx>-760</posx>
                    <posy>150</posy>
                    <width>2930</width>
                    <height>876</height>
                    <include>DialogTransparency</include>
                    <texture border="150,40,150,40">$VAR[Theme.Color]/common/bg_dialog.png</texture>
                </control>
                <control type="image">
                    <posx>100</posx>
                    <posy>142</posy>
                    <width>1720</width>
                    <height>217</height>
                    <texture border="100">$VAR[Theme.Color]/common/bg_list.png</texture>
                </control>
                <control type="label">
                    <visible>!container.content(artists)</visible>
                    <posx>TextMargin</posx>
                    <posy>183</posy>
                    <width>1800</width>
                    <height>105</height>
                    <align>center</align>
                    <font>InfoTitleFont</font>
                    <include>TextColor_MainColor</include>
                    <label>$INFO[Listitem.Album]</label>
                </control>
                <control type="label">
                    <visible>container.content(artists)</visible>
                    <posx>TextMargin</posx>
                    <posy>183</posy>
                    <width>1800</width>
                    <height>105</height>
                    <align>center</align>
                    <font>InfoTitleFont</font>
                    <include>TextColor_MainColor</include>
                    <label>$INFO[Listitem.Artist]</label>
                </control>
                <!--BIOGRAPHY REVIEW-->
                <control type="group" id="5000">
                    <visible>![Control.HasFocus(503)|
                        Control.HasFocus(502)|
                        Control.HasFocus(504)|
                        Control.HasFocus(505)|
                        Control.HasFocus(506)|
                        Control.HasFocus(507)|
                        Control.HasFocus(508)|
                        Control.HasFocus(509)|
                        Control.HasFocus(12)|
                        Control.HasFocus(150)|
                        ControlGroup(5020).HasFocus|
                        ControlGroup(5040).HasFocus|
                        ControlGroup(5050).HasFocus|
                        ControlGroup(5060).HasFocus|
                        ControlGroup(5070).HasFocus|
                        ControlGroup(5080).HasFocus|
                        ControlGroup(5090).HasFocus|
                        ControlGroup(120).HasFocus]</visible>
                    <include>VisibleFadeEffectDelay</include>
                    <!-- CDART MUSIC -->
                    <include name="DiscArt">
                        <param name="visible" value="!container.content(artists)+!IsEmpty(ListItem.Thumb)+[Container.content(Albums)]"/>
                        <param name="x" value="79"/>
                        <param name="y" value="631"/>
                        <param name="width" value="430"/>
                        <param name="height" value="430"/>
                        <param name="texture" value="$VAR[MusicCdArt]"/>
                        <param name="xShadow" value="49"/>
                        <param name="yShadow" value="601"/>
                        <param name="widthShadow" value="490"/>
                        <param name="heightShadow" value="490"/>
                        <param name="pulse" value="false"/>
                    </include>
                    <control type="image">
                        <posx>25</posx>
                        <posy>343</posy>
                        <width>538</width>
                        <height>538</height>
                        <include>SquareThumb</include>
                        <include>ThumbBorder</include>
                    </control>
                    <control type="button">
                        <description>dummy for mouse navigation</description>
                        <posx>0</posx>
                        <posy>213</posy>
                        <width>744</width>
                        <height>785</height>
                        <onclick>noop</onclick>
                        <onleft>9012</onleft>
                        <onright>50</onright>
                        <texturenofocus>-</texturenofocus>
                        <texturefocus>-</texturefocus>
                    </control>
                    <control type="group">
                        <visible>container.content(Albums)</visible>
                        <include>VisibleFadeEffectDelay</include>
                        <control type="label">
                            <posx>TextMargin</posx>
                            <posy>270</posy>
                            <width>1800</width>
                            <height>35</height>
                            <align>center</align>
                            <font>InfoTitleSubFont</font>
                            <include>TextColor_MainColor</include>
                            <label>$INFO[ListItem.Artist]</label>
                        </control>
                        <control type="panel" id="49">
                            <posx>545</posx>
                            <posy>318</posy>
                            <width>1375</width>
                            <height>312</height>
                            <onleft>9000</onleft>
                            <onright>60</onright>
                            <onup>50</onup>
                            <ondown>50</ondown>
                            <pagecontrol>60</pagecontrol>
                            <itemlayout height="78" width="1375">
                                <control type="label">
                                    <include>ConditionWhite</include>
                                    <posx>TextMargin</posx>
                                    <posy>0</posy>
                                    <height>78</height>
                                    <width>1255</width>
                                    <font>FacadeListMainFont</font>
                                    <include>TextColor_MainColor</include>
                                    <label>[COLOR=AlternateColor_white]$INFO[ListItem.Label,, ][/COLOR]$INFO[ListItem.Label2]</label>
                                </control>
                                <control type="label">
                                    <include>ConditionBlack</include>
                                    <posx>TextMargin</posx>
                                    <posy>0</posy>
                                    <height>78</height>
                                    <width>1255</width>
                                    <font>FacadeListMainFont</font>
                                    <include>TextColor_MainColor</include>
                                    <label>[COLOR=AlternateColor_black]$INFO[ListItem.Label,, ][/COLOR]$INFO[ListItem.Label2]</label>
                                </control>
                            </itemlayout>
                            <focusedlayout height="78" width="1375">
                                <control type="group">
                                    <include>ButtonWideFocusAnimation</include>
                                    <control type="image">
                                        <posx>0</posx>
                                        <posy>0</posy>
                                        <height>78</height>
                                        <width>1375</width>
                                        <texture border="1">$VAR[Theme.Color]/list/bg_facade_focus.png</texture>
                                    </control>
                                    <control type="label">
                                        <include>ConditionWhite</include>
                                        <posx>TextMargin</posx>
                                        <posy>0</posy>
                                        <height>78</height>
                                        <width>1255</width>
                                        <font>FacadeListMainFont</font>
                                        <include>TextColor_MainColor</include>
                                        <label>[COLOR=AlternateColor_white]$INFO[ListItem.Label,, ][/COLOR]$INFO[ListItem.Label2]</label>
                                    </control>
                                    <control type="label">
                                        <include>ConditionBlack</include>
                                        <posx>TextMargin</posx>
                                        <posy>0</posy>
                                        <height>78</height>
                                        <width>1255</width>
                                        <font>FacadeListMainFont</font>
                                        <include>TextColor_MainColor</include>
                                        <label>[COLOR=AlternateColor_black]$INFO[ListItem.Label,, ][/COLOR]$INFO[ListItem.Label2]</label>
                                    </control>
                                </control>
                            </focusedlayout>
                            <content>
                                <item>
                                    <label>$LOCALIZE[557]:</label>
                                    <label2>$INFO[ListItem.Artist]</label2>
                                    <onclick>noop</onclick>
                                    <visible>!IsEmpty(ListItem.Artist)</visible>
                                </item>
                                <item>
                                    <label>$LOCALIZE[515]:</label>
                                    <label2>$INFO[ListItem.Genre]</label2>
                                    <onclick>noop</onclick>
                                    <visible>!IsEmpty(ListItem.Genre)</visible>
                                </item>
                                <item>
                                    <label>$LOCALIZE[563]:</label>
                                    <label2>$INFO[ListItem.Rating]</label2>
                                    <onclick>noop</onclick>
                                    <visible>IntegerGreaterThan(ListItem.Rating,0)</visible>
                                </item>
                                <item>
                                    <label>$LOCALIZE[175]:</label>
                                    <label2>$INFO[ListItem.Property(Album_Mood)]</label2>
                                    <onclick>noop</onclick>
                                    <visible>!IsEmpty(ListItem.Property(Album_Mood))</visible>
                                </item>
                                <item>
                                    <label>$LOCALIZE[176]:</label>
                                    <label2>$INFO[ListItem.Property(Album_Style)]</label2>
                                    <onclick>noop</onclick>
                                    <visible>!IsEmpty(ListItem.Property(Album_Style))</visible>
                                </item>
                                <item>
                                    <label>$LOCALIZE[21895]:</label>
                                    <label2>$INFO[ListItem.Property(Album_Theme)]</label2>
                                    <onclick>noop</onclick>
                                    <visible>!IsEmpty(ListItem.Property(Album_Theme))</visible>
                                </item>
                                <item>
                                    <label>146</label>
                                    <label2>$INFO[ListItem.Property(Album_Type)]</label2>
                                    <onclick>noop</onclick>
                                    <visible>!IsEmpty(ListItem.Property(Album_Type))</visible>
                                </item>
                                <item>
                                    <label>$LOCALIZE[21899]:</label>
                                    <label2>$INFO[ListItem.Property(Album_Label)]</label2>
                                    <onclick>noop</onclick>
                                    <visible>!IsEmpty(ListItem.Property(Album_Label))</visible>
                                </item>
                                <item>
                                    <label>$LOCALIZE[562]:</label>
                                    <label2>$INFO[ListItem.Year]</label2>
                                    <onclick>noop</onclick>
                                    <visible>!IsEmpty(ListItem.Year)</visible>
                                </item>
                            </content>
                        </control>
                        <control type="scrollbar" id="60">
                            <posx>1886</posx>
                            <posy>318</posy>
                            <height>312</height>
                            <include>VerticalScroller</include>
                            <onleft>49</onleft>
                            <onright>60</onright>
                        </control>
                    </control>
                    <control type="group">
                        <visible>container.content(Artists)</visible>
                        <include>VisibleFadeEffectDelay</include>
                        <control type="label">
                            <posx>TextMargin</posx>
                            <posy>270</posy>
                            <width>1800</width>
                            <height>35</height>
                            <align>center</align>
                            <font>InfoTitleSubFont</font>
                            <include>TextColor_MainColor</include>
                            <label>$LOCALIZE[21893]: $INFO[ListItem.Property(Artist_Born)]</label>
                        </control>
                        <control type="panel" id="49">
                            <posx>545</posx>
                            <posy>318</posy>
                            <width>1375</width>
                            <height>312</height>
                            <onleft>9000</onleft>
                            <onright>60</onright>
                            <onup>50</onup>
                            <ondown>49</ondown>
                            <pagecontrol>60</pagecontrol>
                            <itemlayout height="78" width="1375">
                                <control type="label">
                                    <include>ConditionWhite</include>
                                    <posx>TextMargin</posx>
                                    <posy>0</posy>
                                    <height>78</height>
                                    <width>1255</width>
                                    <font>FacadeListMainFont</font>
                                    <include>TextColor_MainColor</include>
                                    <label>[COLOR=AlternateColor_white]$INFO[ListItem.Label,, ][/COLOR]$INFO[ListItem.Label2]</label>
                                </control>
                                <control type="label">
                                    <include>ConditionBlack</include>
                                    <posx>TextMargin</posx>
                                    <posy>0</posy>
                                    <height>78</height>
                                    <width>1255</width>
                                    <font>FacadeListMainFont</font>
                                    <include>TextColor_MainColor</include>
                                    <label>[COLOR=AlternateColor_black]$INFO[ListItem.Label,, ][/COLOR]$INFO[ListItem.Label2]</label>
                                </control>
                            </itemlayout>
                            <focusedlayout height="78" width="1375">
                                <control type="group">
                                    <include>ButtonWideFocusAnimation</include>
                                    <control type="image">
                                        <posx>0</posx>
                                        <posy>0</posy>
                                        <height>78</height>
                                        <width>1375</width>
                                        <texture border="1">$VAR[Theme.Color]/list/bg_facade_focus.png</texture>
                                    </control>
                                    <control type="label">
                                        <include>ConditionWhite</include>
                                        <posx>TextMargin</posx>
                                        <posy>0</posy>
                                        <height>78</height>
                                        <width>1255</width>
                                        <font>FacadeListMainFont</font>
                                        <include>TextColor_MainColor</include>
                                        <label>[COLOR=AlternateColor_white]$INFO[ListItem.Label,, ][/COLOR]$INFO[ListItem.Label2]</label>
                                    </control>
                                    <control type="label">
                                        <include>ConditionBlack</include>
                                        <posx>TextMargin</posx>
                                        <posy>0</posy>
                                        <height>78</height>
                                        <width>1255</width>
                                        <font>FacadeListMainFont</font>
                                        <include>TextColor_MainColor</include>
                                        <label>[COLOR=AlternateColor_black]$INFO[ListItem.Label,, ][/COLOR]$INFO[ListItem.Label2]</label>
                                    </control>
                                </control>
                            </focusedlayout>
                            <content>
                                <item>
                                    <label>$LOCALIZE[21893]:</label>
                                    <label2>$INFO[ListItem.Property(Artist_Born)]</label2>
                                    <onclick>noop</onclick>
                                    <visible>!IsEmpty(ListItem.Property(Artist_Born))</visible>
                                </item>
                                <item>
                                    <label>$LOCALIZE[21894]:</label>
                                    <label2>$INFO[ListItem.Property(Artist_Formed)]</label2>
                                    <onclick>noop</onclick>
                                    <visible>!IsEmpty(ListItem.Property(Artist_Formed))</visible>
                                </item>
                                <item>
                                    <label>$LOCALIZE[515]:</label>
                                    <label2>$INFO[ListItem.Genre]</label2>
                                    <onclick>noop</onclick>
                                    <visible>!IsEmpty(ListItem.Genre)</visible>
                                </item>
                                <item>
                                    <label>$LOCALIZE[175]:</label>
                                    <label2>$INFO[ListItem.Property(Artist_Mood)]</label2>
                                    <onclick>noop</onclick>
                                    <visible>!IsEmpty(ListItem.Property(Artist_Mood))</visible>
                                </item>
                                <item>
                                    <label>$LOCALIZE[176]:</label>
                                    <label2>$INFO[ListItem.Property(Artist_Style)]</label2>
                                    <onclick>noop</onclick>
                                    <visible>!IsEmpty(ListItem.Property(Artist_Style))</visible>
                                </item>
                                <item>
                                    <label>$LOCALIZE[21892]:</label>
                                    <label2>$INFO[ListItem.Property(Artist_Instrument)]</label2>
                                    <onclick>noop</onclick>
                                    <visible>!IsEmpty(ListItem.Property(Artist_Instrument))</visible>
                                </item>
                                <item>
                                    <label>$LOCALIZE[21897]:</label>
                                    <label2>$INFO[ListItem.Property(Artist_Died)]</label2>
                                    <onclick>noop</onclick>
                                    <visible>!IsEmpty(ListItem.Property(Artist_Died))</visible>
                                </item>
                                <item>
                                    <label>$LOCALIZE[21896]:</label>
                                    <label2>$INFO[ListItem.Property(Artist_Disbanded)]</label2>
                                    <onclick>noop</onclick>
                                    <visible>!IsEmpty(ListItem.Property(Artist_Disbanded))</visible>
                                </item>
                                <item>
                                    <label>$LOCALIZE[21898]:</label>
                                    <label2>$INFO[ListItem.Property(Artist_YearsActive)]</label2>
                                    <onclick>noop</onclick>
                                    <visible>!IsEmpty(ListItem.Property(Artist_YearsActive))</visible>
                                </item>
                            </content>
                        </control>
                        <control type="scrollbar" id="60">
                            <posx>1886</posx>
                            <posy>318</posy>
                            <height>312</height>
                            <include>VerticalScroller</include>
                            <onleft>49</onleft>
                            <onright>9000</onright>
                        </control>
                    </control>
                    <control type="image">
                        <posx>520</posx>
                        <posy>645</posy>
                        <width>1375</width>
                        <height>1</height>
                        <texture border="150,0,150,0">$VAR[Theme.Color]/list/bg_facade_separator.png</texture>
                    </control>
                    <control type="group">
                        <posx>545</posx>
                        <posy>660</posy>
                        <control type="textbox" id="4">
                            <description>Description</description>
                            <posx>TextMargin</posx>
                            <posy>10</posy>
                            <width>1255</width>
                            <height>290</height>
                            <font>InfoPlotFont</font>
                            <include>TextColor_MainColor</include>
                            <pagecontrol>6060</pagecontrol>
                        </control>
                        <control type="scrollbar" id="6060">
                            <visible>Skin.HasSetting(ManualScroll)</visible>
                            <posx>1341</posx>
                            <posy>10</posy>
                            <height>290</height>
                            <include>VerticalScroller</include>
                            <onleft>49</onleft>
                            <onright>6060</onright>
                        </control>
                    </control>
                </control>
                <!--DISCOGRAPHY TRACKS-->
                <control type="group" id="5020">
                    <visible>Control.HasFocus(502)|Control.HasFocus(503)|ControlGroup(5020).HasFocus</visible>
                    <include>VisibleFadeEffectDelay</include>
                    <control type="label">
                        <posx>TextMargin</posx>
                        <posy>270</posy>
                        <width>1800</width>
                        <height>35</height>
                        <align>center</align>
                        <font>InfoTitleSubFont</font>
                        <include>TextColor_MainColor</include>
                        <label>$INFO[Container(50).NumItems] $LOCALIZE[31025]</label>
                    </control>
                    <include name="DiscArt">
                        <param name="visible" value="!container.content(artists)+!IsEmpty(ListItem.Thumb)+[Container.content(Albums)]"/>
                        <param name="x" value="79"/>
                        <param name="y" value="631"/>
                        <param name="width" value="430"/>
                        <param name="height" value="430"/>
                        <param name="texture" value="$VAR[MusicCdArt]"/>
                        <param name="xShadow" value="49"/>
                        <param name="yShadow" value="601"/>
                        <param name="widthShadow" value="490"/>
                        <param name="heightShadow" value="490"/>
                        <param name="pulse" value="false"/>
                    </include>
                    <control type="image">
                        <posx>25</posx>
                        <posy>343</posy>
                        <width>538</width>
                        <height>538</height>
                        <include>SquareThumb</include>
                        <include>ThumbBorder</include>
                    </control>
                    <control type="button">
                        <description>dummy for mouse navigation</description>
                        <posx>0</posx>
                        <posy>213</posy>
                        <width>744</width>
                        <height>785</height>
                        <onclick>noop</onclick>
                        <onleft>9012</onleft>
                        <onright>50</onright>
                        <texturenofocus>-</texturenofocus>
                        <texturefocus>-</texturefocus>
                    </control>
                    <control type="panel" id="50">
                        <posx>545</posx>
                        <posy>318</posy>
                        <width>1375</width>
                        <height>624</height>
                        <onleft>9000</onleft>
                        <onright>62</onright>
                        <onup>50</onup>
                        <ondown>50</ondown>
                        <viewtype label="">list</viewtype>
                        <pagecontrol>62</pagecontrol>
                        <orientation>vertical</orientation>
                        <itemlayout condition="Container.Content(Albums)" height="78" width="1375">
                            <control type="label">
                                <include>ConditionWhite</include>
                                <posx>TextMargin</posx>
                                <height>78</height>
                                <width>1255</width>
                                <font>FacadeListMainFont</font>
                                <include>TextColor_MainColor</include>
                                <label>$INFO[ListItem.TrackNumber][COLOR=AlternateColor_white]$INFO[ListItem.Duration, - , - ][/COLOR]$INFO[ListItem.Label]</label>
                            </control>
                            <control type="label">
                                <include>ConditionBlack</include>
                                <posx>TextMargin</posx>
                                <height>78</height>
                                <width>1255</width>
                                <font>FacadeListMainFont</font>
                                <include>TextColor_MainColor</include>
                                <label>$INFO[ListItem.TrackNumber][COLOR=AlternateColor_black]$INFO[ListItem.Duration, - , - ][/COLOR]$INFO[ListItem.Label]</label>
                            </control>
                        </itemlayout>
                        <focusedlayout condition="Container.Content(Albums)" height="78" width="1375">
                            <control type="group">
                                <include>ButtonWideFocusAnimation</include>
                                <control type="image">
                                    <posx>0</posx>
                                    <posy>0</posy>
                                    <height>78</height>
                                    <width>1375</width>
                                    <texture border="1">$VAR[Theme.Color]/list/bg_facade_focus.png</texture>
                                </control>
                                <control type="label">
                                    <include>ConditionWhite</include>
                                    <posx>TextMargin</posx>
                                    <height>78</height>
                                    <width>1255</width>
                                    <font>FacadeListMainFont</font>
                                    <include>TextColor_MainColor</include>
                                    <label>$INFO[ListItem.TrackNumber][COLOR=AlternateColor_white]$INFO[ListItem.Duration, - , - ][/COLOR]$INFO[ListItem.Label]</label>
                                </control>
                                <control type="label">
                                    <include>ConditionBlack</include>
                                    <posx>TextMargin</posx>
                                    <height>78</height>
                                    <width>1255</width>
                                    <font>FacadeListMainFont</font>
                                    <include>TextColor_MainColor</include>
                                    <label>$INFO[ListItem.TrackNumber][COLOR=AlternateColor_black]$INFO[ListItem.Duration, - , - ][/COLOR]$INFO[ListItem.Label]</label>
                                </control>
                            </control>
                        </focusedlayout>
                        <itemlayout condition="Container.Content(Artists)" height="78" width="1375">
                            <control type="label">
                                <include>ConditionWhite</include>
                                <posx>TextMargin</posx>
                                <posy>0</posy>
                                <height>78</height>
                                <width>1255</width>
                                <font>FacadeListMainFont</font>
                                <include>TextColor_MainColor</include>
                                <label>[COLOR=AlternateColor_white]$INFO[ListItem.Label2,, - ][/COLOR]$INFO[ListItem.Label]</label>
                            </control>
                            <control type="label">
                                <include>ConditionBlack</include>
                                <posx>TextMargin</posx>
                                <posy>0</posy>
                                <height>78</height>
                                <width>1255</width>
                                <font>FacadeListMainFont</font>
                                <include>TextColor_MainColor</include>
                                <label>[COLOR=AlternateColor_black]$INFO[ListItem.Label2,, - ][/COLOR]$INFO[ListItem.Label]</label>
                            </control>
                        </itemlayout>
                        <focusedlayout condition="Container.Content(Artists)" height="78" width="1375">
                            <control type="group">
                                <include>ButtonWideFocusAnimation</include>
                                <control type="image">
                                    <posx>0</posx>
                                    <posy>0</posy>
                                    <height>78</height>
                                    <width>1375</width>
                                    <texture border="1">$VAR[Theme.Color]/list/bg_facade_focus.png</texture>
                                </control>
                                <control type="label">
                                    <include>ConditionWhite</include>
                                    <posx>TextMargin</posx>
                                    <posy>0</posy>
                                    <height>78</height>
                                    <width>1255</width>
                                    <font>FacadeListMainFont</font>
                                    <include>TextColor_MainColor</include>
                                    <label>[COLOR=AlternateColor_white]$INFO[ListItem.Label2,, - ][/COLOR]$INFO[ListItem.Label]</label>
                                </control>
                                <control type="label">
                                    <include>ConditionBlack</include>
                                    <posx>TextMargin</posx>
                                    <posy>0</posy>
                                    <height>78</height>
                                    <width>1255</width>
                                    <font>FacadeListMainFont</font>
                                    <include>TextColor_MainColor</include>
                                    <label>[COLOR=AlternateColor_black]$INFO[ListItem.Label2,, - ][/COLOR]$INFO[ListItem.Label]</label>
                                </control>
                            </control>
                        </focusedlayout>
                    </control>
                    <control type="scrollbar" id="62">
                        <posx>1886</posx>
                        <posy>318</posy>
                        <height>624</height>
                        <include>VerticalScroller</include>
                        <onleft>50</onleft>
                        <onright>62</onright>
                    </control>
                </control>
                <!--DISCOGRAPHY EXTENDEDINFO-->
                <control type="group" id="5040">
                    <visible>Control.HasFocus(504)|ControlGroup(5040).HasFocus</visible>
                    <include>VisibleFadeEffectDelay</include>
                    <control type="label">
                        <posx>TextMargin</posx>
                        <posy>270</posy>
                        <width>1800</width>
                        <height>35</height>
                        <align>center</align>
                        <font>InfoTitleSubFont</font>
                        <include>TextColor_MainColor</include>
                        <label>$INFO[Container(5041).NumItems] $LOCALIZE[31025]</label>
                    </control>
                    <include name="DiscArt">
                        <param name="visible" value="!container.content(artists)+!IsEmpty(ListItem.Thumb)+[Container.content(Albums)]"/>
                        <param name="x" value="79"/>
                        <param name="y" value="631"/>
                        <param name="width" value="430"/>
                        <param name="height" value="430"/>
                        <param name="texture" value="$VAR[MusicCdArt]"/>
                        <param name="xShadow" value="49"/>
                        <param name="yShadow" value="601"/>
                        <param name="widthShadow" value="490"/>
                        <param name="heightShadow" value="490"/>
                        <param name="pulse" value="false"/>
                    </include>
                    <control type="image">
                        <visible>IsEmpty(Container(5041).Listitem.Icon)</visible>
                        <posx>TextMargin</posx>
                        <posy>378</posy>
                        <width>468</width>
                        <height>468</height>
                        <texture>$VAR[Theme.Color]/defaultAudioBig.png</texture>
                        <aspectratio aligny="top">keep</aspectratio>
                    </control>
                    <control type="image">
                        <posx>25</posx>
                        <posy>343</posy>
                        <width>538</width>
                        <height>538</height>
                        <aspectratio aligny="top">keep</aspectratio>
                        <texture background="true">$INFO[Container(5041).Listitem.Icon]</texture>
                        <include>ThumbBorder</include>
                    </control>
                    <control type="button">
                        <description>dummy for mouse navigation</description>
                        <posx>0</posx>
                        <posy>213</posy>
                        <width>744</width>
                        <height>785</height>
                        <onclick>noop</onclick>
                        <onleft>9012</onleft>
                        <onright>50</onright>
                        <texturenofocus>-</texturenofocus>
                        <texturefocus>-</texturefocus>
                    </control>
                    <control type="panel" id="5041">
                        <posx>545</posx>
                        <posy>318</posy>
                        <width>1375</width>
                        <height>624</height>
                        <onleft>9000</onleft>
                        <onright>5640</onright>
                        <onup>5041</onup>
                        <ondown>5041</ondown>
                        <viewtype label="">list</viewtype>
                        <pagecontrol>5640</pagecontrol>
                        <orientation>vertical</orientation>
                        <itemlayout height="78" width="1375">
                            <control type="label">
                                <include>ConditionWhite</include>
                                <posx>TextMargin</posx>
                                <height>78</height>
                                <width>1255</width>
                                <font>FacadeListMainFont</font>
                                <include>TextColor_MainColor</include>
                                <label>[COLOR=AlternateColor_white]$INFO[ListItem.Year,, - ][/COLOR]$INFO[ListItem.Label]</label>
                            </control>
                            <control type="label">
                                <include>ConditionBlack</include>
                                <posx>TextMargin</posx>
                                <height>78</height>
                                <width>1255</width>
                                <font>FacadeListMainFont</font>
                                <include>TextColor_MainColor</include>
                                <label>[COLOR=AlternateColor_black]$INFO[ListItem.Year,, - ][/COLOR]$INFO[ListItem.Label]</label>
                            </control>
                        </itemlayout>
                        <focusedlayout height="78" width="1375">
                            <control type="group">
                                <include>ButtonWideFocusAnimation</include>
                                <control type="image">
                                    <posx>0</posx>
                                    <posy>0</posy>
                                    <height>78</height>
                                    <width>1375</width>
                                    <texture border="1">$VAR[Theme.Color]/list/bg_facade_focus.png</texture>
                                </control>
                                <control type="label">
                                    <include>ConditionWhite</include>
                                    <posx>TextMargin</posx>
                                    <height>78</height>
                                    <width>1255</width>
                                    <font>FacadeListMainFont</font>
                                    <include>TextColor_MainColor</include>
                                    <label>[COLOR=AlternateColor_white]$INFO[ListItem.Year,, - ][/COLOR]$INFO[ListItem.Label]</label>
                                </control>
                                <control type="label">
                                    <include>ConditionBlack</include>
                                    <posx>TextMargin</posx>
                                    <height>78</height>
                                    <width>1255</width>
                                    <font>FacadeListMainFont</font>
                                    <include>TextColor_MainColor</include>
                                    <label>[COLOR=AlternateColor_black]$INFO[ListItem.Year,, - ][/COLOR]$INFO[ListItem.Label]</label>
                                </control>
                            </control>
                        </focusedlayout>
                        <content>plugin://script.extendedinfo?info=discography&amp;&amp;artistname=$INFO[ListItem.Artist]</content>
                    </control>
                    <control type="scrollbar" id="5640">
                        <posx>1886</posx>
                        <posy>318</posy>
                        <height>624</height>
                        <include>VerticalScroller</include>
                        <onleft>5041</onleft>
                        <onright>5640</onright>
                    </control>
                </control>
                <!--CONCERTS EXTENDEDINFO-->
                <control type="group" id="5050">
                    <visible>Control.HasFocus(505)|ControlGroup(5050).HasFocus</visible>
                    <include>VisibleFadeEffectDelay</include>
                    <control type="label">
                        <posx>TextMargin</posx>
                        <posy>270</posy>
                        <width>1800</width>
                        <height>35</height>
                        <align>center</align>
                        <font>InfoTitleSubFont</font>
                        <include>TextColor_MainColor</include>
                        <label>$INFO[Container(5051).NumItems] $LOCALIZE[31025]</label>
                    </control>
                    <control type="image">
                        <visible>IsEmpty(Container(5051).ListItem.Property(GoogleMap))</visible>
                        <posx>TextMargin</posx>
                        <posy>378</posy>
                        <width>468</width>
                        <height>468</height>
                        <texture>$VAR[Theme.Color]/defaultExtensionBig.png</texture>
                        <aspectratio aligny="top">keep</aspectratio>
                    </control>
                    <control type="image">
                        <posx>25</posx>
                        <posy>343</posy>
                        <width>538</width>
                        <height>538</height>
                        <aspectratio aligny="top">keep</aspectratio>
                        <texture background="true">$INFO[Container(5051).ListItem.Property(GoogleMap)]</texture>
                        <include>ThumbBorder</include>
                    </control>
                    <control type="button">
                        <description>dummy for mouse navigation</description>
                        <posx>0</posx>
                        <posy>213</posy>
                        <width>744</width>
                        <height>785</height>
                        <onclick>noop</onclick>
                        <onleft>9012</onleft>
                        <onright>50</onright>
                        <texturenofocus>-</texturenofocus>
                        <texturefocus>-</texturefocus>
                    </control>
                    <control type="panel" id="5051">
                        <posx>545</posx>
                        <posy>318</posy>
                        <width>1375</width>
                        <height>624</height>
                        <onleft>9000</onleft>
                        <onright>5650</onright>
                        <onup>5051</onup>
                        <ondown>5051</ondown>
                        <viewtype label="">list</viewtype>
                        <pagecontrol>5650</pagecontrol>
                        <orientation>vertical</orientation>
                        <itemlayout height="78" width="1375">
                            <control type="label">
                                <include>ConditionWhite</include>
                                <posx>TextMargin</posx>
                                <height>78</height>
                                <width>1255</width>
                                <font>FacadeListMainFont</font>
                                <include>TextColor_MainColor</include>
                                <label>[COLOR=AlternateColor_white]$INFO[ListItem.Property(City),, - ][/COLOR]$INFO[ListItem.Property(Name)]</label>
                            </control>
                            <control type="label">
                                <include>ConditionBlack</include>
                                <posx>TextMargin</posx>
                                <height>78</height>
                                <width>1255</width>
                                <font>FacadeListMainFont</font>
                                <include>TextColor_MainColor</include>
                                <label>[COLOR=AlternateColor_black]$INFO[ListItem.Property(City),, - ][/COLOR]$INFO[ListItem.Property(Name)]</label>
                            </control>
                        </itemlayout>
                        <focusedlayout height="78" width="1375">
                            <control type="group">
                                <include>ButtonWideFocusAnimation</include>
                                <control type="image">
                                    <posx>0</posx>
                                    <posy>0</posy>
                                    <height>78</height>
                                    <width>1375</width>
                                    <texture border="1">$VAR[Theme.Color]/list/bg_facade_focus.png</texture>
                                </control>
                                <control type="label">
                                    <include>ConditionWhite</include>
                                    <posx>TextMargin</posx>
                                    <height>78</height>
                                    <width>1255</width>
                                    <font>FacadeListMainFont</font>
                                    <include>TextColor_MainColor</include>
                                    <label>[COLOR=AlternateColor_white]$INFO[ListItem.Property(City),, - ][/COLOR]$INFO[ListItem.Property(Name)]</label>
                                </control>
                                <control type="label">
                                    <include>ConditionBlack</include>
                                    <posx>TextMargin</posx>
                                    <height>78</height>
                                    <width>1255</width>
                                    <font>FacadeListMainFont</font>
                                    <include>TextColor_MainColor</include>
                                    <label>[COLOR=AlternateColor_black]$INFO[ListItem.Property(City),, - ][/COLOR]$INFO[ListItem.Property(Name)]</label>
                                </control>
                            </control>
                        </focusedlayout>
                        <content>plugin://script.extendedinfo?info=artistevents&amp;&amp;artistname=$INFO[ListItem.Artist]</content>
                    </control>
                    <control type="scrollbar" id="5650">
                        <posx>1886</posx>
                        <posy>318</posy>
                        <height>624</height>
                        <include>VerticalScroller</include>
                        <onleft>5051</onleft>
                        <onright>5650</onright>
                    </control>
                </control>
                <!--SIMILAR ARTISTS EXTENDEDINFO-->
                <control type="group" id="5060">
                    <visible>Control.HasFocus(506)|ControlGroup(5060).HasFocus</visible>
                    <include>VisibleFadeEffectDelay</include>
                    <control type="label">
                        <posx>TextMargin</posx>
                        <posy>270</posy>
                        <width>1800</width>
                        <height>35</height>
                        <align>center</align>
                        <font>InfoTitleSubFont</font>
                        <include>TextColor_MainColor</include>
                        <label>$INFO[Container(5061).NumItems] $LOCALIZE[31025]</label>
                    </control>
                    <control type="image">
                        <visible>IsEmpty(Container(5061).Listitem.Icon)</visible>
                        <posx>TextMargin</posx>
                        <posy>378</posy>
                        <width>468</width>
                        <height>468</height>
                        <texture>$VAR[Theme.Color]/defaultArtistBig.png</texture>
                        <aspectratio aligny="top">keep</aspectratio>
                    </control>
                    <control type="image">
                        <posx>25</posx>
                        <posy>343</posy>
                        <width>538</width>
                        <height>538</height>
                        <aspectratio aligny="top">keep</aspectratio>
                        <texture background="true">$INFO[Container(5061).Listitem.Icon]</texture>
                        <include>ThumbBorder</include>
                    </control>
                    <control type="button">
                        <description>dummy for mouse navigation</description>
                        <posx>0</posx>
                        <posy>213</posy>
                        <width>744</width>
                        <height>785</height>
                        <onclick>noop</onclick>
                        <onleft>9012</onleft>
                        <onright>50</onright>
                        <texturenofocus>-</texturenofocus>
                        <texturefocus>-</texturefocus>
                    </control>
                    <control type="panel" id="5061">
                        <posx>545</posx>
                        <posy>318</posy>
                        <width>1375</width>
                        <height>624</height>
                        <onleft>9000</onleft>
                        <onright>5660</onright>
                        <onup>5061</onup>
                        <ondown>5061</ondown>
                        <viewtype label="">list</viewtype>
                        <pagecontrol>5660</pagecontrol>
                        <orientation>vertical</orientation>
                        <itemlayout height="78" width="1375">
                            <control type="label">
                                <include>ConditionWhite</include>
                                <posx>TextMargin</posx>
                                <height>78</height>
                                <width>1255</width>
                                <font>FacadeListMainFont</font>
                                <include>TextColor_MainColor</include>
                                <label>$INFO[ListItem.Property(comment)]</label>
                            </control>
                            <control type="label">
                                <include>ConditionBlack</include>
                                <posx>TextMargin</posx>
                                <height>78</height>
                                <width>1255</width>
                                <font>FacadeListMainFont</font>
                                <include>TextColor_MainColor</include>
                                <label>$INFO[ListItem.Property(comment)]</label>
                            </control>
                        </itemlayout>
                        <focusedlayout height="78" width="1375">
                            <control type="group">
                                <include>ButtonWideFocusAnimation</include>
                                <control type="image">
                                    <posx>0</posx>
                                    <posy>0</posy>
                                    <height>78</height>
                                    <width>1375</width>
                                    <texture border="1">$VAR[Theme.Color]/list/bg_facade_focus.png</texture>
                                </control>
                                <control type="label">
                                    <include>ConditionWhite</include>
                                    <posx>TextMargin</posx>
                                    <height>78</height>
                                    <width>1255</width>
                                    <font>FacadeListMainFont</font>
                                    <include>TextColor_MainColor</include>
                                    <label>$INFO[ListItem.Property(comment)]</label>
                                </control>
                                <control type="label">
                                    <include>ConditionBlack</include>
                                    <posx>TextMargin</posx>
                                    <height>78</height>
                                    <width>1255</width>
                                    <font>FacadeListMainFont</font>
                                    <include>TextColor_MainColor</include>
                                    <label>$INFO[ListItem.Property(comment)]</label>
                                </control>
                            </control>
                        </focusedlayout>
                        <content>plugin://script.extendedinfo?info=similarartistsinlibrary&amp;&amp;artistname=$INFO[ListItem.Artist]</content>
                    </control>
                    <control type="scrollbar" id="5660">
                        <posx>1886</posx>
                        <posy>318</posy>
                        <height>624</height>
                        <include>VerticalScroller</include>
                        <onleft>5061</onleft>
                        <onright>5660</onright>
                    </control>
                </control>
                <!--MUSICVIDEOS EXTENDEDINFO-->
                <control type="group" id="5070">
                    <visible>Control.HasFocus(507)|ControlGroup(5070).HasFocus</visible>
                    <include>VisibleFadeEffectDelay</include>
                    <control type="label">
                        <posx>TextMargin</posx>
                        <posy>270</posy>
                        <width>1800</width>
                        <height>35</height>
                        <align>center</align>
                        <font>InfoTitleSubFont</font>
                        <include>TextColor_MainColor</include>
                        <label>$INFO[Container(5071).NumItems] $LOCALIZE[31025]</label>
                    </control>
                    <control type="image">
                        <visible>IsEmpty(Container(5071).Listitem.Icon)</visible>
                        <posx>TextMargin</posx>
                        <posy>378</posy>
                        <width>468</width>
                        <height>468</height>
                        <texture>$VAR[Theme.Color]/defaultVideoBig.png</texture>
                        <aspectratio aligny="top">keep</aspectratio>
                    </control>
                    <control type="image">
                        <posx>25</posx>
                        <posy>343</posy>
                        <width>538</width>
                        <height>538</height>
                        <aspectratio aligny="top">keep</aspectratio>
                        <texture background="true">$INFO[Container(5071).Listitem.Icon]</texture>
                        <include>ThumbBorder</include>
                    </control>
                    <control type="button">
                        <description>dummy for mouse navigation</description>
                        <posx>0</posx>
                        <posy>213</posy>
                        <width>744</width>
                        <height>785</height>
                        <onclick>noop</onclick>
                        <onleft>9012</onleft>
                        <onright>50</onright>
                        <texturenofocus>-</texturenofocus>
                        <texturefocus>-</texturefocus>
                    </control>
                    <control type="panel" id="5071">
                        <posx>545</posx>
                        <posy>318</posy>
                        <width>1375</width>
                        <height>624</height>
                        <onleft>9000</onleft>
                        <onright>5670</onright>
                        <onup>5071</onup>
                        <ondown>5071</ondown>
                        <viewtype label="">list</viewtype>
                        <pagecontrol>5670</pagecontrol>
                        <orientation>vertical</orientation>
                        <itemlayout height="78" width="1375">
                            <control type="label">
                                <include>ConditionWhite</include>
                                <posx>TextMargin</posx>
                                <height>78</height>
                                <width>1255</width>
                                <font>FacadeListMainFont</font>
                                <include>TextColor_MainColor</include>
                                <label>[COLOR=AlternateColor_white]$INFO[ListItem.Label2,, - ][/COLOR]$INFO[ListItem.Label]</label>
                            </control>
                            <control type="label">
                                <include>ConditionBlack</include>
                                <posx>TextMargin</posx>
                                <height>78</height>
                                <width>1255</width>
                                <font>FacadeListMainFont</font>
                                <include>TextColor_MainColor</include>
                                <label>[COLOR=AlternateColor_black]$INFO[ListItem.Label2,, - ][/COLOR]$INFO[ListItem.Label]</label>
                            </control>
                        </itemlayout>
                        <focusedlayout height="78" width="1375">
                            <control type="group">
                                <include>ButtonWideFocusAnimation</include>
                                <control type="image">
                                    <posx>0</posx>
                                    <posy>0</posy>
                                    <height>78</height>
                                    <width>1375</width>
                                    <texture border="1">$VAR[Theme.Color]/list/bg_facade_focus.png</texture>
                                </control>
                                <control type="label">
                                    <include>ConditionWhite</include>
                                    <posx>TextMargin</posx>
                                    <height>78</height>
                                    <width>1255</width>
                                    <font>FacadeListMainFont</font>
                                    <include>TextColor_MainColor</include>
                                    <label>[COLOR=AlternateColor_white]$INFO[ListItem.Label2,, - ][/COLOR]$INFO[ListItem.Label]</label>
                                </control>
                                <control type="label">
                                    <include>ConditionBlack</include>
                                    <posx>TextMargin</posx>
                                    <height>78</height>
                                    <width>1255</width>
                                    <font>FacadeListMainFont</font>
                                    <include>TextColor_MainColor</include>
                                    <label>[COLOR=AlternateColor_black]$INFO[ListItem.Label2,, - ][/COLOR]$INFO[ListItem.Label]</label>
                                </control>
                            </control>
                        </focusedlayout>
                        <content>plugin://script.extendedinfo?info=musicvideos&amp;&amp;artistname=$INFO[ListItem.Artist]</content>
                        <!--<content>$VAR[YouTubeContent]</content>-->
                    </control>
                    <control type="scrollbar" id="5670">
                        <posx>1886</posx>
                        <posy>318</posy>
                        <height>624</height>
                        <include>VerticalScroller</include>
                        <onleft>5071</onleft>
                        <onright>5670</onright>
                    </control>
                </control>
                <!--YOUTUBE EXTENDEDINFO-->
                <control type="group" id="5080">
                    <visible>Control.HasFocus(508)|ControlGroup(5080).HasFocus</visible>
                    <include>VisibleFadeEffectDelay</include>
                    <control type="label">
                        <posx>TextMargin</posx>
                        <posy>270</posy>
                        <width>1800</width>
                        <height>35</height>
                        <align>center</align>
                        <font>InfoTitleSubFont</font>
                        <include>TextColor_MainColor</include>
                        <label>$INFO[Container(5081).NumItems] $LOCALIZE[31025]</label>
                    </control>
                    <control type="image">
                        <visible>IsEmpty(Container(5081).Listitem.Icon)</visible>
                        <posx>TextMargin</posx>
                        <posy>378</posy>
                        <width>468</width>
                        <height>468</height>
                        <texture>$VAR[Theme.Color]/defaultVideoBig.png</texture>
                        <aspectratio aligny="top">keep</aspectratio>
                    </control>
                    <control type="image">
                        <posx>25</posx>
                        <posy>343</posy>
                        <width>538</width>
                        <height>538</height>
                        <aspectratio aligny="top">keep</aspectratio>
                        <texture background="true">$INFO[Container(5081).Listitem.Icon]</texture>
                        <include>ThumbBorder</include>
                    </control>
                    <control type="button">
                        <description>dummy for mouse navigation</description>
                        <posx>0</posx>
                        <posy>213</posy>
                        <width>744</width>
                        <height>785</height>
                        <onclick>noop</onclick>
                        <onleft>9012</onleft>
                        <onright>50</onright>
                        <texturenofocus>-</texturenofocus>
                        <texturefocus>-</texturefocus>
                    </control>
                    <control type="panel" id="5081">
                        <posx>545</posx>
                        <posy>318</posy>
                        <width>1375</width>
                        <height>624</height>
                        <onleft>9000</onleft>
                        <onright>5680</onright>
                        <onup>5081</onup>
                        <ondown>5081</ondown>
                        <viewtype label="">list</viewtype>
                        <pagecontrol>5680</pagecontrol>
                        <orientation>vertical</orientation>
                        <itemlayout height="78" width="1375">
                            <control type="label">
                                <posx>TextMargin</posx>
                                <height>78</height>
                                <width>1255</width>
                                <font>FacadeListMainFont</font>
                                <include>TextColor_MainColor</include>
                                <label>$INFO[ListItem.Label]</label>
                            </control>
                        </itemlayout>
                        <focusedlayout height="78" width="1375">
                            <control type="group">
                                <include>ButtonWideFocusAnimation</include>
                                <control type="image">
                                    <posx>0</posx>
                                    <posy>0</posy>
                                    <height>78</height>
                                    <width>1375</width>
                                    <texture border="1">$VAR[Theme.Color]/list/bg_facade_focus.png</texture>
                                </control>
                                <control type="label">
                                    <posx>TextMargin</posx>
                                    <height>78</height>
                                    <width>1255</width>
                                    <font>FacadeListMainFont</font>
                                    <include>TextColor_MainColor</include>
                                    <label>$INFO[ListItem.Label]</label>
                                </control>
                            </control>
                        </focusedlayout>
                        <content>$VAR[YouTubeContent]</content>
                    </control>
                    <control type="scrollbar" id="5680">
                        <posx>1886</posx>
                        <posy>318</posy>
                        <height>624</height>
                        <include>VerticalScroller</include>
                        <onleft>5081</onleft>
                        <onright>5680</onright>
                    </control>
                </control>
                <!--TWITTER SHOUTS EXTENDEDINFO-->
                <control type="group" id="5090">
                    <visible>Control.HasFocus(509)|ControlGroup(5090).HasFocus</visible>
                    <include>VisibleFadeEffectDelay</include>
                    <control type="label">
                        <posx>TextMargin</posx>
                        <posy>270</posy>
                        <width>1800</width>
                        <height>35</height>
                        <align>center</align>
                        <font>InfoTitleSubFont</font>
                        <include>TextColor_MainColor</include>
                        <label>$INFO[Container(5091).NumItems] $LOCALIZE[31025]</label>
                    </control>
                    <control type="image">
                        <visible>IsEmpty(Container(5091).Listitem.Icon)</visible>
                        <posx>TextMargin</posx>
                        <posy>378</posy>
                        <width>468</width>
                        <height>468</height>
                        <texture>$VAR[Theme.Color]/defaultArtistBig.png</texture>
                        <aspectratio aligny="top">keep</aspectratio>
                    </control>
                    <control type="image">
                        <posx>25</posx>
                        <posy>343</posy>
                        <width>538</width>
                        <height>538</height>
                        <aspectratio aligny="top">keep</aspectratio>
                        <texture background="true">$INFO[Container(5091).Listitem.Icon]</texture>
                        <include>ThumbBorder</include>
                    </control>
                    <control type="button">
                        <description>dummy for mouse navigation</description>
                        <posx>0</posx>
                        <posy>213</posy>
                        <width>744</width>
                        <height>785</height>
                        <onclick>noop</onclick>
                        <onleft>9012</onleft>
                        <onright>50</onright>
                        <texturenofocus>-</texturenofocus>
                        <texturefocus>-</texturefocus>
                    </control>
                    <control type="panel" id="5091">
                        <posx>545</posx>
                        <posy>318</posy>
                        <width>1375</width>
                        <height>624</height>
                        <onleft>9000</onleft>
                        <onright>5690</onright>
                        <onup>5091</onup>
                        <ondown>5091</ondown>
                        <viewtype label="">list</viewtype>
                        <pagecontrol>5690</pagecontrol>
                        <orientation>vertical</orientation>
                        <itemlayout height="78" width="1375">
                            <control type="label">
                                <include>ConditionWhite</include>
                                <posx>TextMargin</posx>
                                <height>78</height>
                                <width>1255</width>
                                <font>FacadeListMainFont</font>
                                <include>TextColor_MainColor</include>
                                <label>$INFO[ListItem.Property(comment)]</label>
                            </control>
                            <control type="label">
                                <include>ConditionBlack</include>
                                <posx>TextMargin</posx>
                                <height>78</height>
                                <width>1255</width>
                                <font>FacadeListMainFont</font>
                                <include>TextColor_MainColor</include>
                                <label>$INFO[ListItem.Property(comment)]</label>
                            </control>
                        </itemlayout>
                        <focusedlayout height="78" width="1375">
                            <control type="group">
                                <include>ButtonWideFocusAnimation</include>
                                <control type="image">
                                    <posx>0</posx>
                                    <posy>0</posy>
                                    <height>78</height>
                                    <width>1375</width>
                                    <texture border="1">$VAR[Theme.Color]/list/bg_facade_focus.png</texture>
                                </control>
                                <control type="label">
                                    <include>ConditionWhite</include>
                                    <posx>TextMargin</posx>
                                    <height>78</height>
                                    <width>1255</width>
                                    <font>FacadeListMainFont</font>
                                    <include>TextColor_MainColor</include>
                                    <label>$INFO[ListItem.Property(comment)]</label>
                                </control>
                                <control type="label">
                                    <include>ConditionBlack</include>
                                    <posx>TextMargin</posx>
                                    <height>78</height>
                                    <width>1255</width>
                                    <font>FacadeListMainFont</font>
                                    <include>TextColor_MainColor</include>
                                    <label>$INFO[ListItem.Property(comment)]</label>
                                </control>
                            </control>
                        </focusedlayout>
                        <content>plugin://script.extendedinfo?info=artistshouts&amp;&amp;artistname=$INFO[ListItem.Artist]</content>
                    </control>
                    <control type="scrollbar" id="5690">
                        <posx>1886</posx>
                        <posy>318</posy>
                        <height>624</height>
                        <include>VerticalScroller</include>
                        <onleft>5091</onleft>
                        <onright>5690</onright>
                    </control>
                </control>
                <!--FANART-->
                <control type="group" id="120">
                    <visible>Control.HasFocus(12)|Control.HasFocus(150)|ControlGroup(120).HasFocus</visible>
                    <include>VisibleFadeEffectDelay</include>
                    <control type="label">
                        <posx>TextMargin</posx>
                        <posy>270</posy>
                        <width>1800</width>
                        <height>35</height>
                        <align>center</align>
                        <font>InfoTitleSubFont</font>
                        <include>TextColor_MainColor</include>
                        <label>$LOCALIZE[21893]: $INFO[ListItem.Property(Artist_Born)]</label>
                    </control>
                    <control type="button" id="121">
                        <description>dummy for mouse navigation</description>
                        <posx>0</posx>
                        <posy>213</posy>
                        <width>1920</width>
                        <height>785</height>
                        <onclick>noop</onclick>
                        <onleft>9000</onleft>
                        <texturenofocus>-</texturenofocus>
                        <texturefocus>-</texturefocus>
                    </control>
                    <control type="image">
                        <visible>!IsEmpty(Listitem.Property(Fanart_Image))</visible>
                        <include>VisibleFadeEffectDelay</include>
                        <description>Current Fanart image</description>
                        <posx>25</posx>
                        <posy>313</posy>
                        <width>1163</width>
                        <height>685</height>
                        <texture background="true">$INFO[ListItem.Art(fanart)]</texture>
                        <include>ThumbBorder</include>
                        <aspectratio>keep</aspectratio>
                    </control>
                </control>
            </control>
            <!-- SIDE MENU -->
            <control type="group">
                <include>LeftMenu</include>
                <control type="grouplist" id="9000">
                    <include>LeftMenuButtonGroup</include>
                    <onright>49</onright>
                    <ondown>9000</ondown>
                    <onback>49</onback>
                    <control type="label" id="7965">
                        <include>LeftMenuTitleLabel</include>
                        <label>$LOCALIZE[33061]</label>
                    </control>
                    <control type="button" id="500">
                        <visible>container.content(artists)</visible>
                        <description>Biography</description>
                        <include>LeftMenuButton</include>
                        <label>21887</label>
                        <onright>49</onright>
                    </control>
                    <control type="button" id="501">
                        <visible>container.content(albums)</visible>
                        <description>Review</description>
                        <include>LeftMenuButton</include>
                        <label>183</label>
                        <onright>49</onright>
                    </control>
                    <control type="button" id="502">
                        <visible>!System.HasAddon(script.extendedinfo)</visible>
                        <visible>container.content(artists)</visible>
                        <description>Discography</description>
                        <include>LeftMenuButton</include>
                        <label>21888</label>
                        <onright>50</onright>
                    </control>
                    <control type="button" id="503">
                        <visible>container.content(albums)</visible>
                        <description>Tracks</description>
                        <include>LeftMenuButton</include>
                        <label>182</label>
                        <onright>50</onright>
                    </control>
                    <control type="button" id="504">
                        <visible>System.HasAddon(script.extendedinfo)</visible>
                        <!--<visible>IntegerGreaterThan(Container(5041).NumItems,0)</visible>-->
                        <visible>container.content(artists)</visible>
                        <description>Discography ExtendedInfo</description>
                        <include>LeftMenuButton</include>
                        <label>21888</label>
                        <onright>5041</onright>
                    </control>
                    <control type="button" id="509">
                        <visible>System.HasAddon(script.extendedinfo)</visible>
                        <!--<visible>IntegerGreaterThan(Container(5091).NumItems,0)</visible>-->
                        <visible>container.content(artists)</visible>
                        <description>Twitter Shouts ExtendedInfo</description>
                        <include>LeftMenuButton</include>
                        <label>Twitter</label>
                        <onright>5091</onright>
                    </control>
                    <control type="button" id="505">
                        <visible>System.HasAddon(script.extendedinfo)</visible>
                        <!--<visible>IntegerGreaterThan(Container(5051).NumItems,0)</visible>-->
                        <visible>container.content(artists)</visible>
                        <description>Concerts ExtendedInfo</description>
                        <include>LeftMenuButton</include>
                        <label>31971</label>
                        <onright>5051</onright>
                    </control>
                    <control type="button" id="506">
                        <visible>System.HasAddon(script.extendedinfo)</visible>
                        <visible>container.content(artists)</visible>
                        <description>Similar Artists ExtendedInfo</description>
                        <include>LeftMenuButton</include>
                        <label>31942</label>
                        <onright>5061</onright>
                    </control>
                    <control type="button" id="507">
                        <visible>System.HasAddon(script.extendedinfo)</visible>
                        <!--<visible>IntegerGreaterThan(Container(5071).NumItems,0)</visible>-->
                        <visible>container.content(artists)</visible>
                        <description>MusicVideos ExtendedInfo</description>
                        <include>LeftMenuButton</include>
                        <label>20389</label>
                        <onright>5071</onright>
                    </control>
                    <control type="button" id="508">
                        <visible>System.HasAddon(script.extendedinfo)</visible>
                        <!--<visible>IntegerGreaterThan(Container(5081).NumItems,0)</visible>-->
                        <!--<visible>container.content(artists)</visible>-->
                        <description>Youtube ExtendedInfo</description>
                        <include>LeftMenuButton</include>
                        <label>$ADDON[script.extendedinfo 32118]</label>
                        <onright>5081</onright>
                    </control>
                    <control type="button" id="6">
                        <description>Refresh</description>
                        <include>LeftMenuButton</include>
                        <label>184</label>
                        <onright>49</onright>
                    </control>
                    <control type="button" id="10">
                        <description>Get Thumb</description>
                        <include>LeftMenuButton</include>
                        <label>13405</label>
                        <onright>49</onright>
                    </control>
                    <control type="button" id="12">
                        <visible>container.content(artists)</visible>
                        <description>Get Fanart</description>
                        <include>LeftMenuButton</include>
                        <label>20413</label>
                        <onright>121</onright>
                    </control>
                </control>
                <include>LeftMenuScroller</include>
            </control>
        </control>
    </controls>
</window>
