<?xml version="1.0" encoding="utf-8"?>
<window>
    <defaultcontrol always="true">11</defaultcontrol>
    <controls>
        <control type="group">
            <include>NotificationOpenClose</include>
            <control type="image">
                <posx>-200</posx>
                <posy>0</posy>
                <width>2320</width>
                <height>183</height>
                <texture border="150,40,150,40">$VAR[Theme.Color]/common/bg_dialog.png</texture>
            </control>
            <control type="button">
                <include>ConditionWhite</include>
                <posx>1887</posx>
                <posy>0</posy>
                <height>33</height>
                <width>33</width>
                <colordiffuse>90ffffff</colordiffuse>
                <texturenofocus>white/topbar/topbar_exit_nofocus.png</texturenofocus>
                <texturefocus>white/topbar/topbar_exit_focus.png</texturefocus>
                <onclick>back</onclick>
                <label>-</label>
            </control>
            <control type="button">
                <include>ConditionBlack</include>
                <posx>1887</posx>
                <posy>0</posy>
                <height>33</height>
                <width>33</width>
                <colordiffuse>90ffffff</colordiffuse>
                <texturenofocus>black/topbar/topbar_exit_nofocus.png</texturenofocus>
                <texturefocus>black/topbar/topbar_exit_focus.png</texturefocus>
                <onclick>back</onclick>
                <label>-</label>
            </control>
            <control type="label" id="10">
                <posx>730</posx>
                <posy>75</posy>
                <width>580</width>
                <height>33</height>
                <font>OSDTitleFont</font>
                <align>right</align>
                <include>TextColor_MainColor</include>
                <wrapmultiline>true</wrapmultiline>
            </control>
            <control type="slider" id="11">
                <posx>760</posx>
                <posy>75</posy>
                <width>400</width>
                <onup>noop</onup>
                <ondown>noop</ondown>
                <onleft>11</onleft>
                <onright>11</onright>
            </control>
            <control type="label" id="12">
                <posx>1190</posx>
                <posy>75</posy>
                <width>580</width>
                <height>33</height>
                <align>left</align>
                <font>OSDFont</font>
                <include>TextColor_MainColor</include>
                <wrapmultiline>false</wrapmultiline>
            </control>
        </control>
    </controls>
</window>
