<?xml version="1.0" encoding="utf-8"?>
<window>
    <defaultcontrol>11</defaultcontrol>
    <menucontrol>9001</menucontrol>
    <controls>
        <!-- <include>DimBG</include> -->
        <include>TopBar</include>
        <control type="group">
            <include>FacadeFadeDialogs2ndLevelCondition</include>
            <include>Icon_Fade</include>
            <control type="group">
                <animation effect="slide" tween="circle" easing="out" time="250" start="0,0" end="660,0" condition="[ControlGroup(9001).HasFocus()|Control.HasFocus(8999)|Control.HasFocus(9060)]">conditional</animation>
                <include>DialogOpenClose</include>
                <control type="image">
                    <posx>-760</posx>
                    <posy>150</posy>
                    <width>2930</width>
                    <height>876</height>
                    <include>DialogTransparency</include>
                    <texture border="150,40,150,40">$VAR[Theme.Color]/common/bg_dialog.png</texture>
                </control>
                <control type="image">
                    <posx>100</posx>
                    <posy>142</posy>
                    <width>1720</width>
                    <height>217</height>
                    <texture border="100">$VAR[Theme.Color]/common/bg_list.png</texture>
                </control>
                <control type="image">
                    <posx>100</posx>
                    <posy>862</posy>
                    <width>1720</width>
                    <height>172</height>
                    <texture border="100">$VAR[Theme.Color]/common/bg_list.png</texture>
                </control>
                <control type="label">
                    <posx>TextMargin</posx>
                    <posy>183</posy>
                    <width>1800</width>
                    <height>135</height>
                    <align>center</align>
                    <font>InfoTitleFont</font>
                    <include>TextColor_MainColor</include>
                    <label>$LOCALIZE[1021]</label>
                </control>
                <control type="panel" id="10">
                    <posx>0</posx>
                    <posy>318</posy>
                    <width>1920</width>
                    <height>390</height>
                    <onup>10</onup>
                    <ondown>12</ondown>
                    <onleft>9001</onleft>
                    <onright>60</onright>
                    <pagecontrol>60</pagecontrol>
                    <itemlayout height="78" width="1920">
                        <control type="label">
                            <posx>TextMargin</posx>
                            <height>78</height>
                            <width>1800</width>
                            <align>center</align>
                            <font>FacadeListMainFont</font>
                            <include>TextColor_AlternateColor</include>
                            <label>$INFO[ListItem.Label]</label>
                        </control>
                    </itemlayout>
                    <focusedlayout height="78" width="1920">
                        <control type="group">
                            <include>ButtonFocusAnimation</include>
                            <control type="image">
                                <posx>0</posx>
                                <posy>0</posy>
                                <height>78</height>
                                <width>1920</width>
                                <texture border="1">$VAR[Theme.Color]/list/bg_facade_focus.png</texture>
                            </control>
                            <control type="label">
                                <posx>TextMargin</posx>
                                <height>78</height>
                                <width>1800</width>
                                <align>center</align>
                                <font>FacadeListMainFont</font>
                                <include>TextColor_MainColor</include>
                                <label>$INFO[ListItem.Label]</label>
                            </control>
                        </control>
                    </focusedlayout>
                </control>
                <control type="scrollbar" id="60">
                    <posx>1886</posx>
                    <posy>318</posy>
                    <height>390</height>
                    <onleft>10</onleft>
                    <onright>10</onright>
                    <include>VerticalScroller</include>
                </control>
                <control type="label">
                    <posx>0</posx>
                    <posy>740</posy>
                    <width>1920</width>
                    <height>40</height>
                    <align>center</align>
                    <font>DialogSubFont</font>
                    <label>$LOCALIZE[1022]</label>
                </control>
                <control type="edit" id="12">
                    <include>ButtonWideFocusAnimation</include>
                    <posx>0</posx>
                    <posy>790</posy>
                    <width>1920</width>
                    <height>78</height>
                    <align>center</align>
                    <aligny>center</aligny>
                    <include>TextureFocus</include>
                    <texturenofocus border="100,0,100,0">$VAR[Theme.Color]/buttons/bg_button_text_nofocus.png</texturenofocus>
                    <label>-</label>
                    <onup>10</onup>
                    <onleft>12</onleft>
                    <onright>12</onright>
                    <ondown>19</ondown>
                </control>
                <control type="grouplist">
                    <posx>TextMargin</posx>
                    <posy>903</posy>
                    <width>1800</width>
                    <height>90</height>
                    <itemgap>30</itemgap>
                    <aligny>bottom</aligny>
                    <align>center</align>
                    <onup>12</onup>
                    <ondown>10</ondown>
                    <orientation>horizontal</orientation>
                    <control type="button" id="19">
                        <include>ButtonFocusAnimation</include>
                        <label>$LOCALIZE[222]</label>
                    </control>
                    <control type="button" id="18">
                        <include>ButtonFocusAnimation</include>
                        <label>$LOCALIZE[186]</label>
                    </control>
                </control>
            </control>
            <!-- SIDE MENU -->
            <control type="group">
                <animation effect="slide" tween="circle" easing="out" time="250" start="0,0" end="660,0" condition="[ControlGroup(9001).HasFocus()|Control.HasFocus(8999)|Control.HasFocus(9060)]">Conditional</animation>
                <include>LeftMenu</include>
                <control type="label" id="7965">
                    <posx>-660</posx>
                    <posy>183</posy>
                    <include>LeftMenuTitleLabel</include>
                    <label>$LOCALIZE[33061]</label>
                </control>
                <control type="grouplist" id="9001">
                    <posy>261</posy>
                    <include>LeftMenuButtonGroup</include>
                    <onright>10</onright>
                    <ondown>9001</ondown>
                    <onback>10</onback>
                    <control type="button" id="11">
                        <description>Button: Browse</description>
                        <include>LeftMenuButton</include>
                        <label>$LOCALIZE[1024]</label>
                    </control>
                    <control type="button" id="13">
                        <description>Button: Add</description>
                        <include>LeftMenuButton</include>
                        <label>$LOCALIZE[15019]</label>
                    </control>
                    <control type="button" id="14">
                        <description>Button: Remove</description>
                        <include>LeftMenuButton</include>
                        <label>$LOCALIZE[1210]</label>
                    </control>
                </control>
                <include>LeftMenuScroller</include>
            </control>
        </control>
    </controls>
</window>
