<?xml version="1.0" encoding="utf-8"?>
<window type="dialog">
    <defaultcontrol always="true">10</defaultcontrol>
    <controls>
        <!-- <include>DimBG</include> -->
        <include>TopBar</include>
        <control type="group">
            <include>FacadeFadeDialogs3rdLevelCondition</include>
            <include>Icon_Fade</include>
            <control type="group">
                <include>DialogOpenClose</include>
                <control type="image">
                    <posx>-200</posx>
                    <posy>240</posy>
                    <width>2320</width>
                    <height>600</height>
                    <include>DialogTransparency</include>
                    <texture border="150,40,150,40">$VAR[Theme.Color]/common/bg_dialog.png</texture>
                </control>
                <control type="image">
                    <posx>100</posx>
                    <posy>232</posy>
                    <width>1720</width>
                    <height>217</height>
                    <texture border="100">$VAR[Theme.Color]/common/bg_list.png</texture>
                </control>
                <control type="image">
                    <posx>100</posx>
                    <posy>676</posy>
                    <width>1720</width>
                    <height>172</height>
                    <texture border="100">$VAR[Theme.Color]/common/bg_list.png</texture>
                </control>
                <control type="label" id="1">
                    <posx>TextMargin</posx>
                    <posy>273</posy>
                    <width>1800</width>
                    <height>135</height>
                    <align>center</align>
                    <font>InfoTitleFont</font>
                    <include>TextColor_MainColor</include>
                </control>
                <control type="textbox" id="9">
                    <description>text</description>
                    <posx>480</posx>
                    <posy>452</posy>
                    <width>960</width>
                    <height>170</height>
                    <align>center</align>
                    <label>-</label>
                    <font>InfoDetailsFont</font>
                    <include>TextColor_MainColor</include>
                    <pagecontrol>6060</pagecontrol>
                </control>
                <control type="scrollbar" id="6060">
                    <visible>Skin.HasSetting(ManualScroll)</visible>
                    <posx>1886</posx>
                    <posy>452</posy>
                    <height>170</height>
                    <include>VerticalScroller</include>
                    <onleft>10</onleft>
                    <onright>10</onright>
                </control>
                <control type="grouplist">
                    <posx>0</posx>
                    <posy>717</posy>
                    <width>1920</width>
                    <height>90</height>
                    <itemgap>30</itemgap>
                    <aligny>bottom</aligny>
                    <align>center</align>
                    <orientation>horizontal</orientation>
                    <onup>6060</onup>
                    <ondown>6060</ondown>
                    <onleft>6060</onleft>
                    <onright>6060</onright>
                    <control type="button" id="10">
                        <include>ButtonFocusAnimation</include>
                        <label>$LOCALIZE[19165]</label>
                    </control>
                    <control type="button" id="11">
                        <include>ButtonFocusAnimation</include>
                        <label>-</label>
                    </control>
                </control>
            </control>
        </control>
    </controls>
</window>
