<?xml version="1.0" encoding="utf-8"?>
<window type="dialog">
    <defaultcontrol always="true">10</defaultcontrol>
    <controls>
        <!-- <include>DimBG</include> -->
        <include>TopBar</include>
        <control type="group">
            <include>FacadeFadeDialogs3rdLevelCondition</include>
            <visible>!Window.IsVisible(DialogSelect.xml)</visible>
            <include>Icon_Fade</include>
            <control type="group">
                <include>DialogOpenClose</include>
                <visible>![Window.IsVisible(DialogKeyboard.xml)|Window.IsVisible(DialogNumeric.xml)|Window.IsVisible(DialogOk.xml)]</visible>
                <include>Icon_Fade</include>
                <control type="image">
                    <posx>-200</posx>
                    <posy>240</posy>
                    <width>2320</width>
                    <height>600</height>
                    <include>DialogTransparency</include>
                    <texture border="150,40,150,40">$VAR[Theme.Color]/common/bg_dialog.png</texture>
                </control>
                <control type="image">
                    <posx>100</posx>
                    <posy>232</posy>
                    <width>1720</width>
                    <height>217</height>
                    <texture border="100">$VAR[Theme.Color]/common/bg_list.png</texture>
                </control>
                <control type="image">
                    <posx>100</posx>
                    <posy>676</posy>
                    <width>1720</width>
                    <height>172</height>
                    <texture border="100">$VAR[Theme.Color]/common/bg_list.png</texture>
                </control>
                <control type="label" id="100">
                    <posx>TextMargin</posx>
                    <posy>273</posy>
                    <width>1800</width>
                    <height>135</height>
                    <align>center</align>
                    <font>InfoTitleFont</font>
                    <include>TextColor_MainColor</include>
                    <label>$INFO[Control.GetLabel(1),,   ]$INFO[System.Progressbar,,%]</label>
                </control>
                <control type="progress">
                    <include>ConditionWhite</include>
                    <posx>0</posx>
                    <posy>394</posy>
                    <width>1920</width>
                    <height>14</height>
                    <texturebg border="1,1,1,1">white/OSD/osd_progress_background.png</texturebg>
                    <midtexture border="1,1,5,1">white/OSD/osd_progress_mid.png</midtexture>
                    <righttexture>-</righttexture>
                    <lefttexture>-</lefttexture>
                    <info>System.Progressbar</info>
                </control>
                <control type="progress">
                    <include>ConditionBlack</include>
                    <posx>0</posx>
                    <posy>394</posy>
                    <width>1920</width>
                    <height>14</height>
                    <texturebg border="1,1,1,1">black/OSD/osd_progress_background.png</texturebg>
                    <midtexture border="1,1,5,1">black/OSD/osd_progress_mid.png</midtexture>
                    <righttexture>-</righttexture>
                    <lefttexture>-</lefttexture>
                    <info>System.Progressbar</info>
                </control>
                <control type="textbox" id="9">
                    <posx>480</posx>
                    <posy>452</posy>
                    <width>960</width>
                    <height>170</height>
                    <align>center</align>
                    <label>-</label>
                    <font>InfoDetailsFont</font>
                    <include>TextColor_MainColor</include>
                    <pagecontrol>6060</pagecontrol>
                </control>
                <control type="scrollbar" id="6060">
                    <visible>Skin.HasSetting(ManualScroll)</visible>
                    <posx>1886</posx>
                    <posy>452</posy>
                    <height>170</height>
                    <include>VerticalScroller</include>
                    <onleft>10</onleft>
                    <onright>10</onright>
                </control>
                <control type="grouplist">
                    <posx>0</posx>
                    <posy>717</posy>
                    <width>1920</width>
                    <height>90</height>
                    <itemgap>30</itemgap>
                    <aligny>bottom</aligny>
                    <align>center</align>
                    <orientation>horizontal</orientation>
                    <onup>6060</onup>
                    <ondown>6060</ondown>
                    <onleft>6060</onleft>
                    <onright>6060</onright>
                    <control type="button" id="10">
                        <include>ButtonFocusAnimation</include>
                        <label>$LOCALIZE[222]</label>
                    </control>
                </control>
                <control type="label" id="1">
                    <description>fake heading label</description>
                    <posx>3000</posx>
                    <posy>40</posy>
                    <height>40</height>
                    <width>960</width>
                    <include>TextColor_MainColor</include>
                    <align>center</align>
                    <font>-</font>
                </control>
            </control>
        </control>
    </controls>
</window>
