<?xml version="1.0" encoding="utf-8"?>
<window>
    <defaultcontrol always="true">300</defaultcontrol>
    <controls>
        <!-- <include>DimBG</include> -->
        <!-- <include>TopBar</include> -->
        <control type="group">
            <include>FacadeFadeDialogs3rdLevelCondition</include>
            <include>Icon_Fade</include>
            <control type="group">
                <visible>!Window.IsVisible(numericinput)</visible>
                <include>DialogOpenClose</include>
                <posy>-80</posy>
                <animation effect="slide" start="0,0" end="0,-50" time="0" condition="Control.IsVisible(313)">Conditional</animation>
                <control type="group">
                    <visible>!Control.IsVisible(313)</visible>
                    <control type="image">
                        <posx>-200</posx>
                        <posy>240</posy>
                        <width>2320</width>
                        <height>760</height>
                        <include>DialogTransparency</include>
                        <texture border="150,40,150,40">$VAR[Theme.Color]/common/bg_dialog.png</texture>
                    </control>
                    <control type="image">
                        <posx>100</posx>
                        <posy>232</posy>
                        <width>1720</width>
                        <height>217</height>
                        <texture border="100">$VAR[Theme.Color]/common/bg_list.png</texture>
                    </control>
                    <control type="image">
                        <posx>100</posx>
                        <posy>455</posy>
                        <width>1720</width>
                        <height>553</height>
                        <texture border="100">$VAR[Theme.Color]/common/bg_list.png</texture>
                    </control>
                </control>
                <control type="group">
                    <visible>Control.IsVisible(313)</visible>
                    <control type="image">
                        <posx>-200</posx>
                        <posy>240</posy>
                        <width>2320</width>
                        <height>860</height>
                        <include>DialogTransparency</include>
                        <texture border="150,40,150,40">$VAR[Theme.Color]/common/bg_dialog.png</texture>
                    </control>
                    <control type="image">
                        <posx>100</posx>
                        <posy>232</posy>
                        <width>1720</width>
                        <height>317</height>
                        <texture border="100">$VAR[Theme.Color]/common/bg_list.png</texture>
                    </control>
                    <control type="image">
                        <posx>100</posx>
                        <posy>555</posy>
                        <width>1720</width>
                        <height>553</height>
                        <texture border="100">$VAR[Theme.Color]/common/bg_list.png</texture>
                    </control>
                </control>
                <control type="label" id="311">
                    <posx>TextMargin</posx>
                    <posy>273</posy>
                    <width>1800</width>
                    <height>135</height>
                    <align>center</align>
                    <font>InfoTitleFont</font>
                    <include>TextColor_MainColor</include>
                </control>
                <control type="group">
                    <posx>0</posx>
                    <posy>0</posy>
                    <visible>Control.IsVisible(313)</visible>
                    <control type="label" id="313">
                        <description>HZCODE label</description>
                        <posx>TextMargin</posx>
                        <posy>393</posy>
                        <width>1800</width>
                        <font>InfoDetailsFont</font>
                        <scroll>true</scroll>
                        <include>TextColor_MainColor</include>
                        <align>center</align>
                    </control>
                    <control type="label" id="314">
                        <description>HZLIST label</description>
                        <posx>TextMargin</posx>
                        <posy>443</posy>
                        <width>1800</width>
                        <font>DialogSubFont</font>
                        <scroll>true</scroll>
                        <include>TextColor_AlternateColor</include>
                        <align>center</align>
                    </control>
                </control>
                <control type="group">
                    <left>280</left>
                    <top>533</top>
                    <animation effect="slide" start="0,0" end="0,100" time="0" condition="Control.IsVisible(313)">Conditional</animation>
                    <control type="edit" id="312">
                        <posx>-220</posx>
                        <posy>-125</posy>
                        <width>1800</width>
                        <height>87</height>
                        <align>center</align>
                        <include>TextColor_MainColor</include>
                        <font>InfoDetailsFont</font>
                    </control>
                    <!-- 1st row -->
                    <control type="grouplist">
                        <itemgap>0</itemgap>
                        <orientation>horizontal</orientation>
                        <control type="button" id="309">
                            <description>Layout button</description>
                            <width>390</width>
                            <label>20177</label>
                            <onup>300</onup>
                            <ondown>302</ondown>
                            <include>KeyboardButtons</include>
                        </control>
                        <control type="button" id="100">
                            <description>(0,0) key button</description>
                            <onup>32</onup>
                            <ondown>120</ondown>
                            <include>KeyboardButtons</include>
                        </control>
                        <control type="button" id="101">
                            <description>(0,1) key button</description>
                            <onup>32</onup>
                            <ondown>121</ondown>
                            <include>KeyboardButtons</include>
                        </control>
                        <control type="button" id="102">
                            <description>(0,2) key button</description>
                            <onup>32</onup>
                            <ondown>122</ondown>
                            <include>KeyboardButtons</include>
                        </control>
                        <control type="button" id="103">
                            <description>(0,3) key button</description>
                            <onup>32</onup>
                            <ondown>123</ondown>
                            <include>KeyboardButtons</include>
                        </control>
                        <control type="button" id="104">
                            <description>(0,4) key button</description>
                            <onup>8</onup>
                            <ondown>124</ondown>
                            <include>KeyboardButtons</include>
                        </control>
                        <control type="button" id="105">
                            <description>(0,5) key button</description>
                            <onup>8</onup>
                            <ondown>125</ondown>
                            <include>KeyboardButtons</include>
                        </control>
                        <control type="button" id="106">
                            <description>(0,6) key button</description>
                            <onup>8</onup>
                            <ondown>126</ondown>
                            <include>KeyboardButtons</include>
                        </control>
                        <control type="button" id="107">
                            <description>(0,7) key button</description>
                            <onup>8</onup>
                            <ondown>127</ondown>
                            <include>KeyboardButtons</include>
                        </control>
                        <control type="button" id="108">
                            <description>(0,8) key button</description>
                            <onup>305</onup>
                            <ondown>128</ondown>
                            <include>KeyboardButtons</include>
                        </control>
                        <control type="button" id="109">
                            <description>(0,9) key button</description>
                            <onup>305</onup>
                            <ondown>129</ondown>
                            <include>KeyboardButtons</include>
                        </control>
                        <control type="button" id="110">
                            <description>(0,10) key button</description>
                            <onup>306</onup>
                            <ondown>130</ondown>
                            <include>KeyboardButtons</include>
                        </control>
                        <control type="button" id="111">
                            <description>(0,11) key button</description>
                            <onup>306</onup>
                            <ondown>131</ondown>
                            <include>KeyboardButtons</include>
                        </control>
                    </control>
                    <!-- 2nd row -->
                    <control type="grouplist">
                        <orientation>horizontal</orientation>
                        <top>80</top>
                        <itemgap>0</itemgap>
                        <control type="radiobutton" id="302">
                            <description>SHIFT button</description>
                            <width>390</width>
                            <label>20178</label>
                            <onup>309</onup>
                            <ondown>303</ondown>
                            <radioposx>10</radioposx>
                            <include>KeyboardButtons</include>
                        </control>
                        <control type="button" id="120">
                            <description>(1,0) key button</description>
                            <onup>100</onup>
                            <ondown>140</ondown>
                            <include>KeyboardButtons</include>
                        </control>
                        <control type="button" id="121">
                            <description>(1,1) key button</description>
                            <onup>101</onup>
                            <ondown>141</ondown>
                            <include>KeyboardButtons</include>
                        </control>
                        <control type="button" id="122">
                            <description>(1,2) key button</description>
                            <onup>102</onup>
                            <ondown>142</ondown>
                            <include>KeyboardButtons</include>
                        </control>
                        <control type="button" id="123">
                            <description>(1,3) key button</description>
                            <onup>103</onup>
                            <ondown>143</ondown>
                            <include>KeyboardButtons</include>
                        </control>
                        <control type="button" id="124">
                            <description>(1,4) key button</description>
                            <onup>104</onup>
                            <ondown>144</ondown>
                            <include>KeyboardButtons</include>
                        </control>
                        <control type="button" id="125">
                            <description>(1,5) key button</description>
                            <onup>105</onup>
                            <ondown>145</ondown>
                            <include>KeyboardButtons</include>
                        </control>
                        <control type="button" id="126">
                            <description>(1,6) key button</description>
                            <onup>106</onup>
                            <ondown>146</ondown>
                            <include>KeyboardButtons</include>
                        </control>
                        <control type="button" id="127">
                            <description>(1,7) key button</description>
                            <onup>107</onup>
                            <ondown>147</ondown>
                            <include>KeyboardButtons</include>
                        </control>
                        <control type="button" id="128">
                            <description>(1,8) key button</description>
                            <onup>108</onup>
                            <ondown>148</ondown>
                            <include>KeyboardButtons</include>
                        </control>
                        <control type="button" id="129">
                            <description>(1,9) key button</description>
                            <onup>109</onup>
                            <ondown>149</ondown>
                            <include>KeyboardButtons</include>
                        </control>
                        <control type="button" id="130">
                            <description>(1,10) key button</description>
                            <onup>110</onup>
                            <ondown>150</ondown>
                            <include>KeyboardButtons</include>
                        </control>
                        <control type="button" id="131">
                            <description>(1,11) key button</description>
                            <onup>111</onup>
                            <ondown>151</ondown>
                            <include>KeyboardButtons</include>
                        </control>
                    </control>
                    <!-- 3rd row -->
                    <control type="grouplist">
                        <top>160</top>
                        <orientation>horizontal</orientation>
                        <itemgap>0</itemgap>
                        <control type="radiobutton" id="303">
                            <description>CAPS LOCK button</description>
                            <width>390</width>
                            <label>20179</label>
                            <onup>302</onup>
                            <ondown>304</ondown>
                            <radioposx>10</radioposx>
                            <include>KeyboardButtons</include>
                        </control>
                        <control type="button" id="140">
                            <description>(2,0) key button</description>
                            <onup>120</onup>
                            <ondown>160</ondown>
                            <include>KeyboardButtons</include>
                        </control>
                        <control type="button" id="141">
                            <description>(2,1) key button</description>
                            <onup>121</onup>
                            <ondown>161</ondown>
                            <include>KeyboardButtons</include>
                        </control>
                        <control type="button" id="142">
                            <description>(2,2) key button</description>
                            <onup>122</onup>
                            <ondown>162</ondown>
                            <include>KeyboardButtons</include>
                        </control>
                        <control type="button" id="143">
                            <description>(2,3) key button</description>
                            <onup>123</onup>
                            <ondown>163</ondown>
                            <include>KeyboardButtons</include>
                        </control>
                        <control type="button" id="144">
                            <description>(2,4) key button</description>
                            <onup>124</onup>
                            <ondown>164</ondown>
                            <include>KeyboardButtons</include>
                        </control>
                        <control type="button" id="145">
                            <description>(2,5) key button</description>
                            <onup>125</onup>
                            <ondown>165</ondown>
                            <include>KeyboardButtons</include>
                        </control>
                        <control type="button" id="146">
                            <description>(2,6) key button</description>
                            <onup>126</onup>
                            <ondown>166</ondown>
                            <include>KeyboardButtons</include>
                        </control>
                        <control type="button" id="147">
                            <description>(2,7) key button</description>
                            <onup>127</onup>
                            <ondown>167</ondown>
                            <include>KeyboardButtons</include>
                        </control>
                        <control type="button" id="148">
                            <description>(2,8) key button</description>
                            <onup>128</onup>
                            <ondown>168</ondown>
                            <include>KeyboardButtons</include>
                        </control>
                        <control type="button" id="149">
                            <description>(2,9) key button</description>
                            <onup>129</onup>
                            <ondown>169</ondown>
                            <include>KeyboardButtons</include>
                        </control>
                        <control type="button" id="150">
                            <description>(2,10) key button</description>
                            <onup>130</onup>
                            <ondown>170</ondown>
                            <include>KeyboardButtons</include>
                        </control>
                        <control type="button" id="151">
                            <description>(2,11) key button</description>
                            <onup>131</onup>
                            <ondown>171</ondown>
                            <include>KeyboardButtons</include>
                        </control>
                    </control>
                    <!-- 4th row -->
                    <control type="grouplist">
                        <top>240</top>
                        <itemgap>0</itemgap>
                        <orientation>horizontal</orientation>
                        <control type="radiobutton" id="304">
                            <description>Symbols button</description>
                            <width>390</width>
                            <label>@#!*</label>
                            <onup>303</onup>
                            <ondown>300</ondown>
                            <radioposx>10</radioposx>
                            <include>KeyboardButtons</include>
                        </control>
                        <control type="button" id="160">
                            <description>(3,0) key button</description>
                            <onup>140</onup>
                            <ondown>307</ondown>
                            <include>KeyboardButtons</include>
                        </control>
                        <control type="button" id="161">
                            <description>(3,1) key button</description>
                            <onup>141</onup>
                            <ondown>307</ondown>
                            <include>KeyboardButtons</include>
                        </control>
                        <control type="button" id="162">
                            <description>(3,2) key button</description>
                            <onup>142</onup>
                            <ondown>32</ondown>
                            <include>KeyboardButtons</include>
                        </control>
                        <control type="button" id="163">
                            <description>(3,3) key button</description>
                            <onup>143</onup>
                            <ondown>32</ondown>
                            <include>KeyboardButtons</include>
                        </control>
                        <control type="button" id="164">
                            <description>(3,4) key button</description>
                            <onup>144</onup>
                            <ondown>32</ondown>
                            <include>KeyboardButtons</include>
                        </control>
                        <control type="button" id="165">
                            <description>(3,5) key button</description>
                            <onup>145</onup>
                            <ondown>8</ondown>
                            <include>KeyboardButtons</include>
                        </control>
                        <control type="button" id="166">
                            <description>(3,6) key button</description>
                            <onup>146</onup>
                            <ondown>8</ondown>
                            <include>KeyboardButtons</include>
                        </control>
                        <control type="button" id="167">
                            <description>(3,7) key button</description>
                            <onup>147</onup>
                            <ondown>8</ondown>
                            <include>KeyboardButtons</include>
                        </control>
                        <control type="button" id="168">
                            <description>(3,8) key button</description>
                            <onup>148</onup>
                            <ondown>305</ondown>
                            <include>KeyboardButtons</include>
                        </control>
                        <control type="button" id="169">
                            <description>(3,9) key button</description>
                            <onup>149</onup>
                            <ondown>305</ondown>
                            <include>KeyboardButtons</include>
                        </control>
                        <control type="button" id="170">
                            <description>(3,10) key button</description>
                            <onup>150</onup>
                            <ondown>306</ondown>
                            <include>KeyboardButtons</include>
                        </control>
                        <control type="button" id="171">
                            <description>(3,11) key button</description>
                            <onup>151</onup>
                            <ondown>306</ondown>
                            <include>KeyboardButtons</include>
                        </control>
                    </control>
                    <!-- 5th row -->
                    <control type="grouplist">
                        <top>320</top>
                        <itemgap>0</itemgap>
                        <orientation>horizontal</orientation>
                        <control type="button" id="300">
                            <description>DONE button</description>
                            <width>390</width>
                            <label>20177</label>
                            <include>KeyboardButtons</include>
                            <onup>304</onup>
                            <ondown>309</ondown>
                        </control>
                        <control type="button" id="307">
                            <description>IP Input button</description>
                            <width>160</width>
                            <onup>160</onup>
                            <ondown>101</ondown>
                            <label>IP</label>
                            <include>KeyboardButtons</include>
                        </control>
                        <control type="button" id="32">
                            <description>SPACE button</description>
                            <width>320</width>
                            <label>20182</label>
                            <include>KeyboardButtons</include>
                            <onup>163</onup>
                            <ondown>103</ondown>
                        </control>
                        <control type="button" id="8">
                            <description>BACKSPACE button</description>
                            <width>320</width>
                            <label>20181</label>
                            <onup>166</onup>
                            <ondown>105</ondown>
                            <include>KeyboardButtons</include>
                        </control>
                        <control type="button" id="305">
                            <description>previous button</description>
                            <width>100</width>
                            <label>&lt;</label>
                            <include>KeyboardButtons</include>
                            <onup>168</onup>
                            <ondown>108</ondown>
                        </control>
                        <control type="button" id="306">
                            <description>next button</description>
                            <width>100</width>
                            <label>&gt;</label>
                            <include>KeyboardButtons</include>
                            <onup>170</onup>
                            <ondown>110</ondown>
                        </control>
                    </control>
                </control>
            </control>
        </control>
    </controls>
</window>
