<?xml version="1.0" encoding="utf-8"?>
<window>
    <defaultcontrol>9000</defaultcontrol>
    <menucontrol>9000</menucontrol>
    <controls>
        <!-- <include>DimBG</include> -->
        <include>TopBar</include>
        <control type="group">
            <include>FacadeFadeDialogs2ndLevelCondition</include>
            <include>Icon_Fade</include>
            <control type="group">
                <animation effect="slide" tween="circle" easing="out" time="250" start="0,0" end="660,0" condition="[ControlGroup(9000).HasFocus()|Control.HasFocus(8999)|Control.HasFocus(9060)]">conditional</animation>
                <include>DialogOpenClose</include>
                <control type="image">
                    <posx>-760</posx>
                    <posy>150</posy>
                    <width>2930</width>
                    <height>876</height>
                    <include>DialogTransparency</include>
                    <texture border="150,40,150,40">$VAR[Theme.Color]/common/bg_dialog.png</texture>
                </control>
                <control type="image">
                    <posx>100</posx>
                    <posy>142</posy>
                    <width>1720</width>
                    <height>277</height>
                    <texture border="100">$VAR[Theme.Color]/common/bg_list.png</texture>
                </control>
                <control type="label" id="100">
                    <posx>TextMargin</posx>
                    <posy>183</posy>
                    <width>1800</width>
                    <height>105</height>
                    <align>center</align>
                    <font>InfoTitleFont</font>
                    <include>TextColor_MainColor</include>
                </control>
                <control type="label">
                    <posx>TextMargin</posx>
                    <posy>270</posy>
                    <width>1800</width>
                    <height>35</height>
                    <align>center</align>
                    <font>InfoTitleSubFont</font>
                    <include>TextColor_AlternateColor</include>
                    <label>$INFO[Player.Filename]</label>
                </control>
                <control type="label" id="140">
                    <posx>TextMargin</posx>
                    <posy>320</posy>
                    <width>1800</width>
                    <height>35</height>
                    <align>center</align>
                    <font>InfoTitleSubFont</font>
                    <include>TextColor_MainColor</include>
                </control>
                <control type="label" id="130">
                    <posx>TextMargin</posx>
                    <posy>320</posy>
                    <width>1800</width>
                    <height>35</height>
                    <align>Left</align>
                    <font>InfoTitleSubFont</font>
                    <include>TextColor_AlternateColor</include>
                    <label>31357</label>
                </control>
                <control type="list" id="120">
                    <posx>0</posx>
                    <posy>378</posy>
                    <width>1920</width>
                    <height>615</height>
                    <onleft>9000</onleft>
                    <onright>60</onright>
                    <onup>120</onup>
                    <ondown>120</ondown>
                    <viewtype label="535">list</viewtype>
                    <pagecontrol>60</pagecontrol>
                    <itemlayout height="123" width="1920">
                        <control type="label">
                            <posx>TextMargin</posx>
                            <posy>15</posy>
                            <height>42</height>
                            <width>1483</width>
                            <font>FacadeListMainFont</font>
                            <include>TextColor_AlternateColor</include>
                            <label>$INFO[ListItem.Label]</label>
                        </control>
                        <control type="label">
                            <posx>TextMargin</posx>
                            <posy>70</posy>
                            <height>28</height>
                            <width>1483</width>
                            <font>FacadeListSubFont</font>
                            <include>TextColor_AlternateColor</include>
                            <label>$INFO[ListItem.Label2]</label>
                        </control>
                        <control type="image">
                            <posx>1572</posx>
                            <posy>43</posy>
                            <width>37</width>
                            <height>37</height>
                            <aspectratio>keep</aspectratio>
                            <texture>$VAR[Theme.Color]/badges/subtitle_sync.png</texture>
                            <visible>ListItem.property(sync)</visible>
                        </control>
                        <control type="image">
                            <posx>1609</posx>
                            <posy>43</posy>
                            <width>37</width>
                            <height>37</height>
                            <aspectratio>keep</aspectratio>
                            <texture>$VAR[Theme.Color]/badges/subtitle_cc.png</texture>
                            <visible>ListItem.property(hearing_imp)</visible>
                        </control>
                        <control type="image">
                            <posx>1675</posx>
                            <posy>43</posy>
                            <width>185</width>
                            <height>37</height>
                            <texture background="true">$VAR[Theme.Color]/badges/rating$INFO[ListItem.ActualIcon].png</texture>
                        </control>
                    </itemlayout>
                    <focusedlayout height="123" width="1920">
                        <control type="group">
                            <include>ButtonWideFocusAnimation</include>
                            <control type="image">
                                <posx>0</posx>
                                <posy>0</posy>
                                <height>123</height>
                                <width>1920</width>
                                <texture border="1">$VAR[Theme.Color]/list/bg_facade_focus.png</texture>
                            </control>
                            <control type="label">
                                <posx>TextMargin</posx>
                                <posy>15</posy>
                                <height>42</height>
                                <width>1483</width>
                                <font>FacadeListMainFont</font>
                                <include>TextColor_MainColor</include>
                                <label>$INFO[ListItem.Label]</label>
                            </control>
                            <control type="label">
                                <posx>TextMargin</posx>
                                <posy>70</posy>
                                <height>28</height>
                                <width>1483</width>
                                <font>FacadeListSubFont</font>
                                <include>TextColor_MainColor</include>
                                <label>$INFO[ListItem.Label2]</label>
                            </control>
                            <control type="image">
                                <posx>1572</posx>
                                <posy>43</posy>
                                <width>37</width>
                                <height>37</height>
                                <aspectratio>keep</aspectratio>
                                <texture>$VAR[Theme.Color]/badges/subtitle_sync.png</texture>
                                <visible>ListItem.property(sync)</visible>
                            </control>
                            <control type="image">
                                <posx>1609</posx>
                                <posy>43</posy>
                                <width>37</width>
                                <height>37</height>
                                <aspectratio>keep</aspectratio>
                                <texture>$VAR[Theme.Color]/badges/subtitle_cc.png</texture>
                                <visible>ListItem.property(hearing_imp)</visible>
                            </control>
                            <control type="image">
                                <posx>1675</posx>
                                <posy>43</posy>
                                <width>185</width>
                                <height>37</height>
                                <texture background="true">$VAR[Theme.Color]/badges/rating$INFO[ListItem.ActualIcon].png</texture>
                            </control>
                        </control>
                    </focusedlayout>
                </control>
                <control type="scrollbar" id="60">
                    <posx>1886</posx>
                    <posy>378</posy>
                    <height>615</height>
                    <include>VerticalScroller</include>
                    <onleft>120</onleft>
                    <onright>60</onright>
                </control>
            </control>
            <!-- SIDE MENU -->
            <control type="group">
                <include>LeftMenu</include>
                <control type="grouplist" id="9000">
                    <include>LeftMenuButtonGroup</include>
                    <onright>120</onright>
                    <ondown>9000</ondown>
                    <onback>120</onback>
                    <control type="label" id="24018">
                        <include>LeftMenuTitleLabel</include>
                        <label>$LOCALIZE[24018]</label>
                    </control>
                    <control type="list" id="150">
                        <width>660</width>
                        <height>624</height>
                        <itemlayout width="660" height="78">
                            <control type="label">
                                <posx>TextMargin</posx>
                                <height>78</height>
                                <width>540</width>
                                <font>FacadeListMainFont</font>
                                <include>TextColor_AlternateColor</include>
                                <label>$INFO[ListItem.Label]</label>
                            </control>
                        </itemlayout>
                        <focusedlayout width="660" height="78">
                            <control type="group">
                                <include>ButtonFocusAnimation</include>
                                <control type="image">
                                    <posx>0</posx>
                                    <posy>0</posy>
                                    <height>78</height>
                                    <width>660</width>
                                    <texture border="1">$VAR[Theme.Color]/list/bg_facade_focus.png</texture>
                                </control>
                                <control type="label">
                                    <posx>TextMargin</posx>
                                    <height>78</height>
                                    <width>540</width>
                                    <font>FacadeListMainFont</font>
                                    <include>TextColor_MainColor</include>
                                    <label>$INFO[ListItem.Label]</label>
                                </control>
                            </control>
                        </focusedlayout>
                    </control>
                    <control type="button" id="160">
                        <description>Manual search button</description>
                        <label>$LOCALIZE[24120]</label>
                        <include>LeftMenuButton</include>
                    </control>
                </control>
                <include>LeftMenuScroller</include>
            </control>
            <control type="image" id="110">
                <posx>3242</posx>
                <posy>858</posy>
                <width>370</width>
                <height>231</height>
                <aspectratio>keep</aspectratio>
                <include>ThumbBorder</include>
            </control>
        </control>
    </controls>
</window>
