<?xml version="1.0" encoding="utf-8"?>
<window>
    <defaultcontrol always="true">10</defaultcontrol>
    <controls>
        <!-- <include>DimBG</include> -->
        <include>TopBar</include>
        <control type="group">
            <visible>![
                Window.IsVisible(DialogButtonMenu.xml)|
                Window.IsVisible(DialogKeyboard.xml)|
                Window.IsVisible(DialogNumeric.xml)|
                Window.IsVisible(DialogOk.xml)|
                Window.IsVisible(DialogContextMenu.xml)|
                Window.IsVisible(DialogYesNo.xml)|
                Window.IsVisible(DialogSelect.xml)|
                Window.IsVisible(DialogTextViewer.xml)|
                Window.IsVisible(DialogProgress.xml)
                ]</visible>
            <include>Icon_Fade</include>
            <control type="group">
                <include>DialogOpenClose</include>
                <control type="image">
                    <posx>-760</posx>
                    <posy>150</posy>
                    <width>2930</width>
                    <height>876</height>
                    <include condition="!Window.Isvisible(FileBrowser.xml)">DialogTransparency</include>
                    <texture border="150,40,150,40">$VAR[Theme.Color]/common/bg_dialog.png</texture>
                </control>
                <control type="image">
                    <posx>100</posx>
                    <posy>142</posy>
                    <width>1720</width>
                    <height>217</height>
                    <texture border="100">$VAR[Theme.Color]/common/bg_list.png</texture>
                </control>
                <control type="image">
                    <posx>100</posx>
                    <posy>862</posy>
                    <width>1720</width>
                    <height>172</height>
                    <texture border="100">$VAR[Theme.Color]/common/bg_list.png</texture>
                </control>
                <control type="label" id="2">
                    <posx>TextMargin</posx>
                    <posy>183</posy>
                    <width>1800</width>
                    <height>135</height>
                    <align>center</align>
                    <font>InfoTitleFont</font>
                    <include>TextColor_MainColor</include>
                    <label>$LOCALIZE[1007]</label>
                </control>
                <control type="grouplist" id="9002">
                    <posx>0</posx>
                    <posy>318</posy>
                    <width>1920</width>
                    <height>546</height>
                    <itemgap>0</itemgap>
                    <pagecontrol>60</pagecontrol>
                    <onup>9002</onup>
                    <ondown>9001</ondown>
                    <onleft>9002</onleft>
                    <onright>60</onright>
                    <control type="spincontrolex" id="10">
                        <label>$LOCALIZE[1008]</label>
                        <width>1920</width>
                        <include>LeftMenuButtonWide</include>
                    </control>
                    <control type="edit" id="11">
                        <width>1920</width>
                        <include>LeftMenuButtonWide</include>
                    </control>
                    <control type="edit" id="16">
                        <width>1920</width>
                        <include>LeftMenuButtonWide</include>
                    </control>
                    <control type="edit" id="13">
                        <label>$LOCALIZE[1013]</label>
                        <width>1920</width>
                        <include>LeftMenuButtonWide</include>
                    </control>
                    <control type="edit" id="14">
                        <label>$LOCALIZE[1014]</label>
                        <width>1920</width>
                        <include>LeftMenuButtonWide</include>
                    </control>
                    <control type="edit" id="15">
                        <label>$LOCALIZE[15052]</label>
                        <width>1920</width>
                        <include>LeftMenuButtonWide</include>
                    </control>
                </control>
                <control type="scrollbar" id="60">
                    <posx>1886</posx>
                    <posy>318</posy>
                    <height>546</height>
                    <onleft>9002</onleft>
                    <onright>9002</onright>
                    <include>VerticalScroller</include>
                </control>
                <control type="grouplist" id="9001">
                    <posx>TextMargin</posx>
                    <posy>903</posy>
                    <width>1800</width>
                    <height>90</height>
                    <itemgap>30</itemgap>
                    <aligny>bottom</aligny>
                    <align>center</align>
                    <orientation>horizontal</orientation>
                    <onup>9002</onup>
                    <ondown>9001</ondown>
                    <onleft>9001</onleft>
                    <onright>9001</onright>
                    <control type="button" id="12">
                        <include>ButtonFocusAnimation</include>
                        <label>$LOCALIZE[1024]</label>
                    </control>
                    <control type="button" id="19">
                        <include>ButtonFocusAnimation</include>
                        <label>$LOCALIZE[222]</label>
                    </control>
                    <control type="button" id="18">
                        <include>ButtonFocusAnimation</include>
                        <label>$LOCALIZE[186]</label>
                    </control>
                </control>
            </control>
        </control>
    </controls>
</window>
