<?xml version="1.0" encoding="utf-8"?>
<window>
    <defaultcontrol always="true">20</defaultcontrol>
    <controls>
        <!-- <include>DimBG</include> -->
        <include>TopBar</include>
        <control type="group">
            <include>FacadeFadeDialogs2ndLevelCondition</include>
            <visible>!Window.IsVisible(DialogPeripheralSettings.xml)</visible>
            <include>Icon_Fade</include>
            <control type="group">
                <include>DialogOpenClose</include>
                <control type="image">
                    <posx>-760</posx>
                    <posy>150</posy>
                    <width>2930</width>
                    <height>876</height>
                    <include>DialogTransparency</include>
                    <texture border="150,40,150,40">$VAR[Theme.Color]/common/bg_dialog.png</texture>
                </control>
                <control type="image">
                    <posx>100</posx>
                    <posy>142</posy>
                    <width>1720</width>
                    <height>217</height>
                    <texture border="100">$VAR[Theme.Color]/common/bg_list.png</texture>
                </control>
                <control type="label" id="1">
                    <posx>TextMargin</posx>
                    <posy>183</posy>
                    <width>1800</width>
                    <height>105</height>
                    <align>center</align>
                    <font>InfoTitleFont</font>
                    <include>TextColor_MainColor</include>
                    <label>$LOCALIZE[35000]</label>
                </control>
                <control type="label">
                    <posx>TextMargin</posx>
                    <posy>270</posy>
                    <width>1800</width>
                    <height>35</height>
                    <align>center</align>
                    <font>InfoTitleSubFont</font>
                    <include>TextColor_MainColor</include>
                    <label>$INFO[Container(20).NumItems] $LOCALIZE[31025]</label>
                </control>
                <control type="list" id="20">
                    <posx>0</posx>
                    <posy>318</posy>
                    <width>1920</width>
                    <height>675</height>
                    <itemgap>0</itemgap>
                    <orientation>vertical</orientation>
                    <onleft>20</onleft>
                    <onright>60</onright>
                    <onup>20</onup>
                    <ondown>20</ondown>
                    <pagecontrol>60</pagecontrol>
                    <itemlayout width="1920" height="135">
                        <control type="label">
                            <posx>TextMargin</posx>
                            <height>135</height>
                            <width>1800</width>
                            <font>FacadeListMainFont</font>
                            <include>TextColor_AlternateColor</include>
                            <label>$INFO[ListItem.Label]</label>
                        </control>
                    </itemlayout>
                    <focusedlayout width="1920" height="270">
                        <control type="group">
                            <include>ListFocusAnimation</include>
                            <control type="image">
                                <posx>0</posx>
                                <posy>0</posy>
                                <height>270</height>
                                <width>1920</width>
                                <texture border="1">$VAR[Theme.Color]/list/bg_facade_focus.png</texture>
                            </control>
                            <control type="label">
                                <posx>TextMargin</posx>
                                <posy>25</posy>
                                <width>1800</width>
                                <aligny>top</aligny>
                                <font>InfoTitleFont</font>
                                <include>TextColor_MainColor</include>
                                <scroll>false</scroll>
                                <label>$INFO[ListItem.Label]</label>
                            </control>
                            <control type="image">
                                <description>Default Seperator</description>
                                <posx>0</posx>
                                <posy>96</posy>
                                <width>1920</width>
                                <height>1</height>
                                <texture border="150,0,150,0">$VAR[Theme.Color]/list/bg_facade_separator.png</texture>
                            </control>
                            <control type="group">
                                <posx>0</posx>
                                <posy>35</posy>
                                <control type="label">
                                    <posx>TextMargin</posx>
                                    <posy>65</posy>
                                    <width>1800</width>
                                    <height>71</height>
                                    <font>InfoDetailsFont</font>
                                    <include>TextColor_MainColor</include>
                                    <scroll>false</scroll>
                                    <label>$INFO[ListItem.Property(Product),$LOCALIZE[35504]: ,]$INFO[ListItem.Property(Vendor), • $LOCALIZE[35503]: ,]</label>
                                </control>
                                <control type="label">
                                    <posx>TextMargin</posx>
                                    <posy>138</posy>
                                    <width>1800</width>
                                    <height>71</height>
                                    <font>InfoDetailsFont</font>
                                    <include>TextColor_MainColor</include>
                                    <scroll>false</scroll>
                                    <label>$INFO[ListItem.Property(Class),$LOCALIZE[35501]: ,]$INFO[ListItem.Property(Version), • $LOCALIZE[19114]: ,]</label>
                                </control>
                            </control>
                        </control>
                    </focusedlayout>
                </control>
                <control type="scrollbar" id="60">
                    <posx>1886</posx>
                    <posy>318</posy>
                    <height>675</height>
                    <include>VerticalScroller</include>
                    <onleft>20</onleft>
                    <onright>20</onright>
                </control>
            </control>
        </control>
    </controls>
</window>
