<?xml version="1.0" encoding="utf-8"?>
<window>
    <controls>
        <control type="group">
            <include>NotificationOpenClose</include>
            <control type="image">
                <include>OpenClose</include>
                <posx>-25</posx>
                <posy>-25</posy>
                <width>64</width>
                <height>64</height>
                <texture>$VAR[Theme.Color]/OverlayTopMute.png</texture>
            </control>
        </control>
    </controls>
</window>
