<?xml version="1.0" encoding="utf-8"?>
<window>
    <defaultcontrol always="true">20</defaultcontrol>
    <controls>
        <include condition="!Skin.HasSetting(DisableFanart)">Fanart_Art</include>
        <include>Player_Show</include>
        <include>OverlayFull</include>
        <include>InfoBackground</include>
        <control type="group">
            <include>OpenClose</include>
            <include>FacadeFadeDialogs</include>
            <include>Icon_Fade</include>
            <control type="group">
                <control type="image">
                    <posx>0</posx>
                    <posy>142</posy>
                    <width>960</width>
                    <height>892</height>
                    <texture border="100">$VAR[Theme.Color]/common/bg_list.png</texture>
                </control>
                <control type="image">
                    <posx>0</posx>
                    <posy>142</posy>
                    <width>960</width>
                    <height>217</height>
                    <texture border="100">$VAR[Theme.Color]/common/bg_list.png</texture>
                </control>
                <control type="label" id="101">
                    <posx>TextMargin</posx>
                    <posy>183</posy>
                    <width>840</width>
                    <height>105</height>
                    <align>center</align>
                    <font>InfoTitleFont</font>
                    <include>TextColor_MainColor</include>
                </control>
                <control type="label" id="12">
                    <posx>TextMargin</posx>
                    <posy>270</posy>
                    <width>840</width>
                    <height>35</height>
                    <align>center</align>
                    <font>InfoTitleSubFont</font>
                    <include>TextColor_MainColor</include>
                </control>
                <control type="panel" id="20">
                    <posx>0</posx>
                    <posy>318</posy>
                    <width>960</width>
                    <height>675</height>
                    <onleft>60</onleft>
                    <onright>21</onright>
                    <onup>20</onup>
                    <ondown>20</ondown>
                    <pagecontrol>60</pagecontrol>
                    <itemlayout height="75" width="960">
                        <control type="image">
                            <posx>30</posx>
                            <posy>0</posy>
                            <width>75</width>
                            <height>75</height>
                            <include>SquareThumb</include>
                            <colordiffuse>NoFocusedColor</colordiffuse>
                        </control>
                        <control type="label">
                            <visible>IsEmpty(ListItem.Label2)</visible>
                            <posx>135</posx>
                            <height>75</height>
                            <width>760</width>
                            <font>FacadeListMainFont</font>
                            <include>TextColor_AlternateColor</include>
                            <label>$INFO[ListItem.Label]</label>
                        </control>
                        <control type="label">
                            <visible>!IsEmpty(ListItem.Label2)</visible>
                            <posx>135</posx>
                            <height>42</height>
                            <width>760</width>
                            <font>FacadeListMainFont</font>
                            <include>TextColor_AlternateColor</include>
                            <label>$INFO[ListItem.Label]</label>
                        </control>
                        <control type="label">
                            <visible>!IsEmpty(ListItem.Label2)</visible>
                            <posx>135</posx>
                            <posy>39</posy>
                            <height>28</height>
                            <width>760</width>
                            <font>FacadeListSubFont</font>
                            <include>TextColor_AlternateColor</include>
                            <label>$INFO[ListItem.Label2]</label>
                        </control>
                    </itemlayout>
                    <focusedlayout height="75" width="864">
                        <control type="group">
                            <include>ButtonFocusAnimation</include>
                            <control type="image">
                                <posx>0</posx>
                                <posy>0</posy>
                                <height>75</height>
                                <width>864</width>
                                <texture border="1">$VAR[Theme.Color]/list/bg_facade_focus.png</texture>
                            </control>
                            <control type="image">
                                <posx>30</posx>
                                <posy>0</posy>
                                <width>75</width>
                                <height>75</height>
                                <include>SquareThumb</include>
                            </control>
                            <control type="label">
                                <visible>IsEmpty(ListItem.Label2)</visible>
                                <posx>135</posx>
                                <height>75</height>
                                <width>760</width>
                                <font>FacadeListMainFont</font>
                                <include>TextColor_MainColor</include>
                                <label>$INFO[ListItem.Label]</label>
                            </control>
                            <control type="label">
                                <visible>!IsEmpty(ListItem.Label2)</visible>
                                <posx>135</posx>
                                <height>42</height>
                                <width>760</width>
                                <font>FacadeListMainFont</font>
                                <include>TextColor_MainColor</include>
                                <label>$INFO[ListItem.Label]</label>
                            </control>
                            <control type="label">
                                <visible>!IsEmpty(ListItem.Label2)</visible>
                                <posx>135</posx>
                                <posy>39</posy>
                                <height>28</height>
                                <width>760</width>
                                <font>FacadeListSubFont</font>
                                <include>TextColor_MainColor</include>
                                <label>$INFO[ListItem.Label2]</label>
                            </control>
                        </control>
                    </focusedlayout>
                </control>
                <control type="scrollbar" id="60">
                    <posx>-20</posx>
                    <posy>318</posy>
                    <height>675</height>
                    <include>VerticalScroller</include>
                    <onright>20</onright>
                    <onleft>60</onleft>
                </control>
            </control>
            <control type="group">
                <posx>960</posx>
                <control type="image">
                    <posx>0</posx>
                    <posy>142</posy>
                    <width>960</width>
                    <height>892</height>
                    <texture border="100">$VAR[Theme.Color]/common/bg_list.png</texture>
                </control>
                <control type="image">
                    <posx>0</posx>
                    <posy>142</posy>
                    <width>960</width>
                    <height>217</height>
                    <texture border="100">$VAR[Theme.Color]/common/bg_list.png</texture>
                </control>
                <control type="label" id="102">
                    <posx>TextMargin</posx>
                    <posy>183</posy>
                    <width>840</width>
                    <height>105</height>
                    <align>center</align>
                    <font>InfoTitleFont</font>
                    <include>TextColor_MainColor</include>
                </control>
                <control type="label" id="13">
                    <posx>TextMargin</posx>
                    <posy>270</posy>
                    <width>840</width>
                    <height>35</height>
                    <align>center</align>
                    <font>InfoTitleSubFont</font>
                    <include>TextColor_MainColor</include>
                </control>
                <control type="panel" id="21">
                    <posx>0</posx>
                    <posy>318</posy>
                    <width>960</width>
                    <height>675</height>
                    <onleft>20</onleft>
                    <onright>61</onright>
                    <onup>21</onup>
                    <ondown>21</ondown>
                    <pagecontrol>61</pagecontrol>
                    <itemlayout height="75" width="960">
                        <control type="image">
                            <posx>30</posx>
                            <posy>0</posy>
                            <width>75</width>
                            <height>75</height>
                            <include>SquareThumb</include>
                            <colordiffuse>NoFocusedColor</colordiffuse>
                        </control>
                        <control type="label">
                            <visible>IsEmpty(ListItem.Label2)</visible>
                            <posx>135</posx>
                            <height>75</height>
                            <width>760</width>
                            <font>FacadeListMainFont</font>
                            <include>TextColor_AlternateColor</include>
                            <label>$INFO[ListItem.Label]</label>
                        </control>
                        <control type="label">
                            <visible>!IsEmpty(ListItem.Label2)</visible>
                            <posx>135</posx>
                            <height>42</height>
                            <width>760</width>
                            <font>FacadeListMainFont</font>
                            <include>TextColor_AlternateColor</include>
                            <label>$INFO[ListItem.Label]</label>
                        </control>
                        <control type="label">
                            <visible>!IsEmpty(ListItem.Label2)</visible>
                            <posx>135</posx>
                            <posy>39</posy>
                            <height>28</height>
                            <width>760</width>
                            <font>FacadeListSubFont</font>
                            <include>TextColor_AlternateColor</include>
                            <label>$INFO[ListItem.Label2]</label>
                        </control>
                    </itemlayout>
                    <focusedlayout height="75" width="864">
                        <control type="group">
                            <include>ButtonFocusAnimation</include>
                            <control type="image">
                                <posx>0</posx>
                                <posy>0</posy>
                                <height>75</height>
                                <width>864</width>
                                <texture border="1">$VAR[Theme.Color]/list/bg_facade_focus.png</texture>
                            </control>
                            <control type="image">
                                <posx>30</posx>
                                <posy>0</posy>
                                <width>75</width>
                                <height>75</height>
                                <include>SquareThumb</include>
                            </control>
                            <control type="label">
                                <visible>IsEmpty(ListItem.Label2)</visible>
                                <posx>135</posx>
                                <height>75</height>
                                <width>760</width>
                                <font>FacadeListMainFont</font>
                                <include>TextColor_MainColor</include>
                                <label>$INFO[ListItem.Label]</label>
                            </control>
                            <control type="label">
                                <visible>!IsEmpty(ListItem.Label2)</visible>
                                <posx>135</posx>
                                <height>42</height>
                                <width>760</width>
                                <font>FacadeListMainFont</font>
                                <include>TextColor_MainColor</include>
                                <label>$INFO[ListItem.Label]</label>
                            </control>
                            <control type="label">
                                <visible>!IsEmpty(ListItem.Label2)</visible>
                                <posx>135</posx>
                                <posy>39</posy>
                                <height>28</height>
                                <width>760</width>
                                <font>FacadeListSubFont</font>
                                <include>TextColor_MainColor</include>
                                <label>$INFO[ListItem.Label2]</label>
                            </control>
                        </control>
                    </focusedlayout>
                </control>
                <control type="scrollbar" id="61">
                    <posx>926</posx>
                    <posy>318</posy>
                    <height>675</height>
                    <include>VerticalScroller</include>
                    <onright>61</onright>
                    <onleft>21</onleft>
                </control>
            </control>
        </control>
        <control type="label">
            <include>OpenClose</include>
            <include>WindowTitle</include>
            <label>$LOCALIZE[7]</label>
        </control>
        <control type="label" id="52">
            <include>OpenClose</include>
            <include>WindowTitleSub</include>
            <label>$LOCALIZE[130]</label>
        </control>
        <include>FooterInfo</include>
        <include>Time</include>
    </controls>
</window>
