<?xml version="1.0" encoding="utf-8"?>
<includes>
    <include name="CustomWidget">
        <control type="group">
            <animation effect="slide" tween="circle" time="150" start="0,0" end="0,1080" reversible="true" condition="Control.HasFocus($PARAM[id])">Conditional</animation>
            <animation effect="fade" time="200" start="0" end="100" reversible="true" condition="Control.HasFocus($PARAM[id])">Conditional</animation>
            <control type="fixedlist" id="$PARAM[id]">
                <visible>$PARAM[visibility]</visible>
                <onright>$PARAM[id]</onright>
                <onup>9900</onup>
                <ondown>701</ondown>
                <onleft condition="Skin.HasSetting(VerticalHome)">701</onleft>
                <onleft>$PARAM[id]</onleft>
                <include name="Widget_$PARAM[gfxType]">
                    <param name="id" value="$PARAM[id]"/>
                </include>
                <content target="$PARAM[target]">$PARAM[content]</content>
            </control>
            <include name="WidgetInfo_$PARAM[gfxType]">
                <param name="id" value="$PARAM[id]"/>
                <param name="labelTitle" value="$PARAM[labelTitle]"/>
                <param name="labelRating" value="$PARAM[labelRating]"/>
                <param name="labelRow1" value="$PARAM[labelRow1]"/>
                <param name="labelRow2" value="$PARAM[labelRow2]"/>
                <param name="labelPlot" value="$PARAM[labelPlot]"/>
                <param name="icon" value="$PARAM[icon]"/>
                <param name="visibilitylabelRating" value="$PARAM[visibilitylabelRating]"/>
            </include>
        </control>
    </include>
    <include name="Widget">
        <control type="group">
            <animation effect="slide" tween="circle" time="150" start="0,0" end="0,1080" reversible="true" condition="Control.HasFocus($PARAM[id])">Conditional</animation>
            <animation effect="fade" time="200" start="0" end="100" reversible="true" condition="Control.HasFocus($PARAM[id])">Conditional</animation>
            <control type="fixedlist" id="$PARAM[id]">
                <visible>$PARAM[visibility]</visible>
                <onright>$PARAM[id]</onright>
                <onup>9900</onup>
                <ondown>701</ondown>
                <onleft>$PARAM[id]</onleft>
                <include name="Widget_$PARAM[gfxType]">
                    <param name="id" value="$PARAM[id]"/>
                </include>
                <include>$PARAM[content]</include>
            </control>
            <include name="WidgetInfo_$PARAM[gfxType]">
                <param name="id" value="$PARAM[id]"/>
                <param name="labelTitle" value="$PARAM[labelTitle]"/>
                <param name="labelRating" value="$PARAM[labelRating]"/>
                <param name="labelRow1" value="$PARAM[labelRow1]"/>
                <param name="labelRow2" value="$PARAM[labelRow2]"/>
                <param name="labelPlot" value="$PARAM[labelPlot]"/>
                <param name="icon" value="$PARAM[icon]"/>
                <param name="visibilitylabelRating" value="$PARAM[visibilitylabelRating]"/>
            </include>
        </control>
    </include>
    <include name="Widget_Poster">
        <include>UnderFade</include>
        <posx>0</posx>
        <posy>148</posy>
        <width>1920</width>
        <height>723</height>
        <onup>300</onup>
        <onback>300</onback>
        <focusposition>0</focusposition>
        <movement>0</movement>
        <orientation>horizontal</orientation>
        <itemlayout height="425" width="265">
            <control type="image">
                <include>ConditionWhite</include>
                <posx>-25</posx>
                <posy>120</posy>
                <width>295</width>
                <height>396</height>
                <texture background="true" fallback="white/defaultVideoBig.png">$VAR[Thumbs]</texture>
                <aspectratio>keep</aspectratio>
                <include>ThumbBorder</include>
            </control>
            <control type="image">
                <include>ConditionBlack</include>
                <posx>-25</posx>
                <posy>120</posy>
                <width>295</width>
                <height>396</height>
                <texture background="true" fallback="black/defaultVideoBig.png">$VAR[Thumbs]</texture>
                <aspectratio>keep</aspectratio>
                <include>ThumbBorder</include>
            </control>
        </itemlayout>
        <focusedlayout height="425" width="585">
            <control type="image">
                <animation effect="fade" start="100" end="0" time="100" condition="Container($PARAM[id]).OnNext|Container($PARAM[id]).OnPrevious">Focus</animation>
                <animation effect="fade" start="100" end="0" time="0" condition="![Container($PARAM[id]).OnNext|Container($PARAM[id]).OnPrevious]">Focus</animation>
                <animation effect="fade" start="100" end="0" time="0" condition="true">Focus</animation>
                <posx>60</posx>
                <posy>120</posy>
                <width>450</width>
                <height>396</height>
                <aspectratio>scale</aspectratio>
                <colordiffuse>90ffffff</colordiffuse>
                <include>PosterThumbBig</include>
                <include>ThumbBorder</include>
            </control>
        </focusedlayout>
    </include>
    <include name="WidgetInfo_Poster">
        <control type="group">
            <visible>Control.IsVisible($PARAM[id])</visible>
            <control type="group">
                <control type="image">
                    <include>ConditionWhite</include>
                    <animation type="Conditional" reversible="false" condition="control.HasFocus($PARAM[id])">
                        <include>CoverWrapFocusAnimationSquare</include>
                    </animation>
                    <posx>25</posx>
                    <posy>158</posy>
                    <width>520</width>
                    <height>693</height>
                    <aspectratio>keep</aspectratio>
                    <texture background="true" fallback="white/defaultVideoBig.png">$PARAM[icon]</texture>
                    <include>ThumbBorder</include>
                </control>
                <control type="image">
                    <include>ConditionBlack</include>
                    <animation type="Conditional" reversible="false" condition="control.HasFocus($PARAM[id])">
                        <include>CoverWrapFocusAnimationSquare</include>
                    </animation>
                    <posx>25</posx>
                    <posy>158</posy>
                    <width>520</width>
                    <height>693</height>
                    <aspectratio>keep</aspectratio>
                    <texture background="true" fallback="black/defaultVideoBig.png">$PARAM[icon]</texture>
                    <include>ThumbBorder</include>
                </control>
                <control type="button">
                    <posx>510</posx>
                    <posy>140</posy>
                    <width>450</width>
                    <height>720</height>
                    <texturefocus>-</texturefocus>
                    <texturenofocus>-</texturenofocus>
                    <onclick>Control.Move($PARAM[id],-1)</onclick>
                </control>
                <control type="button">
                    <posx>960</posx>
                    <posy>140</posy>
                    <width>960</width>
                    <height>720</height>
                    <texturefocus>-</texturefocus>
                    <texturenofocus>-</texturenofocus>
                    <onclick>Control.Move($PARAM[id],1)</onclick>
                </control>
                <include>CoverWrapPosterBounds</include>
                <control type="grouplist">
                    <posx>25</posx>
                    <posy>840</posy>
                    <width>520</width>
                    <height>90</height>
                    <itemgap>10</itemgap>
                    <orientation>horizontal</orientation>
                    <align>center</align>
                    <aligny>center</aligny>
                    <control type="image">
                        <width>120</width>
                        <height>80</height>
                        <aspectratio>keep</aspectratio>
                        <texture>$VAR[Theme.Color]/badges/video/$INFO[Container($PARAM[id]).ListItem.VideoResolution,,.png]</texture>
                    </control>
                    <control type="image">
                        <width>120</width>
                        <height>80</height>
                        <aspectratio>keep</aspectratio>
                        <texture>$VAR[Theme.Color]/badges/video/$INFO[Container($PARAM[id]).ListItem.VideoCodec,,.png]</texture>
                    </control>
                </control>
                <control type="grouplist">
                    <posx>25</posx>
                    <posy>910</posy>
                    <width>520</width>
                    <height>90</height>
                    <itemgap>10</itemgap>
                    <orientation>horizontal</orientation>
                    <align>center</align>
                    <aligny>center</aligny>
                    <control type="image">
                        <width>120</width>
                        <height>80</height>
                        <aspectratio>keep</aspectratio>
                        <texture>$VAR[Theme.Color]/badges/audio/$INFO[Container($PARAM[id]).ListItem.AudioChannels,,.png]</texture>
                    </control>
                    <control type="image">
                        <width>120</width>
                        <height>80</height>
                        <aspectratio>keep</aspectratio>
                        <texture>$VAR[Theme.Color]/badges/audio/$INFO[Container($PARAM[id]).ListItem.AudioCodec,,.png]</texture>
                    </control>
                </control>
                <control type="group">
                    <posx>540</posx>
                    <posy>670</posy>
                    <control type="label">
                        <posx>TextMargin</posx>
                        <posy>0</posy>
                        <width>1260</width>
                        <aligny>top</aligny>
                        <font>InfoTitleFont</font>
                        <include>TextColor_MainColor</include>
                        <scroll>false</scroll>
                        <label>$PARAM[labelTitle]</label>
                    </control>
                    <control type="image">
                        <description>Default Seperator</description>
                        <posx>0</posx>
                        <posy>70</posy>
                        <width>1380</width>
                        <height>1</height>
                        <texture border="150,0,150,0">$VAR[Theme.Color]/list/bg_facade_separator.png</texture>
                    </control>
                    <control type="group">
                        <control type="group">
                            <visible>$PARAM[visibilitylabelRating]</visible>
                            <control type="image">
                                <posx>TextMargin</posx>
                                <posy>91</posy>
                                <height>37</height>
                                <width>185</width>
                                <aspectratio align="left">keep</aspectratio>
                                <texture>$VAR[Theme.Color]/badges/rating.png</texture>
                            </control>
                            <control type="label">
                                <posx>112</posx>
                                <posy>74</posy>
                                <width>460</width>
                                <height>71</height>
                                <font>InfoRatingFont</font>
                                <include>TextColor_MainColor</include>
                                <scroll>false</scroll>
                                <label fallback="0.0">$PARAM[labelRating]</label>
                            </control>
                        </control>
                        <control type="label">
                            <posx>TextMargin</posx>
                            <posy>153</posy>
                            <width>600</width>
                            <height>71</height>
                            <font>InfoDetailsFont</font>
                            <include>TextColor_MainColor</include>
                            <scroll>false</scroll>
                            <label>$PARAM[labelRow1]</label>
                        </control>
                        <control type="label">
                            <posx>TextMargin</posx>
                            <posy>234</posy>
                            <width>600</width>
                            <height>71</height>
                            <font>InfoDetailsFont</font>
                            <include>TextColor_MainColor</include>
                            <scroll>false</scroll>
                            <label>$PARAM[labelRow2]</label>
                        </control>
                    </control>
                    <control type="textbox">
                        <posx>720</posx>
                        <posy>90</posy>
                        <width>600</width>
                        <height>210</height>
                        <font>InfoPlotFont</font>
                        <include>TextColor_MainColor</include>
                        <label>$PARAM[labelPlot]</label>
                        <include>myautoscroll</include>
                    </control>
                </control>
            </control>
        </control>
    </include>
    <include name="Widget_Square">
        <posx>0</posx>
        <posy>183</posy>
        <width>1920</width>
        <height>810</height>
        <onleft>300</onleft>
        <onback>300</onback>
        <orientation>horizontal</orientation>
        <focusposition>0</focusposition>
        <movement>0</movement>
        <preloaditems>4</preloaditems>
        <itemlayout height="425" width="265">
            <control type="image">
                <posx>-25</posx>
                <posy>87</posy>
                <width>295</width>
                <height>295</height>
                <include>SquareThumb</include>
                <include>ThumbBorder</include>
            </control>
        </itemlayout>
        <focusedlayout height="425" width="585">
            <control type="image">
                <visible>!StringCompare(ListItem.Label,..)</visible>
                <animation effect="fade" start="100" end="0" time="100" condition="Container($PARAM[id]).OnNext|Container($PARAM[id]).OnPrevious">Focus</animation>
                <animation effect="fade" start="100" end="0" time="0" condition="![Container($PARAM[id]).OnNext|Container($PARAM[id]).OnPrevious]">Focus</animation>
                <animation effect="fade" start="100" end="0" time="0" condition="true">Focus</animation>
                <posx>40</posx>
                <posy>87</posy>
                <width>490</width>
                <height>295</height>
                <aspectratio aligny="center">stretch</aspectratio>
                <colordiffuse>90ffffff</colordiffuse>
                <include>SquareThumbBig</include>
                <include>ThumbBorder</include>
            </control>
        </focusedlayout>
    </include>
    <include name="WidgetInfo_Square">
        <control type="group">
            <visible>Control.IsVisible($PARAM[id])</visible>
            <control type="group">
                <control type="image">
                    <include>ConditionWhite</include>
                    <animation type="Conditional" reversible="false" condition="control.HasFocus($PARAM[id])">
                        <include>CoverWrapFocusAnimationSquare</include>
                    </animation>
                    <posx>25</posx>
                    <posy>158</posy>
                    <width>520</width>
                    <height>520</height>
                    <aspectratio>keep</aspectratio>
                    <texture background="true" fallback="white/defaultVideoBig.png">$PARAM[icon]</texture>
                    <include>ThumbBorder</include>
                </control>
                <control type="image">
                    <include>ConditionBlack</include>
                    <animation type="Conditional" reversible="false" condition="control.HasFocus($PARAM[id])">
                        <include>CoverWrapFocusAnimationSquare</include>
                    </animation>
                    <posx>25</posx>
                    <posy>158</posy>
                    <width>520</width>
                    <height>520</height>
                    <aspectratio>keep</aspectratio>
                    <texture background="true" fallback="black/defaultVideoBig.png">$PARAM[icon]</texture>
                    <include>ThumbBorder</include>
                </control>
                <control type="button">
                    <posx>510</posx>
                    <posy>140</posy>
                    <width>450</width>
                    <height>720</height>
                    <texturefocus>-</texturefocus>
                    <texturenofocus>-</texturenofocus>
                    <onclick>Control.Move($PARAM[id],-1)</onclick>
                </control>
                <control type="button">
                    <posx>960</posx>
                    <posy>140</posy>
                    <width>960</width>
                    <height>720</height>
                    <texturefocus>-</texturefocus>
                    <texturenofocus>-</texturenofocus>
                    <onclick>Control.Move($PARAM[id],1)</onclick>
                </control>
                <include>CoverWrapPosterBounds</include>
                <control type="group">
                    <posx>0</posx>
                    <posy>670</posy>
                    <control type="label">
                        <posx>TextMargin</posx>
                        <posy>0</posy>
                        <width>1800</width>
                        <aligny>top</aligny>
                        <font>InfoTitleFont</font>
                        <include>TextColor_MainColor</include>
                        <scroll>false</scroll>
                        <label>$PARAM[labelTitle]</label>
                    </control>
                    <control type="image">
                        <description>Default Seperator</description>
                        <posx>0</posx>
                        <posy>70</posy>
                        <width>1920</width>
                        <height>1</height>
                        <texture border="150,0,150,0">$VAR[Theme.Color]/list/bg_facade_separator.png</texture>
                    </control>
                    <control type="group">
                        <control type="group">
                            <visible>$PARAM[visibilitylabelRating]</visible>
                            <control type="image">
                                <posx>TextMargin</posx>
                                <posy>91</posy>
                                <height>37</height>
                                <width>185</width>
                                <aspectratio align="left">keep</aspectratio>
                                <texture>$VAR[Theme.Color]/badges/rating.png</texture>
                            </control>
                            <control type="label">
                                <posx>112</posx>
                                <posy>74</posy>
                                <width>460</width>
                                <height>71</height>
                                <font>InfoRatingFont</font>
                                <include>TextColor_MainColor</include>
                                <scroll>false</scroll>
                                <label fallback="0.0">$PARAM[labelRating]</label>
                            </control>
                        </control>
                        <control type="label">
                            <posx>TextMargin</posx>
                            <posy>153</posy>
                            <width>870</width>
                            <height>71</height>
                            <font>InfoDetailsFont</font>
                            <include>TextColor_MainColor</include>
                            <scroll>false</scroll>
                            <label>$PARAM[labelRow1]</label>
                        </control>
                        <control type="label">
                            <posx>TextMargin</posx>
                            <posy>234</posy>
                            <width>870</width>
                            <height>71</height>
                            <font>InfoDetailsFont</font>
                            <include>TextColor_MainColor</include>
                            <scroll>false</scroll>
                            <label>$PARAM[labelRow2]</label>
                        </control>
                    </control>
                    <control type="textbox">
                        <posx>990</posx>
                        <posy>90</posy>
                        <width>870</width>
                        <height>210</height>
                        <font>InfoPlotFont</font>
                        <include>TextColor_MainColor</include>
                        <label>$PARAM[labelPlot]</label>
                        <include>myautoscroll</include>
                    </control>
                </control>
            </control>
        </control>
    </include>
    <include name="Widget_Episode">
        <posx>0</posx>
        <posy>183</posy>
        <width>1920</width>
        <height>810</height>
        <onleft>300</onleft>
        <onback>300</onback>
        <movement>0</movement>
        <focusposition>0</focusposition>
        <orientation>horizontal</orientation>
        <itemlayout height="425" width="450">
            <control type="image">
                <visible>!StringCompare(ListItem.Label,..)</visible>
                <posx>-25</posx>
                <posy>87</posy>
                <width>470</width>
                <height>295</height>
                <aspectratio>keep</aspectratio>
                <include>EpisodeThumb</include>
                <include>ThumbBorder</include>
            </control>
        </itemlayout>
        <focusedlayout height="425" width="920">
            <control type="image">
                <visible>!StringCompare(ListItem.Label,..)</visible>
                <animation effect="fade" start="100" end="0" time="100" condition="Container($PARAM[id]).OnNext|Container($PARAM[id]).OnPrevious">Focus</animation>
                <animation effect="fade" start="100" end="0" time="0" condition="![Container($PARAM[id]).OnNext|Container($PARAM[id]).OnPrevious]">Focus</animation>
                <animation effect="fade" start="100" end="0" time="0" condition="true">Focus</animation>
                <posx>40</posx>
                <posy>87</posy>
                <width>840</width>
                <height>295</height>
                <aspectratio aligny="center">scale</aspectratio>
                <colordiffuse>90ffffff</colordiffuse>
                <include>EpisodeThumbBig</include>
                <include>ThumbBorder</include>
            </control>
        </focusedlayout>
    </include>
    <include name="WidgetInfo_Episode">
        <control type="group">
            <visible>Control.IsVisible($PARAM[id])</visible>
            <control type="group">
                <control type="image">
                    <include>ConditionWhite</include>
                    <animation type="Conditional" reversible="false" condition="control.HasFocus($PARAM[id])">
                        <include>CoverWrapFocusAnimationSquare</include>
                    </animation>
                    <posx>25</posx>
                    <posy>158</posy>
                    <width>870</width>
                    <height>520</height>
                    <aspectratio>keep</aspectratio>
                    <texture background="true" fallback="white/defaultVideoBig.png">$PARAM[icon]</texture>
                    <include>ThumbBorder</include>
                </control>
                <control type="image">
                    <include>ConditionBlack</include>
                    <animation type="Conditional" reversible="false" condition="control.HasFocus($PARAM[id])">
                        <include>CoverWrapFocusAnimationSquare</include>
                    </animation>
                    <posx>25</posx>
                    <posy>158</posy>
                    <width>870</width>
                    <height>520</height>
                    <aspectratio>keep</aspectratio>
                    <texture background="true" fallback="black/defaultVideoBig.png">$PARAM[icon]</texture>
                    <include>ThumbBorder</include>
                </control>
                <control type="button">
                    <posx>860</posx>
                    <posy>140</posy>
                    <width>530</width>
                    <height>720</height>
                    <texturefocus>-</texturefocus>
                    <texturenofocus>-</texturenofocus>
                    <onclick>Control.Move($PARAM[id],-1)</onclick>
                </control>
                <control type="button">
                    <posx>1390</posx>
                    <posy>140</posy>
                    <width>530</width>
                    <height>720</height>
                    <texturefocus>-</texturefocus>
                    <texturenofocus>-</texturenofocus>
                    <onclick>Control.Move($PARAM[id],1)</onclick>
                </control>
                <include>CoverWrapPosterBounds</include>
                <control type="grouplist">
                    <posx>910</posx>
                    <posy>575</posy>
                    <width>950</width>
                    <height>90</height>
                    <itemgap>10</itemgap>
                    <orientation>horizontal</orientation>
                    <align>left</align>
                    <aligny>center</aligny>
                    <control type="image">
                        <width>120</width>
                        <height>80</height>
                        <aspectratio>keep</aspectratio>
                        <texture>$VAR[Theme.Color]/badges/video/$INFO[Container($PARAM[id]).ListItem.VideoResolution,,.png]</texture>
                    </control>
                    <control type="image">
                        <width>120</width>
                        <height>80</height>
                        <aspectratio>keep</aspectratio>
                        <texture>$VAR[Theme.Color]/badges/video/$INFO[Container($PARAM[id]).ListItem.VideoCodec,,.png]</texture>
                    </control>
                    <control type="image">
                        <width>120</width>
                        <height>80</height>
                        <aspectratio>keep</aspectratio>
                        <texture>$VAR[Theme.Color]/badges/audio/$INFO[Container($PARAM[id]).ListItem.AudioChannels,,.png]</texture>
                    </control>
                    <control type="image">
                        <width>120</width>
                        <height>80</height>
                        <aspectratio>keep</aspectratio>
                        <texture>$VAR[Theme.Color]/badges/audio/$INFO[Container($PARAM[id]).ListItem.AudioCodec,,.png]</texture>
                    </control>
                </control>
                <control type="group">
                    <posx>0</posx>
                    <posy>670</posy>
                    <control type="label">
                        <posx>TextMargin</posx>
                        <posy>0</posy>
                        <width>1800</width>
                        <aligny>top</aligny>
                        <font>InfoTitleFont</font>
                        <include>TextColor_MainColor</include>
                        <scroll>false</scroll>
                        <label>$PARAM[labelTitle]</label>
                    </control>
                    <control type="image">
                        <description>Default Seperator</description>
                        <posx>0</posx>
                        <posy>70</posy>
                        <width>1920</width>
                        <height>1</height>
                        <texture border="150,0,150,0">$VAR[Theme.Color]/list/bg_facade_separator.png</texture>
                    </control>
                    <control type="group">
                        <control type="group">
                            <visible>$PARAM[visibilitylabelRating]</visible>
                            <control type="image">
                                <posx>TextMargin</posx>
                                <posy>91</posy>
                                <height>37</height>
                                <width>185</width>
                                <aspectratio align="left">keep</aspectratio>
                                <texture>$VAR[Theme.Color]/badges/rating.png</texture>
                            </control>
                            <control type="label">
                                <posx>112</posx>
                                <posy>74</posy>
                                <width>460</width>
                                <height>71</height>
                                <font>InfoRatingFont</font>
                                <include>TextColor_MainColor</include>
                                <scroll>false</scroll>
                                <label fallback="0.0">$PARAM[labelRating]</label>
                            </control>
                        </control>
                        <control type="label">
                            <posx>TextMargin</posx>
                            <posy>153</posy>
                            <width>810</width>
                            <height>71</height>
                            <font>InfoDetailsFont</font>
                            <include>TextColor_MainColor</include>
                            <scroll>false</scroll>
                            <label>$PARAM[labelRow1]</label>
                        </control>
                        <control type="label">
                            <posx>TextMargin</posx>
                            <posy>234</posy>
                            <width>810</width>
                            <height>71</height>
                            <font>InfoDetailsFont</font>
                            <include>TextColor_MainColor</include>
                            <scroll>false</scroll>
                            <label>$PARAM[labelRow2]</label>
                        </control>
                    </control>
                    <control type="textbox">
                        <posx>930</posx>
                        <posy>90</posy>
                        <width>930</width>
                        <height>210</height>
                        <font>InfoPlotFont</font>
                        <include>TextColor_MainColor</include>
                        <label>$PARAM[labelPlot]</label>
                        <include>myautoscroll</include>
                    </control>
                </control>
            </control>
        </control>
    </include>
    <include name="Widget_Channel">
        <posx>0</posx>
        <posy>183</posy>
        <width>1920</width>
        <height>810</height>
        <onleft>300</onleft>
        <onback>300</onback>
        <orientation>horizontal</orientation>
        <focusposition>0</focusposition>
        <movement>0</movement>
        <preloaditems>4</preloaditems>
        <itemlayout height="425" width="265">
            <control type="image">
                <posx>-25</posx>
                <posy>87</posy>
                <width>295</width>
                <height>295</height>
                <include>SquareThumb</include>
                <include>ThumbBorder</include>
            </control>
        </itemlayout>
        <focusedlayout height="425" width="585">
            <control type="image">
                <visible>!StringCompare(ListItem.Label,..)</visible>
                <animation effect="fade" start="100" end="0" time="100" condition="Container($PARAM[id]).OnNext|Container($PARAM[id]).OnPrevious">Focus</animation>
                <animation effect="fade" start="100" end="0" time="0" condition="![Container($PARAM[id]).OnNext|Container($PARAM[id]).OnPrevious]">Focus</animation>
                <animation effect="fade" start="100" end="0" time="0" condition="true">Focus</animation>
                <posx>40</posx>
                <posy>87</posy>
                <width>490</width>
                <height>295</height>
                <aspectratio aligny="center">stretch</aspectratio>
                <colordiffuse>90ffffff</colordiffuse>
                <include>SquareThumbBig</include>
                <include>ThumbBorder</include>
            </control>
        </focusedlayout>
    </include>
    <include name="WidgetInfo_Channel">
        <control type="group">
            <visible>Control.IsVisible($PARAM[id])</visible>
            <control type="group">
                <control type="image">
                    <include>ConditionWhite</include>
                    <animation type="Conditional" reversible="false" condition="control.HasFocus($PARAM[id])">
                        <include>CoverWrapFocusAnimationSquare</include>
                    </animation>
                    <posx>25</posx>
                    <posy>158</posy>
                    <width>520</width>
                    <height>520</height>
                    <aspectratio>keep</aspectratio>
                    <texture background="true" fallback="white/defaultVideoBig.png">$PARAM[icon]</texture>
                    <include>ThumbBorder</include>
                </control>
                <control type="image">
                    <include>ConditionBlack</include>
                    <animation type="Conditional" reversible="false" condition="control.HasFocus($PARAM[id])">
                        <include>CoverWrapFocusAnimationSquare</include>
                    </animation>
                    <posx>25</posx>
                    <posy>158</posy>
                    <width>520</width>
                    <height>520</height>
                    <aspectratio>keep</aspectratio>
                    <texture background="true" fallback="black/defaultVideoBig.png">$PARAM[icon]</texture>
                    <include>ThumbBorder</include>
                </control>
                <control type="button">
                    <posx>510</posx>
                    <posy>140</posy>
                    <width>450</width>
                    <height>720</height>
                    <texturefocus>-</texturefocus>
                    <texturenofocus>-</texturenofocus>
                    <onclick>Control.Move($PARAM[id],-1)</onclick>
                </control>
                <control type="button">
                    <posx>960</posx>
                    <posy>140</posy>
                    <width>960</width>
                    <height>720</height>
                    <texturefocus>-</texturefocus>
                    <texturenofocus>-</texturenofocus>
                    <onclick>Control.Move($PARAM[id],1)</onclick>
                </control>
                <include>CoverWrapPosterBounds</include>
                <control type="group">
                    <posx>0</posx>
                    <posy>670</posy>
                    <control type="label">
                        <posx>TextMargin</posx>
                        <posy>0</posy>
                        <width>1800</width>
                        <aligny>top</aligny>
                        <font>InfoTitleFont</font>
                        <include>TextColor_MainColor</include>
                        <scroll>false</scroll>
                        <label>$PARAM[labelTitle]</label>
                    </control>
                    <control type="image">
                        <description>Default Seperator</description>
                        <posx>0</posx>
                        <posy>70</posy>
                        <width>1920</width>
                        <height>1</height>
                        <texture border="150,0,150,0">$VAR[Theme.Color]/list/bg_facade_separator.png</texture>
                    </control>
                    <control type="group">
                        <control type="group">
                            <visible>$PARAM[visibilitylabelRating]</visible>
                            <control type="image">
                                <posx>TextMargin</posx>
                                <posy>91</posy>
                                <height>37</height>
                                <width>185</width>
                                <aspectratio align="left">keep</aspectratio>
                                <texture>$VAR[Theme.Color]/badges/rating.png</texture>
                            </control>
                            <control type="label">
                                <posx>112</posx>
                                <posy>74</posy>
                                <width>460</width>
                                <height>71</height>
                                <font>InfoRatingFont</font>
                                <include>TextColor_MainColor</include>
                                <scroll>false</scroll>
                                <label fallback="0.0">$PARAM[labelRating]</label>
                            </control>
                        </control>
                        <control type="label">
                            <posx>TextMargin</posx>
                            <posy>153</posy>
                            <width>870</width>
                            <height>71</height>
                            <font>InfoDetailsFont</font>
                            <include>TextColor_MainColor</include>
                            <scroll>false</scroll>
                            <label>$PARAM[labelRow1]</label>
                        </control>
                        <control type="label">
                            <posx>TextMargin</posx>
                            <posy>234</posy>
                            <width>870</width>
                            <height>71</height>
                            <font>InfoDetailsFont</font>
                            <include>TextColor_MainColor</include>
                            <scroll>false</scroll>
                            <label>$PARAM[labelRow2]</label>
                        </control>
                    </control>
                    <control type="textbox">
                        <posx>990</posx>
                        <posy>90</posy>
                        <width>870</width>
                        <height>210</height>
                        <font>InfoPlotFont</font>
                        <include>TextColor_MainColor</include>
                        <label>$PARAM[labelPlot]</label>
                        <include>myautoscroll</include>
                    </control>
                </control>
            </control>
        </control>
    </include>
    <include name="ShelfIcons">
        <content>
            <!--RECENTLY ADDED-->
            <item type="button" id="702">
                <visible>[control.isvisible(212)+IntegerGreaterThan(Container(212).NumItems,0)]|
                    [control.isvisible(311)+IntegerGreaterThan(Container(311).NumItems,0)]|
                    [control.isvisible(411)+IntegerGreaterThan(Container(411).NumItems,0)]|
                    [control.isvisible(511)+IntegerGreaterThan(Container(511).NumItems,0)]|
                    [control.isvisible(900)+IntegerGreaterThan(Container(900).NumItems,0)]|
                    [control.isvisible(901)+IntegerGreaterThan(Container(901).NumItems,0)]</visible>
                <include>VisibleFadeEffect</include>
                <label>$LOCALIZE[31961]</label>
                <onclick condition="control.isvisible(212)">SetFocus(212)</onclick>
                <onup condition="control.isvisible(212)">SetFocus(212)</onup>
                <onclick condition="control.isvisible(311)">SetFocus(311)</onclick>
                <onup condition="control.isvisible(311)">SetFocus(311)</onup>
                <onclick condition="control.isvisible(411)">SetFocus(411)</onclick>
                <onup condition="control.isvisible(411)">SetFocus(411)</onup>
                <onclick condition="control.isvisible(511)">SetFocus(511)</onclick>
                <onup condition="control.isvisible(511)">SetFocus(511)</onup>
                <onclick condition="control.isvisible(900)">SetFocus(900)</onclick>
                <onup condition="control.isvisible(900)">SetFocus(900)</onup>
                <onclick condition="control.isvisible(901)">SetFocus(901)</onclick>
                <onup condition="control.isvisible(901)">SetFocus(901)</onup>
            </item>
            <!--RECOMMENDED-->
            <item type="button" id="703">
                <visible>[control.isvisible(312)+IntegerGreaterThan(Container(312).NumItems,0)]|
                    [control.isvisible(412)+IntegerGreaterThan(Container(412).NumItems,0)]</visible>
                <include>VisibleFadeEffect</include>
                <label>$LOCALIZE[31966]</label>
                <onclick condition="control.isvisible(312)">SetFocus(312)</onclick>
                <onup condition="control.isvisible(312)">SetFocus(312)</onup>
                <onclick condition="control.isvisible(412)">SetFocus(412)</onclick>
                <onup condition="control.isvisible(412)">SetFocus(412)</onup>
            </item>
            <!--CUSTOM WIDGETS-->
            <item type="button" id="7001">
                <visible>!IsEmpty(Container(300).ListItem.Property(widgetName))</visible>
                <visible>IntegerGreaterThan(Container(700011).NumItems,0)|IntegerGreaterThan(Container(700012).NumItems,0)|IntegerGreaterThan(Container(700013).NumItems,0)|IntegerGreaterThan(Container(700014).NumItems,0)|IntegerGreaterThan(Container(700015).NumItems,0)</visible>
                <include>VisibleFadeEffect</include>
                <label>$INFO[Container(300).ListItem.Property(widgetName)]</label>
                <onclick condition="control.isvisible(700011)">SetFocus(700011)</onclick>
                <onup condition="control.isvisible(700011)">SetFocus(700011)</onup>
                <onclick condition="control.isvisible(700012)">SetFocus(700012)</onclick>
                <onup condition="control.isvisible(700012)">SetFocus(700012)</onup>
                <onclick condition="control.isvisible(700013)">SetFocus(700013)</onclick>
                <onup condition="control.isvisible(700013)">SetFocus(700013)</onup>
                <onclick condition="control.isvisible(700014)">SetFocus(700014)</onclick>
                <onup condition="control.isvisible(700014)">SetFocus(700014)</onup>
                <onclick condition="control.isvisible(700015)">SetFocus(700015)</onclick>
                <onup condition="control.isvisible(700015)">SetFocus(700015)</onup>
            </item>
            <item type="button" id="7002">
                <visible>!IsEmpty(Container(300).ListItem.Property(widgetName.1))</visible>
                <visible>IntegerGreaterThan(Container(700021).NumItems,0)|IntegerGreaterThan(Container(700022).NumItems,0)|IntegerGreaterThan(Container(700023).NumItems,0)|IntegerGreaterThan(Container(700024).NumItems,0)|IntegerGreaterThan(Container(700025).NumItems,0)</visible>
                <include>VisibleFadeEffect</include>
                <label>$INFO[Container(300).ListItem.Property(widgetName.1)]</label>
                <onclick condition="control.isvisible(700021)">SetFocus(700021)</onclick>
                <onup condition="control.isvisible(700021)">SetFocus(700021)</onup>
                <onclick condition="control.isvisible(700022)">SetFocus(700022)</onclick>
                <onup condition="control.isvisible(700022)">SetFocus(700022)</onup>
                <onclick condition="control.isvisible(700023)">SetFocus(700023)</onclick>
                <onup condition="control.isvisible(700023)">SetFocus(700023)</onup>
                <onclick condition="control.isvisible(700024)">SetFocus(700024)</onclick>
                <onup condition="control.isvisible(700024)">SetFocus(700024)</onup>
                <onclick condition="control.isvisible(700025)">SetFocus(700025)</onclick>
                <onup condition="control.isvisible(700025)">SetFocus(700025)</onup>
            </item>
            <item type="button" id="7003">
                <visible>!IsEmpty(Container(300).ListItem.Property(widgetName.2))</visible>
                <visible>IntegerGreaterThan(Container(700031).NumItems,0)|IntegerGreaterThan(Container(700032).NumItems,0)|IntegerGreaterThan(Container(700033).NumItems,0)|IntegerGreaterThan(Container(700034).NumItems,0)|IntegerGreaterThan(Container(700035).NumItems,0)</visible>
                <include>VisibleFadeEffect</include>
                <label>$INFO[Container(300).ListItem.Property(widgetName.2)]</label>
                <onclick condition="control.isvisible(700031)">SetFocus(700031)</onclick>
                <onup condition="control.isvisible(700031)">SetFocus(700031)</onup>
                <onclick condition="control.isvisible(700032)">SetFocus(700032)</onclick>
                <onup condition="control.isvisible(700032)">SetFocus(700032)</onup>
                <onclick condition="control.isvisible(700033)">SetFocus(700033)</onclick>
                <onup condition="control.isvisible(700033)">SetFocus(700033)</onup>
                <onclick condition="control.isvisible(700034)">SetFocus(700034)</onclick>
                <onup condition="control.isvisible(700034)">SetFocus(700034)</onup>
                <onclick condition="control.isvisible(700035)">SetFocus(700035)</onclick>
                <onup condition="control.isvisible(700035)">SetFocus(700035)</onup>
            </item>
            <item type="button" id="7004">
                <visible>!IsEmpty(Container(300).ListItem.Property(widgetName.3))</visible>
                <visible>IntegerGreaterThan(Container(700041).NumItems,0)|IntegerGreaterThan(Container(700042).NumItems,0)|IntegerGreaterThan(Container(700043).NumItems,0)|IntegerGreaterThan(Container(700044).NumItems,0)|IntegerGreaterThan(Container(700045).NumItems,0)</visible>
                <include>VisibleFadeEffect</include>
                <label>$INFO[Container(300).ListItem.Property(widgetName.3)]</label>
                <onclick condition="control.isvisible(700041)">SetFocus(700041)</onclick>
                <onup condition="control.isvisible(700041)">SetFocus(700041)</onup>
                <onclick condition="control.isvisible(700042)">SetFocus(700042)</onclick>
                <onup condition="control.isvisible(700042)">SetFocus(700042)</onup>
                <onclick condition="control.isvisible(700043)">SetFocus(700043)</onclick>
                <onup condition="control.isvisible(700043)">SetFocus(700043)</onup>
                <onclick condition="control.isvisible(700044)">SetFocus(700044)</onclick>
                <onup condition="control.isvisible(700044)">SetFocus(700044)</onup>
                <onclick condition="control.isvisible(700045)">SetFocus(700045)</onclick>
                <onup condition="control.isvisible(700045)">SetFocus(700045)</onup>
            </item>
            <item type="button" id="7005">
                <visible>!IsEmpty(Container(300).ListItem.Property(widgetName.4))</visible>
                <visible>IntegerGreaterThan(Container(700051).NumItems,0)|IntegerGreaterThan(Container(700052).NumItems,0)|IntegerGreaterThan(Container(700053).NumItems,0)|IntegerGreaterThan(Container(700054).NumItems,0)|IntegerGreaterThan(Container(700055).NumItems,0)</visible>
                <include>VisibleFadeEffect</include>
                <label>$INFO[Container(300).ListItem.Property(widgetName.4)]</label>
                <onclick condition="control.isvisible(700051)">SetFocus(700051)</onclick>
                <onup condition="control.isvisible(700051)">SetFocus(700051)</onup>
                <onclick condition="control.isvisible(700052)">SetFocus(700052)</onclick>
                <onup condition="control.isvisible(700052)">SetFocus(700052)</onup>
                <onclick condition="control.isvisible(700053)">SetFocus(700053)</onclick>
                <onup condition="control.isvisible(700053)">SetFocus(700053)</onup>
                <onclick condition="control.isvisible(700054)">SetFocus(700054)</onclick>
                <onup condition="control.isvisible(700054)">SetFocus(700054)</onup>
                <onclick condition="control.isvisible(700055)">SetFocus(700055)</onclick>
                <onup condition="control.isvisible(700055)">SetFocus(700055)</onup>
            </item>
        </content>
    </include>
    <include name="WidgetsCollection">
        <control type="group" id="700">
            <include>Icon_Fade</include>
            <include>FacadeFadeDialogs</include>
            <posy>-1080</posy>

            <!-- -->
            <!--PLEX-->
            <!-- -->

            <!--PICTURES-->
            <include condition="!Skin.HasSetting(Hide.RecentlyAdded) + Skin.HasSetting(plexbmc)" name="Widget">
                <param name="gfxType" value="Square"/>
                <param name="content" value="PlexRecentPhotoContent"/>
                <param name="id" value="900"/>
                <param name="visibility" value="!IsEmpty(Window.Property(Plexbmc.LatestPhoto.1.Path))+StringCompare(Container(300).ListItem.Property(type),photo)"/>
                <param name="labelTitle" value="$INFO[Container(900).ListItem.Label]"/>
                <param name="labelRow1" value=""/>
                <param name="labelRow2" value=""/>
                <param name="labelRating" value=""/>
                <param name="labelPlot" value=""/>
                <param name="icon" value="$INFO[Container(900).ListItem.Thumb]"/>
                <param name="visibilitylabelRating" value="false"/>
                <param name="animationDown" value="true"/>
            </include>
            <!--QUEUE-->
            <include condition="!Skin.HasSetting(Hide.RecentlyAdded) + Skin.HasSetting(plexbmc)" name="Widget">
                <param name="gfxType" value="Square"/>
                <param name="content" value="PlexQueueContent"/>
                <param name="id" value="901"/>
                <param name="visibility" value="!IsEmpty(Window.Property(Plexbmc.Queue.1.Path))+StringCompare(Container(300).ListItem.Label,$LOCALIZE[31010])"/>
                <param name="labelTitle" value="$INFO[Container(901).ListItem.Label]"/>
                <param name="labelRow1" value=""/>
                <param name="labelRow2" value=""/>
                <param name="labelRating" value=""/>
                <param name="labelPlot" value=""/>
                <param name="icon" value="$INFO[Container(901).ListItem.Thumb]"/>
                <param name="visibilitylabelRating" value="false"/>
                <param name="animationDown" value="true"/>
            </include>
            <!--MOVIES-->
            <include condition="!Skin.HasSetting(Hide.RecentlyAdded) + Skin.HasSetting(plexbmc)" name="Widget">
                <param name="gfxType" value="Poster"/>
                <param name="content" value="PlexRecentMovieContent"/>
                <param name="id" value="311"/>
                <param name="visibility" value="!IsEmpty(Window(Home).Property(Plexbmc.LatestMovie.1.Path))+StringCompare(Container(300).ListItem.Property(type),movie)"/>
                <param name="labelTitle" value="$INFO[Container(311).ListItem.Label]"/>
                <param name="labelRow1" value="$INFO[Container(311).ListItem.Property(Year)]$INFO[Container(311).ListItem.Property(Runtime),       , $LOCALIZE[31297]]$INFO[Container(311).ListItem.Property(Mpaa),       ]"/>
                <param name="labelRow2" value="$INFO[Container(311).ListItem.Property(Genre)]"/>
                <param name="labelRating" value="$INFO[Container(311).ListItem.Property(Rating)]"/>
                <param name="labelPlot" value="$INFO[Container(311).ListItem.Property(Plot)]"/>
                <param name="icon" value="$INFO[Container(311).ListItem.Thumb]"/>
                <param name="visibilitylabelRating" value="true"/>
                <param name="animationDown" value="false"/>
            </include>
            <include condition="!Skin.HasSetting(Hide.RecentlyAdded) + Skin.HasSetting(plexbmc)" name="Widget">
                <param name="gfxType" value="Poster"/>
                <param name="content" value="PlexOnDeckMovieContent"/>
                <param name="id" value="312"/>
                <param name="visibility" value="!IsEmpty(Window(Home).Property(Plexbmc.OnDeckMovie.1.Path))+StringCompare(Container(300).ListItem.Property(type),movie)"/>
                <param name="labelTitle" value="$INFO[Container(312).ListItem.Label]"/>
                <param name="labelRow1" value="$INFO[Container(312).ListItem.Property(Year)]$INFO[Container(312).ListItem.Property(Runtime),       , $LOCALIZE[31297]]$INFO[Container(312).ListItem.Property(Mpaa),       ]"/>
                <param name="labelRow2" value="$INFO[Container(312).ListItem.Property(Genre)]"/>
                <param name="labelRating" value="$INFO[Container(312).ListItem.Property(Rating)]"/>
                <param name="labelPlot" value="$INFO[Container(312).ListItem.Property(Plot)]"/>
                <param name="icon" value="$INFO[Container(312).ListItem.Thumb]"/>
                <param name="visibilitylabelRating" value="true"/>
                <param name="animationDown" value="false"/>
            </include>
            <!--ALBUMS-->
            <include condition="!Skin.HasSetting(Hide.RecentlyAdded) + Skin.HasSetting(plexbmc)" name="Widget">
                <param name="gfxType" value="Square"/>
                <param name="content" value="PlexRecentAlbumContent"/>
                <param name="id" value="511"/>
                <param name="visibility" value="!IsEmpty(Window(Home).Property(Plexbmc.LatestAlbum.1.Title))+StringCompare(Container(300).ListItem.Property(type),artist)"/>
                <param name="labelTitle" value="$INFO[Container(511).ListItem.Label]"/>
                <param name="labelRow1" value="$INFO[Container(511).ListItem.Label2]"/>
                <param name="labelRow2" value=""/>
                <param name="labelRating" value=""/>
                <param name="labelPlot" value=""/>
                <param name="icon" value="$INFO[Container(511).ListItem.Thumb]"/>
                <param name="visibilitylabelRating" value="false"/>
                <param name="animationDown" value="false"/>
            </include>
            <!--CHANNELS-->
            <include condition="!Skin.HasSetting(Hide.RecentlyAdded) + Skin.HasSetting(plexbmc)" name="Widget">
                <param name="gfxType" value="Square"/>
                <param name="content" value="PlexRecentChannelContent"/>
                <param name="id" value="212"/>
                <param name="visibility" value="!IsEmpty(Window.Property(Plexbmc.LatestChannel.1.Path))+Container(300).HasFocus(50)"/>
                <param name="labelTitle" value="$INFO[Container(212).ListItem.Label]"/>
                <param name="labelRow1" value=""/>
                <param name="labelRow2" value=""/>
                <param name="labelRating" value=""/>
                <param name="labelPlot" value=""/>
                <param name="icon" value="$INFO[Container(212).ListItem.Thumb]"/>
                <param name="visibilitylabelRating" value="false"/>
                <param name="animationDown" value="true"/>
            </include>
            <!--EPISODES-->
            <include condition="!Skin.HasSetting(Hide.RecentlyAdded) + Skin.HasSetting(plexbmc)" name="Widget">
                <param name="gfxType" value="Poster"/>
                <param name="content" value="PlexRecentEpisodeContent"/>
                <param name="id" value="411"/>
                <param name="visibility" value="!IsEmpty(Window(Home).Property(Plexbmc.LatestEpisode.1.Path))+StringCompare(Container(300).ListItem.Property(type),show)"/>
                <param name="labelTitle" value="$INFO[Container(411).ListItem.Property(TVshowTitle)]"/>
                <param name="labelRow1" value="$INFO[Container(411).ListItem.Property(SeasonEpisode)]"/>
                <param name="labelRow2" value="$INFO[Container(411).ListItem.Label]"/>
                <param name="labelRating" value="0.0"/>
                <param name="labelPlot" value=""/>
                <param name="icon" value="$INFO[Container(411).ListItem.Thumb]"/>
                <param name="visibilitylabelRating" value="true"/>
                <param name="animationDown" value="false"/>
            </include>
            <include condition="!Skin.HasSetting(Hide.RecentlyAdded) + Skin.HasSetting(plexbmc)" name="Widget">
                <param name="gfxType" value="Poster"/>
                <param name="content" value="PlexOnDeckEpisodeContent"/>
                <param name="id" value="412"/>
                <param name="visibility" value="!IsEmpty(Window(Home).Property(Plexbmc.OnDeckEpisode.1.Path))+StringCompare(Container(300).ListItem.Property(type),show)"/>
                <param name="labelTitle" value="$INFO[Container(412).ListItem.Property(TVshowTitle)]"/>
                <param name="labelRow1" value="$INFO[Container(412).ListItem.Property(SeasonEpisode)]"/>
                <param name="labelRow2" value="$INFO[Container(412).ListItem.Label]"/>
                <param name="labelRating" value="0.0"/>
                <param name="labelPlot" value=""/>
                <param name="icon" value="$INFO[Container(412).ListItem.Thumb]"/>
                <param name="visibilitylabelRating" value="true"/>
                <param name="animationDown" value="false"/>
            </include>

            <!-- -->
            <!--CUSTOM WIDGETS-->
            <!-- -->

            <!--WIDGET 1-->
            <include condition="!Skin.HasSetting(Hide.RecentlyAdded)" name="CustomWidget">
                <param name="gfxType" value="Poster"/>
                <param name="content" value="$INFO[Container(300).ListItem.Property(widgetPath)]"/>
                <param name="id" value="700011"/>
                <param name="visibility" value="StringCompare(Container(300).ListItem.Property(widgetType),movies)|StringCompare(Container(300).ListItem.Property(widgetType),tvshows)|[StringCompare(Container(300).ListItem.Property(widgetType),musicvideos)+StringCompare(Container(300).ListItem.Property(labelID),$LOCALIZE[31971])]"/>
                <param name="labelTitle" value="$INFO[Container(700011).ListItem.TVShowTitle,, - ]$INFO[Container(700011).ListItem.Label]"/>
                <param name="labelRow1" value="$INFO[Container(700011).ListItem.Year]$INFO[Container(700011).ListItem.Duration,       , $LOCALIZE[31297]]$INFO[Container(700011).ListItem.MPAA,       ]"/>
                <param name="labelRow2" value="$INFO[Container(700011).ListItem.Genre]"/>
                <param name="labelRating" value="$INFO[Container(700011).ListItem.Rating]"/>
                <param name="labelPlot" value="$INFO[Container(700011).ListItem.Plot]"/>
                <param name="icon" value="$INFO[Container(700011).ListItem.Art(poster)]"/>
                <param name="visibilitylabelRating" value="true"/>
                <param name="animationDown" value="false"/>
                <param name="target" value="$INFO[Container(300).ListItem.Property(widgetTarget)]"/>
            </include>
            <include condition="!Skin.HasSetting(Hide.RecentlyAdded)" name="CustomWidget">
                <param name="gfxType" value="Episode"/>
                <param name="content" value="$INFO[Container(300).ListItem.Property(widgetPath)]"/>
                <param name="id" value="700012"/>
                <param name="visibility" value="StringCompare(Container(300).ListItem.Property(widgetType),episodes)|[StringCompare(Container(300).ListItem.Property(widgetType),musicvideos)+!StringCompare(Container(300).ListItem.Property(labelID),$LOCALIZE[31971])]"/>
                <param name="labelTitle" value="$INFO[Container(700012).ListItem.TVShowTitle,, - ]$INFO[Container(700012).ListItem.Label]"/>
                <param name="labelRow1" value="$INFO[Container(700012).ListItem.Year]$INFO[Container(700012).ListItem.Duration,       , $LOCALIZE[31297]]$INFO[Container(700012).ListItem.MPAA,       ]"/>
                <param name="labelRow2" value="$INFO[Container(700012).ListItem.Artist,,       ]$INFO[Container(700012).ListItem.Genre]"/>
                <param name="labelRating" value="$INFO[Container(700012).ListItem.Rating]"/>
                <param name="labelPlot" value="$INFO[Container(700012).ListItem.Plot]"/>
                <param name="icon" value="$INFO[Container(700012).ListItem.Thumb]"/>
                <param name="visibilitylabelRating" value="true"/>
                <param name="animationDown" value="false"/>
                <param name="target" value="$INFO[Container(300).ListItem.Property(widgetTarget)]"/>
            </include>
            <include condition="!Skin.HasSetting(Hide.RecentlyAdded)" name="CustomWidget">
                <param name="gfxType" value="Square"/>
                <param name="content" value="$INFO[Container(300).ListItem.Property(widgetPath)]"/>
                <param name="id" value="700013"/>
                <param name="visibility" value="StringCompare(Container(300).ListItem.Property(widgetType),albums)"/>
                <param name="labelTitle" value="$INFO[Container(700013).ListItem.Label]"/>
                <param name="labelRow1" value="$INFO[Container(700013).ListItem.Year]"/>
                <param name="labelRow2" value="$INFO[Container(700013).ListItem.Artist,,       ]$INFO[Container(700013).ListItem.Genre]"/>
                <param name="labelRating" value=""/>
                <param name="labelPlot" value="$INFO[Container(700013).ListItem.Plot]"/>
                <param name="icon" value="$INFO[Container(700013).ListItem.Thumb]"/>
                <param name="visibilitylabelRating" value="false"/>
                <param name="animationDown" value="false"/>
                <param name="target" value="$INFO[Container(300).ListItem.Property(widgetTarget)]"/>
            </include>
            <include condition="!Skin.HasSetting(Hide.RecentlyAdded)" name="CustomWidget">
                <param name="gfxType" value="Channel"/>
                <param name="content" value="$INFO[Container(300).ListItem.Property(widgetPath)]"/>
                <param name="id" value="700014"/>
                <param name="visibility" value="StringCompare(Container(300).ListItem.Property(widgetType),pvr)"/>
                <param name="labelTitle" value="$INFO[Container(700014).ListItem.Label]"/>
                <param name="labelRow1" value="$INFO[Container(700014).ListItem.Label2,,       ]$INFO[Container(700014).ListItem.Duration,, $LOCALIZE[31297]]"/>
                <param name="labelRow2" value="$INFO[Container(700014).ListItem.Genre]"/>
                <param name="labelRating" value=""/>
                <param name="labelPlot" value="$INFO[Container(700014).ListItem.Plot]"/>
                <param name="icon" value="$INFO[Container(700014).ListItem.Thumb]"/>
                <param name="visibilitylabelRating" value="false"/>
                <param name="animationDown" value="false"/>
                <param name="target" value="$INFO[Container(300).ListItem.Property(widgetTarget)]"/>
            </include>
            <include condition="!Skin.HasSetting(Hide.RecentlyAdded)" name="CustomWidget">
                <param name="gfxType" value="Square"/>
                <param name="content" value="$INFO[Container(300).ListItem.Property(widgetPath)]"/>
                <param name="id" value="700015"/>
                <param name="visibility" value="StringCompare(Container(300).ListItem.Property(widgetType),video)|StringCompare(Container(300).ListItem.Property(widgetType),picture)"/>
                <param name="labelTitle" value="$INFO[Container(700015).ListItem.Label]"/>
                <param name="labelRow1" value=""/>
                <param name="labelRow2" value=""/>
                <param name="labelRating" value=""/>
                <param name="labelPlot" value="$INFO[Container(700015).ListItem.Plot]"/>
                <param name="icon" value="$INFO[Container(700015).ListItem.Thumb]"/>
                <param name="visibilitylabelRating" value="false"/>
                <param name="animationDown" value="true"/>
                <param name="target" value="$INFO[Container(300).ListItem.Property(widgetTarget)]"/>
            </include>
            <!--WIDGET 2-->
            <include condition="!Skin.HasSetting(Hide.RecentlyAdded)" name="CustomWidget">
                <param name="gfxType" value="Poster"/>
                <param name="content" value="$INFO[Container(300).ListItem.Property(widgetPath.1)]"/>
                <param name="id" value="700021"/>
                <param name="visibility" value="StringCompare(Container(300).ListItem.Property(widgetType.1),movies)|StringCompare(Container(300).ListItem.Property(widgetType.1),tvshows)|[StringCompare(Container(300).ListItem.Property(widgetType.1),musicvideos)+StringCompare(Container(300).ListItem.Property(labelID),$LOCALIZE[31971])]"/>
                <param name="labelTitle" value="$INFO[Container(700021).ListItem.TVShowTitle,, - ]$INFO[Container(700021).ListItem.Label]"/>
                <param name="labelRow1" value="$INFO[Container(700021).ListItem.Year]$INFO[Container(700021).ListItem.Duration,       , $LOCALIZE[31297]]$INFO[Container(700021).ListItem.MPAA,       ]"/>
                <param name="labelRow2" value="$INFO[Container(700021).ListItem.Genre]"/>
                <param name="labelRating" value="$INFO[Container(700021).ListItem.Rating]"/>
                <param name="labelPlot" value="$INFO[Container(700021).ListItem.Plot]"/>
                <param name="icon" value="$INFO[Container(700021).ListItem.Art(poster)]"/>
                <param name="visibilitylabelRating" value="true"/>
                <param name="animationDown" value="false"/>
                <param name="target" value="$INFO[Container(300).ListItem.Property(widgetTarget.1)]"/>
            </include>
            <include condition="!Skin.HasSetting(Hide.RecentlyAdded)" name="CustomWidget">
                <param name="gfxType" value="Episode"/>
                <param name="content" value="$INFO[Container(300).ListItem.Property(widgetPath.1)]"/>
                <param name="id" value="700022"/>
                <param name="visibility" value="StringCompare(Container(300).ListItem.Property(widgetType.1),episodes)|[StringCompare(Container(300).ListItem.Property(widgetType.1),musicvideos)+!StringCompare(Container(300).ListItem.Property(labelID),$LOCALIZE[31971])]"/>
                <param name="labelTitle" value="$INFO[Container(700022).ListItem.TVShowTitle,, - ]$INFO[Container(700022).ListItem.Label]"/>
                <param name="labelRow1" value="$INFO[Container(700022).ListItem.Year]$INFO[Container(700022).ListItem.Duration,       , $LOCALIZE[31297]]$INFO[Container(700022).ListItem.MPAA,       ]"/>
                <param name="labelRow2" value="$INFO[Container(700022).ListItem.Artist,,       ]$INFO[Container(700022).ListItem.Genre]"/>
                <param name="labelRating" value="$INFO[Container(700022).ListItem.Rating]"/>
                <param name="labelPlot" value="$INFO[Container(700022).ListItem.Plot]"/>
                <param name="icon" value="$INFO[Container(700022).ListItem.Thumb]"/>
                <param name="visibilitylabelRating" value="true"/>
                <param name="animationDown" value="false"/>
                <param name="target" value="$INFO[Container(300).ListItem.Property(widgetTarget.1)]"/>
            </include>
            <include condition="!Skin.HasSetting(Hide.RecentlyAdded)" name="CustomWidget">
                <param name="gfxType" value="Square"/>
                <param name="content" value="$INFO[Container(300).ListItem.Property(widgetPath.1)]"/>
                <param name="id" value="700023"/>
                <param name="visibility" value="StringCompare(Container(300).ListItem.Property(widgetType.1),albums)"/>
                <param name="labelTitle" value="$INFO[Container(700023).ListItem.Label]"/>
                <param name="labelRow1" value="$INFO[Container(700023).ListItem.Year]"/>
                <param name="labelRow2" value="$INFO[Container(700023).ListItem.Artist,,       ]$INFO[Container(700023).ListItem.Genre]"/>
                <param name="labelRating" value=""/>
                <param name="labelPlot" value="$INFO[Container(700023).ListItem.Plot]"/>
                <param name="icon" value="$INFO[Container(700023).ListItem.Thumb]"/>
                <param name="visibilitylabelRating" value="false"/>
                <param name="animationDown" value="false"/>
                <param name="target" value="$INFO[Container(300).ListItem.Property(widgetTarget.1)]"/>
            </include>
            <include condition="!Skin.HasSetting(Hide.RecentlyAdded)" name="CustomWidget">
                <param name="gfxType" value="Channel"/>
                <param name="content" value="$INFO[Container(300).ListItem.Property(widgetPath.1)]"/>
                <param name="id" value="700024"/>
                <param name="visibility" value="StringCompare(Container(300).ListItem.Property(widgetType.1),pvr)"/>
                <param name="labelTitle" value="$INFO[Container(700024).ListItem.Label]"/>
                <param name="labelRow1" value="$INFO[Container(700024).ListItem.Label2,,       ]$INFO[Container(700024).ListItem.Duration,, $LOCALIZE[31297]]"/>
                <param name="labelRow2" value="$INFO[Container(700024).ListItem.Genre]"/>
                <param name="labelRow1" value="$INFO[Container(700024).ListItem.Label2,,       ]$INFO[Container(700024).ListItem.Duration,, $LOCALIZE[31297]]"/>
                <param name="labelRow2" value="$INFO[Container(700024).ListItem.Genre]"/>
                <param name="icon" value="$INFO[Container(700024).ListItem.Thumb]"/>
                <param name="visibilitylabelRating" value="false"/>
                <param name="animationDown" value="false"/>
                <param name="target" value="$INFO[Container(300).ListItem.Property(widgetTarget.1)]"/>
            </include>
            <include condition="!Skin.HasSetting(Hide.RecentlyAdded)" name="CustomWidget">
                <param name="gfxType" value="Square"/>
                <param name="content" value="$INFO[Container(300).ListItem.Property(widgetPath.1)]"/>
                <param name="id" value="700025"/>
                <param name="visibility" value="StringCompare(Container(300).ListItem.Property(widgetType.1),video)|StringCompare(Container(300).ListItem.Property(widgetType.1),picture)"/>
                <param name="labelTitle" value="$INFO[Container(700025).ListItem.Label]"/>
                <param name="labelRow1" value=""/>
                <param name="labelRow2" value=""/>
                <param name="labelRating" value=""/>
                <param name="labelPlot" value="$INFO[Container(700025).ListItem.Plot]"/>
                <param name="icon" value="$INFO[Container(700025).ListItem.Thumb]"/>
                <param name="visibilitylabelRating" value="false"/>
                <param name="animationDown" value="true"/>
                <param name="target" value="$INFO[Container(300).ListItem.Property(widgetTarget.1)]"/>
            </include>
            <!--WIDGET 3-->
            <include condition="!Skin.HasSetting(Hide.RecentlyAdded)" name="CustomWidget">
                <param name="gfxType" value="Poster"/>
                <param name="content" value="$INFO[Container(300).ListItem.Property(widgetPath.2)]"/>
                <param name="id" value="700031"/>
                <param name="visibility" value="StringCompare(Container(300).ListItem.Property(widgetType.2),movies)|StringCompare(Container(300).ListItem.Property(widgetType.2),tvshows)|[StringCompare(Container(300).ListItem.Property(widgetType.2),musicvideos)+StringCompare(Container(300).ListItem.Property(labelID),$LOCALIZE[31971])]"/>
                <param name="labelTitle" value="$INFO[Container(700031).ListItem.TVShowTitle,, - ]$INFO[Container(700031).ListItem.Label]"/>
                <param name="labelRow1" value="$INFO[Container(700031).ListItem.Year]$INFO[Container(700031).ListItem.Duration,       , $LOCALIZE[31297]]$INFO[Container(700031).ListItem.MPAA,       ]"/>
                <param name="labelRow2" value="$INFO[Container(700031).ListItem.Genre]"/>
                <param name="labelRating" value="$INFO[Container(700031).ListItem.Rating]"/>
                <param name="labelPlot" value="$INFO[Container(700031).ListItem.Plot]"/>
                <param name="icon" value="$INFO[Container(700031).ListItem.Art(poster)]"/>
                <param name="visibilitylabelRating" value="true"/>
                <param name="animationDown" value="false"/>
                <param name="target" value="$INFO[Container(300).ListItem.Property(widgetTarget.2)]"/>
            </include>
            <include condition="!Skin.HasSetting(Hide.RecentlyAdded)" name="CustomWidget">
                <param name="gfxType" value="Episode"/>
                <param name="content" value="$INFO[Container(300).ListItem.Property(widgetPath.2)]"/>
                <param name="id" value="700032"/>
                <param name="visibility" value="StringCompare(Container(300).ListItem.Property(widgetType.2),episodes)|[StringCompare(Container(300).ListItem.Property(widgetType.2),musicvideos)+!StringCompare(Container(300).ListItem.Property(labelID),$LOCALIZE[31971])]"/>
                <param name="labelTitle" value="$INFO[Container(700032).ListItem.TVShowTitle,, - ]$INFO[Container(700032).ListItem.Label]"/>
                <param name="labelRow1" value="$INFO[Container(700032).ListItem.Year]$INFO[Container(700032).ListItem.Duration,       , $LOCALIZE[31297]]$INFO[Container(700032).ListItem.MPAA,       ]"/>
                <param name="labelRow2" value="$INFO[Container(700032).ListItem.Artist,,       ]$INFO[Container(700032).ListItem.Genre]"/>
                <param name="labelRating" value="$INFO[Container(700032).ListItem.Rating]"/>
                <param name="labelPlot" value="$INFO[Container(700032).ListItem.Plot]"/>
                <param name="icon" value="$INFO[Container(700032).ListItem.Thumb]"/>
                <param name="visibilitylabelRating" value="true"/>
                <param name="animationDown" value="false"/>
                <param name="target" value="$INFO[Container(300).ListItem.Property(widgetTarget.2)]"/>
            </include>
            <include condition="!Skin.HasSetting(Hide.RecentlyAdded)" name="CustomWidget">
                <param name="gfxType" value="Square"/>
                <param name="content" value="$INFO[Container(300).ListItem.Property(widgetPath.2)]"/>
                <param name="id" value="700033"/>
                <param name="visibility" value="StringCompare(Container(300).ListItem.Property(widgetType.2),albums)"/>
                <param name="labelTitle" value="$INFO[Container(700033).ListItem.Label]"/>
                <param name="labelRow1" value="$INFO[Container(700033).ListItem.Year]"/>
                <param name="labelRow2" value="$INFO[Container(700033).ListItem.Artist,,       ]$INFO[Container(700033).ListItem.Genre]"/>
                <param name="labelRating" value=""/>
                <param name="labelPlot" value="$INFO[Container(700033).ListItem.Plot]"/>
                <param name="icon" value="$INFO[Container(700033).ListItem.Thumb]"/>
                <param name="visibilitylabelRating" value="false"/>
                <param name="animationDown" value="false"/>
                <param name="target" value="$INFO[Container(300).ListItem.Property(widgetTarget.2)]"/>
            </include>
            <include condition="!Skin.HasSetting(Hide.RecentlyAdded)" name="CustomWidget">
                <param name="gfxType" value="Channel"/>
                <param name="content" value="$INFO[Container(300).ListItem.Property(widgetPath.2)]"/>
                <param name="id" value="700034"/>
                <param name="visibility" value="StringCompare(Container(300).ListItem.Property(widgetType.2),pvr)"/>
                <param name="labelTitle" value="$INFO[Container(700034).ListItem.Label]"/>
                <param name="labelRow1" value="$INFO[Container(700034).ListItem.Label2,,       ]$INFO[Container(700034).ListItem.Duration,, $LOCALIZE[31297]]"/>
                <param name="labelRow2" value="$INFO[Container(700034).ListItem.Genre]"/>
                <param name="labelRating" value=""/>
                <param name="labelPlot" value="$INFO[Container(700034).ListItem.Plot]"/>
                <param name="icon" value="$INFO[Container(700034).ListItem.Thumb]"/>
                <param name="visibilitylabelRating" value="false"/>
                <param name="animationDown" value="false"/>
                <param name="target" value="$INFO[Container(300).ListItem.Property(widgetTarget.2)]"/>
            </include>
            <include condition="!Skin.HasSetting(Hide.RecentlyAdded)" name="CustomWidget">
                <param name="gfxType" value="Square"/>
                <param name="content" value="$INFO[Container(300).ListItem.Property(widgetPath.2)]"/>
                <param name="id" value="700035"/>
                <param name="visibility" value="StringCompare(Container(300).ListItem.Property(widgetType.2),video)|StringCompare(Container(300).ListItem.Property(widgetType.2),picture)"/>
                <param name="labelTitle" value="$INFO[Container(700035).ListItem.Label]"/>
                <param name="labelRow1" value=""/>
                <param name="labelRow2" value=""/>
                <param name="labelRating" value=""/>
                <param name="labelPlot" value="$INFO[Container(700035).ListItem.Plot]"/>
                <param name="icon" value="$INFO[Container(700035).ListItem.Thumb]"/>
                <param name="visibilitylabelRating" value="false"/>
                <param name="animationDown" value="true"/>
                <param name="target" value="$INFO[Container(300).ListItem.Property(widgetTarget.2)]"/>
            </include>
            <!--WIDGET 4-->
            <include condition="!Skin.HasSetting(Hide.RecentlyAdded)" name="CustomWidget">
                <param name="gfxType" value="Poster"/>
                <param name="content" value="$INFO[Container(300).ListItem.Property(widgetPath.3)]"/>
                <param name="id" value="700041"/>
                <param name="visibility" value="StringCompare(Container(300).ListItem.Property(widgetType.3),movies)|StringCompare(Container(300).ListItem.Property(widgetType.3),tvshows)|[StringCompare(Container(300).ListItem.Property(widgetType.3),musicvideos)+StringCompare(Container(300).ListItem.Property(labelID),$LOCALIZE[31971])]"/>
                <param name="labelTitle" value="$INFO[Container(700041).ListItem.TVShowTitle,, - ]$INFO[Container(700041).ListItem.Label]"/>
                <param name="labelRow1" value="$INFO[Container(700041).ListItem.Year]$INFO[Container(700041).ListItem.Duration,       , $LOCALIZE[31297]]$INFO[Container(700041).ListItem.MPAA,       ]"/>
                <param name="labelRow2" value="$INFO[Container(700041).ListItem.Genre]"/>
                <param name="labelRating" value="$INFO[Container(700041).ListItem.Rating]"/>
                <param name="labelPlot" value="$INFO[Container(700041).ListItem.Plot]"/>
                <param name="icon" value="$INFO[Container(700041).ListItem.Art(poster)]"/>
                <param name="visibilitylabelRating" value="true"/>
                <param name="animationDown" value="false"/>
                <param name="target" value="$INFO[Container(300).ListItem.Property(widgetTarget.3)]"/>
            </include>
            <include condition="!Skin.HasSetting(Hide.RecentlyAdded)" name="CustomWidget">
                <param name="gfxType" value="Episode"/>
                <param name="content" value="$INFO[Container(300).ListItem.Property(widgetPath.3)]"/>
                <param name="id" value="700042"/>
                <param name="visibility" value="StringCompare(Container(300).ListItem.Property(widgetType.3),episodes)|[StringCompare(Container(300).ListItem.Property(widgetType.3),musicvideos)+!StringCompare(Container(300).ListItem.Property(labelID),$LOCALIZE[31971])]"/>
                <param name="labelTitle" value="$INFO[Container(700042).ListItem.TVShowTitle,, - ]$INFO[Container(700042).ListItem.Label]"/>
                <param name="labelRow1" value="$INFO[Container(700042).ListItem.Year]$INFO[Container(700042).ListItem.Duration,       , $LOCALIZE[31297]]$INFO[Container(700042).ListItem.MPAA,       ]"/>
                <param name="labelRow2" value="$INFO[Container(700042).ListItem.Artist,,       ]$INFO[Container(700042).ListItem.Genre]"/>
                <param name="labelRating" value="$INFO[Container(700042).ListItem.Rating]"/>
                <param name="labelPlot" value="$INFO[Container(700042).ListItem.Plot]"/>
                <param name="icon" value="$INFO[Container(700042).ListItem.Thumb]"/>
                <param name="visibilitylabelRating" value="true"/>
                <param name="animationDown" value="false"/>
                <param name="target" value="$INFO[Container(300).ListItem.Property(widgetTarget.3)]"/>
            </include>
            <include condition="!Skin.HasSetting(Hide.RecentlyAdded)" name="CustomWidget">
                <param name="gfxType" value="Square"/>
                <param name="content" value="$INFO[Container(300).ListItem.Property(widgetPath.3)]"/>
                <param name="id" value="700043"/>
                <param name="visibility" value="StringCompare(Container(300).ListItem.Property(widgetType.3),albums)"/>
                <param name="labelTitle" value="$INFO[Container(700043).ListItem.Label]"/>
                <param name="labelRow1" value="$INFO[Container(700043).ListItem.Year]"/>
                <param name="labelRow2" value="$INFO[Container(700043).ListItem.Artist,,       ]$INFO[Container(700043).ListItem.Genre]"/>
                <param name="labelRating" value=""/>
                <param name="labelPlot" value="$INFO[Container(700043).ListItem.Plot]"/>
                <param name="icon" value="$INFO[Container(700043).ListItem.Thumb]"/>
                <param name="visibilitylabelRating" value="false"/>
                <param name="animationDown" value="false"/>
                <param name="target" value="$INFO[Container(300).ListItem.Property(widgetTarget.3)]"/>
            </include>
            <include condition="!Skin.HasSetting(Hide.RecentlyAdded)" name="CustomWidget">
                <param name="gfxType" value="Channel"/>
                <param name="content" value="$INFO[Container(300).ListItem.Property(widgetPath.3)]"/>
                <param name="id" value="700044"/>
                <param name="visibility" value="StringCompare(Container(300).ListItem.Property(widgetType.3),pvr)"/>
                <param name="labelTitle" value="$INFO[Container(700044).ListItem.Label]"/>
                <param name="labelRow1" value="$INFO[Container(700044).ListItem.Label2,,       ]$INFO[Container(700044).ListItem.Duration,, $LOCALIZE[31297]]"/>
                <param name="labelRow2" value="$INFO[Container(700044).ListItem.Genre]"/>
                <param name="labelRating" value=""/>
                <param name="labelPlot" value="$INFO[Container(700044).ListItem.Plot]"/>
                <param name="icon" value="$INFO[Container(700044).ListItem.Thumb]"/>
                <param name="visibilitylabelRating" value="false"/>
                <param name="animationDown" value="false"/>
                <param name="target" value="$INFO[Container(300).ListItem.Property(widgetTarget.3)]"/>
            </include>
            <include condition="!Skin.HasSetting(Hide.RecentlyAdded)" name="CustomWidget">
                <param name="gfxType" value="Square"/>
                <param name="content" value="$INFO[Container(300).ListItem.Property(widgetPath.3)]"/>
                <param name="id" value="700045"/>
                <param name="visibility" value="StringCompare(Container(300).ListItem.Property(widgetType.3),video)|StringCompare(Container(300).ListItem.Property(widgetType.3),picture)"/>
                <param name="labelTitle" value="$INFO[Container(700045).ListItem.Label]"/>
                <param name="labelRow1" value=""/>
                <param name="labelRow2" value=""/>
                <param name="labelRating" value=""/>
                <param name="labelPlot" value="$INFO[Container(700045).ListItem.Plot]"/>
                <param name="icon" value="$INFO[Container(700045).ListItem.Thumb]"/>
                <param name="visibilitylabelRating" value="false"/>
                <param name="animationDown" value="true"/>
                <param name="target" value="$INFO[Container(300).ListItem.Property(widgetTarget.3)]"/>
            </include>
            <!--WIDGET 5-->
            <include condition="!Skin.HasSetting(Hide.RecentlyAdded)" name="CustomWidget">
                <param name="gfxType" value="Poster"/>
                <param name="content" value="$INFO[Container(300).ListItem.Property(widgetPath.4)]"/>
                <param name="id" value="700051"/>
                <param name="visibility" value="StringCompare(Container(300).ListItem.Property(widgetType.4),movies)|StringCompare(Container(300).ListItem.Property(widgetType.4),tvshows)|[StringCompare(Container(300).ListItem.Property(widgetType.4),musicvideos)+StringCompare(Container(300).ListItem.Property(labelID),$LOCALIZE[31971])]"/>
                <param name="labelTitle" value="$INFO[Container(700051).ListItem.TVShowTitle,, - ]$INFO[Container(700051).ListItem.Label]"/>
                <param name="labelRow1" value="$INFO[Container(700051).ListItem.Year]$INFO[Container(700051).ListItem.Duration,       , $LOCALIZE[31297]]$INFO[Container(700051).ListItem.MPAA,       ]"/>
                <param name="labelRow2" value="$INFO[Container(700051).ListItem.Genre]"/>
                <param name="labelRating" value="$INFO[Container(700051).ListItem.Rating]"/>
                <param name="labelPlot" value="$INFO[Container(700051).ListItem.Plot]"/>
                <param name="icon" value="$INFO[Container(700051).ListItem.Art(poster)]"/>
                <param name="visibilitylabelRating" value="true"/>
                <param name="animationDown" value="false"/>
                <param name="target" value="$INFO[Container(300).ListItem.Property(widgetTarget.4)]"/>
            </include>
            <include condition="!Skin.HasSetting(Hide.RecentlyAdded)" name="CustomWidget">
                <param name="gfxType" value="Episode"/>
                <param name="content" value="$INFO[Container(300).ListItem.Property(widgetPath.4)]"/>
                <param name="id" value="700052"/>
                <param name="visibility" value="StringCompare(Container(300).ListItem.Property(widgetType.4),episodes)|[StringCompare(Container(300).ListItem.Property(widgetType.4),musicvideos)+!StringCompare(Container(300).ListItem.Property(labelID),$LOCALIZE[31971])]"/>
                <param name="labelTitle" value="$INFO[Container(700052).ListItem.TVShowTitle,, - ]$INFO[Container(700052).ListItem.Label]"/>
                <param name="labelRow1" value="$INFO[Container(700052).ListItem.Year]$INFO[Container(700052).ListItem.Duration,       , $LOCALIZE[31297]]$INFO[Container(700052).ListItem.MPAA,       ]"/>
                <param name="labelRow2" value="$INFO[Container(700052).ListItem.Artist,,       ]$INFO[Container(700052).ListItem.Genre]"/>
                <param name="labelRating" value="$INFO[Container(700052).ListItem.Rating]"/>
                <param name="labelPlot" value="$INFO[Container(700052).ListItem.Plot]"/>
                <param name="icon" value="$INFO[Container(700052).ListItem.Thumb]"/>
                <param name="visibilitylabelRating" value="true"/>
                <param name="animationDown" value="false"/>
                <param name="target" value="$INFO[Container(300).ListItem.Property(widgetTarget.4)]"/>
            </include>
            <include condition="!Skin.HasSetting(Hide.RecentlyAdded)" name="CustomWidget">
                <param name="gfxType" value="Square"/>
                <param name="content" value="$INFO[Container(300).ListItem.Property(widgetPath.4)]"/>
                <param name="id" value="700053"/>
                <param name="visibility" value="StringCompare(Container(300).ListItem.Property(widgetType.4),albums)"/>
                <param name="labelTitle" value="$INFO[Container(700053).ListItem.Label]"/>
                <param name="labelRow1" value="$INFO[Container(700053).ListItem.Year]"/>
                <param name="labelRow2" value="$INFO[Container(700053).ListItem.Artist,,       ]$INFO[Container(700053).ListItem.Genre]"/>
                <param name="labelRating" value=""/>
                <param name="labelPlot" value="$INFO[Container(700052).ListItem.Plot]"/>
                <param name="icon" value="$INFO[Container(700052).ListItem.Thumb]"/>
                <param name="visibilitylabelRating" value="false"/>
                <param name="animationDown" value="false"/>
                <param name="target" value="$INFO[Container(300).ListItem.Property(widgetTarget.4)]"/>
            </include>
            <include condition="!Skin.HasSetting(Hide.RecentlyAdded)" name="CustomWidget">
                <param name="gfxType" value="Channel"/>
                <param name="content" value="$INFO[Container(300).ListItem.Property(widgetPath.4)]"/>
                <param name="id" value="700054"/>
                <param name="visibility" value="StringCompare(Container(300).ListItem.Property(widgetType.4),pvr)"/>
                <param name="labelTitle" value="$INFO[Container(700054).ListItem.Label]"/>
                <param name="labelRow1" value="$INFO[Container(700054).ListItem.Label2,,       ]$INFO[Container(700054).ListItem.Duration,, $LOCALIZE[31297]]"/>
                <param name="labelRow2" value="$INFO[Container(700054).ListItem.Genre]"/>
                <param name="labelRating" value=""/>
                <param name="labelPlot" value="$INFO[Container(700054).ListItem.Plot]"/>
                <param name="icon" value="$INFO[Container(700054).ListItem.Thumb]"/>
                <param name="visibilitylabelRating" value="false"/>
                <param name="animationDown" value="false"/>
                <param name="target" value="$INFO[Container(300).ListItem.Property(widgetTarget.4)]"/>
            </include>
            <include condition="!Skin.HasSetting(Hide.RecentlyAdded)" name="CustomWidget">
                <param name="gfxType" value="Square"/>
                <param name="content" value="$INFO[Container(300).ListItem.Property(widgetPath.4)]"/>
                <param name="id" value="700055"/>
                <param name="visibility" value="StringCompare(Container(300).ListItem.Property(widgetType.4),video)|StringCompare(Container(300).ListItem.Property(widgetType.4),picture)"/>
                <param name="labelTitle" value="$INFO[Container(700055).ListItem.Label]"/>
                <param name="labelRow1" value=""/>
                <param name="labelRow2" value=""/>
                <param name="labelRating" value=""/>
                <param name="labelPlot" value="$INFO[Container(700055).ListItem.Plot]"/>
                <param name="icon" value="$INFO[Container(700055).ListItem.Thumb]"/>
                <param name="visibilitylabelRating" value="false"/>
                <param name="animationDown" value="true"/>
                <param name="target" value="$INFO[Container(300).ListItem.Property(widgetTarget.4)]"/>
            </include>
        </control>
    </include>
    <include name="default-submenu">
        <item id="90203">
            <visible>StringCompare(System.ProfileName,Master user) + [StringCompare(Container(300).ListItem.Property(submenuVisibility),settings)]</visible>
            <visible>System.HasAddon(plugin.video.plexbmc) + !Skin.HasSetting(plexbmc)</visible>
            <label>$LOCALIZE[31008]</label>
            <!--<label2>Common Shortcut</label2>-->
            <icon>special://skin/backgrounds/default/default.jpg</icon>
            <thumb />
            <property name="labelID">31008</property>
            <property name="defaultID">31008</property>
            <property name="path">Skin.ToggleSetting(plexbmc)</property>
            <property name="isSubmenu">True</property>
            <property name="group">settings</property>
            <onclick>Skin.ToggleSetting(plexbmc)</onclick>
            <onclick>ReloadSkin()</onclick>
        </item>
        <item id="90203">
            <visible>StringCompare(System.ProfileName,Master user) + [StringCompare(Container(300).ListItem.Property(submenuVisibility),settings)]</visible>
            <visible>System.HasAddon(plugin.video.plexbmc) + Skin.HasSetting(plexbmc)</visible>
            <label>$LOCALIZE[31009]</label>
            <!--<label2>Common Shortcut</label2>-->
            <icon>special://skin/backgrounds/default/default.jpg</icon>
            <thumb />
            <property name="labelID">31009</property>
            <property name="defaultID">31009</property>
            <property name="path">Skin.ToggleSetting(plexbmc)</property>
            <property name="isSubmenu">True</property>
            <property name="group">settings</property>
            <onclick>Skin.ToggleSetting(plexbmc)</onclick>
            <onclick>ReloadSkin()</onclick>
        </item>
    </include>
</includes>
