<?xml version="1.0" encoding="utf-8"?>
<includes>
    <include name="SkinShortcuts_Window_Back_Level">
        <control type="image">
            <posx>25</posx>
            <posy>183</posy>
            <height>810</height>
            <width>1870</width>
            <texture border="35">$VAR[Theme.Color]/common/JewelCase2.png</texture>
        </control>
        <control type="multiimage">
            <visible>!Skin.HasSetting(DisableFanart)</visible>
            <posx>60</posx>
            <posy>218</posy>
            <width>1800</width>
            <height>740</height>
            <imagepath background="true">$VAR[SkinShortcutBackgrounds]</imagepath>
            <aspectratio aligny="top">scale</aspectratio>
            <timeperimage>5000</timeperimage>
            <fadetime>400</fadetime>
            <randomize>true</randomize>
        </control>
        <control type="image">
            <posx>60</posx>
            <posy>218</posy>
            <width>1800</width>
            <height>740</height>
            <colordiffuse>$VAR[OverlayTransparency]</colordiffuse>
            <texture>special://skin/backgrounds/default/$VAR[Theme.Color].png</texture>
        </control>
    </include>
    <include name="SkinShortcuts_Window_Navigation">
        <control type="image">
            <visible>SubString(Container(211).ListItem.Property(LabelID),weather,Left)</visible>
            <animation type="Conditional" reversible="false" condition="control.HasFocus(211)|control.HasFocus(3010)|control.HasFocus(3020)">
                <effect type="zoom" start="100" end="106" time="100" center="auto"/>
                <effect type="zoom" start="100" end="94.339622641509" time="50" delay="100" center="auto"/>
                <effect type="fade" start="40" end="100" time="100"/>
            </animation>
            <animation type="Conditional" reversible="false" condition="!StringCompare(Container(211).ListItem.Property(hide),True)">
                <effect type="fade" start="100" end="40" time="100"/>
            </animation>
            <include>UpperFade</include>
            <fadetime>300</fadetime>
            <posx>676</posx>
            <posy>368</posy>
            <width>569</width>
            <height>351</height>
            <texture background="true">special://skin/backgrounds/Weather.jpg</texture>
            <aspectratio>scale</aspectratio>
            <include>ThumbBorder</include>
        </control>
        <control type="image">
            <visible>!SubString(Container(211).ListItem.Property(LabelID),weather,Left)</visible>
            <animation type="Conditional" reversible="false" condition="control.HasFocus(211)|control.HasFocus(3010)|control.HasFocus(3020)">
                <effect type="zoom" start="100" end="106" time="100" center="auto"/>
                <effect type="zoom" start="100" end="94.339622641509" time="50" delay="100" center="auto"/>
                <effect type="fade" start="40" end="100" time="100"/>
            </animation>
            <animation type="Conditional" reversible="false" condition="!StringCompare(Container(211).ListItem.Property(hide),True)">
                <effect type="fade" start="100" end="40" time="100"/>
            </animation>
            <include>UpperFade</include>
            <fadetime>300</fadetime>
            <posx>676</posx>
            <posy>368</posy>
            <width>569</width>
            <height>351</height>
            <texture background="true" fallback="special://skin/backgrounds/default/default.jpg">$INFO[Container(211).ListItem.Icon]</texture>
            <aspectratio>scale</aspectratio>
            <include>ThumbBorder</include>
        </control>
        <control type="group">
            <control type="button" id="3010">
                <posx>60</posx>
                <posy>218</posy>
                <width>577</width>
                <height>740</height>
                <texturefocus>-</texturefocus>
                <texturenofocus>-</texturenofocus>
                <onclick>Control.Move(211,-1)</onclick>
            </control>
            <control type="button" id="3020">
                <posx>1283</posx>
                <posy>218</posy>
                <width>577</width>
                <height>740</height>
                <texturefocus>-</texturefocus>
                <texturenofocus>-</texturenofocus>
                <onclick>Control.Move(211,1)</onclick>
            </control>
        </control>
    </include>
    <include name="SkinShortcuts_MainMenu_Horizontal">
        <posx>60</posx>
        <posy>403</posy>
        <width>1800</width>
        <height>669</height>
        <itemgap>0</itemgap>
        <onright>211</onright>
        <onleft>211</onleft>
        <ondown>260</ondown>
        <onup>9000</onup>
        <orientation>horizontal</orientation>
        <viewtype label="535">list</viewtype>
        <preloaditems>2</preloaditems>
        <pagecontrol>260</pagecontrol>
        <movement>0</movement>
        <focusposition>2</focusposition>
        <itemlayout height="425" width="313">
            <control type="image">
                <visible>StringCompare(ListItem.Property(hide),True)+SubString(ListItem.Property(LabelID),weather,Left)</visible>
                <posx>-15</posx>
                <posy>21</posy>
                <width>343</width>
                <height>224</height>
                <texture background="true">special://skin/backgrounds/Weather.jpg</texture>
                <aspectratio>scale</aspectratio>
                <include>ThumbBorder</include>
            </control>
            <control type="image">
                <visible>StringCompare(ListItem.Property(hide),True)+!SubString(ListItem.Property(LabelID),weather,Left)</visible>
                <posx>-15</posx>
                <posy>21</posy>
                <width>343</width>
                <height>224</height>
                <texture background="true" fallback="special://skin/backgrounds/default/default.jpg">$INFO[ListItem.Icon]</texture>
                <aspectratio>scale</aspectratio>
                <include>ThumbBorder</include>
            </control>
            <control type="image">
                <visible>!StringCompare(ListItem.Property(hide),True)</visible>
                <posx>-15</posx>
                <posy>21</posy>
                <width>343</width>
                <height>224</height>
                <colordiffuse>90ffffff</colordiffuse>
                <texture background="true" fallback="special://skin/backgrounds/default/default.jpg">$INFO[ListItem.Icon]</texture>
                <aspectratio>scale</aspectratio>
                <include>ThumbBorder</include>
            </control>
        </itemlayout>
        <focusedlayout height="425" width="545">
            <!--<control type="image">-->
                <!--<animation effect="fade" start="100" end="0" time="100" condition="Container(211).OnNext|Container(211).OnPrevious">Focus</animation>-->
                <!--<animation effect="fade" start="100" end="0" time="0" condition="![Container(211).OnNext|Container(211).OnPrevious]">Focus</animation>-->
                <!--<posx>-10</posx>-->
                <!--<posy>21</posy>-->
                <!--<width>630</width>-->
                <!--<height>295</height>-->
                <!--<texture background="true">$INFO[ListItem.Icon]</texture>-->
                <!--<colordiffuse>90ffffff</colordiffuse>-->
                <!--<aspectratio>scale</aspectratio>-->
                <!--<include>ThumbBorder</include>-->
            <!--</control>-->
        </focusedlayout>
        <include condition="Skin.HasSetting(plexbmc)+Window.isactive(CustomPlexHomeSettings.xml)">Plexbmc.Items.SkinSettings</include>
    </include>
    <include name="SkinShortcuts_Widgets_Horizontal">
        <control type="image">
            <animation type="Conditional" reversible="false" condition="control.HasFocus(31200)|control.HasFocus(31201)|control.HasFocus(31202)|control.HasFocus(31203)|control.HasFocus(31204)">
                <effect type="zoom" start="100" end="108" time="100" center="auto"/>
                <effect type="zoom" start="100" end="92.592592592593" time="50" delay="100" center="auto"/>
                <effect type="fade" start="40" end="100" time="100"/>
            </animation>
            <posx>60</posx>
            <posy>230</posy>
            <width>1800</width>
            <height>160</height>
            <texture border="100">$VAR[Theme.Color]/common/bg_list.png</texture>
        </control>
        <control type="group">
            <posx>60</posx>
            <posy>271</posy>
            <width>360</width>
            <height>78</height>
            <control type="button" id="31200">
                <posx>0</posx>
                <posy>0</posy>
                <width>360</width>
                <height>78</height>
                <label>-</label>
                <onclick>SendClick(312)</onclick>
                <include>LeftMenuButton</include>
            </control>
            <control type="label">
                <posx>20</posx>
                <posy>3</posy>
                <width>320</width>
                <height>40</height>
                <align>center</align>
                <font>LeftMenuTitleFont</font>
                <include>TextColor_AlternateColor</include>
                <label>$ADDON[script.skinshortcuts 32099] 1</label>
            </control>
            <control type="label">
                <posx>20</posx>
                <posy>32</posy>
                <width>320</width>
                <height>45</height>
                <align>center</align>
                <font>InfoTitleSubFont</font>
                <scroll>true</scroll>
                <label fallback="231">$INFO[Container(211).ListItem.Property(widgetName)]</label>
            </control>
        </control>
        <control type="group">
            <posx>420</posx>
            <posy>271</posy>
            <width>360</width>
            <height>78</height>
            <control type="button" id="31201">
                <posx>0</posx>
                <posy>0</posy>
                <width>360</width>
                <height>78</height>
                <label>-</label>
                <onclick>SetProperty(widgetID,1)</onclick>
                <onclick>SendClick(312)</onclick>
                <include>LeftMenuButton</include>
            </control>
            <control type="label">
                <posx>20</posx>
                <posy>3</posy>
                <width>320</width>
                <height>40</height>
                <align>center</align>
                <font>LeftMenuTitleFont</font>
                <include>TextColor_AlternateColor</include>
                <label>$ADDON[script.skinshortcuts 32099] 2</label>
            </control>
            <control type="label">
                <posx>20</posx>
                <posy>32</posy>
                <width>320</width>
                <height>45</height>
                <align>center</align>
                <font>InfoTitleSubFont</font>
                <scroll>true</scroll>
                <label fallback="231">$INFO[Container(211).ListItem.Property(widgetName.1)]</label>
            </control>
        </control>
        <control type="group">
            <posx>780</posx>
            <posy>271</posy>
            <width>360</width>
            <height>78</height>
            <control type="button" id="31202">
                <posx>0</posx>
                <posy>0</posy>
                <width>360</width>
                <height>78</height>
                <label>-</label>
                <onclick>SetProperty(widgetID,2)</onclick>
                <onclick>SendClick(312)</onclick>
                <include>LeftMenuButton</include>
            </control>
            <control type="label">
                <posx>20</posx>
                <posy>3</posy>
                <width>320</width>
                <height>40</height>
                <align>center</align>
                <font>LeftMenuTitleFont</font>
                <include>TextColor_AlternateColor</include>
                <label>$ADDON[script.skinshortcuts 32099] 3</label>
            </control>
            <control type="label">
                <posx>20</posx>
                <posy>32</posy>
                <width>320</width>
                <height>45</height>
                <align>center</align>
                <font>InfoTitleSubFont</font>
                <scroll>true</scroll>
                <label fallback="231">$INFO[Container(211).ListItem.Property(widgetName.2)]</label>
            </control>
        </control>
        <control type="group">
            <posx>1140</posx>
            <posy>271</posy>
            <width>360</width>
            <height>78</height>
            <control type="button" id="31203">
                <posx>0</posx>
                <posy>0</posy>
                <width>360</width>
                <height>78</height>
                <label>-</label>
                <onclick>SetProperty(widgetID,3)</onclick>
                <onclick>SendClick(312)</onclick>
                <include>LeftMenuButton</include>
            </control>
            <control type="label">
                <posx>20</posx>
                <posy>3</posy>
                <width>320</width>
                <height>40</height>
                <align>center</align>
                <font>LeftMenuTitleFont</font>
                <include>TextColor_AlternateColor</include>
                <label>$ADDON[script.skinshortcuts 32099] 4</label>
            </control>
            <control type="label">
                <posx>20</posx>
                <posy>32</posy>
                <width>320</width>
                <height>45</height>
                <align>center</align>
                <font>InfoTitleSubFont</font>
                <scroll>true</scroll>
                <label fallback="231">$INFO[Container(211).ListItem.Property(widgetName.3)]</label>
            </control>
        </control>
        <control type="group">
            <posx>1500</posx>
            <posy>271</posy>
            <width>360</width>
            <height>78</height>
            <control type="button" id="31204">
                <posx>0</posx>
                <posy>0</posy>
                <width>360</width>
                <height>78</height>
                <label>-</label>
                <onclick>SetProperty(widgetID,4)</onclick>
                <onclick>SendClick(312)</onclick>
                <include>LeftMenuButton</include>
            </control>
            <control type="label">
                <posx>20</posx>
                <posy>3</posy>
                <width>320</width>
                <height>40</height>
                <align>center</align>
                <font>LeftMenuTitleFont</font>
                <include>TextColor_AlternateColor</include>
                <label>$ADDON[script.skinshortcuts 32099] 5</label>
            </control>
            <control type="label">
                <posx>10</posx>
                <posy>32</posy>
                <width>320</width>
                <height>45</height>
                <align>center</align>
                <font>InfoTitleSubFont</font>
                <scroll>true</scroll>
                <label fallback="231">$INFO[Container(211).ListItem.Property(widgetName.4)]</label>
            </control>
        </control>
    </include>
</includes>
