<?xml version="1.0" encoding="utf-8"?>
<includes>
    <include name="Horizontal_HomeSubMenu">
        <control type="panel" id="9001">
            <posx>0</posx>
            <posy>782</posy>
            <height>234</height>
            <width>1920</width>
            <onleft>9001</onleft>
            <onright>60</onright>
            <viewtype>list</viewtype>
            <onup>300</onup>
            <onback>SetFocus(300)</onback>
            <ondown>9001</ondown>
            <orientation>vertical</orientation>
            <pagecontrol>60</pagecontrol>
            <itemlayout width="640" height="78">
                <control type="label">
                    <posx>60</posx>
                    <posy>0</posy>
                    <height>78</height>
                    <width>520</width>
                    <font>FacadeListMainFont</font>
                    <align>center</align>
                    <scroll>false</scroll>
                    <label>$INFO[ListItem.Label]</label>
                    <include>TextColor_AlternateColor</include>
                </control>
            </itemlayout>
            <focusedlayout width="640" height="78">
                <control type="group">
                    <include>ButtonFocusAnimation</include>
                    <control type="image">
                        <posx>0</posx>
                        <posy>0</posy>
                        <height>78</height>
                        <width>600</width>
                        <texture border="1">$VAR[Theme.Color]/list/bg_facade_focus.png</texture>
                    </control>
                    <control type="label">
                        <visible>!Control.HasFocus(9001)</visible>
                        <posx>60</posx>
                        <posy>0</posy>
                        <height>78</height>
                        <width>520</width>
                        <align>center</align>
                        <font>FacadeListMainFont</font>
                        <label>$INFO[ListItem.Label]</label>
                        <include>TextColor_AlternateColor</include>
                    </control>
                    <control type="label">
                        <visible>Control.HasFocus(9001)</visible>
                        <posx>60</posx>
                        <posy>0</posy>
                        <height>78</height>
                        <align>center</align>
                        <width>520</width>
                        <font>FacadeListMainFont</font>
                        <label>$INFO[ListItem.Label]</label>
                        <include>TextColor_MainColor</include>
                    </control>
                </control>
            </focusedlayout>
            <content>
                <include condition="Skin.HasSetting(plexbmc)+System.HasAddon(plugin.video.plexbmc)">Plexbmc.Submenu.Items</include>
                <include>skinshortcuts-submenu</include>
                <include>default-submenu</include>
            </content>
        </control>
        <control type="scrollbar" id="60">
            <posx>1886</posx>
            <posy>780</posy>
            <height>234</height>
            <include>VerticalScroller</include>
            <ondown>60</ondown>
            <onup>60</onup>
            <onleft>9001</onleft>
            <onright>60</onright>
        </control>
    </include>
    <include name="Horizontal_HomeMenu">
        <include>UnderFade</include>
        <posx>-247</posx>
        <posy>303</posy>
        <width>2445</width>
        <height>450</height>
        <onleft>300</onleft>
        <onright>300</onright>
        <ondown>9001</ondown>
        <onup condition="control.isvisible(378432)">7010</onup>
        <onup>9900</onup>
        <pagecontrol>-</pagecontrol>
        <focusposition>2</focusposition>
        <movement>0</movement>
        <preloaditems>4</preloaditems>
        <orientation>horizontal</orientation>
        <itemlayout height="425" width="450">
            <control type="image">
                <posx>-25</posx>
                <posy>21</posy>
                <width>470</width>
                <height>295</height>
                <texture background="true" fallback="special://skin/backgrounds/default/default.jpg">$INFO[ListItem.Icon]</texture>
                <aspectratio>scale</aspectratio>
                <include>ThumbBorder</include>
            </control>
        </itemlayout>
        <focusedlayout height="425" width="645">
            <control type="image">
                <animation effect="fade" start="100" end="0" time="100" condition="Container(300).OnNext|Container(300).OnPrevious">Focus</animation>
                <animation effect="fade" start="100" end="0" time="0" condition="![Container(300).OnNext|Container(300).OnPrevious]">Focus</animation>
                <posx>-10</posx>
                <posy>21</posy>
                <width>630</width>
                <height>295</height>
                <texture background="true" fallback="special://skin/backgrounds/default/default.jpg">$INFO[ListItem.Icon]</texture>
                <colordiffuse>90ffffff</colordiffuse>
                <aspectratio>scale</aspectratio>
                <include>ThumbBorder</include>
            </control>
        </focusedlayout>
        <content>
            <include condition="Skin.HasSetting(plexbmc)+System.HasAddon(plugin.video.plexbmc)">Plexbmc.Items</include>
            <include>skinshortcuts-mainmenu</include>
        </content>
    </include>
    <include name="Horizontal_Fixed_HomeMenu">
        <control type="fixedlist" id="300">
            <include>Horizontal_HomeMenu</include>
        </control>
    </include>
    <include name="Horizontal_Wrapped_HomeMenu">
        <control type="wraplist" id="300">
            <include>Horizontal_HomeMenu</include>
        </control>
    </include>
    <include name="Horizontal_Home_Layout">
        <control type="group">
            <include>WidgetsCollection</include>
            <control type="group">
                <animation effect="slide" tween="circle" time="200" start="0,0" end="0,950" reversible="true" condition="control.isvisible(378433)">Conditional</animation>
                <posy>0</posy>
                <control type="group">
                    <include>Icon_Fade</include>
                    <include>FacadeFadeDialogs</include>
                    <include condition="Skin.HasSetting(Fixed_HomeMenu)">Horizontal_Fixed_HomeMenu</include>
                    <include condition="!Skin.HasSetting(Fixed_HomeMenu)">Horizontal_Wrapped_HomeMenu</include>
                </control>
                <control type="button" id="7010">
                    <!--NAVIGATION DUMMY-->
                    <visible>control.isvisible(378432)</visible>
                    <posx>0</posx>
                    <posy>180</posy>
                    <width>1920</width>
                    <height>84</height>
                    <include>HiddenButton</include>
                    <onfocus>SetFocus(701)</onfocus>
                </control>
                <control type="group">
                    <include>Icon_Fade</include>
                    <include>FacadeFadeDialogs</include>
                    <control type="group">
                        <visible>control.isvisible(378432)</visible>
                        <include>VisibleFadeEffect</include>
                        <control type="image">
                            <animation type="Conditional" reversible="false" condition="control.HasFocus(701)|Control.HasFocus(7010)">
                                <effect type="zoom" start="100" end="108" time="100" center="auto"/>
                                <effect type="zoom" start="100" end="92.592592592593" time="50" delay="100" center="auto"/>
                                <effect type="fade" start="40" end="100" time="100"/>
                            </animation>
                            <posx>300</posx>
                            <posy>142</posy>
                            <width>1320</width>
                            <height>160</height>
                            <texture border="100">$VAR[Theme.Color]/common/bg_list.png</texture>
                        </control>
                        <control type="fixedlist" id="701">
                            <posx>0</posx>
                            <posy>183</posy>
                            <width>1920</width>
                            <height>78</height>
                            <itemgap>30</itemgap>
                            <orientation>horizontal</orientation>
                            <align>center</align>
                            <onup condition="control.isvisible(212)+IntegerGreaterThan(Container(212).NumItems,0)+StringCompare(Container(701).ListItem.Label,$LOCALIZE[31961])">212</onup>
                            <onup condition="control.isvisible(311)+IntegerGreaterThan(Container(311).NumItems,0)+StringCompare(Container(701).ListItem.Label,$LOCALIZE[31961])">311</onup>
                            <onup condition="control.isvisible(411)+IntegerGreaterThan(Container(411).NumItems,0)+StringCompare(Container(701).ListItem.Label,$LOCALIZE[31961])">411</onup>
                            <onup condition="control.isvisible(511)+IntegerGreaterThan(Container(511).NumItems,0)+StringCompare(Container(701).ListItem.Label,$LOCALIZE[31961])">511</onup>
                            <onup condition="control.isvisible(900)+IntegerGreaterThan(Container(900).NumItems,0)+StringCompare(Container(701).ListItem.Label,$LOCALIZE[31961])">900</onup>
                            <onup condition="control.isvisible(901)+IntegerGreaterThan(Container(901).NumItems,0)+StringCompare(Container(701).ListItem.Label,$LOCALIZE[31961])">901</onup>
                            <onup condition="control.isvisible(312)+IntegerGreaterThan(Container(311).NumItems,0)+StringCompare(Container(701).ListItem.Label,$LOCALIZE[31966])">312</onup>
                            <onup condition="control.isvisible(412)+IntegerGreaterThan(Container(411).NumItems,0)+StringCompare(Container(701).ListItem.Label,$LOCALIZE[31966])">412</onup>
                            <onup condition="control.isvisible(700011)+Container(701).HasFocus(7001)">700011</onup>
                            <onup condition="control.isvisible(700012)+Container(701).HasFocus(7001)">700012</onup>
                            <onup condition="control.isvisible(700013)+Container(701).HasFocus(7001)">700013</onup>
                            <onup condition="control.isvisible(700014)+Container(701).HasFocus(7001)">700014</onup>
                            <onup condition="control.isvisible(700015)+Container(701).HasFocus(7001)">700015</onup>
                            <onup condition="control.isvisible(700021)+Container(701).HasFocus(7002)">700021</onup>
                            <onup condition="control.isvisible(700022)+Container(701).HasFocus(7002)">700022</onup>
                            <onup condition="control.isvisible(700023)+Container(701).HasFocus(7002)">700023</onup>
                            <onup condition="control.isvisible(700024)+Container(701).HasFocus(7002)">700024</onup>
                            <onup condition="control.isvisible(700025)+Container(701).HasFocus(7002)">700025</onup>
                            <onup condition="control.isvisible(700031)+Container(701).HasFocus(7003)">700031</onup>
                            <onup condition="control.isvisible(700032)+Container(701).HasFocus(7003)">700032</onup>
                            <onup condition="control.isvisible(700033)+Container(701).HasFocus(7003)">700033</onup>
                            <onup condition="control.isvisible(700034)+Container(701).HasFocus(7003)">700034</onup>
                            <onup condition="control.isvisible(700035)+Container(701).HasFocus(7003)">700035</onup>
                            <onup condition="control.isvisible(700041)+Container(701).HasFocus(7004)">700041</onup>
                            <onup condition="control.isvisible(700042)+Container(701).HasFocus(7004)">700042</onup>
                            <onup condition="control.isvisible(700043)+Container(701).HasFocus(7004)">700043</onup>
                            <onup condition="control.isvisible(700044)+Container(701).HasFocus(7004)">700044</onup>
                            <onup condition="control.isvisible(700045)+Container(701).HasFocus(7004)">700045</onup>
                            <onup condition="control.isvisible(700051)+Container(701).HasFocus(7005)">700051</onup>
                            <onup condition="control.isvisible(700052)+Container(701).HasFocus(7005)">700052</onup>
                            <onup condition="control.isvisible(700053)+Container(701).HasFocus(7005)">700053</onup>
                            <onup condition="control.isvisible(700054)+Container(701).HasFocus(7005)">700054</onup>
                            <onup condition="control.isvisible(700055)+Container(701).HasFocus(7005)">700055</onup>
                            <ondown>300</ondown>
                            <focusposition>1</focusposition>
                            <orientation>horizontal</orientation>
                            <pagecontrol>-</pagecontrol>
                            <itemlayout width="640" height="78">
                                <control type="label">
                                    <posx>60</posx>
                                    <posy>0</posy>
                                    <height>78</height>
                                    <width>520</width>
                                    <font>FacadeListMainFont</font>
                                    <align>center</align>
                                    <scroll>false</scroll>
                                    <label>$INFO[ListItem.Label]</label>
                                    <include>TextColor_AlternateColor</include>
                                </control>
                            </itemlayout>
                            <focusedlayout width="640" height="78">
                                <control type="group">
                                    <include>ButtonFocusAnimation</include>
                                    <control type="image">
                                        <visible>Control.HasFocus(701)</visible>
                                        <posx>0</posx>
                                        <posy>0</posy>
                                        <height>78</height>
                                        <width>600</width>
                                        <texture border="1">$VAR[Theme.Color]/list/bg_facade_focus.png</texture>
                                    </control>
                                    <control type="label">
                                        <visible>!Control.HasFocus(701)|Control.HasFocus(7010)</visible>
                                        <posx>60</posx>
                                        <posy>0</posy>
                                        <height>78</height>
                                        <width>520</width>
                                        <align>center</align>
                                        <font>FacadeListMainFont</font>
                                        <label>$INFO[ListItem.Label]</label>
                                        <include>TextColor_AlternateColor</include>
                                    </control>
                                    <control type="label">
                                        <visible>Control.HasFocus(701)|Control.HasFocus(7010)</visible>
                                        <posx>60</posx>
                                        <posy>0</posy>
                                        <height>78</height>
                                        <align>center</align>
                                        <width>520</width>
                                        <font>FacadeListMainFont</font>
                                        <label>$INFO[ListItem.Label]</label>
                                        <include>TextColor_MainColor</include>
                                    </control>
                                </control>
                            </focusedlayout>
                            <include>ShelfIcons</include>
                        </control>
                        <control type="button" id="7018">
                            <posx>0</posx>
                            <posy>180</posy>
                            <width>650</width>
                            <height>84</height>
                            <texturefocus>-</texturefocus>
                            <texturenofocus>-</texturenofocus>
                            <onclick>Control.Move(701,-1)</onclick>
                        </control>
                        <control type="button" id="7019">
                            <posx>1270</posx>
                            <posy>180</posy>
                            <width>650</width>
                            <height>84</height>
                            <texturefocus>-</texturefocus>
                            <texturenofocus>-</texturenofocus>
                            <onclick>Control.Move(701,1)</onclick>
                        </control>
                    </control>
                    <control type="button" id="301">
                        <posx>0</posx>
                        <posy>303</posy>
                        <width>661</width>
                        <height>450</height>
                        <texturefocus>-</texturefocus>
                        <texturenofocus>-</texturenofocus>
                        <onclick>Control.Move(300,-1)</onclick>
                    </control>
                    <control type="button" id="302">
                        <posx>1260</posx>
                        <posy>303</posy>
                        <width>660</width>
                        <height>450</height>
                        <texturefocus>-</texturefocus>
                        <texturenofocus>-</texturenofocus>
                        <onclick>Control.Move(300,1)</onclick>
                    </control>
                    <control type="image">
                        <animation type="Conditional" reversible="false" condition="control.HasFocus(300)|control.HasFocus(301)|control.HasFocus(302)">
                            <effect type="zoom" start="100" end="106" time="100" center="auto"/>
                            <effect type="zoom" start="100" end="94.339622641509" time="50" delay="100" center="auto"/>
                            <effect type="fade" start="40" end="100" time="100"/>
                        </animation>
                        <include>UpperFade</include>
                        <fadetime>300</fadetime>
                        <posx>626</posx>
                        <posy>270</posy>
                        <width>669</width>
                        <height>407</height>
                        <texture background="true" fallback="special://skin/backgrounds/default/default.jpg">$INFO[Container(300).ListItem.Icon]</texture>
                        <aspectratio>scale</aspectratio>
                        <include>ThumbBorder</include>
                    </control>
                    <control type="label">
                        <posx>TextMargin</posx>
                        <posy>680</posy>
                        <width>1800</width>
                        <aligny>top</aligny>
                        <align>center</align>
                        <font>HomeItemFont</font>
                        <include>TextColor_MainColor</include>
                        <label>$INFO[Container(300).ListItem.Label]</label>
                    </control>
                </control>
                <control type="group">
                    <include>Icon_Fade</include>
                    <include>FacadeFadeDialogs</include>
                    <animation type="Conditional" reversible="false" condition="IntegerGreaterThan(Container(9001).NumItems,0)">
                        <effect type="fade" start="0" end="100" time="150" delay="0" tween="circle" easing="inout"/>
                        <effect type="zoom" start="110" end="100" time="150" delay="0" center="auto" tween="circle" easing="inout"/>
                    </animation>
                    <animation type="Conditional" reversible="false" condition="!IntegerGreaterThan(Container(9001).NumItems,0)">
                        <effect type="fade" start="100" end="0" time="150" delay="0" tween="circle" easing="inout"/>
                        <effect type="zoom" start="100" end="110" time="150" delay="0" center="auto" tween="circle" easing="inout"/>
                    </animation>
                    <control type="image">
                        <animation type="Conditional" reversible="false" condition="control.HasFocus(9001)">
                            <effect type="zoom" start="100" end="103" time="100" center="auto"/>
                            <effect type="zoom" start="100" end="97.087378640777" time="50" delay="100" center="auto"/>
                            <effect type="fade" start="40" end="100" time="100"/>
                        </animation>
                        <posx>0</posx>
                        <posy>741</posy>
                        <width>1920</width>
                        <height>316</height>
                        <texture border="100">$VAR[Theme.Color]/common/bg_list.png</texture>
                    </control>
                    <include>Horizontal_HomeSubMenu</include>
                </control>
                <include>rssTicker</include>
            </control>
        </control>
    </include>
</includes>
