<?xml version="1.0" encoding="utf-8"?>
<window>
    <defaultcontrol always="true">5</defaultcontrol>
    <controls>
        <!-- <include>DimBG</include> -->
        <include>TopBar</include>
        <control type="group">
            <visible>![
                Window.IsVisible(DialogButtonMenu.xml)|
                Window.IsVisible(DialogKeyboard.xml)|
                Window.IsVisible(DialogNumeric.xml)|
                Window.IsVisible(DialogOk.xml)|
                Window.IsVisible(DialogFileStacking.xml)|
                Window.IsVisible(DialogContextMenu.xml)|
                Window.IsVisible(DialogGamepad.xml)|
                Window.IsVisible(DialogYesNo.xml)|
                Window.IsVisible(DialogSelect.xml)|
                Window.IsVisible(DialogTextViewer.xml)|
                Window.IsVisible(DialogProgress.xml)|
                Window.IsVisible(script-globalsearch-contextmenu.xml)|
                Window.IsVisible(script-globalsearch-infodialog.xml)
                ]</visible>
            <include>Icon_Fade</include>
            <control type="group">
                <include>DialogOpenClose</include>
                <control type="image">
                    <posx>-760</posx>
                    <posy>150</posy>
                    <width>2930</width>
                    <height>876</height>
                    <include>DialogTransparency</include>
                    <texture border="150,40,150,40">$VAR[Theme.Color]/common/bg_dialog.png</texture>
                </control>
                <control type="image">
                    <posx>100</posx>
                    <posy>142</posy>
                    <width>1720</width>
                    <height>217</height>
                    <texture border="100">$VAR[Theme.Color]/common/bg_list.png</texture>
                </control>
                <control type="image">
                    <posx>100</posx>
                    <posy>862</posy>
                    <width>1720</width>
                    <height>172</height>
                    <texture border="100">$VAR[Theme.Color]/common/bg_list.png</texture>
                </control>
                <control type="label" id="2">
                    <posx>TextMargin</posx>
                    <posy>183</posy>
                    <width>1800</width>
                    <height>135</height>
                    <align>center</align>
                    <font>InfoTitleFont</font>
                    <include>TextColor_MainColor</include>
                    <label>$LOCALIZE[20043]</label>
                </control>
                <control type="grouplist" id="5">
                    <posx>0</posx>
                    <posy>318</posy>
                    <width>1920</width>
                    <height>546</height>
                    <itemgap>0</itemgap>
                    <pagecontrol>60</pagecontrol>
                    <onleft>noop</onleft>
                    <onright>9001</onright>
                    <onup>28</onup>
                    <ondown>28</ondown>
                </control>
                <control type="button" id="7">
                    <width>1920</width>
                    <include>LeftMenuButtonWide</include>
                </control>
                <control type="radiobutton" id="8">
                    <width>1920</width>
                    <radioposx>1806</radioposx>
                    <textwidth>1700</textwidth>
                    <include>LeftMenuButtonWide</include>
                </control>
                <control type="spincontrolex" id="9">
                    <width>1920</width>
                    <include>LeftMenuButtonWide</include>
                </control>
                <control type="label" id="14">
                    <description>Default Label</description>
                    <label>-</label>
                    <font>LeftMenuTitleFont</font>
                    <include>TextColor_AlternateColor</include>
                    <include>LeftMenuButtonWide</include>
                </control>
                <control type="grouplist" id="9001">
                    <posx>TextMargin</posx>
                    <posy>903</posy>
                    <width>1800</width>
                    <height>90</height>
                    <itemgap>30</itemgap>
                    <aligny>bottom</aligny>
                    <align>center</align>
                    <orientation>horizontal</orientation>
                    <onup>5</onup>
                    <ondown>9001</ondown>
                    <onleft>9001</onleft>
                    <onright>9001</onright>
                    <control type="button" id="28">
                        <onup>5</onup>
                        <include>ButtonFocusAnimation</include>
                        <label>$LOCALIZE[186]</label>
                    </control>
                    <control type="button" id="29">
                        <onup>5</onup>
                        <include>ButtonFocusAnimation</include>
                        <label>$LOCALIZE[222]</label>
                    </control>
                </control>
            </control>
        </control>
    </controls>
</window>
