<?xml version="1.0" encoding="utf-8"?>
<window>
    <defaultcontrol>52</defaultcontrol>
    <controls>
        <include condition="!Skin.HasSetting(DisableFanart)">Fanart_Art</include>
        <include>Player_Show</include>
        <include>OverlayFull</include>
        <control type="label">
            <include>OpenClose</include>
            <include>WindowTitle</include>
            <label>$LOCALIZE[10029]</label>
        </control>
        <control type="label">
            <include>OpenClose</include>
            <include>WindowTitleSub</include>
            <label>$LOCALIZE[13200]</label>
        </control>
        <include>Time</include>
        <control type="group">
            <include>FacadeFadeDialogs2ndLevelCondition</include>
            <visible>![Window.IsVisible(ProfileSettings.xml)]</visible>
            <include>Icon_Fade</include>
            <control type="group">
                <include>OpenClose</include>
                <control type="image">
                    <posx>-200</posx>
                    <posy>240</posy>
                    <width>2320</width>
                    <height>600</height>
                    <include>DialogTransparency</include>
                    <texture border="150,40,150,40">$VAR[Theme.Color]/common/bg_dialog.png</texture>
                </control>
                <control type="image">
                    <posx>100</posx>
                    <posy>232</posy>
                    <width>1720</width>
                    <height>217</height>
                    <texture border="100">$VAR[Theme.Color]/common/bg_list.png</texture>
                </control>
                <control type="label">
                    <posx>TextMargin</posx>
                    <posy>273</posy>
                    <width>1800</width>
                    <height>135</height>
                    <align>center</align>
                    <font>InfoTitleFont</font>
                    <include>TextColor_MainColor</include>
                    <label>$LOCALIZE[13200]</label>
                </control>
                <control type="image">
                    <posx>60</posx>
                    <posy>443</posy>
                    <width>329</width>
                    <height>329</height>
                    <aspectratio>keep</aspectratio>
                    <include>SquareThumb</include>
                    <!-- <include>ThumbBorder</include> -->
                </control>
                <control type="image">
                    <visible>!StringCompare(ListItem.Thumb,unknown-user.png)</visible>
                    <posx>25</posx>
                    <posy>408</posy>
                    <width>399</width>
                    <height>399</height>
                    <aspectratio>keep</aspectratio>
                    <include>SquareThumbBig</include>
                    <include>ThumbBorder</include>
                </control>
                <control type="list" id="52">
                    <posx>395</posx>
                    <posy>408</posy>
                    <width>1525</width>
                    <height>390</height>
                    <onleft>11</onleft>
                    <onright>60</onright>
                    <onup>52</onup>
                    <ondown>52</ondown>
                    <pagecontrol>60</pagecontrol>
                    <itemlayout width="1525" height="78">
                        <control type="label">
                            <posx>TextMargin</posx>
                            <height>78</height>
                            <width>670</width>
                            <font>FacadeListMainFont</font>
                            <include>TextColor_AlternateColor</include>
                            <label>$INFO[ListItem.Label]</label>
                        </control>
                        <control type="label">
                            <posx>730r</posx>
                            <height>78</height>
                            <width>670</width>
                            <align>right</align>
                            <font>FacadeListMainFont</font>
                            <include>TextColor_AlternateColor</include>
                            <label>$INFO[ListItem.Label2]</label>
                        </control>
                    </itemlayout>
                    <focusedlayout width="1525" height="78">
                        <control type="group">
                            <include>ButtonWideFocusAnimation</include>
                            <control type="image">
                                <posx>0</posx>
                                <posy>0</posy>
                                <height>78</height>
                                <width>1525</width>
                                <texture border="1">$VAR[Theme.Color]/list/bg_facade_focus.png</texture>
                            </control>
                            <control type="label">
                                <posx>TextMargin</posx>
                                <height>78</height>
                                <width>670</width>
                                <font>FacadeListMainFont</font>
                                <include>TextColor_MainColor</include>
                                <label>$INFO[ListItem.Label]</label>
                            </control>
                            <control type="label">
                                <posx>730r</posx>
                                <height>78</height>
                                <width>670</width>
                                <align>right</align>
                                <font>FacadeListMainFont</font>
                                <include>TextColor_MainColor</include>
                                <label>$INFO[ListItem.Label2]</label>
                            </control>
                        </control>
                    </focusedlayout>
                </control>
                <control type="scrollbar" id="60">
                    <posx>1886</posx>
                    <posy>408</posy>
                    <height>390</height>
                    <onleft>52</onleft>
                    <onright>52</onright>
                    <include>VerticalScroller</include>
                </control>
            </control>
        </control>
    </controls>
</window>
