<?xml version="1.0" encoding="utf-8"?>
<window>
    <defaultcontrol always="true">50</defaultcontrol>
    <menucontrol>9000</menucontrol>
    <controls>
        <include condition="!Skin.HasSetting(DisableFanart)">Fanart_Art</include>
        <include>Player_Show</include>
        <include>OverlayFull</include>
        <include>InfoBackground</include>
        <include condition="skin.HasSetting(rssTicker)">rssTicker</include>
        <control type="group">
            <animation effect="slide" tween="circle" easing="out" time="250" start="0,0" end="660,0" condition="[ControlGroup(9000).HasFocus()|Control.HasFocus(8999)|Control.HasFocus(9060)]">conditional</animation>
            <include>FacadeFadeDialogs</include>
            <include>Icon_Fade</include>
            <include>DialogOpenClose</include>
            <control type="image">
                <posx>-760</posx>
                <posy>150</posy>
                <width>2930</width>
                <height>876</height>
                <include>DialogTransparency</include>
                <texture border="150,40,150,40">$VAR[Theme.Color]/common/bg_dialog.png</texture>
            </control>
            <control type="image">
                <posx>100</posx>
                <posy>142</posy>
                <width>1720</width>
                <height>217</height>
                <texture border="100">$VAR[Theme.Color]/common/bg_list.png</texture>
            </control>
            <control type="label">
                <posx>TextMargin</posx>
                <posy>183</posy>
                <width>1800</width>
                <height>105</height>
                <align>center</align>
                <font>InfoTitleFont</font>
                <include>TextColor_MainColor</include>
                <label>$LOCALIZE[10517]</label>
            </control>
            <control type="label" id="12">
                <posx>TextMargin</posx>
                <posy>270</posy>
                <width>1800</width>
                <height>35</height>
                <align>center</align>
                <font>InfoTitleSubFont</font>
                <include>TextColor_MainColor</include>
                <label>$INFO[Container(50).NumItems,, $LOCALIZE[31025]]</label>
            </control>
            <!-- CDART MUSIC -->
            <include name="DiscArt">
                <param name="visible" value="!StringCompare(ListItem.Label,..)+!IsEmpty(ListItem.Thumb)"/>
                <param name="x" value="73"/>
                <param name="y" value="626"/>
                <param name="width" value="424"/>
                <param name="height" value="424"/>
                <param name="texture" value="$VAR[MusicCdArt]"/>
                <param name="xShadow" value="43"/>
                <param name="yShadow" value="596"/>
                <param name="widthShadow" value="484"/>
                <param name="heightShadow" value="484"/>
                <param name="pulse" value="false"/>
            </include>
            <control type="image">
                <posx>25</posx>
                <posy>353</posy>
                <width>520</width>
                <height>520</height>
                <include>SquareThumb</include>
                <include>ThumbBorder</include>
            </control>
            <control type="panel" id="50">
                <posx>580</posx>
                <posy>318</posy>
                <width>1340</width>
                <height>675</height>
                <pagecontrol>60</pagecontrol>
                <onleft>9000</onleft>
                <onright>60</onright>
                <itemlayout height="75" width="1340">
                    <control type="label">
                        <posx>0</posx>
                        <height>75</height>
                        <width>1280</width>
                        <font>FacadeListMainFont</font>
                        <include>TextColor_AlternateColor</include>
                        <label>$INFO[ListItem.Label2,,  -  ]$INFO[ListItem.Label]</label>
                    </control>
                </itemlayout>
                <focusedlayout height="75" width="1340">
                    <control type="group">
                        <include>ButtonWideFocusAnimation</include>
                        <control type="image">
                            <posx>0</posx>
                            <posy>0</posy>
                            <height>75</height>
                            <width>1340</width>
                            <texture border="1">$VAR[Theme.Color]/list/bg_facade_focus.png</texture>
                        </control>
                        <control type="label">
                            <posx>0</posx>
                            <height>75</height>
                            <width>1280</width>
                            <font>FacadeListMainFont</font>
                            <include>TextColor_MainColor</include>
                            <label>$INFO[ListItem.Label2,,  -  ]$INFO[ListItem.Label]</label>
                        </control>
                    </control>
                </focusedlayout>
            </control>
            <control type="scrollbar" id="60">
                <posx>1886</posx>
                <posy>318</posy>
                <height>675</height>
                <include>VerticalScroller</include>
                <onleft>50</onleft>
                <onright>60</onright>
            </control>
        </control>
        <control type="label">
            <include>OpenClose</include>
            <include>WindowTitle</include>
            <label>$VAR[GlobalSubTitles]</label>
        </control>
        <control type="label">
            <include>OpenClose</include>
            <include>WindowTitleSub</include>
            <label>$INFO[Container.NumItems,, $LOCALIZE[31025]]$INFO[Container.CurrentPage,  -  ]$INFO[Container.NumPages,/]</label>
        </control>
        <include>FooterInfo</include>
        <include>Time</include>
        <!-- SIDE MENU -->
        <control type="group">
            <visible>!Skin.HasSetting(EnableKioskMode)</visible>
            <include>FacadeFadeDialogs</include>
            <include>Icon_Fade</include>
            <include>LeftMenu</include>
            <control type="grouplist" id="9000">
                <include>LeftMenuButtonGroup</include>
                <onright>50</onright>
                <ondown>9000</ondown>
                <onback>50</onback>
                <control type="label" id="7965">
                    <include>LeftMenuTitleLabel</include>
                    <label>$LOCALIZE[33061]</label>
                </control>
                <control type="radiobutton" id="20">
                    <textwidth>450</textwidth>
                    <include>LeftMenuButton</include>
                    <label>$LOCALIZE[191]</label>
                </control>
                <control type="button" id="21">
                    <include>LeftMenuButton</include>
                    <label>$LOCALIZE[190]</label>
                </control>
                <control type="button" id="22">
                    <include>LeftMenuButton</include>
                    <label>$LOCALIZE[192]</label>
                </control>
                <control type="button" id="26">
                    <include>LeftMenuButton</include>
                    <label>$LOCALIZE[486]</label>
                </control>
                <control type="button" id="3">
                    <include>LeftMenuButton</include>
                </control>
                <control type="togglebutton" id="4">
                    <include>LeftMenuButton</include>
                    <label>$LOCALIZE[21429]:  $LOCALIZE[21430]</label>
                    <altlabel>$LOCALIZE[21429]:  $LOCALIZE[21431]</altlabel>
                </control>
            </control>
            <include>LeftMenuScroller</include>
        </control>
    </controls>
</window>
