<?xml version="1.0" encoding="utf-8"?>
<window>
    <defaultcontrol always="true">50</defaultcontrol>
    <menucontrol>9000</menucontrol>
    <controls>
        <include condition="!Skin.HasSetting(DisableFanart)">Fanart_Art</include>
        <include>Player_Show</include>
        <include>OverlayFull</include>
        <include>InfoBackground</include>
        <include condition="skin.HasSetting(rssTicker)">rssTicker</include>
        <control type="group">
            <include>FacadeFadeDialogs2ndLevelCondition</include>
            <include>Icon_Fade</include>
            <control type="group">
                <animation effect="slide" tween="circle" easing="out" time="250" start="0,0" end="660,0" condition="[ControlGroup(9000).HasFocus()|Control.HasFocus(8999)|Control.HasFocus(9060)]">conditional</animation>
                <animation effect="slide" tween="circle" easing="out" time="250" start="0,0" end="-2090,0" condition="Control.HasFocus(505050)">conditional</animation>
                <include>OpenClose</include>
                <control type="image">
                    <posx>0</posx>
                    <posy>142</posy>
                    <width>1920</width>
                    <height>892</height>
                    <texture border="100">$VAR[Theme.Color]/common/bg_list.png</texture>
                </control>
                <control type="image">
                    <posx>100</posx>
                    <posy>142</posy>
                    <width>1720</width>
                    <height>217</height>
                    <texture border="100">$VAR[Theme.Color]/common/bg_list.png</texture>
                </control>
                <control type="label">
                    <posx>TextMargin</posx>
                    <posy>183</posy>
                    <width>840</width>
                    <height>105</height>
                    <align>center</align>
                    <font>InfoTitleFont</font>
                    <include>TextColor_MainColor</include>
                    <label>$LOCALIZE[1033]</label>
                </control>
                <control type="label" id="12">
                    <posx>TextMargin</posx>
                    <posy>270</posy>
                    <width>840</width>
                    <height>35</height>
                    <align>center</align>
                    <font>InfoTitleSubFont</font>
                    <include>TextColor_MainColor</include>
                </control>
                <control type="label">
                    <posx>1020</posx>
                    <posy>183</posy>
                    <width>840</width>
                    <height>105</height>
                    <align>center</align>
                    <font>InfoTitleFont</font>
                    <include>TextColor_MainColor</include>
                    <label>$LOCALIZE[559]</label>
                </control>
                <control type="label" id="101">
                    <posx>1020</posx>
                    <posy>270</posy>
                    <width>840</width>
                    <height>35</height>
                    <align>center</align>
                    <font>InfoTitleSubFont</font>
                    <include>TextColor_MainColor</include>
                </control>
                <control type="list" id="50">
                    <posx>0</posx>
                    <posy>318</posy>
                    <width>960</width>
                    <height>675</height>
                    <onleft>9000</onleft>
                    <onright>60</onright>
                    <onup>50</onup>
                    <ondown>50</ondown>
                    <pagecontrol>60</pagecontrol>
                    <itemlayout width="960" height="78">
                        <control type="label">
                            <posx>257</posx>
                            <height>78</height>
                            <width>643</width>
                            <font>FacadeListMainFont</font>
                            <include>TextColor_AlternateColor</include>
                            <label>$INFO[ListItem.Label]</label>
                        </control>
                    </itemlayout>
                    <focusedlayout width="960" height="207">
                        <control type="group">
                            <include>ButtonFocusAnimation</include>
                            <control type="image">
                                <visible>!control.hasfocus(100)</visible>
                                <posx>0</posx>
                                <posy>0</posy>
                                <height>207</height>
                                <width>960</width>
                                <texture border="1">$VAR[Theme.Color]/list/bg_facade_focus.png</texture>
                            </control>
                            <control type="image">
                                <posx>60</posx>
                                <posy>35</posy>
                                <width>137</width>
                                <height>137</height>
                                <aspectratio>keep</aspectratio>
                                <include>SquareThumb</include>
                            </control>
                            <control type="image">
                                <posx>25</posx>
                                <posy>0</posy>
                                <width>207</width>
                                <height>207</height>
                                <aspectratio>keep</aspectratio>
                                <include>ThumbBorder</include>
                                <include>SquareThumbBig</include>
                            </control>
                            <control type="label">
                                <visible>IsEmpty(ListItem.Label2)</visible>
                                <posx>257</posx>
                                <height>207</height>
                                <width>643</width>
                                <font>FacadeListMainFont</font>
                                <include>TextColor_MainColor</include>
                                <label>[B]$INFO[ListItem.Label][/B]</label>
                            </control>
                            <control type="label">
                                <visible>!IsEmpty(ListItem.Label2)</visible>
                                <posx>257</posx>
                                <posy>25</posy>
                                <width>643</width>
                                <font>FacadeListMainFont</font>
                                <include>TextColor_MainColor</include>
                                <label>[B]$INFO[ListItem.Label][/B]</label>
                            </control>
                            <control type="label">
                                <visible>!IsEmpty(ListItem.Label2)</visible>
                                <posx>257</posx>
                                <posy>77</posy>
                                <width>643</width>
                                <font>FacadeListSubFont</font>
                                <include>TextColor_MainColor</include>
                                <label>$INFO[ListItem.Label2]</label>
                            </control>
                            <control type="label">
                                <visible>!IsEmpty(ListItem.Label2)</visible>
                                <posx>257</posx>
                                <posy>127</posy>
                                <width>643</width>
                                <font>FacadeListSubFont</font>
                                <include>TextColor_MainColor</include>
                                <label>$INFO[ListItem.Year]$INFO[ListItem.Album,     ]</label>
                            </control>
                        </control>
                    </focusedlayout>
                </control>
                <control type="scrollbar" id="60">
                    <posx>926</posx>
                    <posy>318</posy>
                    <height>675</height>
                    <include>VerticalScroller</include>
                    <onleft>50</onleft>
                    <onright>100</onright>
                </control>
                <control type="list" id="100">
                    <posx>960</posx>
                    <posy>318</posy>
                    <width>960</width>
                    <height>675</height>
                    <onleft>50</onleft>
                    <onright>61</onright>
                    <onup>100</onup>
                    <ondown>100</ondown>
                    <pagecontrol>61</pagecontrol>
                    <itemlayout width="960" height="78">
                        <control type="label">
                            <posx>257</posx>
                            <height>78</height>
                            <width>643</width>
                            <font>FacadeListMainFont</font>
                            <include>TextColor_AlternateColor</include>
                            <label>$INFO[ListItem.Label]</label>
                        </control>
                    </itemlayout>
                    <focusedlayout width="960" height="207">
                        <control type="group">
                            <include>ButtonFocusAnimation</include>
                            <control type="image">
                                <visible>control.hasfocus(100)</visible>
                                <posx>0</posx>
                                <posy>0</posy>
                                <height>207</height>
                                <width>960</width>
                                <texture border="1">$VAR[Theme.Color]/list/bg_facade_focus.png</texture>
                            </control>
                            <control type="image">
                                <posx>60</posx>
                                <posy>35</posy>
                                <width>137</width>
                                <height>137</height>
                                <aspectratio>keep</aspectratio>
                                <include>SquareThumb</include>
                            </control>
                            <control type="image">
                                <posx>25</posx>
                                <posy>0</posy>
                                <width>207</width>
                                <height>207</height>
                                <aspectratio>keep</aspectratio>
                                <include>ThumbBorder</include>
                                <include>SquareThumbBig</include>
                            </control>
                            <control type="label">
                                <visible>IsEmpty(ListItem.Label2)</visible>
                                <posx>257</posx>
                                <height>207</height>
                                <width>643</width>
                                <font>FacadeListMainFont</font>
                                <include>TextColor_MainColor</include>
                                <label>[B]$INFO[ListItem.Label][/B]</label>
                            </control>
                            <control type="label">
                                <visible>!IsEmpty(ListItem.Label2)</visible>
                                <posx>257</posx>
                                <posy>25</posy>
                                <width>643</width>
                                <font>FacadeListMainFont</font>
                                <include>TextColor_MainColor</include>
                                <label>[B]$INFO[ListItem.Label][/B]</label>
                            </control>
                            <control type="label">
                                <visible>!IsEmpty(ListItem.Label2)</visible>
                                <posx>257</posx>
                                <posy>77</posy>
                                <width>643</width>
                                <font>FacadeListSubFont</font>
                                <include>TextColor_MainColor</include>
                                <label>$INFO[ListItem.Label2]</label>
                            </control>
                            <control type="label">
                                <visible>!IsEmpty(ListItem.Label2)</visible>
                                <posx>257</posx>
                                <posy>127</posy>
                                <width>643</width>
                                <font>FacadeListSubFont</font>
                                <include>TextColor_MainColor</include>
                                <label>$INFO[ListItem.Year]$INFO[ListItem.Album,     ]</label>
                            </control>
                        </control>
                    </focusedlayout>
                </control>
                <control type="scrollbar" id="61">
                    <posx>1886</posx>
                    <posy>318</posy>
                    <height>675</height>
                    <include>VerticalScroller</include>
                    <onleft>100</onleft>
                    <onright>505050</onright>
                </control>
            </control>
        </control>
        <control type="label">
            <include>OpenClose</include>
            <include>WindowTitle</include>
            <label>$LOCALIZE[10503]</label>
        </control>
        <control type="label">
            <include>OpenClose</include>
            <include>WindowTitleSub</include>
            <label>$LOCALIZE[2]</label>
        </control>
        <include>FooterInfo</include>
        <include>Time</include>
        <!-- SIDE MENU -->
        <control type="group">
            <include>LeftMenu</include>
            <include>FacadeFadeDialogs2ndLevelCondition</include>
            <include>Icon_Fade</include>
            <control type="grouplist" id="9000">
                <include>LeftMenuButtonGroup</include>
                <onright>50</onright>
                <ondown>9000</ondown>
                <onback>50</onback>
                <control type="label" id="7965">
                    <include>LeftMenuTitleLabel</include>
                    <label>$LOCALIZE[33063]</label>
                </control>
                <control type="button" id="6">
                    <include>LeftMenuButton</include>
                    <label>$LOCALIZE[21385]</label>
                </control>
                <control type="button" id="7">
                    <include>LeftMenuButton</include>
                    <label>$LOCALIZE[190]</label>
                </control>
                <control type="button" id="8">
                    <include>LeftMenuButton</include>
                    <label>$LOCALIZE[117]</label>
                </control>
            </control>
            <include>LeftMenuScroller</include>
        </control>
    </controls>
</window>
