<?xml version="1.0" encoding="utf-8"?>
<window>
    <defaultcontrol>10</defaultcontrol>
    <menucontrol>9000</menucontrol>
    <views>10,11,12,13</views>
    <controls>
        <include condition="!Skin.HasSetting(DisableFanart)">Fanart_Art</include>
        <include>Player_Show</include>
        <include>OverlayFull</include>
        <include>InfoBackground</include>
        <include condition="skin.HasSetting(rssTicker)">rssTicker</include>
        <control type="group">
            <animation effect="slide" tween="circle" easing="out" time="250" start="0,0" end="660,0" condition="[ControlGroup(9000).HasFocus()|Control.HasFocus(8999)|Control.HasFocus(9060)]">conditional</animation>
            <animation effect="slide" tween="circle" easing="out" time="250" start="0,0" end="-2090,0" condition="Control.HasFocus(505050)">conditional</animation>
            <include>OpenClose</include>
            <control type="group" id="50">
                <!--EPG-->
                <control type="group">
                    <visible>Control.IsVisible(10)</visible>
                    <include>Icon_Fade</include>
                    <include>FacadeFadeDialogs</include>
                    <control type="image">
                        <posx>0</posx>
                        <posy>142</posy>
                        <width>1920</width>
                        <height>550</height>
                        <texture border="100">$VAR[Theme.Color]/common/bg_list.png</texture>
                    </control>
                    <control type="image">
                        <posx>0</posx>
                        <posy>142</posy>
                        <width>1920</width>
                        <height>160</height>
                        <texture border="100">$VAR[Theme.Color]/common/bg_list.png</texture>
                    </control>
                    <control type="epggrid" id="10">
                        <viewtype label="19032">list</viewtype>
                        <posx>TextMargin</posx>
                        <posy>183</posy>
                        <width>1860</width>
                        <height>468</height>
                        <pagecontrol>10</pagecontrol>
                        <timeblocks>20</timeblocks>
                        <rulerunit>6</rulerunit>
                        <onleft>9000</onleft>
                        <onright>10</onright>
                        <onup>10</onup>
                        <ondown>10</ondown>
                        <include>ProgressTexture</include>
                        <rulerlayout height="78" width="60">
                            <control type="image" id="1">
                                <width>50</width>
                                <height>78</height>
                                <posx>0</posx>
                                <posy>0</posy>
                                <texture>-</texture>
                            </control>
                            <control type="label" id="2">
                                <posx>0</posx>
                                <posy>0</posy>
                                <width>58</width>
                                <height>78</height>
                                <aligny>center</aligny>
                                <align>left</align>
                                <font>TvGuideHeaderFont</font>
                                <label>$INFO[ListItem.Label]</label>
                            </control>
                        </rulerlayout>
                        <channellayout height="78" width="420">
                            <control type="image">
                                <include>ConditionWhite</include>
                                <posx>0</posx>
                                <posy>0</posy>
                                <width>78</width>
                                <height>78</height>
                                <colordiffuse>NoFocusedColor</colordiffuse>
                                <texture background="true" fallback="white/defaultChannelTvBig.png">$INFO[ListItem.Icon]</texture>
                                <aspectratio align="left">keep</aspectratio>
                            </control>
                            <control type="image">
                                <include>ConditionBlack</include>
                                <posx>0</posx>
                                <posy>0</posy>
                                <width>78</width>
                                <height>78</height>
                                <colordiffuse>NoFocusedColor</colordiffuse>
                                <texture background="true" fallback="black/defaultChannelTvBig.png">$INFO[ListItem.Icon]</texture>
                                <aspectratio align="left">keep</aspectratio>
                            </control>
                            <control type="label" id="1">
                                <posx>100</posx>
                                <width>290</width>
                                <height>78</height>
                                <font>TvGuideChannelFont</font>
                                <include>TextColor_AlternateColor</include>
                                <label>$INFO[ListItem.ChannelName]</label>
                                <scroll>false</scroll>
                            </control>
                        </channellayout>
                        <focusedchannellayout height="78" width="420">
                            <control type="group">
                                <include>ButtonFocusAnimation</include>
                                <control type="image" id="1">
                                    <posx>0</posx>
                                    <posy>0</posy>
                                    <width>420</width>
                                    <height>78</height>
                                    <bordersize>0</bordersize>
                                    <texture border="1">$VAR[Theme.Color]/list/bg_facade_focus.png</texture>
                                </control>
                                <control type="image">
                                    <include>ConditionWhite</include>
                                    <posx>0</posx>
                                    <posy>0</posy>
                                    <width>78</width>
                                    <height>78</height>
                                    <texture background="true" fallback="white/defaultChannelTvBig.png">$INFO[ListItem.Icon]</texture>
                                    <aspectratio align="left">keep</aspectratio>
                                </control>
                                <control type="image">
                                    <include>ConditionBlack</include>
                                    <posx>0</posx>
                                    <posy>0</posy>
                                    <width>78</width>
                                    <height>78</height>
                                    <texture background="true" fallback="black/defaultChannelTvBig.png">$INFO[ListItem.Icon]</texture>
                                    <aspectratio align="left">keep</aspectratio>
                                </control>
                                <control type="label" id="1">
                                    <posx>100</posx>
                                    <width>290</width>
                                    <height>78</height>
                                    <font>TvGuideChannelFont</font>
                                    <include>TextColor_MainColor</include>
                                    <aligny>center</aligny>
                                    <align>left</align>
                                    <label>$INFO[ListItem.ChannelName]</label>
                                </control>
                            </control>
                        </focusedchannellayout>
                        <itemlayout height="78" width="60">
                            <control type="image" id="2">
                                <posx>0</posx>
                                <posy>0</posy>
                                <width>60</width>
                                <height>78</height>
                                <bordersize>0</bordersize>
                                <texture border="3">$VAR[PVROverlayNoFocus]</texture>
                            </control>
                            <control type="label" id="1">
                                <posx>20</posx>
                                <posy>0</posy>
                                <width>25</width>
                                <height>78</height>
                                <font>TvGuideItemFont</font>
                                <scroll>false</scroll>
                                <include>TextColor_AlternateColor</include>
                                <info>ListItem.Label</info>
                            </control>
                        </itemlayout>
                        <focusedlayout height="78" width="60">
                            <control type="image" id="2">
                                <include>ButtonWideFocusAnimation</include>
                                <posx>0</posx>
                                <posy>0</posy>
                                <width>60</width>
                                <height>78</height>
                                <bordersize>0</bordersize>
                                <texture border="3">$VAR[PVROverlayFocus]</texture>
                            </control>
                            <control type="label" id="1">
                                <include>ButtonWideFocusAnimation</include>
                                <posx>20</posx>
                                <posy>0</posy>
                                <width>25</width>
                                <height>78</height>
                                <font>TvGuideItemFont</font>
                                <include>TextColor_MainColor</include>
                                <info>ListItem.Label</info>
                            </control>
                        </focusedlayout>
                    </control>
                    <!-- INFO -->
                    <control type="image">
                        <posx>0</posx>
                        <posy>647</posy>
                        <width>1920</width>
                        <height>628</height>
                        <texture border="100">$VAR[Theme.Color]/common/bg_list.png</texture>
                    </control>
                    <control type="image">
                        <include>ConditionWhite</include>
                        <posx>47</posx>
                        <posy>694</posy>
                        <width>405</width>
                        <height>375</height>
                        <aspectratio>keep</aspectratio>
                        <texture background="true" fallback="white/defaultChannelTvBig.png">$INFO[ListItem.Icon]</texture>
                        <include>ThumbBorder</include>
                    </control>
                    <control type="image">
                        <include>ConditionBlack</include>
                        <posx>47</posx>
                        <posy>694</posy>
                        <width>405</width>
                        <height>375</height>
                        <aspectratio>keep</aspectratio>
                        <texture background="true" fallback="black/defaultChannelTvBig.png">$INFO[ListItem.Icon]</texture>
                        <include>ThumbBorder</include>
                    </control>
                    <control type="group">
                        <posx>0</posx>
                        <posy>685</posy>
                        <control type="label">
                            <posx>500</posx>
                            <posy>25</posy>
                            <width>1250</width>
                            <aligny>top</aligny>
                            <font>InfoTitleFont</font>
                            <include>TextColor_MainColor</include>
                            <scroll>false</scroll>
                            <label>$INFO[ListItem.Label]</label>
                        </control>
                        <control type="image">
                            <description>Default Seperator</description>
                            <posx>405</posx>
                            <posy>96</posy>
                            <width>1470</width>
                            <height>1</height>
                            <texture border="150,0,150,0">$VAR[Theme.Color]/list/bg_facade_separator.png</texture>
                        </control>
                        <control type="label">
                            <posx>500</posx>
                            <posy>110</posy>
                            <width>550</width>
                            <height>71</height>
                            <font>InfoDetailsFont</font>
                            <include>TextColor_MainColor</include>
                            <scroll>false</scroll>
                            <label>$INFO[ListItem.StartTime]$INFO[ListItem.EndTime, / ,]</label>
                        </control>
                        <control type="label">
                            <posx>500</posx>
                            <posy>183</posy>
                            <width>550</width>
                            <height>71</height>
                            <font>InfoDetailsFont</font>
                            <include>TextColor_MainColor</include>
                            <scroll>false</scroll>
                            <label>$INFO[ListItem.Genre]</label>
                        </control>
                        <control type="label">
                            <posx>500</posx>
                            <posy>256</posy>
                            <width>550</width>
                            <height>71</height>
                            <font>InfoDetailsFont</font>
                            <include>TextColor_MainColor</include>
                            <scroll>false</scroll>
                            <label>$INFO[ListItem.Duration]</label>
                        </control>
                        <control type="textbox">
                            <posx>1110</posx>
                            <posy>125</posy>
                            <width>760</width>
                            <height>208</height>
                            <font>InfoPlotFont</font>
                            <include>TextColor_MainColor</include>
                            <label>$VAR[Plots]</label>
                            <include>myautoscroll</include>
                        </control>
                    </control>
                </control>
                <!-- EPG NOW -->
                <control type="group">
                    <visible>Control.IsVisible(11)</visible>
                    <include>Icon_Fade</include>
                    <include>FacadeFadeDialogs</include>
                    <control type="group">
                        <control type="image">
                            <posx>0</posx>
                            <posy>142</posy>
                            <width>1920</width>
                            <height>892</height>
                            <texture border="100">$VAR[Theme.Color]/common/bg_list.png</texture>
                        </control>
                        <control type="list" id="11">
                            <viewtype label="19030">list</viewtype>
                            <posx>0</posx>
                            <posy>183</posy>
                            <width>1920</width>
                            <height>810</height>
                            <pagecontrol>76</pagecontrol>
                            <onleft>9000</onleft>
                            <onright>76</onright>
                            <onup>11</onup>
                            <ondown>11</ondown>
                            <preloaditems>4</preloaditems>
                            <itemlayout height="135" width="1920">
                                <include>50_RecOverlayNoFocus</include>
                                <control type="label">
                                    <visible>IsEmpty(ListItem.ChannelName)</visible>
                                    <posx>475</posx>
                                    <height>135</height>
                                    <width>1250</width>
                                    <font>FacadeListMainFont</font>
                                    <include>TextColor_AlternateColor</include>
                                    <label fallback="416">$INFO[ListItem.Label]</label>
                                </control>
                                <control type="label">
                                    <visible>!IsEmpty(ListItem.ChannelName)</visible>
                                    <posx>475</posx>
                                    <posy>27</posy>
                                    <aligny>top</aligny>
                                    <width>1250</width>
                                    <font>FacadeListMainFont</font>
                                    <include>TextColor_AlternateColor</include>
                                    <label fallback="416">$INFO[ListItem.Label]</label>
                                </control>
                                <control type="label">
                                    <visible>!IsEmpty(ListItem.ChannelName)</visible>
                                    <posx>475</posx>
                                    <posy>73</posy>
                                    <aligny>top</aligny>
                                    <width>1250</width>
                                    <font>FacadeListSubFont</font>
                                    <include>TextColor_AlternateColor</include>
                                    <label>$VAR[Details]</label>
                                </control>
                            </itemlayout>
                            <focusedlayout height="405" width="1920">
                                <control type="group">
                                    <include>ListFocusAnimation</include>
                                    <control type="image">
                                        <posx>0</posx>
                                        <posy>0</posy>
                                        <height>405</height>
                                        <width>1920</width>
                                        <texture border="1">$VAR[Theme.Color]/list/bg_facade_focus.png</texture>
                                    </control>
                                    <control type="image">
                                        <visible>[IsEmpty(ListItem.thumb)|IsEmpty(ListItem.Art(thumb))]</visible>
                                        <posx>60</posx>
                                        <posy>75</posy>
                                        <width>335</width>
                                        <height>254</height>
                                        <aspectratio>keep</aspectratio>
                                        <include>SquareThumb</include>
                                    </control>
                                    <control type="image">
                                        <visible>!StringCompare(ListItem.Label,..)</visible>
                                        <posx>25</posx>
                                        <posy>41</posy>
                                        <width>405</width>
                                        <height>323</height>
                                        <aspectratio>keep</aspectratio>
                                        <texture background="true">$INFO[ListItem.Icon]</texture>
                                        <include>ThumbBorder</include>
                                    </control>
                                    <control type="progress">
                                        <include>ConditionWhite</include>
                                        <posx>TextMargin</posx>
                                        <posy>346</posy>
                                        <height>54</height>
                                        <width>335</width>
                                        <texturebg border="14,20,14,20">white/buttons/Scrollbar_Horizontal_bg.png</texturebg>
                                        <!-- <reveal>true</reveal> -->
                                        <lefttexture>-</lefttexture>
                                        <midtexture border="14,20,14,20">white/buttons/Scrollbar_Horizontal_Focus.png</midtexture>
                                        <righttexture>-</righttexture>
                                        <overlaytexture>-</overlaytexture>
                                        <info>ListItem.Progress</info>
                                    </control>
                                    <control type="progress">
                                        <include>ConditionBlack</include>
                                        <posx>TextMargin</posx>
                                        <posy>346</posy>
                                        <height>54</height>
                                        <width>335</width>
                                        <texturebg border="14,20,14,20">black/buttons/Scrollbar_Horizontal_bg.png</texturebg>
                                        <!-- <reveal>true</reveal> -->
                                        <lefttexture>-</lefttexture>
                                        <midtexture border="14,20,14,20">black/buttons/Scrollbar_Horizontal_Focus.png</midtexture>
                                        <righttexture>-</righttexture>
                                        <overlaytexture>-</overlaytexture>
                                        <info>ListItem.Progress</info>
                                    </control>
                                    <control type="label">
                                        <posx>475</posx>
                                        <posy>25</posy>
                                        <width>1250</width>
                                        <aligny>top</aligny>
                                        <font>InfoTitleFont</font>
                                        <include>TextColor_MainColor</include>
                                        <scroll>false</scroll>
                                        <label fallback="416">$INFO[ListItem.Label]</label>
                                    </control>
                                    <include>50_RecOverlayFocus</include>
                                    <control type="image">
                                        <description>Default Seperator</description>
                                        <posx>375</posx>
                                        <posy>96</posy>
                                        <width>1550</width>
                                        <height>1</height>
                                        <texture border="150,0,150,0">$VAR[Theme.Color]/list/bg_facade_separator.png</texture>
                                    </control>
                                    <control type="group">
                                        <posx>415</posx>
                                        <posy>45</posy>
                                        <control type="label">
                                            <posx>TextMargin</posx>
                                            <posy>65</posy>
                                            <width>660</width>
                                            <height>71</height>
                                            <font>InfoDetailsFont</font>
                                            <include>TextColor_MainColor</include>
                                            <scroll>false</scroll>
                                            <label>$INFO[ListItem.ChannelNumberLabel,, - ]$INFO[ListItem.Label]</label>
                                        </control>
                                        <control type="label">
                                            <posx>TextMargin</posx>
                                            <posy>135</posy>
                                            <width>660</width>
                                            <height>71</height>
                                            <font>InfoDetailsFont</font>
                                            <include>TextColor_MainColor</include>
                                            <scroll>false</scroll>
                                            <label>$INFO[ListItem.StartTime,, / ]$INFO[ListItem.EndTime]</label>
                                        </control>
                                        <control type="label">
                                            <posx>TextMargin</posx>
                                            <posy>205</posy>
                                            <width>660</width>
                                            <height>71</height>
                                            <font>InfoDetailsFont</font>
                                            <include>TextColor_MainColor</include>
                                            <scroll>false</scroll>
                                            <label>$INFO[ListItem.Genre]</label>
                                        </control>
                                        <control type="textbox">
                                            <posx>785</posx>
                                            <posy>80</posy>
                                            <width>660</width>
                                            <height>250</height>
                                            <font>InfoPlotFont</font>
                                            <include>TextColor_MainColor</include>
                                            <label>$VAR[Plots]</label>
                                            <include>myautoscroll</include>
                                        </control>
                                    </control>
                                </control>
                            </focusedlayout>
                        </control>
                    </control>
                    <control type="scrollbar" id="76">
                        <posx>1886</posx>
                        <posy>183</posy>
                        <height>810</height>
                        <include>VerticalScroller</include>
                        <onleft>11</onleft>
                        <onright>505050</onright>
                    </control>
                </control>
                <!-- EPG NEXT -->
                <control type="group">
                    <visible>Control.IsVisible(12)</visible>
                    <include>Icon_Fade</include>
                    <include>FacadeFadeDialogs</include>
                    <control type="group">
                        <control type="image">
                            <posx>0</posx>
                            <posy>142</posy>
                            <width>1920</width>
                            <height>892</height>
                            <texture border="100">$VAR[Theme.Color]/common/bg_list.png</texture>
                        </control>
                        <control type="list" id="12">
                            <viewtype label="19031">list</viewtype>
                            <posx>0</posx>
                            <posy>183</posy>
                            <width>1920</width>
                            <height>810</height>
                            <pagecontrol>76</pagecontrol>
                            <onleft>9000</onleft>
                            <onright>76</onright>
                            <onup>12</onup>
                            <ondown>12</ondown>
                            <preloaditems>4</preloaditems>
                            <itemlayout height="135" width="1920">
                                <include>50_RecOverlayNoFocus</include>
                                <control type="label">
                                    <visible>IsEmpty(ListItem.ChannelName)</visible>
                                    <posx>475</posx>
                                    <height>135</height>
                                    <width>1250</width>
                                    <font>FacadeListMainFont</font>
                                    <include>TextColor_AlternateColor</include>
                                    <label fallback="416">$INFO[ListItem.Label]</label>
                                </control>
                                <control type="label">
                                    <visible>!IsEmpty(ListItem.ChannelName)</visible>
                                    <posx>475</posx>
                                    <posy>27</posy>
                                    <aligny>top</aligny>
                                    <width>1250</width>
                                    <font>FacadeListMainFont</font>
                                    <include>TextColor_AlternateColor</include>
                                    <label fallback="416">$INFO[ListItem.Label]</label>
                                </control>
                                <control type="label">
                                    <visible>!IsEmpty(ListItem.ChannelName)</visible>
                                    <posx>475</posx>
                                    <posy>73</posy>
                                    <aligny>top</aligny>
                                    <width>1250</width>
                                    <font>FacadeListSubFont</font>
                                    <include>TextColor_AlternateColor</include>
                                    <label>$VAR[Details]</label>
                                </control>
                            </itemlayout>
                            <focusedlayout height="405" width="1920">
                                <control type="group">
                                    <include>ListFocusAnimation</include>
                                    <control type="image">
                                        <posx>0</posx>
                                        <posy>0</posy>
                                        <height>405</height>
                                        <width>1920</width>
                                        <texture border="1">$VAR[Theme.Color]/list/bg_facade_focus.png</texture>
                                    </control>
                                    <control type="image">
                                        <visible>[IsEmpty(ListItem.thumb)|IsEmpty(ListItem.Art(thumb))]</visible>
                                        <posx>60</posx>
                                        <posy>75</posy>
                                        <width>335</width>
                                        <height>254</height>
                                        <aspectratio>keep</aspectratio>
                                        <include>SquareThumb</include>
                                    </control>
                                    <control type="image">
                                        <visible>!StringCompare(ListItem.Label,..)</visible>
                                        <posx>25</posx>
                                        <posy>41</posy>
                                        <width>405</width>
                                        <height>323</height>
                                        <aspectratio>keep</aspectratio>
                                        <texture background="true">$INFO[ListItem.Icon]</texture>
                                        <include>ThumbBorder</include>
                                    </control>
                                    <control type="label">
                                        <posx>475</posx>
                                        <posy>25</posy>
                                        <width>1250</width>
                                        <aligny>top</aligny>
                                        <font>InfoTitleFont</font>
                                        <include>TextColor_MainColor</include>
                                        <scroll>false</scroll>
                                        <label fallback="416">$INFO[ListItem.Label]</label>
                                    </control>
                                    <include>50_RecOverlayFocus</include>
                                    <control type="image">
                                        <description>Default Seperator</description>
                                        <posx>375</posx>
                                        <posy>96</posy>
                                        <width>1550</width>
                                        <height>1</height>
                                        <texture border="150,0,150,0">$VAR[Theme.Color]/list/bg_facade_separator.png</texture>
                                    </control>
                                    <control type="group">
                                        <posx>415</posx>
                                        <posy>45</posy>
                                        <control type="label">
                                            <posx>TextMargin</posx>
                                            <posy>65</posy>
                                            <width>660</width>
                                            <height>71</height>
                                            <font>InfoDetailsFont</font>
                                            <include>TextColor_MainColor</include>
                                            <scroll>false</scroll>
                                            <label>$INFO[ListItem.ChannelNumberLabel,, - ]$INFO[ListItem.Label]</label>
                                        </control>
                                        <control type="label">
                                            <posx>TextMargin</posx>
                                            <posy>135</posy>
                                            <width>660</width>
                                            <height>71</height>
                                            <font>InfoDetailsFont</font>
                                            <include>TextColor_MainColor</include>
                                            <scroll>false</scroll>
                                            <label>$INFO[ListItem.StartTime,, / ]$INFO[ListItem.EndTime]</label>
                                        </control>
                                        <control type="label">
                                            <posx>TextMargin</posx>
                                            <posy>205</posy>
                                            <width>660</width>
                                            <height>71</height>
                                            <font>InfoDetailsFont</font>
                                            <include>TextColor_MainColor</include>
                                            <scroll>false</scroll>
                                            <label>$INFO[ListItem.Genre]</label>
                                        </control>
                                        <control type="textbox">
                                            <posx>785</posx>
                                            <posy>80</posy>
                                            <width>660</width>
                                            <height>250</height>
                                            <font>InfoPlotFont</font>
                                            <include>TextColor_MainColor</include>
                                            <label>$VAR[Plots]</label>
                                            <include>myautoscroll</include>
                                        </control>
                                    </control>
                                </control>
                            </focusedlayout>
                        </control>
                    </control>
                    <control type="scrollbar" id="76">
                        <posx>1886</posx>
                        <posy>183</posy>
                        <height>810</height>
                        <include>VerticalScroller</include>
                        <onleft>12</onleft>
                        <onright>505050</onright>
                    </control>
                </control>
                <!-- EPG CHANNEL -->
                <control type="group">
                    <visible>Control.IsVisible(13)</visible>
                    <include>Icon_Fade</include>
                    <include>FacadeFadeDialogs</include>
                    <control type="group">
                        <control type="image">
                            <posx>0</posx>
                            <posy>142</posy>
                            <width>1920</width>
                            <height>892</height>
                            <texture border="100">$VAR[Theme.Color]/common/bg_list.png</texture>
                        </control>
                        <control type="list" id="13">
                            <viewtype label="19029">list</viewtype>
                            <posx>0</posx>
                            <posy>183</posy>
                            <width>1920</width>
                            <height>810</height>
                            <pagecontrol>75</pagecontrol>
                            <onleft>9000</onleft>
                            <onright>75</onright>
                            <onup>13</onup>
                            <ondown>13</ondown>
                            <preloaditems>4</preloaditems>
                            <itemlayout height="135" width="1920">
                                <include>50_RecOverlayNoFocus</include>
                                <control type="label">
                                    <visible>IsEmpty(ListItem.ChannelName)</visible>
                                    <posx>475</posx>
                                    <height>135</height>
                                    <width>1250</width>
                                    <font>FacadeListMainFont</font>
                                    <include>TextColor_AlternateColor</include>
                                    <label fallback="416">$INFO[ListItem.Label]</label>
                                </control>
                                <control type="label">
                                    <visible>!IsEmpty(ListItem.ChannelName)</visible>
                                    <posx>475</posx>
                                    <posy>27</posy>
                                    <aligny>top</aligny>
                                    <width>1250</width>
                                    <font>FacadeListMainFont</font>
                                    <include>TextColor_AlternateColor</include>
                                    <label fallback="416">$INFO[ListItem.Label]</label>
                                </control>
                                <control type="label">
                                    <visible>!IsEmpty(ListItem.ChannelName)</visible>
                                    <posx>475</posx>
                                    <posy>73</posy>
                                    <aligny>top</aligny>
                                    <width>1250</width>
                                    <font>FacadeListSubFont</font>
                                    <include>TextColor_AlternateColor</include>
                                    <label>$VAR[Details]</label>
                                </control>
                            </itemlayout>
                            <focusedlayout height="405" width="1920">
                                <control type="group">
                                    <include>ListFocusAnimation</include>
                                    <control type="image">
                                        <posx>0</posx>
                                        <posy>0</posy>
                                        <height>405</height>
                                        <width>1920</width>
                                        <texture border="1">$VAR[Theme.Color]/list/bg_facade_focus.png</texture>
                                    </control>
                                    <control type="image">
                                        <visible>[IsEmpty(ListItem.thumb)|IsEmpty(ListItem.Art(thumb))]</visible>
                                        <posx>60</posx>
                                        <posy>75</posy>
                                        <width>335</width>
                                        <height>254</height>
                                        <aspectratio>keep</aspectratio>
                                        <include>SquareThumb</include>
                                    </control>
                                    <control type="image">
                                        <visible>!StringCompare(ListItem.Label,..)</visible>
                                        <posx>25</posx>
                                        <posy>41</posy>
                                        <width>405</width>
                                        <height>323</height>
                                        <aspectratio>keep</aspectratio>
                                        <texture background="true">$INFO[ListItem.Icon]</texture>
                                        <include>ThumbBorder</include>
                                    </control>
                                    <control type="label">
                                        <posx>475</posx>
                                        <posy>25</posy>
                                        <width>1250</width>
                                        <aligny>top</aligny>
                                        <font>InfoTitleFont</font>
                                        <include>TextColor_MainColor</include>
                                        <scroll>false</scroll>
                                        <label fallback="416">$INFO[ListItem.Title]</label>
                                    </control>
                                    <include>50_RecOverlayFocus</include>
                                    <control type="image">
                                        <description>Default Seperator</description>
                                        <posx>375</posx>
                                        <posy>96</posy>
                                        <width>1550</width>
                                        <height>1</height>
                                        <texture border="150,0,150,0">$VAR[Theme.Color]/list/bg_facade_separator.png</texture>
                                    </control>
                                    <control type="group">
                                        <posx>415</posx>
                                        <posy>45</posy>
                                        <control type="label">
                                            <posx>TextMargin</posx>
                                            <posy>65</posy>
                                            <width>660</width>
                                            <height>71</height>
                                            <font>InfoDetailsFont</font>
                                            <include>TextColor_MainColor</include>
                                            <scroll>false</scroll>
                                            <label>$INFO[ListItem.ChannelNumberLabel,, - ]$INFO[ListItem.Label]</label>
                                        </control>
                                        <control type="label">
                                            <posx>TextMargin</posx>
                                            <posy>135</posy>
                                            <width>660</width>
                                            <height>71</height>
                                            <font>InfoDetailsFont</font>
                                            <include>TextColor_MainColor</include>
                                            <scroll>false</scroll>
                                            <label>$INFO[ListItem.StartTime,, / ]$INFO[ListItem.EndTime]</label>
                                        </control>
                                        <control type="label">
                                            <posx>TextMargin</posx>
                                            <posy>205</posy>
                                            <width>660</width>
                                            <height>71</height>
                                            <font>InfoDetailsFont</font>
                                            <include>TextColor_MainColor</include>
                                            <scroll>false</scroll>
                                            <label>$INFO[ListItem.Genre]</label>
                                        </control>
                                        <control type="textbox">
                                            <posx>785</posx>
                                            <posy>80</posy>
                                            <width>660</width>
                                            <height>250</height>
                                            <font>InfoPlotFont</font>
                                            <include>TextColor_MainColor</include>
                                            <label>$VAR[Plots]</label>
                                            <include>myautoscroll</include>
                                        </control>
                                    </control>
                                </control>
                            </focusedlayout>
                        </control>
                    </control>
                    <control type="scrollbar" id="75">
                        <posx>1886</posx>
                        <posy>183</posy>
                        <height>810</height>
                        <include>VerticalScroller</include>
                        <onleft>13</onleft>
                        <onright>505050</onright>
                    </control>
                </control>
            </control>
        </control>
        <control type="label">
            <include>OpenClose</include>
            <include>WindowTitleSub</include>
            <label>$INFO[Container.NumItems,, $LOCALIZE[31025]]$INFO[Container.CurrentPage,  -  ]$INFO[Container.NumPages,/]</label>
        </control>
        <control type="label">
            <include>OpenClose</include>
            <visible>IsEmpty(Window.Property(IsRadio))+Control.IsVisible(10)</visible>
            <include>WindowTitle</include>
            <label>$LOCALIZE[19032]</label>
        </control>
        <control type="label">
            <include>OpenClose</include>
            <visible>!IsEmpty(Window.Property(IsRadio))+Control.IsVisible(10)</visible>
            <include>WindowTitle</include>
            <label>$LOCALIZE[19032]</label>
        </control>
        <control type="label">
            <include>OpenClose</include>
            <visible>IsEmpty(Window.Property(IsRadio))+Control.IsVisible(11)</visible>
            <include>WindowTitle</include>
            <label>$LOCALIZE[19030]</label>
        </control>
        <control type="label">
            <include>OpenClose</include>
            <visible>!IsEmpty(Window.Property(IsRadio))+Control.IsVisible(11)</visible>
            <include>WindowTitle</include>
            <label>$LOCALIZE[19030]</label>
        </control>
        <control type="label">
            <include>OpenClose</include>
            <visible>IsEmpty(Window.Property(IsRadio))+Control.IsVisible(12)</visible>
            <include>WindowTitle</include>
            <label>$LOCALIZE[19031]</label>
        </control>
        <control type="label">
            <include>OpenClose</include>
            <visible>!IsEmpty(Window.Property(IsRadio))+Control.IsVisible(12)</visible>
            <include>WindowTitle</include>
            <label>$LOCALIZE[19031]</label>
        </control>
        <control type="label">
            <include>OpenClose</include>
            <visible>IsEmpty(Window.Property(IsRadio))+Control.IsVisible(13)</visible>
            <include>WindowTitle</include>
            <label>$LOCALIZE[19029]$INFO[Container(13).ListItem.ChannelName, - ]</label>
        </control>
        <control type="label">
            <include>OpenClose</include>
            <visible>!IsEmpty(Window.Property(IsRadio))+Control.IsVisible(13)</visible>
            <include>WindowTitle</include>
            <label>$LOCALIZE[19029]$INFO[Container(13).ListItem.ChannelName, - ]</label>
        </control>
        <include>FooterInfo</include>
        <include>Time</include>
        <!-- SIDE MENU -->
        <include>PVRLeftMenu</include>
    </controls>
</window>
