<?xml version="1.0" encoding="utf-8"?>
<window>
    <defaultcontrol>50</defaultcontrol>
    <menucontrol>9000</menucontrol>
    <include>ViewModes</include>
    <controls>
        <include condition="!Skin.HasSetting(DisableFanart)">Fanart_Art</include>
        <include>Player_Show</include>
        <include>OverlayFull</include>
        <include>InfoBackground</include>
        <include condition="skin.HasSetting(rssTicker)">rssTicker</include>
        <control type="group">
            <animation effect="slide" tween="circle" easing="out" time="250" start="0,0" end="660,0" condition="[ControlGroup(9000).HasFocus()|Control.HasFocus(8999)|Control.HasFocus(9060)]">conditional</animation>
            <animation effect="slide" tween="circle" easing="out" time="250" start="0,0" end="-2090,0" condition="Control.HasFocus(505050)">conditional</animation>
            <include>OpenClose</include>
            <control type="group">
                <include>View_50_BigList</include>
                <include>View_51_SlimList</include>
                <include>View_52_ShortList</include>
                <include>Info_52_ShortList_PVR</include>
                <include>View_59_Showcase</include>
                <include>View_53_Grid</include>
                <include>Info_53_Grid</include>
                <include>View_54_Fanart</include>
                <!--<include>Info_54_Fanart</include>-->
                <include>View_5050_CardList</include>
            </control>
        </control>
        <control type="label">
            <include>OpenClose</include>
            <include>WindowTitleSub</include>
            <label>$INFO[Container.NumItems,, $LOCALIZE[31025]]$INFO[Container.CurrentPage,  -  ]$INFO[Container.NumPages,/]</label>
        </control>
        <control type="label">
            <include>OpenClose</include>
            <visible>IsEmpty(Window.Property(IsRadio))</visible>
            <include>WindowTitle</include>
            <label>$LOCALIZE[19040]</label>
        </control>
        <control type="label">
            <include>OpenClose</include>
            <visible>!IsEmpty(Window.Property(IsRadio))</visible>
            <include>WindowTitle</include>
            <label>$LOCALIZE[19040]</label>
        </control>
        <include>FooterInfo</include>
        <include>Time</include>
        <!-- SIDE MENU -->
        <include>PVRLeftMenu</include>
    </controls>
</window>
