<?xml version="1.0" encoding="utf-8"?>
<window type="dialog">
    <defaultcontrol always="true">5</defaultcontrol>
    <controls>
        <!-- <include>DimBG</include> -->
        <include>TopBar</include>
        <control type="group">
            <include>FacadeFadeDialogs2ndLevelCondition</include>
            <visible>![Window.IsVisible(LockSettings.xml)]</visible>
            <include>Icon_Fade</include>
            <control type="group">
                <include>DialogOpenClose</include>
                <control type="image">
                    <posx>-200</posx>
                    <posy>240</posy>
                    <width>2320</width>
                    <height>600</height>
                    <include>DialogTransparency</include>
                    <texture border="150,40,150,40">$VAR[Theme.Color]/common/bg_dialog.png</texture>
                </control>
                <control type="image">
                    <posx>100</posx>
                    <posy>232</posy>
                    <width>1720</width>
                    <height>217</height>
                    <texture border="100">$VAR[Theme.Color]/common/bg_list.png</texture>
                </control>
                <control type="image">
                    <posx>100</posx>
                    <posy>676</posy>
                    <width>1720</width>
                    <height>172</height>
                    <texture border="100">$VAR[Theme.Color]/common/bg_list.png</texture>
                </control>
                <control type="label" id="102">
                    <posx>TextMargin</posx>
                    <posy>273</posy>
                    <width>1800</width>
                    <height>105</height>
                    <align>center</align>
                    <font>InfoTitleFont</font>
                    <include>TextColor_MainColor</include>
                </control>
                <control type="label" id="103">
                    <posx>TextMargin</posx>
                    <posy>360</posy>
                    <width>1800</width>
                    <height>35</height>
                    <align>center</align>
                    <font>InfoTitleSubFont</font>
                    <include>TextColor_MainColor</include>
                </control>
                <control type="image">
                    <posx>25</posx>
                    <posy>408</posy>
                    <width>309</width>
                    <height>309</height>
                    <texture>$VAR[Theme.Color]/defaultArtistBig.png</texture>
                </control>
                <control type="image" id="101">
                    <posx>25</posx>
                    <posy>408</posy>
                    <width>309</width>
                    <height>309</height>
                    <texture>trick.png</texture>
                    <aspectratio>keep</aspectratio>
                    <include>ThumbBorder</include>
                </control>
                <control type="grouplist" id="5">
                    <description>Control Area</description>
                    <posx>304</posx>
                    <posy>408</posy>
                    <width>1616</width>
                    <height>308</height>
                    <itemgap>0</itemgap>
                    <orientation>vertical</orientation>
                    <onright>60</onright>
                    <onup>5</onup>
                    <ondown>9001</ondown>
                    <pagecontrol>60</pagecontrol>
                </control>
                <control type="button" id="7">
                    <width>1616</width>
                    <height>77</height>
                    <include>LeftMenuButtonWide</include>
                </control>
                <control type="radiobutton" id="8">
                    <width>1616</width>
                    <height>77</height>
                    <radioposx>1512</radioposx>
                    <textwidth>1396</textwidth>
                    <include>LeftMenuButtonWide</include>
                </control>
                <control type="spincontrolex" id="9">
                    <width>1616</width>
                    <height>77</height>
                    <include>LeftMenuButtonWide</include>
                </control>
                <control type="image" id="11">
                    <description>Default Seperator</description>
                    <height>1</height>
                    <texture border="150,0,150,0">$VAR[Theme.Color]/list/bg_facade_separator.png</texture>
                </control>
                <control type="label" id="14">
                    <description>Default Label</description>
                    <label>-</label>
                    <font>LeftMenuTitleFont</font>
                    <include>TextColor_AlternateColor</include>
                    <include>LeftMenuButtonWide</include>
                </control>
                <control type="scrollbar" id="60">
                    <posx>1886</posx>
                    <posy>408</posy>
                    <height>308</height>
                    <onleft>5</onleft>
                    <onright>5</onright>
                    <include>VerticalScroller</include>
                </control>
                <control type="grouplist" id="9001">
                    <posx>0</posx>
                    <posy>717</posy>
                    <width>1920</width>
                    <height>90</height>
                    <itemgap>30</itemgap>
                    <aligny>bottom</aligny>
                    <align>center</align>
                    <orientation>horizontal</orientation>
                    <onup>5</onup>
                    <control type="button" id="28">
                        <include>ButtonFocusAnimation</include>
                        <label>$LOCALIZE[186]</label>
                    </control>
                    <control type="button" id="29">
                        <include>ButtonFocusAnimation</include>
                        <label>$LOCALIZE[222]</label>
                    </control>
                </control>
            </control>
        </control>
        <control type="label" id="2">
            <description>header label</description>
            <left>4000</left>
            <top>20</top>
            <width>620</width>
            <height>30</height>
            <label>-</label>
        </control>
    </controls>
</window>
