<?xml version="1.0" encoding="utf-8"?>
<window id="3001">
    <!-- The following property allows TvTunes to keep playing when this window is displayed -->
    <onload condition="!IsEmpty(ListItem.TvShowTitle)">SetProperty("TvTunesSupported", "TvShows")</onload>
    <onload condition="IsEmpty(ListItem.TvShowTitle)">SetProperty("TvTunesSupported", "Movies")</onload>
    <views>51</views>
    <defaultcontrol always="true">51</defaultcontrol>
    <controls>
        <include condition="!Skin.HasSetting(DisableFanart)">Fanart_Art</include>
        <include>Player_Show</include>
        <include>OverlayFull</include>
        <include>InfoBackground</include>
        <control type="group">
            <animation effect="slide" tween="circle" easing="out" time="250" start="0,0" end="-2090,0" condition="Control.HasFocus(505050)">conditional</animation>
            <include>OpenClose</include>
            <control type="group">
                <include>View_50_BigList_Extras</include>
            </control>
        </control>
        <control type="label">
            <include>OpenClose</include>
            <include>WindowTitle</include>
            <label>$ADDON[script.videoextras 32001]$INFO[ListItem.Title, - ]</label>
        </control>
        <control type="label">
            <include>OpenClose</include>
            <include>WindowTitleSub</include>
            <label>$INFO[Container.NumItems,, $LOCALIZE[31025]]$INFO[Container.CurrentPage,  -  ]$INFO[Container.NumPages,/]</label>
        </control>
        <include>FooterInfo</include>
        <include>Time</include>
    </controls>
</window>
