<?xml version="1.0" encoding="utf-8"?>
<window>
    <defaultcontrol always="true">9090</defaultcontrol>
    <include>DialogOpenClose</include>
    <controls>
        <control type="group">
            <posy>173</posy>
            <control type="label">
                <posx>0</posx>
                <align>center</align>
                <width>660</width>
                <include>LeftMenuTitleLabel</include>
                <label>$LOCALIZE[16017]</label>
            </control>
            <control type="image">
                <posx>0</posx>
                <posy>50</posy>
                <width>660</width>
                <height>160</height>
                <texture border="100">$VAR[Theme.Color]/common/bg_list.png</texture>
            </control>
            <control type="label" id="600">
                <posx>TextMargin</posx>
                <posy>50</posy>
                <width>570</width>
                <height>160</height>
                <align>center</align>
                <include>TextColor_MainColor</include>
                <font>ButtonFont</font>
            </control>
            <control type="panel" id="9090">
                <left>0</left>
                <top>166</top>
                <width>660</width>
                <height>470</height>
                <onright>Close</onright>
                <onleft>9090</onleft>
                <ondown>9091</ondown>
                <onup>9090</onup>
                <orientation>vertical</orientation>
                <scrolltime tween="quadratic" easing="out">200</scrolltime>
                <itemlayout height="80" width="220">
                    <control type="label">
                        <left>20</left>
                        <top>4</top>
                        <width>180</width>
                        <height>103</height>
                        <align>center</align>
                        <aligny>center</aligny>
                        <include>TextColor_AlternateColor</include>
                        <font>SmallButtonFont</font>
                        <label>$INFO[ListItem.Label]</label>
                    </control>
                    <control type="label">
                        <left>20</left>
                        <top>32</top>
                        <width>180</width>
                        <height>103</height>
                        <align>center</align>
                        <aligny>center</aligny>
                        <include>TextColor_AlternateColor</include>
                        <font>BadgeFont</font>
                        <label>$INFO[ListItem.Label2]</label>
                    </control>
                </itemlayout>
                <focusedlayout height="80" width="220">
                    <control type="group">
                        <include>ListFocusAnimation</include>
                        <control type="image">
                            <left>0</left>
                            <top>27</top>
                            <width>220</width>
                            <height>80</height>
                            <texture border="1">$VAR[Theme.Color]/list/bg_facade_focus.png</texture>
                        </control>
                        <control type="label">
                            <left>20</left>
                            <top>4</top>
                            <width>180</width>
                            <height>103</height>
                            <align>center</align>
                            <aligny>center</aligny>
                            <font>SmallButtonFont</font>
                            <include>TextColor_MainColor</include>
                            <label>$INFO[ListItem.Label]</label>
                        </control>
                        <control type="label">
                            <left>20</left>
                            <top>32</top>
                            <width>180</width>
                            <height>103</height>
                            <align>center</align>
                            <aligny>center</aligny>
                            <include>TextColor_MainColor</include>
                            <font>BadgeFont</font>
                            <label>$INFO[ListItem.Label2]</label>
                        </control>
                    </control>
                </focusedlayout>
            </control>
            <control type="image">
                <posx>0</posx>
                <posy>495</posy>
                <width>660</width>
                <height>366</height>
                <texture border="100">$VAR[Theme.Color]/common/bg_list.png</texture>
            </control>
            <control type="panel" id="9091">
                <left>0</left>
                <top>536</top>
                <width>660</width>
                <height>284</height>
                <onleft>60</onleft>
                <onright>Close</onright>
                <onup>9090</onup>
                <ondown>9091</ondown>
                <onback>noop</onback>
                <orientation>vertical</orientation>
                <pagecontrol>60</pagecontrol>
                <scrolltime tween="quadratic" easing="out">200</scrolltime>
                <itemlayout height="71" width="660">
                    <control type="label">
                        <posx>60</posx>
                        <height>69</height>
                        <width>540</width>
                        <font>FacadeListMainFont</font>
                        <align>center</align>
                        <include>TextColor_AlternateColor</include>
                        <label>$INFO[ListItem.Label]</label>
                        <scroll>false</scroll>
                    </control>
                </itemlayout>
                <focusedlayout height="71" width="660">
                    <control type="group">
                        <include>ListFocusAnimation</include>
                        <control type="image">
                            <posx>0</posx>
                            <posy>0</posy>
                            <height>71</height>
                            <width>660</width>
                            <texture border="1">$VAR[Theme.Color]/list/bg_facade_focus.png</texture>
                        </control>
                        <control type="label">
                            <posx>60</posx>
                            <height>69</height>
                            <width>540</width>
                            <font>FacadeListMainFont</font>
                            <align>center</align>
                            <include>TextColor_MainColor</include>
                            <label>$INFO[ListItem.Label]</label>
                        </control>
                    </control>
                </focusedlayout>
            </control>
            <control type="scrollbar" id="60">
                <posx>-20</posx>
                <posy>536</posy>
                <height>284</height>
                <include>VerticalScroller</include>
                <onleft>60</onleft>
                <onright>9091</onright>
            </control>
        </control>
        <include>TopBar</include>
        <control type="button">
            <posx>710</posx>
            <posy>183</posy>
            <width>200</width>
            <height>800</height>
            <texturefocus>-</texturefocus>
            <texturenofocus>-</texturenofocus>
            <onfocus>Close</onfocus>
        </control>
    </controls>
</window>
