<?xml version="1.0" encoding="UTF-8"?>
<window>
    <!--<defaultcontrol always="true">9000</defaultcontrol>-->
    <menucontrol>9000</menucontrol>
    <include>DialogOpenClose</include>
    <controls>
        <!-- <include>DimBG</include> -->
        <control type="group">
            <visible>![
                Window.IsVisible(DialogButtonMenu.xml)|
                Window.IsVisible(DialogKeyboard.xml)|
                Window.IsVisible(DialogNumeric.xml)|
                Window.IsVisible(DialogOk.xml)|
                Window.IsVisible(DialogFileStacking.xml)|
                Window.IsVisible(DialogContextMenu.xml)|
                Window.IsVisible(DialogYesNo.xml)|
                Window.IsVisible(DialogSelect.xml)|
                Window.IsVisible(FileBrowser.xml)|
                Window.IsVisible(DialogTextViewer.xml)|
                Window.IsVisible(DialogProgress.xml)|
                Window.IsVisible(script-globalsearch-contextmenu.xml)
                ]</visible>
            <include>Icon_Fade</include>
            <include>TopBar</include>
            <control type="group" id="101">
                <animation effect="slide" tween="circle" easing="out" time="250" start="0,0" end="660,0" condition="[ControlGroup(9000).HasFocus()|Control.HasFocus(8999)|Control.HasFocus(9060)]">conditional</animation>
                <include>DialogOpenClose</include>
                <!--HIDDEN-->
                <control type="list" id="100">
                    <posx>-10</posx>
                    <posy>-10</posy>
                    <width>1</width>
                    <height>1</height>
                    <visible>false</visible>
                    <itemlayout width="1" height="1"/>
                    <focusedlayout width="1" height="1"/>
                </control>
                <control type="image">
                    <posx>-760</posx>
                    <posy>150</posy>
                    <width>2930</width>
                    <height>876</height>
                    <include>DialogTransparency</include>
                    <texture border="150,40,150,40">$VAR[Theme.Color]/common/bg_dialog.png</texture>
                </control>
                <control type="image">
                    <posx>100</posx>
                    <posy>142</posy>
                    <width>1720</width>
                    <height>217</height>
                    <texture border="100">$VAR[Theme.Color]/common/bg_list.png</texture>
                </control>
                <control type="label">
                    <posx>TextMargin</posx>
                    <posy>183</posy>
                    <width>1800</width>
                    <height>135</height>
                    <align>center</align>
                    <font>InfoTitleFont</font>
                    <include>TextColor_MainColor</include>
                    <label>$INFO[Container(100).ListItem.Label]</label>
                </control>
                <!--THUMB-->
                <control type="image">
                    <visible>SubString(Container(100).ListItem.Icon,Default,Left)</visible>
                    <posx>TextMargin</posx>
                    <posy>348</posy>
                    <width>424</width>
                    <height>615</height>
                    <texture>$VAR[Theme.Color]/defaultIconBig.png</texture>
                    <aspectratio aligny="top">keep</aspectratio>
                </control>
                <control type="image">
                    <posx>25</posx>
                    <posy>313</posy>
                    <width>494</width>
                    <height>685</height>
                    <texture background="true">$INFO[Container(100).ListItem.Icon]</texture>
                    <include>ThumbBorder</include>
                    <aspectratio aligny="top">keep</aspectratio>
                </control>
                <!--EPG-->
                <control type="panel" id="200">
                    <onleft>9000</onleft>
                    <height>390</height>
                    <onright>2006</onright>
                    <onup>200</onup>
                    <ondown>195</ondown>
                    <pagecontrol>2006</pagecontrol>
                    <include>List_9009_Commons</include>
                    <content>
                        <item>
                            <label>$LOCALIZE[19080]</label>
                            <label2>$INFO[Container(100).ListItem.Property(StartTime)]</label2>
                            <onclick>noop</onclick>
                            <visible>!IsEmpty(Container(100).ListItem.Property(StartTime))</visible>
                        </item>
                        <item>
                            <label>$LOCALIZE[19081]</label>
                            <label2>$INFO[Container(100).ListItem.Property(EndTime)]</label2>
                            <onclick>noop</onclick>
                            <visible>!IsEmpty(Container(100).ListItem.Property(EndTime))</visible>
                        </item>
                        <item>
                            <label>$LOCALIZE[2050]:</label>
                            <label2>$INFO[Container(100).ListItem.Property(Duration),, $LOCALIZE[12391]]</label2>
                            <onclick>noop</onclick>
                            <visible>!IsEmpty(Container(100).ListItem.Property(Duration))</visible>
                        </item>
                        <item>
                            <label>$LOCALIZE[515]:</label>
                            <label2>$INFO[Container(100).ListItem.Property(Genre)]</label2>
                            <onclick>noop</onclick>
                            <visible>!IsEmpty(Container(100).ListItem.Property(Genre))</visible>
                        </item>
                        <item>
                            <label>$LOCALIZE[19148]:</label>
                            <label2>$INFO[Container(100).ListItem.Property(ChannelName)]</label2>
                            <onclick>noop</onclick>
                            <visible>!IsEmpty(Container(100).ListItem.Property(ChannelName))</visible>
                        </item>
                        <item>
                            <label>$LOCALIZE[15311]</label>
                            <label2>$INFO[Container(100).ListItem.Property(Path)]</label2>
                            <onclick>noop</onclick>
                            <visible>!IsEmpty(Container(100).ListItem.Property(Path))</visible>
                        </item>
                    </content>
                </control>
                <control type="scrollbar" id="2006">
                    <visible>control.isvisible(200)</visible>
                    <posx>1886</posx>
                    <posy>318</posy>
                    <height>390</height>
                    <include>VerticalScroller</include>
                    <onleft>200</onleft>
                    <onright>2006</onright>
                </control>
                <!--MOVIE-->
                <control type="panel" id="110">
                    <onleft>9000</onleft>
                    <height>390</height>
                    <onright>1106</onright>
                    <onup>110</onup>
                    <ondown>195</ondown>
                    <pagecontrol>1106</pagecontrol>
                    <include>List_9009_Commons</include>
                    <content>
                        <item>
                            <label>$LOCALIZE[20339]:</label>
                            <label2>$INFO[Container(100).ListItem.Property(Director)]</label2>
                            <onclick>noop</onclick>
                            <visible>!IsEmpty(Container(100).ListItem.Property(Director))</visible>
                        </item>
                        <item>
                            <label>$LOCALIZE[572]:</label>
                            <label2>$INFO[Container(100).ListItem.Property(Studio)]</label2>
                            <onclick>noop</onclick>
                            <visible>!IsEmpty(Container(100).ListItem.Property(Studio))</visible>
                        </item>
                        <item>
                            <label>$LOCALIZE[515]:</label>
                            <label2>$INFO[Container(100).ListItem.Property(Genre)]</label2>
                            <onclick>noop</onclick>
                            <visible>!IsEmpty(Container(100).ListItem.Property(Genre))</visible>
                        </item>
                        <item>
                            <label>$LOCALIZE[562]:</label>
                            <label2>$INFO[Container(100).ListItem.Property(Year)]</label2>
                            <onclick>noop</onclick>
                            <visible>!IsEmpty(Container(100).ListItem.Property(Year))</visible>
                        </item>
                        <item>
                            <label>$LOCALIZE[2050]:</label>
                            <label2>$INFO[Container(100).ListItem.Property(Duration),, $LOCALIZE[12391]]</label2>
                            <onclick>noop</onclick>
                            <visible>!IsEmpty(Container(100).ListItem.Property(Duration)) + !SubString(Container(100).ListItem.Property(Duration),min)</visible>
                        </item>
                        <item>
                            <label>$LOCALIZE[2050]:</label>
                            <label2>$INFO[Container(100).ListItem.Property(Duration)]</label2>
                            <onclick>noop</onclick>
                            <visible>!IsEmpty(Container(100).ListItem.Property(Duration)) + SubString(Container(100).ListItem.Property(Duration),min)</visible>
                        </item>
                        <item>
                            <label>$LOCALIZE[563]:</label>
                            <label2>$INFO[Container(100).ListItem.Property(Rating)]</label2>
                            <onclick>noop</onclick>
                            <visible>!IsEmpty(Container(100).ListItem.Property(Rating))</visible>
                        </item>
                        <item>
                            <label>$LOCALIZE[202]:</label>
                            <label2>$INFO[Container(100).ListItem.Property(TagLine)]</label2>
                            <onclick>noop</onclick>
                            <visible>!IsEmpty(Container(100).ListItem.Property(TagLine))</visible>
                        </item>
                        <item>
                            <label>$LOCALIZE[203]:</label>
                            <label2>$INFO[Container(100).ListItem.Property(PlotOutline)]</label2>
                            <onclick>noop</onclick>
                            <visible>!IsEmpty(Container(100).ListItem.Property(PlotOutline))</visible>
                        </item>
                        <item>
                            <label>$LOCALIZE[20074]:</label>
                            <label2>$INFO[Container(100).ListItem.Property(Mpaa)]</label2>
                            <onclick>noop</onclick>
                            <visible>!IsEmpty(Container(100).ListItem.Property(Mpaa))</visible>
                        </item>
                        <item>
                            <label>$LOCALIZE[567]:</label>
                            <label2>$INFO[Container(100).ListItem.Property(Playcount)]</label2>
                            <onclick>noop</onclick>
                            <visible>!IsEmpty(Container(100).ListItem.Property(Playcount))</visible>
                        </item>
                        <item>
                            <label>$LOCALIZE[15311]</label>
                            <label2>$INFO[Container(100).ListItem.Property(Path)]</label2>
                            <onclick>noop</onclick>
                            <visible>!IsEmpty(Container(100).ListItem.Property(Path))</visible>
                        </item>
                    </content>
                </control>
                <control type="scrollbar" id="1106">
                    <visible>control.isvisible(110)</visible>
                    <posx>1886</posx>
                    <posy>318</posy>
                    <height>390</height>
                    <include>VerticalScroller</include>
                    <onleft>110</onleft>
                    <onright>1106</onright>
                </control>
                <!--TVSHOW-->
                <control type="panel" id="120">
                    <onleft>9000</onleft>
                    <height>390</height>
                    <onright>2006</onright>
                    <onup>120</onup>
                    <ondown>195</ondown>
                    <pagecontrol>1206</pagecontrol>
                    <include>List_9009_Commons</include>
                    <content>
                        <item>
                            <label>$LOCALIZE[20360]:</label>
                            <label2>$INFO[Container(100).ListItem.Property(Episode)]</label2>
                            <onclick>noop</onclick>
                            <visible>!IsEmpty(Container(100).ListItem.Property(Episode))</visible>
                        </item>
                        <item>
                            <label>$LOCALIZE[20416]:</label>
                            <label2>$INFO[Container(100).ListItem.Property(Premiered)]</label2>
                            <onclick>noop</onclick>
                            <visible>!IsEmpty(Container(100).ListItem.Property(Premiered))</visible>
                        </item>
                        <item>
                            <label>$LOCALIZE[572]:</label>
                            <label2>$INFO[Container(100).ListItem.Property(Studio)]</label2>
                            <onclick>noop</onclick>
                            <visible>!IsEmpty(Container(100).ListItem.Property(Studio))</visible>
                        </item>
                        <item>
                            <label>$LOCALIZE[515]:</label>
                            <label2>$INFO[Container(100).ListItem.Property(Genre)]</label2>
                            <onclick>noop</onclick>
                            <visible>!IsEmpty(Container(100).ListItem.Property(Genre))</visible>
                        </item>
                        <item>
                            <label>$LOCALIZE[562]:</label>
                            <label2>$INFO[Container(100).ListItem.Property(Year)]</label2>
                            <onclick>noop</onclick>
                            <visible>!IsEmpty(Container(100).ListItem.Property(Year))</visible>
                        </item>
                        <item>
                            <label>$LOCALIZE[563]:</label>
                            <label2>$INFO[Container(100).ListItem.Property(Rating)]</label2>
                            <onclick>noop</onclick>
                            <visible>!IsEmpty(Container(100).ListItem.Property(Rating))</visible>
                        </item>
                        <item>
                            <label>$LOCALIZE[20074]:</label>
                            <label2>$INFO[Container(100).ListItem.Property(Mpaa)]</label2>
                            <onclick>noop</onclick>
                            <visible>!IsEmpty(Container(100).ListItem.Property(Mpaa))</visible>
                        </item>
                        <item>
                            <label>$LOCALIZE[567]:</label>
                            <label2>$INFO[Container(100).ListItem.Property(Playcount)]</label2>
                            <onclick>noop</onclick>
                            <visible>!IsEmpty(Container(100).ListItem.Property(Playcount))</visible>
                        </item>
                        <item>
                            <label>$LOCALIZE[15311]</label>
                            <label2>$INFO[Container(100).ListItem.Property(Path)]</label2>
                            <onclick>noop</onclick>
                            <visible>!IsEmpty(Container(100).ListItem.Property(Path))</visible>
                        </item>
                    </content>
                </control>
                <control type="scrollbar" id="1206">
                    <visible>control.isvisible(120)</visible>
                    <posx>1886</posx>
                    <posy>318</posy>
                    <height>390</height>
                    <include>VerticalScroller</include>
                    <onleft>120</onleft>
                    <onright>1206</onright>
                </control>
                <!--SEASON-->
                <control type="panel" id="130">
                    <onleft>9000</onleft>
                    <height>390</height>
                    <onright>2006</onright>
                    <onup>130</onup>
                    <ondown>195</ondown>
                    <pagecontrol>1306</pagecontrol>
                    <include>List_9009_Commons</include>
                    <content>
                        <item>
                            <label>$LOCALIZE[20364]:</label>
                            <label2>$INFO[Container(100).ListItem.Property(TVShowTitle)]</label2>
                            <onclick>noop</onclick>
                            <visible>!IsEmpty(Container(100).ListItem.Property(TVShowTitle))</visible>
                        </item>
                        <item>
                            <label>$LOCALIZE[20360]:</label>
                            <label2>$INFO[Container(100).ListItem.Property(Episode)]</label2>
                            <onclick>noop</onclick>
                            <visible>!IsEmpty(Container(100).ListItem.Property(Episode))</visible>
                        </item>
                        <item>
                            <label>$LOCALIZE[567]:</label>
                            <label2>$INFO[Container(100).ListItem.Property(Playcount)]</label2>
                            <onclick>noop</onclick>
                            <visible>!IsEmpty(Container(100).ListItem.Property(Playcount))</visible>
                        </item>
                        <item>
                            <label>$LOCALIZE[15311]</label>
                            <label2>$INFO[Container(100).ListItem.Property(Path)]</label2>
                            <onclick>noop</onclick>
                            <visible>!IsEmpty(Container(100).ListItem.Property(Path))</visible>
                        </item>
                    </content>
                </control>
                <control type="scrollbar" id="1306">
                    <visible>control.isvisible(130)</visible>
                    <posx>1886</posx>
                    <posy>318</posy>
                    <height>390</height>
                    <include>VerticalScroller</include>
                    <onleft>130</onleft>
                    <onright>1306</onright>
                </control>
                <!--EPISODE-->
                <control type="panel" id="140">
                    <onleft>9000</onleft>
                    <height>390</height>
                    <onright>2006</onright>
                    <onup>140</onup>
                    <ondown>195</ondown>
                    <pagecontrol>1406</pagecontrol>
                    <include>List_9009_Commons</include>
                    <content>
                        <item>
                            <label>$LOCALIZE[20364]:</label>
                            <label2>$INFO[Container(100).ListItem.Property(TVShowTitle)]</label2>
                            <onclick>noop</onclick>
                            <visible>!IsEmpty(Container(100).ListItem.Property(TVShowTitle))</visible>
                        </item>
                        <item>
                            <label>$LOCALIZE[20373]:</label>
                            <label2>$INFO[Container(100).ListItem.Property(Season)]</label2>
                            <onclick>noop</onclick>
                            <visible>!IsEmpty(Container(100).ListItem.Property(Season))</visible>
                        </item>
                        <item>
                            <label>$LOCALIZE[20360]:</label>
                            <label2>$INFO[Container(100).ListItem.Property(Episode)]</label2>
                            <onclick>noop</onclick>
                            <visible>!IsEmpty(Container(100).ListItem.Property(Episode))</visible>
                        </item>
                        <item>
                            <label>$LOCALIZE[20339]:</label>
                            <label2>$INFO[Container(100).ListItem.Property(Director)]</label2>
                            <onclick>noop</onclick>
                            <visible>!IsEmpty(Container(100).ListItem.Property(Director))</visible>
                        </item>
                        <item>
                            <label>$LOCALIZE[20416]:</label>
                            <label2>$INFO[Container(100).ListItem.Property(Premiered)]</label2>
                            <onclick>noop</onclick>
                            <visible>!IsEmpty(Container(100).ListItem.Property(Premiered))</visible>
                        </item>
                        <item>
                            <label>$LOCALIZE[2050]:</label>
                            <label2>$INFO[Container(100).ListItem.Property(Duration),, $LOCALIZE[12391]]</label2>
                            <onclick>noop</onclick>
                            <visible>!IsEmpty(Container(100).ListItem.Property(Duration)) + !SubString(Container(100).ListItem.Property(Duration),min)</visible>
                        </item>
                        <item>
                            <label>$LOCALIZE[2050]:</label>
                            <label2>$INFO[Container(100).ListItem.Property(Duration)]</label2>
                            <onclick>noop</onclick>
                            <visible>!IsEmpty(Container(100).ListItem.Property(Duration)) + SubString(Container(100).ListItem.Property(Duration),min)</visible>
                        </item>
                        <item>
                            <label>$LOCALIZE[563]:</label>
                            <label2>$INFO[Container(100).ListItem.Property(Rating)]</label2>
                            <onclick>noop</onclick>
                            <visible>!IsEmpty(Container(100).ListItem.Property(Rating))</visible>
                        </item>
                        <item>
                            <label>$LOCALIZE[567]:</label>
                            <label2>$INFO[Container(100).ListItem.Property(Playcount)]</label2>
                            <onclick>noop</onclick>
                            <visible>!IsEmpty(Container(100).ListItem.Property(Playcount))</visible>
                        </item>
                        <item>
                            <label>$LOCALIZE[15311]</label>
                            <label2>$INFO[Container(100).ListItem.Property(Path)]</label2>
                            <onclick>noop</onclick>
                            <visible>!IsEmpty(Container(100).ListItem.Property(Path))</visible>
                        </item>
                    </content>
                </control>
                <control type="scrollbar" id="1406">
                    <visible>control.isvisible(140)</visible>
                    <posx>1886</posx>
                    <posy>318</posy>
                    <height>390</height>
                    <include>VerticalScroller</include>
                    <onleft>140</onleft>
                    <onright>1406</onright>
                </control>
                <!--MUSIC VIDEO-->
                <control type="panel" id="150">
                    <onleft>9000</onleft>
                    <height>390</height>
                    <onright>2006</onright>
                    <onup>150</onup>
                    <ondown>195</ondown>
                    <pagecontrol>1506</pagecontrol>
                    <include>List_9009_Commons</include>
                    <content>
                        <item>
                            <label>$LOCALIZE[557]:</label>
                            <label2>$INFO[Container(100).ListItem.Property(Artist)]</label2>
                            <onclick>noop</onclick>
                            <visible>!IsEmpty(Container(100).ListItem.Property(Artist))</visible>
                        </item>
                        <item>
                            <label>$LOCALIZE[558]:</label>
                            <label2>$INFO[Container(100).ListItem.Property(Album)]</label2>
                            <onclick>noop</onclick>
                            <visible>!IsEmpty(Container(100).ListItem.Property(Album))</visible>
                        </item>
                        <item>
                            <label>$LOCALIZE[515]:</label>
                            <label2>$INFO[Container(100).ListItem.Property(Genre)]</label2>
                            <onclick>noop</onclick>
                            <visible>!IsEmpty(Container(100).ListItem.Property(Genre))</visible>
                        </item>
                        <item>
                            <label>$LOCALIZE[572]:</label>
                            <label2>$INFO[Container(100).ListItem.Property(Studio)]</label2>
                            <onclick>noop</onclick>
                            <visible>!IsEmpty(Container(100).ListItem.Property(Studio))</visible>
                        </item>
                        <item>
                            <label>$LOCALIZE[20339]:</label>
                            <label2>$INFO[Container(100).ListItem.Property(Director)]</label2>
                            <onclick>noop</onclick>
                            <visible>!IsEmpty(Container(100).ListItem.Property(Director))</visible>
                        </item>
                        <item>
                            <label>$LOCALIZE[562]:</label>
                            <label2>$INFO[Container(100).ListItem.Property(Year)]</label2>
                            <onclick>noop</onclick>
                            <visible>!IsEmpty(Container(100).ListItem.Property(Year))</visible>
                        </item>
                        <item>
                            <label>$LOCALIZE[2050]:</label>
                            <label2>$INFO[Container(100).ListItem.Property(Duration)]</label2>
                            <onclick>noop</onclick>
                            <visible>!IsEmpty(Container(100).ListItem.Property(Duration))</visible>
                        </item>
                        <item>
                            <label>$LOCALIZE[567]:</label>
                            <label2>$INFO[Container(100).ListItem.Property(Playcount)]</label2>
                            <onclick>noop</onclick>
                            <visible>!IsEmpty(Container(100).ListItem.Property(Playcount))</visible>
                        </item>
                        <item>
                            <label>$LOCALIZE[15311]</label>
                            <label2>$INFO[Container(100).ListItem.Property(Path)]</label2>
                            <onclick>noop</onclick>
                            <visible>!IsEmpty(Container(100).ListItem.Property(Path))</visible>
                        </item>
                    </content>
                </control>
                <control type="scrollbar" id="1506">
                    <visible>control.isvisible(150)</visible>
                    <posx>1886</posx>
                    <posy>318</posy>
                    <height>390</height>
                    <include>VerticalScroller</include>
                    <onleft>150</onleft>
                    <onright>1506</onright>
                </control>
                <!--ARTIST-->
                <control type="panel" id="160">
                    <onleft>9000</onleft>
                    <height>390</height>
                    <onright>2006</onright>
                    <onup>160</onup>
                    <ondown>195</ondown>
                    <pagecontrol>1606</pagecontrol>
                    <include>List_9009_Commons</include>
                    <content>
                        <item>
                            <label>$LOCALIZE[21893]:</label>
                            <label2>$INFO[Container(100).ListItem.Property(Artist_Born)]</label2>
                            <onclick>noop</onclick>
                            <visible>!IsEmpty(Container(100).ListItem.Property(Artist_Born))</visible>
                        </item>
                        <item>
                            <label>$LOCALIZE[21894]:</label>
                            <label2>$INFO[Container(100).ListItem.Property(Artist_Formed)]</label2>
                            <onclick>noop</onclick>
                            <visible>!IsEmpty(Container(100).ListItem.Property(Artist_Formed))</visible>
                        </item>
                        <item>
                            <label>$LOCALIZE[21897]:</label>
                            <label2>$INFO[Container(100).ListItem.Property(Artist_Died)]</label2>
                            <onclick>noop</onclick>
                            <visible>!IsEmpty(Container(100).ListItem.Property(Artist_Died))</visible>
                        </item>
                        <item>
                            <label>$LOCALIZE[21896]:</label>
                            <label2>$INFO[Container(100).ListItem.Property(Artist_Disbanded)]</label2>
                            <onclick>noop</onclick>
                            <visible>!IsEmpty(Container(100).ListItem.Property(Artist_Disbanded))</visible>
                        </item>
                        <item>
                            <label>$LOCALIZE[21898]:</label>
                            <label2>$INFO[Container(100).ListItem.Property(Artist_YearsActive)]</label2>
                            <onclick>noop</onclick>
                            <visible>!IsEmpty(Container(100).ListItem.Property(Artist_YearsActive))</visible>
                        </item>
                        <item>
                            <label>$LOCALIZE[175]:</label>
                            <label2>$INFO[Container(100).ListItem.Property(Artist_Mood)]</label2>
                            <onclick>noop</onclick>
                            <visible>!IsEmpty(Container(100).ListItem.Property(Artist_Mood))</visible>
                        </item>
                        <item>
                            <label>$LOCALIZE[176]:</label>
                            <label2>$INFO[Container(100).ListItem.Property(Artist_Style)]</label2>
                            <onclick>noop</onclick>
                            <visible>!IsEmpty(Container(100).ListItem.Property(Artist_Style))</visible>
                        </item>
                        <item>
                            <label>$LOCALIZE[515]:</label>
                            <label2>$INFO[Container(100).ListItem.Property(Genre)]</label2>
                            <onclick>noop</onclick>
                            <visible>!IsEmpty(Container(100).ListItem.Property(Genre))</visible>
                        </item>
                        <item>
                            <label>$LOCALIZE[15311]:</label>
                            <label2>$INFO[Container(100).ListItem.Property(Path)]</label2>
                            <onclick>noop</onclick>
                            <visible>!IsEmpty(Container(100).ListItem.Property(Path))</visible>
                        </item>
                    </content>
                </control>
                <control type="scrollbar" id="1606">
                    <visible>control.isvisible(160)</visible>
                    <posx>1886</posx>
                    <posy>318</posy>
                    <height>390</height>
                    <include>VerticalScroller</include>
                    <onleft>160</onleft>
                    <onright>1606</onright>
                </control>
                <!--ALBUM-->
                <control type="panel" id="170">
                    <onleft>9000</onleft>
                    <height>390</height>
                    <onright>2006</onright>
                    <onup>170</onup>
                    <ondown>195</ondown>
                    <pagecontrol>1706</pagecontrol>
                    <include>List_9009_Commons</include>
                    <content>
                        <item>
                            <label>$LOCALIZE[557]:</label>
                            <label2>$INFO[Container(100).ListItem.Property(Artist)]</label2>
                            <onclick>noop</onclick>
                            <visible>!IsEmpty(Container(100).ListItem.Property(Artist))</visible>
                        </item>
                        <item>
                            <label>$LOCALIZE[515]:</label>
                            <label2>$INFO[Container(100).ListItem.Property(Genre)]</label2>
                            <onclick>noop</onclick>
                            <visible>!IsEmpty(Container(100).ListItem.Property(Genre))</visible>
                        </item>
                        <item>
                            <label>$LOCALIZE[563]:</label>
                            <label2>$INFO[Container(100).ListItem.Property(Album_Rating)]</label2>
                            <onclick>noop</onclick>
                            <visible>!IsEmpty(Container(100).ListItem.Property(Rating))</visible>
                        </item>
                        <item>
                            <label>$LOCALIZE[175]:</label>
                            <label2>$INFO[Container(100).ListItem.Property(Album_Mood)]</label2>
                            <onclick>noop</onclick>
                            <visible>!IsEmpty(Container(100).ListItem.Property(Album_Mood))</visible>
                        </item>
                        <item>
                            <label>$LOCALIZE[176]:</label>
                            <label2>$INFO[Container(100).ListItem.Property(Album_Style)]</label2>
                            <onclick>noop</onclick>
                            <visible>!IsEmpty(Container(100).ListItem.Property(Album_Style))</visible>
                        </item>
                        <item>
                            <label>$LOCALIZE[21895]:</label>
                            <label2>$INFO[Container(100).ListItem.Property(Album_Theme)]</label2>
                            <onclick>noop</onclick>
                            <visible>!IsEmpty(Container(100).ListItem.Property(Album_Theme))</visible>
                        </item>
                        <item>
                            <label>$LOCALIZE[146]</label>
                            <label2>$INFO[Container(100).ListItem.Property(Album_Type)]</label2>
                            <onclick>noop</onclick>
                            <visible>!IsEmpty(Container(100).ListItem.Property(Album_Type))</visible>
                        </item>
                        <item>
                            <label>$LOCALIZE[21899]:</label>
                            <label2>$INFO[Container(100).ListItem.Property(Album_Label)]</label2>
                            <onclick>noop</onclick>
                            <visible>!IsEmpty(Container(100).ListItem.Property(Album_Label))</visible>
                        </item>
                        <item>
                            <label>$LOCALIZE[562]:</label>
                            <label2>$INFO[Container(100).ListItem.Property(Year)]</label2>
                            <onclick>noop</onclick>
                            <visible>!IsEmpty(Container(100).ListItem.Property(Year))</visible>
                        </item>
                        <item>
                            <label>$LOCALIZE[15311]</label>
                            <label2>$INFO[Container(100).ListItem.Property(Path)]</label2>
                            <onclick>noop</onclick>
                            <visible>!IsEmpty(Container(100).ListItem.Property(Path))</visible>
                        </item>
                    </content>
                </control>
                <control type="scrollbar" id="1706">
                    <visible>control.isvisible(170)</visible>
                    <posx>1886</posx>
                    <posy>318</posy>
                    <height>390</height>
                    <include>VerticalScroller</include>
                    <onleft>170</onleft>
                    <onright>1706</onright>
                </control>
                <!--SONG-->
                <control type="panel" id="180">
                    <onleft>9000</onleft>
                    <height>390</height>
                    <onright>2006</onright>
                    <onup>180</onup>
                    <ondown>195</ondown>
                    <pagecontrol>1806</pagecontrol>
                    <include>List_9009_Commons</include>
                    <content>
                        <item>
                            <label>$LOCALIZE[557]:</label>
                            <label2>$INFO[Container(100).ListItem.Property(Artist)]</label2>
                            <onclick>noop</onclick>
                            <visible>!IsEmpty(Container(100).ListItem.Property(Artist))</visible>
                        </item>
                        <item>
                            <label>$LOCALIZE[558]</label>
                            <label2>$INFO[Container(100).ListItem.Property(Album)]</label2>
                            <onclick>noop</onclick>
                            <visible>!IsEmpty(Container(100).ListItem.Property(Album))</visible>
                        </item>
                        <item>
                            <label>$LOCALIZE[554]:</label>
                            <label2>$INFO[Container(100).ListItem.Property(Track)]</label2>
                            <onclick>noop</onclick>
                            <visible>!IsEmpty(Container(100).ListItem.Property(Track))</visible>
                        </item>
                        <item>
                            <label>$LOCALIZE[2050]:</label>
                            <label2>$INFO[Container(100).ListItem.Property(Duration),, $LOCALIZE[12391]]</label2>
                            <onclick>noop</onclick>
                            <visible>!IsEmpty(Container(100).ListItem.Property(Duration)) + !SubString(Container(100).ListItem.Property(Duration),min)</visible>
                        </item>
                        <item>
                            <label>$LOCALIZE[2050]:</label>
                            <label2>$INFO[Container(100).ListItem.Property(Duration)]</label2>
                            <onclick>noop</onclick>
                            <visible>!IsEmpty(Container(100).ListItem.Property(Duration)) + SubString(Container(100).ListItem.Property(Duration),min)</visible>
                        </item>
                        <item>
                            <label>$LOCALIZE[563]:</label>
                            <label2>$INFO[Container(100).ListItem.Property(Rating)]</label2>
                            <onclick>noop</onclick>
                            <visible>!IsEmpty(Container(100).ListItem.Property(Rating))</visible>
                        </item>
                        <item>
                            <label>$LOCALIZE[515]:</label>
                            <label2>$INFO[Container(100).ListItem.Property(Genre)]</label2>
                            <onclick>noop</onclick>
                            <visible>!IsEmpty(Container(100).ListItem.Property(Genre))</visible>
                        </item>
                        <item>
                            <label>$LOCALIZE[562]:</label>
                            <label2>$INFO[Container(100).ListItem.Property(Year)]</label2>
                            <onclick>noop</onclick>
                            <visible>!IsEmpty(Container(100).ListItem.Property(Year))</visible>
                        </item>
                        <item>
                            <label>$LOCALIZE[567]:</label>
                            <label2>$INFO[Container(100).ListItem.Property(Playcount)]</label2>
                            <onclick>noop</onclick>
                            <visible>!IsEmpty(Container(100).ListItem.Property(Playcount))</visible>
                        </item>
                        <item>
                            <label>$LOCALIZE[15311]</label>
                            <label2>$INFO[Container(100).ListItem.Property(Path)]</label2>
                            <onclick>noop</onclick>
                            <visible>!IsEmpty(Container(100).ListItem.Property(Path))</visible>
                        </item>
                    </content>
                </control>
                <control type="scrollbar" id="1806">
                    <visible>control.isvisible(180)</visible>
                    <posx>1886</posx>
                    <posy>318</posy>
                    <height>390</height>
                    <include>VerticalScroller</include>
                    <onleft>180</onleft>
                    <onright>1806</onright>
                </control>
                <control type="image">
                    <posx>475</posx>
                    <posy>708</posy>
                    <width>1420</width>
                    <height>1</height>
                    <texture border="150,0,150,0">$VAR[Theme.Color]/list/bg_facade_separator.png</texture>
                </control>
                <!--PLOTS-->
                <control type="group">
                    <visible>!StringCompare(Container(100).ListItem.Property(AudioCodec),)</visible>
                    <control type="textbox">
                        <visible>Control.IsVisible(110) | Control.IsVisible(120) | Control.IsVisible(140) | Control.IsVisible(150) | Control.IsVisible(200)</visible>
                        <posx>560</posx>
                        <posy>730</posy>
                        <width>1300</width>
                        <height>125</height>
                        <font>InfoDetailsFont</font>
                        <label>$INFO[Container(100).ListItem.Property(Plot)]$INFO[Container(100).ListItem.Property(Plot)]$INFO[Container(100).ListItem.Property(Plot)]</label>
                        <pagecontrol>195</pagecontrol>
                    </control>
                    <control type="scrollbar" id="195">
                        <visible>Skin.HasSetting(ManualScroll)</visible>
                        <posx>1886</posx>
                        <posy>730</posy>
                        <height>125</height>
                        <include>VerticalScroller</include>
                        <onleft>9000</onleft>
                        <onright>9000</onright>
                    </control>
                </control>
                <control type="group">
                    <visible>StringCompare(Container(100).ListItem.Property(AudioCodec),)</visible>
                    <control type="textbox">
                        <visible>Control.IsVisible(110) | Control.IsVisible(120) | Control.IsVisible(140) | Control.IsVisible(150) | Control.IsVisible(200)</visible>
                        <posx>560</posx>
                        <posy>730</posy>
                        <width>1300</width>
                        <height>210</height>
                        <font>InfoDetailsFont</font>
                        <label>$INFO[Container(100).ListItem.Property(Plot)]</label>
                        <pagecontrol>195</pagecontrol>
                    </control>
                    <control type="textbox">
                        <visible>Control.IsVisible(160)</visible>
                        <posx>560</posx>
                        <posy>730</posy>
                        <width>1300</width>
                        <height>210</height>
                        <font>InfoDetailsFont</font>
                        <label>$INFO[Container(100).ListItem.Property(Artist_Description)]</label>
                        <pagecontrol>195</pagecontrol>
                    </control>
                    <control type="textbox">
                        <visible>Control.IsVisible(170)</visible>
                        <posx>560</posx>
                        <posy>730</posy>
                        <width>1300</width>
                        <height>210</height>
                        <font>InfoDetailsFont</font>
                        <label>$INFO[Container(100).ListItem.Property(Album_Description)]</label>
                        <pagecontrol>195</pagecontrol>
                    </control>
                    <control type="textbox">
                        <visible>Control.IsVisible(180)</visible>
                        <posx>560</posx>
                        <posy>730</posy>
                        <width>1300</width>
                        <height>210</height>
                        <font>InfoDetailsFont</font>
                        <label>$INFO[Container(100).ListItem.Property(Comment)]</label>
                        <pagecontrol>195</pagecontrol>
                    </control>
                    <control type="scrollbar" id="195">
                        <visible>Skin.HasSetting(ManualScroll)</visible>
                        <posx>1886</posx>
                        <posy>360</posy>
                        <height>210</height>
                        <include>VerticalScroller</include>
                        <onleft>9000</onleft>
                        <onright>9000</onright>
                    </control>
                </control>
                <!--LOGOS-->
                <control type="group">
                    <visible>!StringCompare(Container(100).ListItem.Property(AudioCodec),)</visible>
                    <control type="image">
                        <posx>475</posx>
                        <posy>879</posy>
                        <width>1420</width>
                        <height>1</height>
                        <texture border="150,0,150,0">$VAR[Theme.Color]/list/bg_facade_separator.png</texture>
                    </control>
                    <control type="image">
                        <posx>535</posx>
                        <posy>897</posy>
                        <width>120</width>
                        <height>80</height>
                        <aspectratio>keep</aspectratio>
                        <texture>$VAR[Theme.Color]/badges/video/$INFO[Container(100).ListItem.Property(VideoResolution),,.png]</texture>
                    </control>
                    <control type="image">
                        <posx>715</posx>
                        <posy>897</posy>
                        <width>120</width>
                        <height>80</height>
                        <aspectratio>keep</aspectratio>
                        <texture>$VAR[Theme.Color]/badges/video/$INFO[Container(100).ListItem.Property(VideoCodec),,.png]</texture>
                    </control>
                    <control type="image">
                        <posx>895</posx>
                        <posy>897</posy>
                        <width>120</width>
                        <height>80</height>
                        <aspectratio>keep</aspectratio>
                        <texture>$VAR[Theme.Color]/badges/audio/$INFO[Container(100).ListItem.Property(AudioCodec),,.png]</texture>
                    </control>
                    <control type="image">
                        <posx>1075</posx>
                        <posy>897</posy>
                        <width>120</width>
                        <height>80</height>
                        <aspectratio>keep</aspectratio>
                        <texture>$VAR[Theme.Color]/badges/audio/$INFO[Container(100).ListItem.Property(AudioChannels),,.png]</texture>
                    </control>
                </control>
            </control>
            <!-- SIDE MENU -->
            <control type="group">
                <include>LeftMenu</include>
                <control type="grouplist" id="9000">
                    <include>LeftMenuButtonGroup</include>
                    <onright>101</onright>
                    <ondown>9000</ondown>
                    <onback>9009</onback>
                    <control type="label" id="7965">
                        <include>LeftMenuTitleLabel</include>
                        <label>$LOCALIZE[33061]</label>
                    </control>
                    <control type="button" id="191">
                        <label>$LOCALIZE[186]</label>
                        <include>LeftMenuButton</include>
                    </control>
                    <control type="button" id="192">
                        <label>-</label>
                        <include>LeftMenuButton</include>
                    </control>
                    <control type="button" id="193">
                        <label>-</label>
                        <include>LeftMenuButton</include>
                    </control>
                </control>
                <include>LeftMenuScroller</include>
            </control>
        </control>
    </controls>
</window>
