<?xml version="1.0" encoding="UTF-8"?>
<window>
    <defaultcontrol>1001</defaultcontrol>
    <coordinates>
        <system>1</system>
        <posx>0</posx>
        <posy>0</posy>
        <origin x="0" y="0" />
    </coordinates>
    <controls>
        <!-- <include>DimBG</include> -->
        <control type="group">
            <include>FacadeFadeDialogs3rdLevelCondition</include>
            <include>Icon_Fade</include>
            <control type="group">
                <include>DialogOpenClose</include>
                <control type="button">
                    <animation effect="slide" time="0" start="0,0" end="0,-39" condition="control.isvisible(1002)">conditional</animation>
                    <animation effect="slide" time="0" start="0,0" end="0,-39" condition="control.isvisible(1003)">conditional</animation>
                    <include>ConditionWhite</include>
                    <posx>1887</posx>
                    <posy>468</posy>
                    <height>33</height>
                    <width>33</width>
                    <colordiffuse>90ffffff</colordiffuse>
                    <texturenofocus>white/topbar/topbar_exit_nofocus.png</texturenofocus>
                    <texturefocus>white/topbar/topbar_exit_focus.png</texturefocus>
                    <onclick>back</onclick>
                    <label>-</label>
                </control>
                <control type="button">
                    <animation effect="slide" time="0" start="0,0" end="0,-39" condition="control.isvisible(1002)">conditional</animation>
                    <animation effect="slide" time="0" start="0,0" end="0,-39" condition="control.isvisible(1003)">conditional</animation>
                    <include>ConditionBlack</include>
                    <posx>1887</posx>
                    <posy>468</posy>
                    <height>33</height>
                    <width>33</width>
                    <colordiffuse>90ffffff</colordiffuse>
                    <texturenofocus>black/topbar/topbar_exit_nofocus.png</texturenofocus>
                    <texturefocus>black/topbar/topbar_exit_focus.png</texturefocus>
                    <onclick>back</onclick>
                    <label>-</label>
                </control>
                <control type="image" id="999">
                    <posx>-200</posx>
                    <posy>468</posy>
                    <width>2320</width>
                    <height>144</height>
                    <include>DialogTransparency</include>
                    <texture border="150,40,150,40">$VAR[Theme.Color]/common/bg_dialog.png</texture>
                </control>
                <control type="group">
                    <posx>0</posx>
                    <posy>501</posy>
                    <control type="button" id="1001">
                        <posx>0</posx>
                        <posy>0</posy>
                        <width>1920</width>
                        <align>center</align>
                        <textoffsetx>0</textoffsetx>
                        <include>LeftMenuButton</include>
                        <onleft>1001</onleft>
                        <onright>1001</onright>
                        <onup>1003</onup>
                        <ondown>1002</ondown>
                    </control>
                    <control type="button" id="1002">
                        <posx>0</posx>
                        <posy>0</posy>
                        <width>1920</width>
                        <align>center</align>
                        <textoffsetx>0</textoffsetx>
                        <include>LeftMenuButton</include>
                        <onleft>1002</onleft>
                        <onright>1002</onright>
                        <onup>1001</onup>
                        <ondown>1003</ondown>
                    </control>
                    <control type="button" id="1003">
                        <posx>0</posx>
                        <posy>0</posy>
                        <width>1920</width>
                        <align>center</align>
                        <textoffsetx>0</textoffsetx>
                        <include>LeftMenuButton</include>
                        <onleft>1003</onleft>
                        <onright>1003</onright>
                        <onup>1002</onup>
                        <ondown>1001</ondown>
                    </control>
                </control>
            </control>
        </control>
    </controls>
</window>
