<?xml version="1.0" encoding="utf-8"?>
<window type="dialog">
    <defaultcontrol always="true">2</defaultcontrol>
    <controls>
        <include condition="!Skin.HasSetting(DisableFanart)">Fanart_Art</include>
        <include>Player_Show</include>
        <include>OverlayFull</include>
        <control type="label">
            <include>OpenClose</include>
            <include>WindowTitle</include>
            <label>$LOCALIZE[5]</label>
        </control>
        <control type="label">
            <include>OpenClose</include>
            <include>WindowTitleSub</include>
            <label>$LOCALIZE[10034]</label>
        </control>
        <include>Time</include>
        <control type="group">
            <include>FacadeFadeDialogs2ndLevelCondition</include>
            <visible>![Window.IsVisible(ProfileSettings.xml)]</visible>
            <include>Icon_Fade</include>
            <control type="group">
                <include>OpenClose</include>
                <control type="image">
                    <posx>-760</posx>
                    <posy>150</posy>
                    <width>2930</width>
                    <height>876</height>
                    <include>DialogTransparency</include>
                    <texture border="150,40,150,40">$VAR[Theme.Color]/common/bg_dialog.png</texture>
                </control>
                <control type="image">
                    <posx>100</posx>
                    <posy>142</posy>
                    <width>1720</width>
                    <height>217</height>
                    <texture border="100">$VAR[Theme.Color]/common/bg_list.png</texture>
                </control>
                <control type="label">
                    <posx>TextMargin</posx>
                    <posy>183</posy>
                    <width>1800</width>
                    <height>135</height>
                    <align>center</align>
                    <font>InfoTitleFont</font>
                    <include>TextColor_MainColor</include>
                    <label>$LOCALIZE[10034]</label>
                </control>
                <control type="radiobutton" id="4">
                    <posx>0</posx>
                    <posy>318</posy>
                    <width>1920</width>
                    <radioposx>1806</radioposx>
                    <textwidth>1700</textwidth>
                    <include>LeftMenuButtonWide</include>
                    <label>$LOCALIZE[20096]</label>
                    <onright>noop</onright>
                    <onleft>noop</onleft>
                    <onup>noop</onup>
                    <ondown>5</ondown>
                </control>
                <control type="radiobutton" id="5">
                    <posx>0</posx>
                    <posy>396</posy>
                    <width>1920</width>
                    <radioposx>1806</radioposx>
                    <textwidth>1700</textwidth>
                    <include>LeftMenuButtonWide</include>
                    <label>$LOCALIZE[33084]$INFO[system.profileautologin,:  ]</label>
                    <onright>noop</onright>
                    <onleft>noop</onleft>
                    <onup>4</onup>
                    <ondown>2</ondown>
                </control>
                <control type="image">
                    <description>Default Seperator</description>
                    <posx>0</posx>
                    <posy>489</posy>
                    <width>1920</width>
                    <height>1</height>
                    <texture border="150,0,150,0">$VAR[Theme.Color]/list/bg_facade_separator.png</texture>
                </control>
                <control type="panel" id="2">
                    <posx>0</posx>
                    <posy>505</posy>
                    <width>1920</width>
                    <height>468</height>
                    <onleft>noop</onleft>
                    <onright>60</onright>
                    <onup>5</onup>
                    <ondown>noop</ondown>
                    <pagecontrol>60</pagecontrol>
                    <itemlayout width="1920" height="78">
                        <control type="label">
                            <posx>TextMargin</posx>
                            <height>78</height>
                            <width>870</width>
                            <font>FacadeListMainFont</font>
                            <include>TextColor_AlternateColor</include>
                            <label>$INFO[ListItem.Label]</label>
                        </control>
                        <control type="label">
                            <posx>930r</posx>
                            <posy>0</posy>
                            <height>78</height>
                            <width>870</width>
                            <align>right</align>
                            <font>FacadeListMainFont</font>
                            <include>TextColor_AlternateColor</include>
                            <label>$INFO[ListItem.Label2]</label>
                        </control>
                    </itemlayout>
                    <focusedlayout width="1920" height="78">
                        <control type="group">
                            <include>ButtonWideFocusAnimation</include>
                            <control type="image">
                                <posx>0</posx>
                                <posy>0</posy>
                                <height>78</height>
                                <width>1920</width>
                                <texture border="1">$VAR[Theme.Color]/list/bg_facade_focus.png</texture>
                            </control>
                            <control type="label">
                                <posx>TextMargin</posx>
                                <height>78</height>
                                <width>870</width>
                                <font>FacadeListMainFont</font>
                                <include>TextColor_MainColor</include>
                                <label>$INFO[ListItem.Label]</label>
                            </control>
                            <control type="label">
                                <posx>930r</posx>
                                <posy>0</posy>
                                <height>78</height>
                                <width>870</width>
                                <align>right</align>
                                <font>FacadeListMainFont</font>
                                <include>TextColor_MainColor</include>
                                <label>$INFO[ListItem.Label2]</label>
                            </control>
                        </control>
                    </focusedlayout>
                </control>
                <control type="scrollbar" id="60">
                    <posx>1886</posx>
                    <posy>505</posy>
                    <height>468</height>
                    <onleft>2</onleft>
                    <onright>2</onright>
                    <include>VerticalScroller</include>
                </control>
            </control>
        </control>
    </controls>
</window>
