<?xml version="1.0" encoding="utf-8"?>
<window>
    <defaultcontrol always="true">9000</defaultcontrol>
    <menucontrol>9000</menucontrol>
    <onunload>RunScript(script.skinshortcuts,type=buildxml&amp;mode=single&amp;options=clonewidgets&amp;mainmenuID=300)</onunload>
    <controls>
        <include condition="!Skin.HasSetting(DisableFanart)">Fanart_Art</include>
        <include>Player_Show</include>
        <include>OverlayFull</include>
        <control type="group">
            <include>FacadeFadeDialogs</include>
            <include>Icon_Fade</include>
            <control type="group">
                <animation effect="slide" tween="circle" easing="out" time="250" start="0,0" end="660,0" condition="[Control.Hasfocus(9000)|Control.HasFocus(8999)|Control.HasFocus(9060)]">conditional</animation>
                <include>OpenClose</include>
                <control type="image">
                    <posx>0</posx>
                    <posy>142</posy>
                    <width>1920</width>
                    <height>892</height>
                    <texture border="100">$VAR[Theme.Color]/common/bg_list.png</texture>
                </control>
                <control type="group" id="9110">
                    <!-- SKIN SETTINGS-->
                    <control type="panel" id="9001">
                        <visible>Container(9000).HasFocus(1)</visible>
                        <!--<include>Icon_Fade</include>-->
                        <posx>0</posx>
                        <posy>183</posy>
                        <width>1920</width>
                        <height>780</height>
                        <onleft>9000</onleft>
                        <onright>501</onright>
                        <onup>9001</onup>
                        <ondown>9001</ondown>
                        <pagecontrol>501</pagecontrol>
                        <include>SkinSettings_DefaultLayout</include>
                        <content>
                            <item id="0">
                                <visible>Skin.HasSetting(Hide_Watched_Marks)</visible>
                                <label>$LOCALIZE[31981]</label>
                                <label2>$LOCALIZE[107]</label2>
                                <onclick>Skin.ToggleSetting(Hide_Watched_Marks)</onclick>
                            </item>
                            <item id="0">
                                <visible>!Skin.HasSetting(Hide_Watched_Marks)</visible>
                                <label>$LOCALIZE[31981]</label>
                                <label2>$LOCALIZE[106]</label2>
                                <onclick>Skin.ToggleSetting(Hide_Watched_Marks)</onclick>
                            </item>
                            <item id="1">
                                <visible>Skin.HasSetting(Hide_Unwatched_Marks)</visible>
                                <label>$LOCALIZE[31980]</label>
                                <label2>$LOCALIZE[107]</label2>
                                <onclick>Skin.ToggleSetting(Hide_Unwatched_Marks)</onclick>
                            </item>
                            <item id="1">
                                <visible>!Skin.HasSetting(Hide_Unwatched_Marks)</visible>
                                <label>$LOCALIZE[31980]</label>
                                <label2>$LOCALIZE[106]</label2>
                                <onclick>Skin.ToggleSetting(Hide_Unwatched_Marks)</onclick>
                            </item>
                            <item id="32">
                                <visible>Skin.HasSetting(DefaultView50)|[!Skin.HasSetting(DefaultView51)+!Skin.HasSetting(DefaultView52)]</visible>
                                <label>$LOCALIZE[13377]</label>
                                <label2>$LOCALIZE[31091]</label2>
                                <onclick>Skin.Reset(DefaultView50)</onclick>
                                <onclick>Skin.Reset(DefaultView51)</onclick>
                                <onclick>Skin.Reset(DefaultView52)</onclick>
                                <onclick>Skin.ToggleSetting(DefaultView51)</onclick>
                                <onclick>Skin.SetString(WeatherView,slimlist)</onclick>
                            </item>
                            <item id="32">
                                <visible>Skin.HasSetting(DefaultView51)</visible>
                                <label>$LOCALIZE[13377]</label>
                                <label2>$LOCALIZE[31096]</label2>
                                <onclick>Skin.Reset(DefaultView50)</onclick>
                                <onclick>Skin.Reset(DefaultView51)</onclick>
                                <onclick>Skin.Reset(DefaultView52)</onclick>
                                <onclick>Skin.ToggleSetting(DefaultView52)</onclick>
                                <onclick>Skin.SetString(WeatherView,shortlist)</onclick>
                            </item>
                            <item id="32">
                                <visible>Skin.HasSetting(DefaultView52)</visible>
                                <label>$LOCALIZE[13377]</label>
                                <label2>$LOCALIZE[535]</label2>
                                <onclick>Skin.Reset(DefaultView50)</onclick>
                                <onclick>Skin.Reset(DefaultView51)</onclick>
                                <onclick>Skin.Reset(DefaultView52)</onclick>
                                <onclick>Skin.ToggleSetting(DefaultView50)</onclick>
                                <onclick>Skin.SetString(WeatherView,biglist)</onclick>
                            </item>
                            <item id="2">
                                <visible>!Skin.HasSetting(AutoScroll)</visible>
                                <label>$LOCALIZE[20189]</label>
                                <label2>$LOCALIZE[107]</label2>
                                <onclick>Skin.ToggleSetting(AutoScroll)</onclick>
                            </item>
                            <item id="2">
                                <visible>Skin.HasSetting(AutoScroll)</visible>
                                <label>$LOCALIZE[20189]</label>
                                <label2>$LOCALIZE[106]</label2>
                                <onclick>Skin.ToggleSetting(AutoScroll)</onclick>
                            </item>
                            <item id="6">
                                <visible>Skin.HasSetting(ManualScroll)</visible>
                                <label>$LOCALIZE[31026]</label>
                                <label2>$LOCALIZE[107]</label2>
                                <onclick>Skin.ToggleSetting(ManualScroll)</onclick>
                            </item>
                            <item id="6">
                                <visible>!Skin.HasSetting(ManualScroll)</visible>
                                <label>$LOCALIZE[31026]</label>
                                <label2>$LOCALIZE[106]</label2>
                                <onclick>Skin.ToggleSetting(ManualScroll)</onclick>
                            </item>
                            <item id="19">
                                <visible>Skin.HasSetting(ScrollOffsetLabelEnabled)</visible>
                                <label>$LOCALIZE[31941]</label>
                                <label2>$LOCALIZE[107]</label2>
                                <onclick>Skin.ToggleSetting(ScrollOffsetLabelEnabled)</onclick>
                            </item>
                            <item id="19">
                                <visible>!Skin.HasSetting(ScrollOffsetLabelEnabled)</visible>
                                <label>$LOCALIZE[31941]</label>
                                <label2>$LOCALIZE[106]</label2>
                                <onclick>Skin.ToggleSetting(ScrollOffsetLabelEnabled)</onclick>
                            </item>
                            <item id="27">
                                <visible>Skin.HasSetting(RssTicker)</visible>
                                <label>$LOCALIZE[31019]</label>
                                <label2>$LOCALIZE[107]</label2>
                                <onclick>Skin.ToggleSetting(RssTicker)</onclick>
                            </item>
                            <item id="27">
                                <visible>!Skin.HasSetting(RssTicker)</visible>
                                <label>$LOCALIZE[31019]</label>
                                <label2>$LOCALIZE[106]</label2>
                                <onclick>Skin.ToggleSetting(RssTicker)</onclick>
                            </item>
                            <item id="28">
                                <visible>Skin.HasSetting(DisableIconViewInfos)</visible>
                                <label>$LOCALIZE[31031]</label>
                                <label2>$LOCALIZE[107]</label2>
                                <onclick>Skin.ToggleSetting(DisableIconViewInfos)</onclick>
                            </item>
                            <item id="28">
                                <visible>!Skin.HasSetting(DisableIconViewInfos)</visible>
                                <label>$LOCALIZE[31031]</label>
                                <label2>$LOCALIZE[106]</label2>
                                <onclick>Skin.ToggleSetting(DisableIconViewInfos)</onclick>
                            </item>
                            <item id="195">
                                <visible>!Skin.HasSetting(EnableJustify)</visible>
                                <label>$LOCALIZE[31939]</label>
                                <label2>$LOCALIZE[106]</label2>
                                <onclick>Skin.ToggleSetting(EnableJustify)</onclick>
                            </item>
                            <item id="195">
                                <visible>Skin.HasSetting(EnableJustify)</visible>
                                <label>$LOCALIZE[31939]</label>
                                <label2>$LOCALIZE[107]</label2>
                                <onclick>Skin.ToggleSetting(EnableJustify)</onclick>
                            </item>
                            <item id="194">
                                <visible>!Skin.HasSetting(EnableKioskMode)</visible>
                                <label>$LOCALIZE[31030]</label>
                                <label2>$LOCALIZE[106]</label2>
                                <onclick>Skin.ToggleSetting(EnableKioskMode)</onclick>
                            </item>
                            <item id="194">
                                <visible>Skin.HasSetting(EnableKioskMode)</visible>
                                <label>$LOCALIZE[31030]</label>
                                <label2>$LOCALIZE[107]</label2>
                                <onclick>Skin.ToggleSetting(EnableKioskMode)</onclick>
                            </item>
                            <item id="1005">
                                <label/>
                                <label2>$LOCALIZE[19098]</label2>
                                <onclick>noop</onclick>
                            </item>
                            <item id="125">
                                <label>$LOCALIZE[31038]</label>
                                <onclick>RunScript(script.skinshortcuts,type=resetall&amp;warning=false)</onclick>
                                <onclick>Skin.ResetSettings</onclick>
                                <onclick>ReloadSkin()</onclick>
                            </item>
                            <item id="126">
                                <label>$LOCALIZE[31944]</label>
                                <onclick>RunScript(script.skinshortcuts,type=resetall&amp;warning=false)</onclick>
                                <onclick>ReloadSkin()</onclick>
                            </item>
                            <item id="127">
                                <label>$ADDON[script.skin.helper.service 32028]</label>
                                <onclick>RunScript(script.skin.helper.service,action=backup)</onclick>
                            </item>
                            <item id="128">
                                <label>$ADDON[script.skin.helper.service 32032]</label>
                                <onclick>RunScript(script.skin.helper.service,action=restore)</onclick>
                            </item>
                        </content>
                    </control>
                    <control type="scrollbar" id="501">
                        <visible>Container(9000).HasFocus(1)</visible>
                        <posx>1886</posx>
                        <posy>183</posy>
                        <height>780</height>
                        <onleft>9001</onleft>
                        <onright>9000</onright>
                        <include>VerticalScroller</include>
                    </control>

                    <!-- PLAYBACK -->
                    <control type="panel" id="9002">
                        <visible>Container(9000).HasFocus(2)</visible>
                        <!--<include>Icon_Fade</include>-->
                        <posx>0</posx>
                        <posy>183</posy>
                        <width>1920</width>
                        <height>780</height>
                        <onleft>9000</onleft>
                        <onright>502</onright>
                        <onup>9002</onup>
                        <ondown>9002</ondown>
                        <pagecontrol>502</pagecontrol>
                        <include>SkinSettings_DefaultLayout</include>
                        <content>
                            <item id="5">
                                <visible>Skin.HasSetting(Show_Player)</visible>
                                <label>$LOCALIZE[31991]</label>
                                <label2>$LOCALIZE[107]</label2>
                                <onclick>Skin.ToggleSetting(Show_Player)</onclick>
                            </item>
                            <item id="5">
                                <visible>!Skin.HasSetting(Show_Player)</visible>
                                <label>$LOCALIZE[31991]</label>
                                <label2>$LOCALIZE[106]</label2>
                                <onclick>Skin.ToggleSetting(Show_Player)</onclick>
                            </item>
                            <item id="14">
                                <visible>Skin.HasSetting(FullscreenMusic)</visible>
                                <label>$LOCALIZE[31959]</label>
                                <label2>$LOCALIZE[107]</label2>
                                <onclick>Skin.ToggleSetting(FullscreenMusic)</onclick>
                            </item>
                            <item id="14">
                                <visible>!Skin.HasSetting(FullscreenMusic)</visible>
                                <label>$LOCALIZE[31959]</label>
                                <label2>$LOCALIZE[106]</label2>
                                <onclick>Skin.ToggleSetting(FullscreenMusic)</onclick>
                            </item>
                            <item id="3">
                                <label>$LOCALIZE[24020] $LOCALIZE[31132]</label>
                                <label2>$INFO[Skin.String(LyricPath)]</label2>
                                <onclick>Skin.SetAddon(LyricPath,xbmc.python.lyrics)</onclick>
                            </item>
                            <item id="15">
                                <visible>Skin.HasSetting(DisableOverlayMusicPlaying)</visible>
                                <label>$LOCALIZE[31945]</label>
                                <label2>$LOCALIZE[107]</label2>
                                <onclick>Skin.ToggleSetting(DisableOverlayMusicPlaying)</onclick>
                            </item>
                            <item id="15">
                                <visible>!Skin.HasSetting(DisableOverlayMusicPlaying)</visible>
                                <label>$LOCALIZE[31945]</label>
                                <label2>$LOCALIZE[106]</label2>
                                <onclick>Skin.ToggleSetting(DisableOverlayMusicPlaying)</onclick>
                            </item>
                            <item id="16">
                                <visible>Skin.HasSetting(PVRChannelListBig)</visible>
                                <label>$LOCALIZE[31996]</label>
                                <label2>$LOCALIZE[107]</label2>
                                <onclick>Skin.ToggleSetting(PVRChannelListBig)</onclick>
                            </item>
                            <item id="16">
                                <visible>!Skin.HasSetting(PVRChannelListBig)</visible>
                                <label>$LOCALIZE[31996]</label>
                                <label2>$LOCALIZE[106]</label2>
                                <onclick>Skin.ToggleSetting(PVRChannelListBig)</onclick>
                            </item>
                            <item id="17">
                                <visible>Skin.HasSetting(OSDShowInfoPaused)</visible>
                                <label>$LOCALIZE[31943]</label>
                                <label2>$LOCALIZE[107]</label2>
                                <onclick>Skin.ToggleSetting(OSDShowInfoPaused)</onclick>
                            </item>
                            <item id="17">
                                <visible>!Skin.HasSetting(OSDShowInfoPaused)</visible>
                                <label>$LOCALIZE[31943]</label>
                                <label2>$LOCALIZE[106]</label2>
                                <onclick>Skin.ToggleSetting(OSDShowInfoPaused)</onclick>
                            </item>
                            <item id="18">
                                <visible>Skin.HasSetting(DisableOSDInfoOnPause)</visible>
                                <label>$LOCALIZE[31940]</label>
                                <label2>$LOCALIZE[107]</label2>
                                <onclick>Skin.ToggleSetting(DisableOSDInfoOnPause)</onclick>
                            </item>
                            <item id="18">
                                <visible>!Skin.HasSetting(DisableOSDInfoOnPause)</visible>
                                <label>$LOCALIZE[31940]</label>
                                <label2>$LOCALIZE[106]</label2>
                                <onclick>Skin.ToggleSetting(DisableOSDInfoOnPause)</onclick>
                            </item>
                        </content>
                    </control>
                    <control type="scrollbar" id="502">
                        <visible>Container(9000).HasFocus(2)</visible>
                        <posx>1886</posx>
                        <posy>183</posy>
                        <height>780</height>
                        <onleft>9002</onleft>
                        <onright>9000</onright>
                        <include>VerticalScroller</include>
                    </control>

                    <!-- ART MANAGEMENT -->
                    <control type="panel" id="9003">
                        <visible>Container(9000).HasFocus(3)</visible>
                        <!--<include>Icon_Fade</include>-->
                        <posx>0</posx>
                        <posy>183</posy>
                        <width>1920</width>
                        <height>780</height>
                        <onleft>9000</onleft>
                        <onright>503</onright>
                        <onup>9003</onup>
                        <ondown>9003</ondown>
                        <pagecontrol>503</pagecontrol>
                        <include>SkinSettings_DefaultLayout</include>
                        <content>
                            <item id="29">
                                <visible>Skin.HasSetting(OverlayTransparency50)</visible>
                                <label>$LOCALIZE[13324]</label>
                                <label2>50%</label2>
                                <onclick>Skin.Reset(OverlayTransparency50)</onclick>
                                <onclick>Skin.Reset(OverlayTransparency60)</onclick>
                                <onclick>Skin.Reset(OverlayTransparency70)</onclick>
                                <onclick>Skin.Reset(OverlayTransparency80)</onclick>
                                <onclick>Skin.Reset(OverlayTransparency90)</onclick>
                                <onclick>Skin.ToggleSetting(OverlayTransparency90)</onclick>
                            </item>
                            <item id="29">
                                <visible>Skin.HasSetting(OverlayTransparency60)</visible>
                                <label>$LOCALIZE[13324]</label>
                                <label2>60%</label2>
                                <onclick>Skin.Reset(OverlayTransparency50)</onclick>
                                <onclick>Skin.Reset(OverlayTransparency60)</onclick>
                                <onclick>Skin.Reset(OverlayTransparency70)</onclick>
                                <onclick>Skin.Reset(OverlayTransparency80)</onclick>
                                <onclick>Skin.Reset(OverlayTransparency90)</onclick>
                                <onclick>Skin.ToggleSetting(OverlayTransparency50)</onclick>
                            </item>
                            <item id="29">
                                <visible>Skin.HasSetting(OverlayTransparency70)</visible>
                                <label>$LOCALIZE[13324]</label>
                                <label2>70%</label2>
                                <onclick>Skin.Reset(OverlayTransparency50)</onclick>
                                <onclick>Skin.Reset(OverlayTransparency60)</onclick>
                                <onclick>Skin.Reset(OverlayTransparency70)</onclick>
                                <onclick>Skin.Reset(OverlayTransparency80)</onclick>
                                <onclick>Skin.Reset(OverlayTransparency90)</onclick>
                                <onclick>Skin.ToggleSetting(OverlayTransparency60)</onclick>
                            </item>
                            <item id="29">
                                <visible>Skin.HasSetting(OverlayTransparency80)</visible>
                                <label>$LOCALIZE[13324]</label>
                                <label2>80%</label2>
                                <onclick>Skin.Reset(OverlayTransparency50)</onclick>
                                <onclick>Skin.Reset(OverlayTransparency60)</onclick>
                                <onclick>Skin.Reset(OverlayTransparency70)</onclick>
                                <onclick>Skin.Reset(OverlayTransparency80)</onclick>
                                <onclick>Skin.Reset(OverlayTransparency90)</onclick>
                                <onclick>Skin.ToggleSetting(OverlayTransparency70)</onclick>
                            </item>
                            <item id="29">
                                <visible>Skin.HasSetting(OverlayTransparency90)|[!Skin.HasSetting(OverlayTransparency50)+!Skin.HasSetting(OverlayTransparency60)+!Skin.HasSetting(OverlayTransparency70)+!Skin.HasSetting(OverlayTransparency80)+!Skin.HasSetting(OverlayTransparency90)]</visible>
                                <label>$LOCALIZE[13324]</label>
                                <label2>90%</label2>
                                <onclick>Skin.Reset(OverlayTransparency50)</onclick>
                                <onclick>Skin.Reset(OverlayTransparency60)</onclick>
                                <onclick>Skin.Reset(OverlayTransparency70)</onclick>
                                <onclick>Skin.Reset(OverlayTransparency80)</onclick>
                                <onclick>Skin.Reset(OverlayTransparency90)</onclick>
                                <onclick>Skin.ToggleSetting(OverlayTransparency80)</onclick>
                            </item>
                            <item id="16">
                                <visible>Skin.HasSetting(KenBurnsEffect)</visible>
                                <label>$LOCALIZE[31997]</label>
                                <label2>$LOCALIZE[107]</label2>
                                <onclick>Skin.ToggleSetting(KenBurnsEffect)</onclick>
                            </item>
                            <item id="16">
                                <visible>!Skin.HasSetting(KenBurnsEffect)</visible>
                                <label>$LOCALIZE[31997]</label>
                                <label2>$LOCALIZE[106]</label2>
                                <onclick>Skin.ToggleSetting(KenBurnsEffect)</onclick>
                            </item>
                            <item id="19">
                                <visible>Skin.HasSetting(DisableFanart)</visible>
                                <label>$LOCALIZE[31950]</label>
                                <label2>$LOCALIZE[107]</label2>
                                <onclick>Skin.ToggleSetting(DisableFanart)</onclick>
                            </item>
                            <item id="19">
                                <visible>!Skin.HasSetting(DisableFanart)</visible>
                                <label>$LOCALIZE[31950]</label>
                                <label2>$LOCALIZE[106]</label2>
                                <onclick>Skin.ToggleSetting(DisableFanart)</onclick>
                            </item>
                            <item id="21">
                                <visible>Skin.HasSetting(EnableCdArt)</visible>
                                <label>$LOCALIZE[31040]</label>
                                <label2>$LOCALIZE[107]</label2>
                                <onclick>Skin.ToggleSetting(EnableCdArt)</onclick>
                            </item>
                            <item id="21">
                                <visible>!Skin.HasSetting(EnableCdArt)</visible>
                                <label>$LOCALIZE[31040]</label>
                                <label2>$LOCALIZE[106]</label2>
                                <onclick>Skin.ToggleSetting(EnableCdArt)</onclick>
                            </item>
                            <item id="23">
                                <visible>Skin.HasSetting(EnableExtraFanart)</visible>
                                <label>$LOCALIZE[31041]</label>
                                <label2>$LOCALIZE[107]</label2>
                                <onclick>Skin.ToggleSetting(EnableExtraFanart)</onclick>
                            </item>
                            <item id="23">
                                <visible>!Skin.HasSetting(EnableExtraFanart)</visible>
                                <label>$LOCALIZE[31041]</label>
                                <label2>$LOCALIZE[106]</label2>
                                <onclick>Skin.ToggleSetting(EnableExtraFanart)</onclick>
                            </item>
                            <item id="33">
                                <visible>!Skin.HasSetting(EnableClearLogo)</visible>
                                <label>$LOCALIZE[31044]</label>
                                <label2>$LOCALIZE[106]</label2>
                                <onclick>Skin.ToggleSetting(EnableClearLogo)</onclick>
                            </item>
                            <item id="33">
                                <visible>Skin.HasSetting(EnableClearLogo)</visible>
                                <label>$LOCALIZE[31044]</label>
                                <label2>$LOCALIZE[107]</label2>
                                <onclick>Skin.ToggleSetting(EnableClearLogo)</onclick>
                            </item>
                            <item id="24">
                                <visible>Skin.HasSetting(EnableClearArt)</visible>
                                <label>$LOCALIZE[31042]</label>
                                <label2>$LOCALIZE[107]</label2>
                                <onclick>Skin.ToggleSetting(EnableClearArt)</onclick>
                            </item>
                            <item id="24">
                                <visible>!Skin.HasSetting(EnableClearArt)</visible>
                                <label>$LOCALIZE[31042]</label>
                                <label2>$LOCALIZE[106]</label2>
                                <onclick>Skin.ToggleSetting(EnableClearArt)</onclick>
                            </item>
                            <item id="25">
                                <visible>Skin.HasSetting(EnableStudioArt)</visible>
                                <label>$LOCALIZE[31075]</label>
                                <label2>$LOCALIZE[107]</label2>
                                <onclick>Skin.ToggleSetting(EnableStudioArt)</onclick>
                            </item>
                            <item id="25">
                                <visible>!Skin.HasSetting(EnableStudioArt)</visible>
                                <label>$LOCALIZE[31075]</label>
                                <label2>$LOCALIZE[106]</label2>
                                <onclick>Skin.ToggleSetting(EnableStudioArt)</onclick>
                            </item>
                            <!--<item id="91">-->
                            <!--<visible>!Skin.HasSetting(TVTunes.Enabled)</visible>-->
                            <!--<label>$LOCALIZE[31984]</label>-->
                            <!--<label2>$LOCALIZE[13106]</label2>-->
                            <!--<onclick>Skin.ToggleSetting(TVTunes.Enabled)</onclick>-->
                            <!--</item>-->
                            <!--<item id="91">-->
                            <!--<visible>Skin.HasSetting(TVTunes.Enabled)</visible>-->
                            <!--<label>$LOCALIZE[31984]</label>-->
                            <!--<label2>$LOCALIZE[305]</label2>-->
                            <!--<onclick>Skin.ToggleSetting(TVTunes.Enabled)</onclick>-->
                            <!--</item>-->
                            <item id="92">
                                <visible>System.HasAddon(script.artistslideshow)</visible>
                                <visible>!Skin.HasSetting(Use_Artist_Slideshow)</visible>
                                <label>$LOCALIZE[31969]</label>
                                <label2>$LOCALIZE[13106]</label2>
                                <onclick>Skin.ToggleSetting(Use_Artist_Slideshow)</onclick>
                            </item>
                            <item id="92">
                                <visible>System.HasAddon(script.artistslideshow)</visible>
                                <visible>Skin.HasSetting(Use_Artist_Slideshow)</visible>
                                <label>$LOCALIZE[31969]</label>
                                <label2>$LOCALIZE[305]</label2>
                                <onclick>Skin.ToggleSetting(Use_Artist_Slideshow)</onclick>
                            </item>
                            <item id="93">
                                <label>$LOCALIZE[31519]</label>
                                <label2>$INFO[Skin.String(weatherArtPath)]</label2>
                                <onclick>Skin.SetPath(weatherArtPath)</onclick>
                            </item>
                            <item id="95">
                                <visible>!IsEmpty(Skin.String(weatherArtPath))</visible>
                                <label>$LOCALIZE[10035] - $LOCALIZE[31519]</label>
                                <onclick>Skin.Reset(weatherArtPath)</onclick>
                            </item>
                            <!--<item id="94">-->
                            <!--<label>$LOCALIZE[31520]</label>-->
                            <!--<label2>$INFO[Skin.String(weatherIconPath)]</label2>-->
                            <!--<onclick>Skin.SetPath(weatherIconPath)</onclick>-->
                            <!--</item>-->
                            <!--<item id="96">-->
                                <!--<visible>!IsEmpty(Skin.String(weatherIconPath))</visible>-->
                                <!--<label>$LOCALIZE[10035] - $LOCALIZE[31520]</label>-->
                                <!--<onclick>Skin.Reset(weatherIconPath)</onclick>-->
                            <!--</item>-->
                        </content>
                    </control>
                    <control type="scrollbar" id="503">
                        <visible>Container(9000).HasFocus(3)</visible>
                        <posx>1886</posx>
                        <posy>183</posy>
                        <height>780</height>
                        <onleft>9003</onleft>
                        <onright>9000</onright>
                        <include>VerticalScroller</include>
                    </control>

                    <!-- STARTUP -->
                    <control type="group">
                        <visible>Container(9000).HasFocus(6)</visible>
                        <!--<include>Icon_Fade</include>-->
                        <control type="panel" id="9006">
                            <posx>0</posx>
                            <posy>183</posy>
                            <width>1920</width>
                            <height>780</height>
                            <onleft>9000</onleft>
                            <onright>506</onright>
                            <onup>9006</onup>
                            <ondown>9006</ondown>
                            <pagecontrol>506</pagecontrol>
                            <include>SkinSettings_DefaultLayout</include>
                            <content>
                                <item id="32">
                                    <label>$LOCALIZE[512]</label>
                                    <label2 fallback="31517">$VAR[StartupWindowName]</label2>
                                    <onclick>ActivateWindow(1120)</onclick>
                                </item>
                                <item id="30">
                                    <visible>Skin.HasSetting(StartupDelay0)</visible>
                                    <label>$LOCALIZE[31046]</label>
                                    <label2>0"</label2>
                                    <onclick>Skin.Reset(StartupDelay0)</onclick>
                                    <onclick>Skin.Reset(StartupDelay1)</onclick>
                                    <onclick>Skin.Reset(StartupDelay2)</onclick>
                                    <onclick>Skin.Reset(StartupDelay3)</onclick>
                                    <onclick>Skin.Reset(StartupDelay5)</onclick>
                                    <onclick>Skin.Reset(StartupDelay10)</onclick>
                                    <onclick>Skin.ToggleSetting(StartupDelay1)</onclick>
                                </item>
                                <item id="30">
                                    <visible>Skin.HasSetting(StartupDelay1)</visible>
                                    <label>$LOCALIZE[31046]</label>
                                    <label2>1"</label2>
                                    <onclick>Skin.Reset(StartupDelay0)</onclick>
                                    <onclick>Skin.Reset(StartupDelay1)</onclick>
                                    <onclick>Skin.Reset(StartupDelay2)</onclick>
                                    <onclick>Skin.Reset(StartupDelay3)</onclick>
                                    <onclick>Skin.Reset(StartupDelay5)</onclick>
                                    <onclick>Skin.Reset(StartupDelay10)</onclick>
                                    <onclick>Skin.ToggleSetting(StartupDelay2)</onclick>
                                </item>
                                <item id="30">
                                    <visible>Skin.HasSetting(StartupDelay2)|[!Skin.HasSetting(StartupDelay0)+!Skin.HasSetting(StartupDelay1)+!Skin.HasSetting(StartupDelay2)+!Skin.HasSetting(StartupDelay3)+!Skin.HasSetting(StartupDelay5)+!Skin.HasSetting(StartupDelay10)]</visible>
                                    <label>$LOCALIZE[31046]</label>
                                    <label2>2" ($LOCALIZE[15109])</label2>
                                    <onclick>Skin.Reset(StartupDelay0)</onclick>
                                    <onclick>Skin.Reset(StartupDelay1)</onclick>
                                    <onclick>Skin.Reset(StartupDelay2)</onclick>
                                    <onclick>Skin.Reset(StartupDelay3)</onclick>
                                    <onclick>Skin.Reset(StartupDelay5)</onclick>
                                    <onclick>Skin.Reset(StartupDelay10)</onclick>
                                    <onclick>Skin.ToggleSetting(StartupDelay3)</onclick>
                                </item>
                                <item id="30">
                                    <visible>Skin.HasSetting(StartupDelay3)</visible>
                                    <label>$LOCALIZE[31046]</label>
                                    <label2>3"</label2>
                                    <onclick>Skin.Reset(StartupDelay0)</onclick>
                                    <onclick>Skin.Reset(StartupDelay1)</onclick>
                                    <onclick>Skin.Reset(StartupDelay2)</onclick>
                                    <onclick>Skin.Reset(StartupDelay3)</onclick>
                                    <onclick>Skin.Reset(StartupDelay5)</onclick>
                                    <onclick>Skin.Reset(StartupDelay10)</onclick>
                                    <onclick>Skin.ToggleSetting(StartupDelay5)</onclick>
                                </item>
                                <item id="30">
                                    <visible>Skin.HasSetting(StartupDelay5)</visible>
                                    <label>$LOCALIZE[31046]</label>
                                    <label2>5"</label2>
                                    <onclick>Skin.Reset(StartupDelay0)</onclick>
                                    <onclick>Skin.Reset(StartupDelay1)</onclick>
                                    <onclick>Skin.Reset(StartupDelay2)</onclick>
                                    <onclick>Skin.Reset(StartupDelay3)</onclick>
                                    <onclick>Skin.Reset(StartupDelay5)</onclick>
                                    <onclick>Skin.Reset(StartupDelay10)</onclick>
                                    <onclick>Skin.ToggleSetting(StartupDelay10)</onclick>
                                </item>
                                <item id="30">
                                    <visible>Skin.HasSetting(StartupDelay10)</visible>
                                    <label>$LOCALIZE[31046]</label>
                                    <label2>10"</label2>
                                    <onclick>Skin.Reset(StartupDelay0)</onclick>
                                    <onclick>Skin.Reset(StartupDelay1)</onclick>
                                    <onclick>Skin.Reset(StartupDelay2)</onclick>
                                    <onclick>Skin.Reset(StartupDelay3)</onclick>
                                    <onclick>Skin.Reset(StartupDelay5)</onclick>
                                    <onclick>Skin.Reset(StartupDelay10)</onclick>
                                    <onclick>Skin.ToggleSetting(StartupDelay0)</onclick>
                                </item>
                                <!--DEFAULT IMAGE STARTUP-->
                                <item id="200">
                                    <visible>IsEmpty(Skin.String(startup-screentype))|StringCompare(Skin.String(startup-screentype),default)</visible>
                                    <label>$LOCALIZE[31033]</label>
                                    <label2>$LOCALIZE[13278]</label2>
                                    <onclick>Skin.SetString(startup-screentype,image)</onclick>
                                </item>
                                <!--Custom IMAGE STARTUP-->
                                <item id="201">
                                    <visible>StringCompare(Skin.String(startup-screentype),image)</visible>
                                    <label>$LOCALIZE[31033]</label>
                                    <label2>$LOCALIZE[31067]</label2>
                                    <onclick>Skin.SetString(startup-screentype,multiimage)</onclick>
                                </item>
                                <!--Custom MULTI IMAGE STARTUP-->
                                <item id="208">
                                    <visible>StringCompare(Skin.String(startup-screentype),multiimage)</visible>
                                    <label>$LOCALIZE[31033]</label>
                                    <label2>$LOCALIZE[31518]</label2>
                                    <onclick>Skin.SetString(startup-screentype,video)</onclick>
                                </item>
                                <!--Custom VIDEO STARTUP-->
                                <item id="202">
                                    <visible>StringCompare(Skin.String(startup-screentype),video)</visible>
                                    <label>$LOCALIZE[31033]</label>
                                    <label2>$LOCALIZE[31068]</label2>
                                    <onclick>Skin.SetString(startup-screentype,default)</onclick>
                                </item>
                                <!--Custom Multi Image Selector-->
                                <item id="209">
                                    <visible>StringCompare(Skin.String(startup-screentype),multiimage)</visible>
                                    <label>$LOCALIZE[31518] - $LOCALIZE[21801]</label>
                                    <label2>$INFO[Skin.String(startup-multiimagepath)]</label2>
                                    <onclick>Skin.SetPath(startup-multiimagepath)</onclick>
                                </item>
                                <!--Custom Video Selector-->
                                <item id="203">
                                    <visible>StringCompare(Skin.String(startup-screentype),image)</visible>
                                    <label>$LOCALIZE[31067] - $LOCALIZE[21801]</label>
                                    <label2>$INFO[Skin.String(startup-imagepath)]</label2>
                                    <onclick>Skin.SetImage(startup-imagepath)</onclick>
                                </item>
                                <!--Custom Video Selector-->
                                <item id="204">
                                    <visible>StringCompare(Skin.String(startup-screentype),video)</visible>
                                    <label>$LOCALIZE[31068] - $LOCALIZE[21801]</label>
                                    <label2>$INFO[Skin.String(startup-videopath)]</label2>
                                    <onclick>Skin.SetFile(startup-videopath)</onclick>
                                </item>
                                <!--PLAYLIST STARTUP-->
                                <item id="205">
                                    <visible>!Skin.HasSetting(startup-playlist)</visible>
                                    <label>$LOCALIZE[31069]</label>
                                    <label2>$LOCALIZE[13106]</label2>
                                    <onclick>Skin.ToggleSetting(startup-playlist)</onclick>
                                    <onclick>Skin.SetString(startup-playlisttype,music)</onclick>
                                </item>
                                <item id="205">
                                    <visible>Skin.HasSetting(startup-playlist)+StringCompare(Skin.String(startup-playlisttype),music)</visible>
                                    <label>$LOCALIZE[31069]</label>
                                    <label2>$LOCALIZE[10500]</label2>
                                    <onclick>Skin.SetString(startup-playlisttype,video)</onclick>
                                </item>
                                <item id="205">
                                    <visible>Skin.HasSetting(startup-playlist)+StringCompare(Skin.String(startup-playlisttype),video)</visible>
                                    <label>$LOCALIZE[31069]</label>
                                    <label2>$LOCALIZE[10028]</label2>
                                    <onclick>Skin.ToggleSetting(startup-playlist)</onclick>
                                </item>
                                <!-- MUSIC Playlist Selector-->
                                <item id="206">
                                    <visible>Skin.HasSetting(startup-playlist)+StringCompare(Skin.String(startup-playlisttype),music)</visible>
                                    <label>$LOCALIZE[10500]</label>
                                    <label2>$INFO[Skin.String(startup-musicplaylistpath)]</label2>
                                    <onclick>Skin.SetFile(startup-musicplaylistpath,,special://musicplaylists)</onclick>
                                </item>
                                <!-- VIDEO Playlist Selector-->
                                <item id="206">
                                    <visible>Skin.HasSetting(startup-playlist)+StringCompare(Skin.String(startup-playlisttype),video)</visible>
                                    <label>$LOCALIZE[10028]</label>
                                    <label2>$INFO[Skin.String(startup-videoplaylistpath)]</label2>
                                    <onclick>Skin.SetFile(startup-videoplaylistpath,,special://videoplaylists)</onclick>
                                </item>
                            </content>
                        </control>
                        <control type="scrollbar" id="506">
                            <visible>Container(9000).HasFocus(6)</visible>
                            <posx>1886</posx>
                            <posy>183</posy>
                            <height>780</height>
                            <onleft>9006</onleft>
                            <onright>9000</onright>
                            <include>VerticalScroller</include>
                        </control>
                    </control>


                    <!-- BACKGROUNDS -->
                    <control type="group">
                        <visible>Container(9000).Hasfocus(4)</visible>
                        <!--<include>Icon_Fade</include>-->
                        <control type="list" id="9004">
                            <posx>1260</posx>
                            <posy>183</posy>
                            <width>660</width>
                            <height>780</height>
                            <onleft>9000</onleft>
                            <onright>504</onright>
                            <onup>9004</onup>
                            <ondown>3000</ondown>
                            <pagecontrol>504</pagecontrol>
                            <itemlayout height="78" width="660">
                                <control type="label">
                                    <posx>TextMargin</posx>
                                    <height>78</height>
                                    <width>520</width>
                                    <font>FacadeListMainFont</font>
                                    <include>TextColor_AlternateColor</include>
                                    <label>$INFO[ListItem.Label]</label>
                                </control>
                            </itemlayout>
                            <focusedlayout height="78" width="660">
                                <control type="group">
                                    <include>ButtonFocusAnimation</include>
                                    <control type="image">
                                        <posx>0</posx>
                                        <posy>0</posy>
                                        <height>78</height>
                                        <width>660</width>
                                        <texture border="1">$VAR[Theme.Color]/list/bg_facade_focus.png</texture>
                                    </control>
                                    <control type="label">
                                        <posx>TextMargin</posx>
                                        <height>78</height>
                                        <width>520</width>
                                        <scroll>true</scroll>
                                        <font>FacadeListMainFont</font>
                                        <include>TextColor_MainColor</include>
                                        <label>$INFO[ListItem.Label]</label>
                                    </control>
                                </control>
                            </focusedlayout>
                            <content>
                                <item id="0">
                                    <label>$LOCALIZE[571]</label>
                                    <onclick>Setfocus(3000)</onclick>
                                    <icon>$VAR[Default.Art]</icon>
                                    <thumb>$INFO[Skin.String(Default.Background)]</thumb>
                                </item>
                                <item id="1">
                                    <label>$LOCALIZE[3]</label>
                                    <onclick>Setfocus(3000)</onclick>
                                    <icon>special://skin/backgrounds/Videos.jpg</icon>
                                    <thumb>$INFO[Skin.String(Videos.Background)]</thumb>
                                </item>
                                <item id="2">
                                    <visible>Skin.HasSetting(plexbmc)</visible>
                                    <label>$LOCALIZE[20342]</label>
                                    <onclick>Setfocus(3000)</onclick>
                                    <icon>special://skin/backgrounds/Movies.jpg</icon>
                                    <thumb>$INFO[Skin.String(Movies.Background)]</thumb>
                                </item>
                                <item id="2">
                                    <visible>!Skin.HasSetting(plexbmc)</visible>
                                    <visible>Library.HasContent(Movies)</visible>
                                    <label>$LOCALIZE[20342]</label>
                                    <onclick>Setfocus(3000)</onclick>
                                    <icon>special://skin/backgrounds/Movies.jpg</icon>
                                    <thumb>$INFO[Skin.String(Movies.Background)]</thumb>
                                </item>
                                <item id="3">
                                    <visible>Skin.HasSetting(plexbmc)</visible>
                                    <label>$LOCALIZE[20343]</label>
                                    <onclick>Setfocus(3000)</onclick>
                                    <icon>special://skin/backgrounds/TVShows.jpg</icon>
                                    <thumb>$INFO[Skin.String(TVShows.Background)]</thumb>
                                </item>
                                <item id="3">
                                    <visible>!Skin.HasSetting(plexbmc)</visible>
                                    <visible>Library.HasContent(TVShows)</visible>
                                    <label>$LOCALIZE[20343]</label>
                                    <onclick>Setfocus(3000)</onclick>
                                    <icon>special://skin/backgrounds/TVShows.jpg</icon>
                                    <thumb>$INFO[Skin.String(TVShows.Background)]</thumb>
                                </item>
                                <item id="4">
                                    <visible>Skin.HasSetting(plexbmc)</visible>
                                    <label>$LOCALIZE[2]</label>
                                    <onclick>Setfocus(3000)</onclick>
                                    <icon>special://skin/backgrounds/Music.jpg</icon>
                                    <thumb>$INFO[Skin.String(Music.Background)]</thumb>
                                </item>
                                <item id="4">
                                    <visible>!Skin.HasSetting(plexbmc)</visible>
                                    <label>$LOCALIZE[2]</label>
                                    <onclick>Setfocus(3000)</onclick>
                                    <icon>special://skin/backgrounds/Music.jpg</icon>
                                    <thumb>$INFO[Skin.String(Music.Background)]</thumb>
                                </item>
                                <item id="13">
                                    <visible>Skin.HasSetting(Clips.Show)</visible>
                                    <label>$LOCALIZE[31972]</label>
                                    <onclick>Setfocus(3000)</onclick>
                                    <icon>special://skin/backgrounds/Clips.jpg</icon>
                                    <thumb>$INFO[Skin.String(Clips.Background)]</thumb>
                                </item>
                                <item id="14">
                                    <visible>Skin.HasSetting(Concerts.Show)</visible>
                                    <label>$LOCALIZE[31971]</label>
                                    <onclick>Setfocus(3000)</onclick>
                                    <icon>special://skin/backgrounds/Concerts.jpg</icon>
                                    <thumb>$INFO[Skin.String(Concerts.Background)]</thumb>
                                </item>
                                <item id="5">
                                    <visible>Skin.HasSetting(plexbmc)</visible>
                                    <label>$LOCALIZE[1]</label>
                                    <onclick>Setfocus(3000)</onclick>
                                    <icon>special://skin/backgrounds/Pictures.jpg</icon>
                                    <thumb>$INFO[Skin.String(Pictures.Background)]</thumb>
                                </item>
                                <item id="5">
                                    <visible>!Skin.HasSetting(plexbmc)</visible>
                                    <label>$LOCALIZE[1]</label>
                                    <onclick>Setfocus(3000)</onclick>
                                    <icon>special://skin/backgrounds/Pictures.jpg</icon>
                                    <thumb>$INFO[Skin.String(Pictures.Background)]</thumb>
                                </item>
                                <item id="6">
                                    <label>$LOCALIZE[1036]</label>
                                    <onclick>Setfocus(3000)</onclick>
                                    <icon>special://skin/backgrounds/Favourites.jpg</icon>
                                    <thumb>$INFO[Skin.String(Favourites.Background)]</thumb>
                                </item>
                                <!-- <item id="7">
                                    <label>$LOCALIZE[8]</label>
                                    <onclick>Setfocus(3000)</onclick>
                                    <icon>special://skin/backgrounds/Weather.jpg</icon>
                                    <thumb>$INFO[Skin.String(Weather.Background)]</thumb>
                                </item> -->
                                <item id="8">
                                    <label>$LOCALIZE[24001]</label>
                                    <onclick>Setfocus(3000)</onclick>
                                    <icon>special://skin/backgrounds/Addons.jpg</icon>
                                    <thumb>$INFO[Skin.String(Addons.Background)]</thumb>
                                </item>
                                <item id="9">
                                    <label>$LOCALIZE[5]</label>
                                    <onclick>Setfocus(3000)</onclick>
                                    <icon>special://skin/backgrounds/Settings.jpg</icon>
                                    <thumb>$INFO[Skin.String(Settings.Background)]</thumb>
                                </item>
                                <item id="10">
                                    <label>$LOCALIZE[427]</label>
                                    <onclick>Setfocus(3000)</onclick>
                                    <icon>special://skin/backgrounds/Dvds.jpg</icon>
                                    <thumb>$INFO[Skin.String(DVD.Background)]</thumb>
                                </item>
                                <item id="11">
                                    <label>$LOCALIZE[13009]</label>
                                    <onclick>Setfocus(3000)</onclick>
                                    <icon>special://skin/backgrounds/Quit.jpg</icon>
                                    <thumb>$INFO[Skin.String(Quit.Background)]</thumb>
                                </item>
                                <item id="12">
                                    <visible>System.GetBool(pvrmanager.enabled)</visible>
                                    <label>19020</label>
                                    <onclick>Setfocus(3000)</onclick>
                                    <icon>special://skin/backgrounds/Tv.jpg</icon>
                                    <thumb>$INFO[Skin.String(Tv.Background)]</thumb>
                                </item>
                                <item id="15">
                                    <visible>System.GetBool(pvrmanager.enabled)</visible>
                                    <label>19021</label>
                                    <onclick>Setfocus(3000)</onclick>
                                    <icon>special://skin/backgrounds/Radio.jpg</icon>
                                    <thumb>$INFO[Skin.String(Radio.Background)]</thumb>
                                </item>
                            </content>
                        </control>
                        <control type="scrollbar" id="504">
                            <visible>Container(9000).Hasfocus(4)</visible>
                            <posx>1886</posx>
                            <posy>183</posy>
                            <height>780</height>
                            <onleft>9004</onleft>
                            <onright>9004</onright>
                            <include>VerticalScroller</include>
                        </control>
                        <control type="image">
                            <posx>0</posx>
                            <posy>183</posy>
                            <height>739</height>
                            <width>1260</width>
                            <texture border="35">$VAR[Theme.Color]/common/JewelCase2.png</texture>
                        </control>
                        <control type="multiimage">
                            <posx>35</posx>
                            <posy>218</posy>
                            <width>1190</width>
                            <height>669</height>
                            <imagepath background="true">$VAR[SkinSettings.RandomBackground.Art]</imagepath>
                            <timeperimage>9000</timeperimage>
                            <randomize>true</randomize>
                            <fadetime>400</fadetime>
                        </control>
                        <control type="image">
                            <posx>35</posx>
                            <posy>738</posy>
                            <width>1190</width>
                            <height>150</height>
                            <texture border="10">$VAR[Theme.Color]/common/HomeGradient.png</texture>
                        </control>
                        <control type="label">
                            <posx>65</posx>
                            <posy>750</posy>
                            <width>1130</width>
                            <height>200</height>
                            <align>center</align>
                            <haspath>yes</haspath>
                            <font>OSDFont</font>
                            <label fallback="571">$VAR[SkinSettings.RandomBackground.Label]</label>
                        </control>
                    </control>
                    <control type="grouplist" id="3000">
                        <visible>Container(9000).HasFocus(4)</visible>
                        <include>Icon_Fade</include>
                        <posx>0</posx>
                        <posy>903</posy>
                        <width>1260</width>
                        <height>90</height>
                        <itemgap>0</itemgap>
                        <aligny>bottom</aligny>
                        <align>center</align>
                        <orientation>horizontal</orientation>
                        <onleft>9000</onleft>
                        <onright>9004</onright>
                        <onup>9004</onup>
                        <ondown>9004</ondown>
                        <control type="button" id="300">
                            <visible>![
                                [Container(9004).HasFocus(0)+Skin.HasSetting(Default.Background.EnableRandomFanart)]|
                                [Container(9004).HasFocus(1)+Skin.HasSetting(Videos.Background.EnableRandomFanart)]|
                                [Container(9004).HasFocus(2)+Skin.HasSetting(Movies.Background.EnableRandomFanart)]|
                                [Container(9004).HasFocus(3)+Skin.HasSetting(TVShows.Background.EnableRandomFanart)]|
                                [Container(9004).HasFocus(4)+Skin.HasSetting(Music.Background.EnableRandomFanart)]|
                                [Container(9004).HasFocus(5)+Skin.HasSetting(Pictures.Background.EnableRandomFanart)]|
                                [Container(9004).HasFocus(13)+Skin.HasSetting(MusicVideos.Background.EnableRandomFanart)]|
                                [Container(9004).HasFocus(14)+Skin.HasSetting(MusicVideos.Background.EnableRandomFanart)]
                                ]</visible>
                            <include>ButtonFocusAnimation</include>
                            <description>Single Image button</description>
                            <include>SkinSettingsButton</include>
                            <label>$LOCALIZE[1030]</label>
                            <onclick condition="Container(9004).HasFocus(0)">Skin.SetImage(Default.Background)</onclick>
                            <onclick condition="Container(9004).HasFocus(1)">Skin.SetImage(Videos.Background)</onclick>
                            <onclick condition="Container(9004).HasFocus(2)">Skin.SetImage(Movies.Background)</onclick>
                            <onclick condition="Container(9004).HasFocus(3)">Skin.SetImage(TVShows.Background)</onclick>
                            <onclick condition="Container(9004).HasFocus(4)">Skin.SetImage(Music.Background)</onclick>
                            <onclick condition="Container(9004).HasFocus(5)">Skin.SetImage(Pictures.Background)</onclick>
                            <onclick condition="Container(9004).HasFocus(6)">Skin.SetImage(Favourites.Background)</onclick>
                            <!-- <onclick condition="Container(9004).HasFocus(7)">Skin.SetImage(Weather.Background)</onclick> -->
                            <onclick condition="Container(9004).HasFocus(8)">Skin.SetImage(Addons.Background)</onclick>
                            <onclick condition="Container(9004).HasFocus(9)">Skin.SetImage(Settings.Background)</onclick>
                            <onclick condition="Container(9004).HasFocus(10)">Skin.SetImage(DVD.Background)</onclick>
                            <onclick condition="Container(9004).HasFocus(11)">Skin.SetImage(Quit.Background)</onclick>
                            <onclick condition="Container(9004).HasFocus(12)">Skin.SetImage(Tv.Background)</onclick>
                            <onclick condition="Container(9004).HasFocus(15)">Skin.SetImage(Radio.Background)</onclick>
                            <onclick condition="Container(9004).HasFocus(13)">Skin.SetImage(Clips.Background)</onclick>
                            <onclick condition="Container(9004).HasFocus(14)">Skin.SetImage(Concerts.Background)</onclick>
                        </control>
                        <control type="button" id="301">
                            <visible>![
                                [Container(9004).HasFocus(0)+Skin.HasSetting(Default.Background.EnableRandomFanart)]|
                                [Container(9004).HasFocus(1)+Skin.HasSetting(Videos.Background.EnableRandomFanart)]|
                                [Container(9004).HasFocus(2)+Skin.HasSetting(Movies.Background.EnableRandomFanart)]|
                                [Container(9004).HasFocus(3)+Skin.HasSetting(TVShows.Background.EnableRandomFanart)]|
                                [Container(9004).HasFocus(4)+Skin.HasSetting(Music.Background.EnableRandomFanart)]|
                                [Container(9004).HasFocus(5)+Skin.HasSetting(Pictures.Background.EnableRandomFanart)]|
                                [Container(9004).HasFocus(13)+Skin.HasSetting(MusicVideos.Background.EnableRandomFanart)]|
                                [Container(9004).HasFocus(14)+Skin.HasSetting(MusicVideos.Background.EnableRandomFanart)]
                                ]</visible>
                            <include>ButtonFocusAnimation</include>
                            <description>Multi Image button</description>
                            <include>SkinSettingsButton</include>
                            <label>$LOCALIZE[31114]</label>
                            <onclick condition="Container(9004).HasFocus(0)">Skin.SetPath(Default.Background)</onclick>
                            <onclick condition="Container(9004).HasFocus(1)">Skin.SetPath(Videos.Background)</onclick>
                            <onclick condition="Container(9004).HasFocus(2)">Skin.SetPath(Movies.Background)</onclick>
                            <onclick condition="Container(9004).HasFocus(3)">Skin.SetPath(TVShows.Background)</onclick>
                            <onclick condition="Container(9004).HasFocus(4)">Skin.SetPath(Music.Background)</onclick>
                            <onclick condition="Container(9004).HasFocus(5)">Skin.SetPath(Pictures.Background)</onclick>
                            <onclick condition="Container(9004).HasFocus(6)">Skin.SetPath(Favourites.Background)</onclick>
                            <!-- <onclick condition="Container(9004).HasFocus(7)">Skin.SetPath(Weather.Background)</onclick> -->
                            <onclick condition="Container(9004).HasFocus(8)">Skin.SetPath(Addons.Background)</onclick>
                            <onclick condition="Container(9004).HasFocus(9)">Skin.SetPath(Settings.Background)</onclick>
                            <onclick condition="Container(9004).HasFocus(10)">Skin.SetPath(DVD.Background)</onclick>
                            <onclick condition="Container(9004).HasFocus(11)">Skin.SetPath(Quit.Background)</onclick>
                            <onclick condition="Container(9004).HasFocus(12)">Skin.SetPath(Tv.Background)</onclick>
                            <onclick condition="Container(9004).HasFocus(15)">Skin.SetPath(Radio.Background)</onclick>
                            <onclick condition="Container(9004).HasFocus(13)">Skin.SetPath(Clips.Background)</onclick>
                            <onclick condition="Container(9004).HasFocus(14)">Skin.SetPath(Concerts.Background)</onclick>
                        </control>
                        <control type="radiobutton" id="307">
                            <visible>Container(9004).HasFocus(0)+!Skin.HasSetting(plexbmc)</visible>
                            <include>ButtonFocusAnimation</include>
                            <selected>Skin.HasSetting(Default.Background.EnableRandomFanart)</selected>
                            <include>SkinSettingsButton</include>
                            <label>$LOCALIZE[590]         </label>
                            <onclick>Skin.ToggleSetting(Default.Background.EnableRandomFanart)</onclick>
                        </control>
                        <control type="radiobutton" id="303">
                            <visible>Container(9004).HasFocus(1)+!Skin.HasSetting(plexbmc)</visible>
                            <include>ButtonFocusAnimation</include>
                            <selected>Skin.HasSetting(Videos.Background.EnableRandomFanart)</selected>
                            <include>SkinSettingsButton</include>
                            <label>$LOCALIZE[590]         </label>
                            <onclick>Skin.ToggleSetting(Videos.Background.EnableRandomFanart)</onclick>
                        </control>
                        <control type="radiobutton" id="304">
                            <visible>Container(9004).HasFocus(2)+!Skin.HasSetting(plexbmc)</visible>
                            <include>ButtonFocusAnimation</include>
                            <selected>Skin.HasSetting(Movies.Background.EnableRandomFanart)</selected>
                            <include>SkinSettingsButton</include>
                            <label>$LOCALIZE[590]         </label>
                            <onclick>Skin.ToggleSetting(Movies.Background.EnableRandomFanart)</onclick>
                        </control>
                        <control type="radiobutton" id="305">
                            <visible>Container(9004).HasFocus(3)+!Skin.HasSetting(plexbmc)</visible>
                            <include>ButtonFocusAnimation</include>
                            <selected>Skin.HasSetting(TVShows.Background.EnableRandomFanart)</selected>
                            <include>SkinSettingsButton</include>
                            <label>$LOCALIZE[590]         </label>
                            <onclick>Skin.ToggleSetting(TVShows.Background.EnableRandomFanart)</onclick>
                        </control>
                        <control type="radiobutton" id="306">
                            <visible>Container(9004).HasFocus(4)+!Skin.HasSetting(plexbmc)</visible>
                            <include>ButtonFocusAnimation</include>
                            <selected>Skin.HasSetting(Music.Background.EnableRandomFanart)</selected>
                            <include>SkinSettingsButton</include>
                            <label>$LOCALIZE[590]         </label>
                            <onclick>Skin.ToggleSetting(Music.Background.EnableRandomFanart)</onclick>
                        </control>
                        <control type="radiobutton" id="308">
                            <visible>Container(9004).HasFocus(5)+!Skin.HasSetting(plexbmc)</visible>
                            <include>ButtonFocusAnimation</include>
                            <selected>Skin.HasSetting(Pictures.Background.EnableRandomFanart)</selected>
                            <include>SkinSettingsButton</include>
                            <label>$LOCALIZE[590]         </label>
                            <onclick>Skin.ToggleSetting(Pictures.Background.EnableRandomFanart)</onclick>
                        </control>
                        <control type="radiobutton" id="309">
                            <visible>Container(9004).HasFocus(13)+!Skin.HasSetting(plexbmc)</visible>
                            <include>ButtonFocusAnimation</include>
                            <selected>Skin.HasSetting(MusicVideos.Background.EnableRandomFanart)</selected>
                            <include>SkinSettingsButton</include>
                            <label>$LOCALIZE[590]         </label>
                            <onclick>Skin.ToggleSetting(MusicVideos.Background.EnableRandomFanart)</onclick>
                        </control>
                        <control type="radiobutton" id="310">
                            <visible>Container(9004).HasFocus(14)+!Skin.HasSetting(plexbmc)</visible>
                            <include>ButtonFocusAnimation</include>
                            <selected>Skin.HasSetting(MusicVideos.Background.EnableRandomFanart)</selected>
                            <include>SkinSettingsButton</include>
                            <label>$LOCALIZE[590]         </label>
                            <onclick>Skin.ToggleSetting(MusicVideos.Background.EnableRandomFanart)</onclick>
                        </control>
                        <control type="button" id="302">
                            <include>ButtonFocusAnimation</include>
                            <description>Default Image button</description>
                            <include>SkinSettingsButton</include>
                            <label>$LOCALIZE[571]</label>
                            <onclick condition="Container(9004).HasFocus(0)">Skin.Reset(Default.Background)</onclick>
                            <onclick condition="Container(9004).HasFocus(1)">Skin.Reset(Videos.Background)</onclick>
                            <onclick condition="Container(9004).HasFocus(2)">Skin.Reset(Movies.Background)</onclick>
                            <onclick condition="Container(9004).HasFocus(3)">Skin.Reset(TVShows.Background)</onclick>
                            <onclick condition="Container(9004).HasFocus(4)">Skin.Reset(Music.Background)</onclick>
                            <onclick condition="Container(9004).HasFocus(0)+Skin.HasSetting(Default.Background.EnableRandomFanart)">Skin.Reset(Default.Background.EnableRandomFanart)</onclick>
                            <onclick condition="Container(9004).HasFocus(1)+Skin.HasSetting(Videos.Background.EnableRandomFanart)">Skin.Reset(Videos.Background.EnableRandomFanart)</onclick>
                            <onclick condition="Container(9004).HasFocus(2)+Skin.HasSetting(Movies.Background.EnableRandomFanart)">Skin.Reset(Movies.Background.EnableRandomFanart)</onclick>
                            <onclick condition="Container(9004).HasFocus(3)+Skin.HasSetting(TVShows.Background.EnableRandomFanart)">Skin.Reset(TVShows.Background.EnableRandomFanart)</onclick>
                            <onclick condition="Container(9004).HasFocus(4)+Skin.HasSetting(Music.Background.EnableRandomFanart)">Skin.Reset(Music.Background.EnableRandomFanart)</onclick>
                            <onclick condition="Container(9004).HasFocus(5)+Skin.HasSetting(Pictures.Background.EnableRandomFanart)">Skin.Reset(Pictures.Background.EnableRandomFanart)</onclick>
                            <onclick condition="Container(9004).HasFocus(13)+Skin.HasSetting(MusicVideos.Background.EnableRandomFanart)">Skin.Reset(MusicVideos.Background.EnableRandomFanart)</onclick>
                            <onclick condition="Container(9004).HasFocus(14)+Skin.HasSetting(MusicVideos.Background.EnableRandomFanart)">Skin.Reset(MusicVideos.Background.EnableRandomFanart)</onclick>
                            <onclick condition="Container(9004).HasFocus(5)">Skin.Reset(Pictures.Background)</onclick>
                            <onclick condition="Container(9004).HasFocus(6)">Skin.Reset(Favourites.Background)</onclick>
                            <!-- <onclick condition="Container(9004).HasFocus(7)">Skin.Reset(Weather.Background)</onclick> -->
                            <onclick condition="Container(9004).HasFocus(8)">Skin.Reset(Addons.Background)</onclick>
                            <onclick condition="Container(9004).HasFocus(9)">Skin.Reset(Settings.Background)</onclick>
                            <onclick condition="Container(9004).HasFocus(10)">Skin.Reset(DVD.Background)</onclick>
                            <onclick condition="Container(9004).HasFocus(11)">Skin.Reset(Quit.Background)</onclick>
                            <onclick condition="Container(9004).HasFocus(12)">Skin.Reset(Tv.Background)</onclick>
                            <onclick condition="Container(9004).HasFocus(15)">Skin.Reset(Radio.Background)</onclick>
                            <onclick condition="Container(9004).HasFocus(13)">Skin.Reset(Clips.Background)</onclick>
                            <onclick condition="Container(9004).HasFocus(14)">Skin.Reset(Concerts.Background)</onclick>

                        </control>
                    </control>

                    <!-- HOME -->
                    <control type="panel" id="9005">
                        <visible>Container(9000).HasFocus(5)</visible>
                        <!--<include>Icon_Fade</include>-->
                        <posx>0</posx>
                        <posy>183</posy>
                        <width>1920</width>
                        <height>780</height>
                        <onleft>9000</onleft>
                        <onright>9005</onright>
                        <onup>9005</onup>
                        <ondown>9005</ondown>
                        <pagecontrol>-</pagecontrol>
                        <include>SkinSettings_DefaultLayout</include>
                        <content>
                            <item id="59">
                                <label>$LOCALIZE[31034]</label>
                                <label2>-</label2>
                                <onclick>RunScript(script.skinshortcuts,type=manage&amp;nolabels=True&amp;group=mainmenu)</onclick>
                            </item>
                            <item id="58">
                                <visible>Skin.HasSetting(plexbmc)</visible>
                                <label>$LOCALIZE[31045]</label>
                                <label2>-</label2>
                                <onclick>ActivateWindow(1115)</onclick>
                            </item>
                            <item id="61">
                                <visible>Skin.HasSetting(Home_DefaultBG)</visible>
                                <label>$LOCALIZE[31986]</label>
                                <label2>$LOCALIZE[107]</label2>
                                <onclick>Skin.ToggleSetting(Home_DefaultBG)</onclick>
                            </item>
                            <item id="61">
                                <visible>!Skin.HasSetting(Home_DefaultBG)</visible>
                                <label>$LOCALIZE[31986]</label>
                                <label2>$LOCALIZE[106]</label2>
                                <onclick>Skin.ToggleSetting(Home_DefaultBG)</onclick>
                            </item>
                            <item id="62">
                                <visible>Skin.HasSetting(Fixed_HomeMenu)</visible>
                                <label>$LOCALIZE[31998]</label>
                                <label2>$LOCALIZE[107]</label2>
                                <onclick>Skin.ToggleSetting(Fixed_HomeMenu)</onclick>
                            </item>
                            <item id="62">
                                <visible>!Skin.HasSetting(Fixed_HomeMenu)</visible>
                                <label>$LOCALIZE[31998]</label>
                                <label2>$LOCALIZE[106]</label2>
                                <onclick>Skin.ToggleSetting(Fixed_HomeMenu)</onclick>
                            </item>
                            <item id="1">
                                <visible>!Skin.HasSetting(Hide.RecentlyAdded)</visible>
                                <label>$LOCALIZE[31967]</label>
                                <label2>$LOCALIZE[107]</label2>
                                <onclick>Skin.ToggleSetting(Hide.RecentlyAdded)</onclick>
                            </item>
                            <item id="1">
                                <visible>Skin.HasSetting(Hide.RecentlyAdded)</visible>
                                <label>$LOCALIZE[31967]</label>
                                <label2>$LOCALIZE[106]</label2>
                                <onclick>Skin.Reset(Hide.RecentlyAdded)</onclick>
                            </item>
                        </content>
                    </control>
                    <!-- QUIT MENU -->
                    <control type="panel" id="9007">
                        <visible>Container(9000).HasFocus(7)</visible>
                        <!--<include>Icon_Fade</include>-->
                        <posx>0</posx>
                        <posy>183</posy>
                        <width>1920</width>
                        <height>780</height>
                        <onleft>9000</onleft>
                        <onright>9007</onright>
                        <onup>9007</onup>
                        <ondown>9007</ondown>
                        <pagecontrol>-</pagecontrol>
                        <include>SkinSettings_DefaultLayout</include>
                        <content>
                            <item id="2">
                                <visible>!Skin.HasSetting(QuitMenu_Hide_Quit)</visible>
                                <label> - $LOCALIZE[13009]</label>
                                <label2>$LOCALIZE[107]</label2>
                                <onclick>Skin.ToggleSetting(QuitMenu_Hide_Quit)</onclick>
                            </item>
                            <item id="2">
                                <visible>Skin.HasSetting(QuitMenu_Hide_Quit)</visible>
                                <label> - $LOCALIZE[13009]</label>
                                <label2>$LOCALIZE[106]</label2>
                                <onclick>Skin.ToggleSetting(QuitMenu_Hide_Quit)</onclick>
                            </item>
                            <item id="3">
                                <visible>!Skin.HasSetting(QuitMenu_Hide_Sleep)</visible>
                                <label> - $LOCALIZE[13011]</label>
                                <label2>$LOCALIZE[107]</label2>
                                <onclick>Skin.ToggleSetting(QuitMenu_Hide_Sleep)</onclick>
                            </item>
                            <item id="3">
                                <visible>Skin.HasSetting(QuitMenu_Hide_Sleep)</visible>
                                <label> - $LOCALIZE[13011]</label>
                                <label2>$LOCALIZE[106]</label2>
                                <onclick>Skin.ToggleSetting(QuitMenu_Hide_Sleep)</onclick>
                            </item>
                            <item id="4">
                                <visible>!Skin.HasSetting(QuitMenu_Hide_Shutdown)</visible>
                                <label> - $LOCALIZE[13005]</label>
                                <label2>$LOCALIZE[107]</label2>
                                <onclick>Skin.ToggleSetting(QuitMenu_Hide_Shutdown)</onclick>
                            </item>
                            <item id="4">
                                <visible>Skin.HasSetting(QuitMenu_Hide_Shutdown)</visible>
                                <label> - $LOCALIZE[13005]</label>
                                <label2>$LOCALIZE[106]</label2>
                                <onclick>Skin.ToggleSetting(QuitMenu_Hide_Shutdown)</onclick>
                            </item>
                            <item id="5">
                                <visible>!Skin.HasSetting(QuitMenu_Hide_Reboot)</visible>
                                <label> - $LOCALIZE[13013]</label>
                                <label2>$LOCALIZE[107]</label2>
                                <onclick>Skin.ToggleSetting(QuitMenu_Hide_Reboot)</onclick>
                            </item>
                            <item id="5">
                                <visible>Skin.HasSetting(QuitMenu_Hide_Reboot)</visible>
                                <label> - $LOCALIZE[13013]</label>
                                <label2>$LOCALIZE[106]</label2>
                                <onclick>Skin.ToggleSetting(QuitMenu_Hide_Reboot)</onclick>
                            </item>
                            <item id="7">
                                <visible>Skin.HasSetting(QuitMenu_Hide_Timer)</visible>
                                <label> - $LOCALIZE[20144]</label>
                                <label2>$LOCALIZE[107]</label2>
                                <onclick>Skin.ToggleSetting(QuitMenu_Hide_Timer)</onclick>
                            </item>
                            <item id="7">
                                <visible>!Skin.HasSetting(QuitMenu_Hide_Timer)</visible>
                                <label> - $LOCALIZE[20144]</label>
                                <label2>$LOCALIZE[106]</label2>
                                <onclick>Skin.ToggleSetting(QuitMenu_Hide_Timer)</onclick>
                            </item>
                        </content>
                    </control>

                    <!-- THEMES -->
                    <control type="group">
                        <visible>Container(9000).Hasfocus(13)</visible>
                        <!--<include>Icon_Fade</include>-->
                        <control type="image">
                            <posx>100</posx>
                            <posy>862</posy>
                            <width>1720</width>
                            <height>172</height>
                            <texture border="100">$VAR[Theme.Color]/common/bg_list.png</texture>
                        </control>
                        <control type="image">
                            <posx>347</posx>
                            <posy>185</posy>
                            <width>1225</width>
                            <height>720</height>
                            <aspectratio>scale</aspectratio>
                            <include>ThumbBorder</include>
                            <texture>special://skin/fanart.jpg</texture>
                        </control>
                        <!-- WHITE -->
                        <control type="radiobutton" id="852801">
                            <include>ButtonFocusAnimation</include>
                            <posx>47</posx>
                            <posy>903</posy>
                            <width>577</width>
                            <height>90</height>
                            <label>$LOCALIZE[742]</label>
                            <align>center</align>
                            <radioposx>450</radioposx>
                            <onright>8528081</onright>
                            <onleft>9000</onleft>
                            <ondown>852801</ondown>
                            <onup>852801</onup>
                            <onclick>Skin.Reset(Theme.Color.White)</onclick>
                            <onclick>Skin.Reset(Theme.Color.Black)</onclick>
                            <onclick>Skin.Reset(Theme.Color.Auto)</onclick>
                            <onclick>Skin.ToggleSetting(Theme.Color.White)</onclick>
                            <selected>[Skin.HasSetting(Theme.Color.White)|!Skin.HasSetting(Theme.Color.Black)]+!Skin.HasSetting(Theme.Color.Auto)</selected>
                            <onclick>ReloadSkin()</onclick>
                        </control>
                        <!-- AUTO / DAWN / SUNSET -->
                        <control type="radiobutton" id="8528081">
                            <include>ButtonFocusAnimation</include>
                            <posx>671</posx>
                            <posy>903</posy>
                            <width>577</width>
                            <height>90</height>
                            <label>$LOCALIZE[16040]</label>
                            <align>center</align>
                            <radioposx>450</radioposx>
                            <onright>852808</onright>
                            <onleft>852801</onleft>
                            <ondown>8528081</ondown>
                            <onup>8528081</onup>
                            <onclick>Skin.Reset(Theme.Color.White)</onclick>
                            <onclick>Skin.Reset(Theme.Color.Black)</onclick>
                            <onclick>Skin.Reset(Theme.Color.Auto)</onclick>
                            <onclick>Skin.ToggleSetting(Theme.Color.Auto)</onclick>
                            <selected>Skin.HasSetting(Theme.Color.Auto)</selected>
                            <onclick>ReloadSkin()</onclick>
                        </control>
                        <!-- BLACK -->
                        <control type="radiobutton" id="852808">
                            <include>ButtonFocusAnimation</include>
                            <posx>1295</posx>
                            <posy>903</posy>
                            <width>577</width>
                            <height>90</height>
                            <label>$LOCALIZE[353]</label>
                            <align>center</align>
                            <radioposx>450</radioposx>
                            <onright>852808</onright>
                            <onleft>8528081</onleft>
                            <ondown>852808</ondown>
                            <onup>852808</onup>
                            <onclick>Skin.Reset(Theme.Color.White)</onclick>
                            <onclick>Skin.Reset(Theme.Color.Black)</onclick>
                            <onclick>Skin.Reset(Theme.Color.Auto)</onclick>
                            <onclick>Skin.ToggleSetting(Theme.Color.Black)</onclick>
                            <selected>Skin.HasSetting(Theme.Color.Black)+!Skin.HasSetting(Theme.Color.Auto)</selected>
                            <onclick>ReloadSkin()</onclick>
                        </control>
                    </control>
                </control>
            </control>
            <control type="label">
                <include>OpenClose</include>
                <include>WindowTitle</include>
                <label>$LOCALIZE[5]</label>
            </control>
            <control type="label">
                <include>OpenClose</include>
                <include>WindowTitleSub</include>
                <label>$LOCALIZE[20077] - Nebula</label>
            </control>
            <include>Time</include>
            <!-- SIDE MENU -->
            <control type="group">
                <animation effect="slide" tween="circle" easing="out" time="250" start="0,0" end="660,0" condition="[Control.HasFocus(9000)|Control.HasFocus(8999)|Control.HasFocus(9060)]">Conditional</animation>
                <include>LeftMenu</include>
                <control type="list" id="9000">
                    <include>LeftMenuButtonGroup</include>
                    <onright>9110</onright>
                    <ondown>9000</ondown>
                    <onback>9110</onback>
                    <itemlayout width="660" height="78">
                        <control type="label">
                            <posx>TextMargin</posx>
                            <height>78</height>
                            <width>520</width>
                            <font>FacadeListMainFont</font>
                            <include>TextColor_AlternateColor</include>
                            <label>$INFO[ListItem.Label]</label>
                        </control>
                    </itemlayout>
                    <focusedlayout width="660" height="78">
                        <control type="group">
                            <include>ButtonFocusAnimation</include>
                            <control type="image">
                                <posx>0</posx>
                                <posy>0</posy>
                                <height>78</height>
                                <width>660</width>
                                <texture border="1">$VAR[Theme.Color]/list/bg_facade_focus.png</texture>
                            </control>
                            <control type="label">
                                <posx>TextMargin</posx>
                                <height>78</height>
                                <width>520</width>
                                <font>FacadeListMainFont</font>
                                <include>TextColor_MainColor</include>
                                <label>$INFO[ListItem.Label]</label>
                            </control>
                        </control>
                    </focusedlayout>
                    <content>
                        <!--GENERAL-->
                        <item id="1">
                            <label>[CAPITALIZE]$LOCALIZE[128][/CAPITALIZE]</label>
                            <onclick>noop</onclick>
                        </item>
                        <!--HOME-->
                        <item id="5">
                            <label>[CAPITALIZE]$LOCALIZE[10000][/CAPITALIZE]</label>
                            <onclick>noop</onclick>
                        </item>
                        <!--PLAYBACK-->
                        <item id="2">
                            <label>[CAPITALIZE]$LOCALIZE[14086][/CAPITALIZE]</label>
                            <onclick>noop</onclick>
                        </item>
                        <!--ART MANAGEMENT-->
                        <item id="3">
                            <label>[CAPITALIZE]$LOCALIZE[31029][/CAPITALIZE]</label>
                            <onclick>noop</onclick>
                        </item>
                        <!--STARTUP-->
                        <item id="6">
                            <label>[CAPITALIZE]$LOCALIZE[31032][/CAPITALIZE]</label>
                            <onclick>noop</onclick>
                        </item>
                        <!--QUIT MENU-->
                        <item id="7">
                            <label>[CAPITALIZE]$LOCALIZE[31990][/CAPITALIZE]</label>
                            <onclick>noop</onclick>
                        </item>
                        <!--BACKGROUNDS-->
                        <item id="4">
                            <label>[CAPITALIZE]$LOCALIZE[33069][/CAPITALIZE]</label>
                            <onclick>noop</onclick>
                        </item>
                        <!--THEMES-->
                        <item id="13">
                            <label>[CAPITALIZE]$LOCALIZE[21895][/CAPITALIZE]</label>
                            <onclick>noop</onclick>
                        </item>
                    </content>
                </control>
                <include>LeftMenuScroller</include>
            </control>
        </control>
    </controls>
</window>
