<?xml version="1.0" encoding="utf-8"?>
<window>
    <defaultcontrol always="true">10</defaultcontrol>
    <menucontrol>9000</menucontrol>
    <controls>
        <include condition="!Skin.HasSetting(DisableFanart)">Fanart_Art</include>
        <include>Player_Show</include>
        <include>OverlayFull</include>
        <include>InfoBackground</include>
        <control type="group">
            <animation effect="slide" tween="circle" easing="out" time="250" start="0,0" end="660,0" condition="[ControlGroup(9000).HasFocus()|Control.HasFocus(8999)|Control.HasFocus(9060)]">conditional</animation>
            <animation effect="slide" tween="circle" easing="out" time="250" start="0,0" end="-2090,0" condition="Control.HasFocus(505050)">conditional</animation>
            <include>OpenClose</include>
            <include>Icon_Fade</include>
            <include>FacadeFadeDialogs</include>
            <control type="image">
                <posx>0</posx>
                <posy>142</posy>
                <width>1920</width>
                <height>892</height>
                <texture border="100">$VAR[Theme.Color]/common/bg_list.png</texture>
            </control>
            <control type="image">
                <posx>100</posx>
                <posy>142</posy>
                <width>1720</width>
                <height>172</height>
                <texture border="100">$VAR[Theme.Color]/common/bg_list.png</texture>
            </control>
            <control type="image">
                <posx>100</posx>
                <posy>300</posy>
                <width>1720</width>
                <height>308</height>
                <texture border="100">$VAR[Theme.Color]/common/bg_list.png</texture>
            </control>
            <control type="image">
                <posx>100</posx>
                <posy>862</posy>
                <width>1720</width>
                <height>172</height>
                <texture border="100">$VAR[Theme.Color]/common/bg_list.png</texture>
            </control>
            <control type="edit" id="12">
                <posx>TextMargin</posx>
                <posy>183</posy>
                <width>1800</width>
                <height>90</height>
                <font>InfoTitleFont</font>
                <align>center</align>
                <hinttext>21433</hinttext>
                <include>LeftMenuButton</include>
                <onleft>9000</onleft>
                <onright>12</onright>
                <onup>12</onup>
                <ondown>10</ondown>
            </control>
            <control type="label" id="2">
                <posx>0</posx>
                <posy>273</posy>
                <width>1920</width>
                <align>center</align>
                <font>LeftMenuTitleFont</font>
                <include>LeftMenuButton</include>
                <label>-</label>
            </control>
            <control type="panel" id="10">
                <posy>340</posy>
                <width>1920</width>
                <height>225</height>
                <onup>12</onup>
                <onleft>9000</onleft>
                <onright>61</onright>
                <ondown>9001</ondown>
                <pagecontrol>61</pagecontrol>
                <itemlayout width="1920" height="75">
                    <control type="label">
                        <posx>TextMargin</posx>
                        <height>75</height>
                        <width>1800</width>
                        <align>center</align>
                        <font>FacadeListMainFont</font>
                        <include>TextColor_AlternateColor</include>
                        <label>$INFO[ListItem.Label]</label>
                    </control>
                </itemlayout>
                <focusedlayout width="1920" height="75">
                    <control type="group">
                        <include>ButtonWideFocusAnimation</include>
                        <control type="image">
                            <posx>0</posx>
                            <posy>0</posy>
                            <height>75</height>
                            <width>1920</width>
                            <texture border="1">$VAR[Theme.Color]/list/bg_facade_focus.png</texture>
                        </control>
                        <control type="label">
                            <posx>TextMargin</posx>
                            <height>75</height>
                            <width>1920</width>
                            <align>center</align>
                            <font>FacadeListMainFont</font>
                            <include>TextColor_MainColor</include>
                            <label>$INFO[ListItem.Label]</label>
                        </control>
                    </control>
                </focusedlayout>
            </control>
            <control type="scrollbar" id="61">
                <posx>1886</posx>
                <posy>340</posy>
                <height>225</height>
                <onleft>10</onleft>
                <onright>10</onright>
                <include>VerticalScroller</include>
            </control>
            <control type="grouplist" id="9001">
                <posx>0</posx>
                <posy>567</posy>
                <height>336</height>
                <onleft>9000</onleft>
                <onright>60</onright>
                <onup>10</onup>
                <ondown>9002</ondown>
                <pagecontrol>60</pagecontrol>
                <itemgap>0</itemgap>
                <control type="spincontrolex" id="22">
                    <width>1920</width>
                    <height>84</height>
                    <label>$LOCALIZE[467]</label>
                    <reverse>yes</reverse>
                    <include>LeftMenuButtonWide</include>
                </control>
                <control type="spincontrolex" id="16">
                    <width>1920</width>
                    <height>84</height>
                    <include>LeftMenuButtonWide</include>
                    <label>$LOCALIZE[21424]</label>
                    <reverse>yes</reverse>
                </control>
                <control type="spincontrolex" id="17">
                    <width>1920</width>
                    <height>84</height>
                    <include>LeftMenuButtonWide</include>
                    <label>$LOCALIZE[21427]</label>
                    <reverse>yes</reverse>
                </control>
                <control type="spincontrolex" id="18">
                    <width>1920</width>
                    <height>84</height>
                    <include>LeftMenuButtonWide</include>
                    <label>$LOCALIZE[21429]</label>
                    <reverse>yes</reverse>
                </control>
                <control type="togglebutton" id="19">
                    <width>1920</width>
                    <height>84</height>
                    <include>LeftMenuButtonWide</include>
                    <label>$LOCALIZE[21429]:  $LOCALIZE[21431]</label>
                    <altlabel>$LOCALIZE[21429]:  $LOCALIZE[21430]</altlabel>
                </control>
                <control type="spincontrolex" id="23">
                    <width>1920</width>
                    <height>84</height>
                    <include>LeftMenuButtonWide</include>
                    <label>$LOCALIZE[21458]</label>
                    <reverse>yes</reverse>
                </control>
                <control type="radiobutton" id="24">
                    <width>1920</width>
                    <height>84</height>
                    <radioposx>1806</radioposx>
                    <textwidth>1700</textwidth>
                    <include>LeftMenuButtonWide</include>
                    <label>$LOCALIZE[20395]</label>
                </control>
            </control>
            <control type="scrollbar" id="60">
                <posx>1886</posx>
                <posy>567</posy>
                <height>336</height>
                <onleft>9001</onleft>
                <onright>9001</onright>
                <include>VerticalScroller</include>
            </control>
            <control type="grouplist" id="9002">
                <posx>0</posx>
                <posy>903</posy>
                <width>1920</width>
                <height>90</height>
                <itemgap>30</itemgap>
                <aligny>bottom</aligny>
                <align>center</align>
                <orientation>horizontal</orientation>
                <onleft>9000</onleft>
                <onright>9002</onright>
                <onup>9001</onup>
                <ondown>9002</ondown>
                <control type="button" id="20">
                    <include>ButtonFocusAnimation</include>
                    <label>$LOCALIZE[186]</label>
                </control>
                <control type="button" id="21">
                    <include>ButtonFocusAnimation</include>
                    <label>$LOCALIZE[222]</label>
                </control>
            </control>
        </control>
        <control type="label">
            <include>OpenClose</include>
            <include>WindowTitle</include>
            <label>$LOCALIZE[10136]</label>
        </control>
        <control type="label">
            <include>OpenClose</include>
            <include>WindowTitleSub</include>
            <label>$LOCALIZE[2]</label>
        </control>
        <include>FooterInfo</include>
        <include>Time</include>
        <!-- SIDE MENU -->
        <control type="group">
            <include>LeftMenu</include>
            <include>Icon_Fade</include>
            <include>FacadeFadeDialogs</include>
            <control type="grouplist" id="9000">
                <include>LeftMenuButtonGroup</include>
                <onright>12</onright>
                <ondown>9000</ondown>
                <onback>12</onback>
                <control type="label" id="7965">
                    <include>LeftMenuTitleLabel</include>
                    <label>$LOCALIZE[33063]</label>
                </control>
                <control type="button" id="13">
                    <include>LeftMenuButton</include>
                    <label>$LOCALIZE[15019]</label>
                </control>
                <control type="button" id="14">
                    <include>LeftMenuButton</include>
                    <label>$LOCALIZE[1210]</label>
                </control>
                <control type="button" id="15">
                    <include>LeftMenuButton</include>
                    <label>$LOCALIZE[21435]</label>
                </control>
            </control>
            <include>LeftMenuScroller</include>
        </control>
    </controls>
</window>
