<?xml version="1.0" encoding="utf-8"?>
<window>
    <defaultcontrol>5</defaultcontrol>
    <controls>
        <include>TopBar</include>
        <control type="group">
            <include>FacadeFadeDialogs2ndLevelCondition</include>
            <include>Icon_Fade</include>
            <control type="group">
                <include>DialogOpenClose</include>
                <posy>363</posy>
                <!--             <control type="button" id="9001">
                   <include>ButtonFocusAnimation</include>
                    <include>ConditionWhite</include>
                    <posx>1887</posx>
                    <posy>150</posy>
                    <height>33</height>
                    <width>33</width>
                    <colordiffuse>90ffffff</colordiffuse>
                    <texturenofocus>white/topbar/topbar_exit_nofocus.png</texturenofocus>
                    <texturefocus>white/topbar/topbar_exit_focus.png</texturefocus>
                    <onleft>Dialog.Close(123)</onleft>
                    <onright>Dialog.Close(123)</onright>
                    <onup>Dialog.Close(123)</onup>
                    <ondown>Dialog.Close(123)</ondown>
                    <onback>Dialog.Close(123)</onback>
                    <onclick>Dialog.Close(123)</onclick>
                    <label>-</label>
                    <onfocus>noop</onfocus>
                </control>
                <control type="button" id="9001">
                   <include>ButtonFocusAnimation</include>
                    <include>ConditionBlack</include>
                    <posx>1887</posx>
                    <posy>150</posy>
                    <height>33</height>
                    <width>33</width>
                    <colordiffuse>90ffffff</colordiffuse>
                    <texturenofocus>black/topbar/topbar_exit_nofocus.png</texturenofocus>
                    <texturefocus>black/topbar/topbar_exit_focus.png</texturefocus>
                    <onleft>Dialog.Close(123)</onleft>
                    <onright>Dialog.Close(123)</onright>
                    <onup>Dialog.Close(123)</onup>
                    <ondown>Dialog.Close(123)</ondown>
                    <onback>Dialog.Close(123)</onback>
                    <onclick>Dialog.Close(123)</onclick>
                    <label>-</label>
                    <onfocus>noop</onfocus>
                </control> -->
                <control type="image">
                    <posx>-200</posx>
                    <posy>150</posy>
                    <width>2320</width>
                    <height>513</height>
                    <include>DialogTransparency</include>
                    <texture border="150,40,150,40">$VAR[Theme.Color]/common/bg_dialog.png</texture>
                </control>
                <control type="image">
                    <posx>100</posx>
                    <posy>142</posy>
                    <width>1720</width>
                    <height>182</height>
                    <texture border="100">$VAR[Theme.Color]/common/bg_list.png</texture>
                </control>
                <control type="image">
                    <posx>100</posx>
                    <posy>554</posy>
                    <width>1720</width>
                    <height>117</height>
                    <texture border="100">$VAR[Theme.Color]/common/bg_list.png</texture>
                </control>
                <control type="label" id="2">
                    <label>-</label>
                    <posx>TextMargin</posx>
                    <posy>183</posy>
                    <width>1800</width>
                    <height>100</height>
                    <align>center</align>
                    <font>InfoTitleFont</font>
                    <include>TextColor_MainColor</include>
                </control>
                <control type="grouplist" id="5">
                    <posx>0</posx>
                    <posy>283</posy>
                    <width>1920</width>
                    <height>312</height>
                    <itemgap>0</itemgap>
                    <orientation>vertical</orientation>
                    <pagecontrol>60</pagecontrol>
                    <onup>5</onup>
                    <ondown>5</ondown>
                    <onright>60</onright>
                    <onleft>60</onleft>
                </control>
                <control type="button" id="7">
                    <width>1920</width>
                    <include>LeftMenuButtonWide</include>
                </control>
                <control type="radiobutton" id="8">
                    <width>1920</width>
                    <radioposx>1806</radioposx>
                    <textwidth>1700</textwidth>
                    <include>LeftMenuButtonWide</include>
                </control>
                <control type="spincontrolex" id="9">
                    <width>1920</width>
                    <include>LeftMenuButtonWide</include>
                </control>
                <control type="sliderex" id="13">
                    <width>1920</width>
                    <include>LeftMenuButtonWide</include>
                </control>
                <control type="image" id="11">
                    <description>separator image</description>
                    <width>1800</width>
                    <height>1</height>
                    <texture border="150,0,150,0">$VAR[Theme.Color]/list/bg_facade_separator.png</texture>
                </control>
                <control type="label" id="14">
                    <description>Default Label</description>
                    <label>-</label>
                    <font>LeftMenuTitleFont</font>
                    <include>TextColor_AlternateColor</include>
                    <include>LeftMenuButtonWide</include>
                </control>
                <control type="scrollbar" id="60">
                    <posx>1886</posx>
                    <posy>283</posy>
                    <height>312</height>
                    <include>VerticalScroller</include>
                    <onleft>5</onleft>
                    <onright>5</onright>
                </control>
            </control>
        </control>
    </controls>
</window>
