<?xml version="1.0" encoding="utf-8"?>
<window>
    <animation effect="fade" time="150">WindowClose</animation>
    <onunload>Dialog.close(all,true)</onunload>
    <controls>
        <control type="group" id="0">
            <posx>0</posx>
            <posy>0</posy>
            <include>DummyClearStudioArt</include>
            <control type="group">
                <posy>185</posy>
                <include>OSDFade</include>
                <control type="image">
                    <posx>-200</posx>
                    <posy>-85</posy>
                    <width>2320</width>
                    <height>445</height>
                    <include>DialogTransparency</include>
                    <texture border="83">$VAR[Theme.Color]/common/bg_dialog.png</texture>
                </control>
                <control type="label" id="10">
                    <posx>40</posx>
                    <posy>0</posy>
                    <width>1840</width>
                    <height>56</height>
                    <align>left</align>
                    <aligny>top</aligny>
                    <font>NotificationFont</font>
                    <label>-</label>
                    <wrapmultiline>true</wrapmultiline>
                </control>
                <control type="label" id="11">
                    <posx>40</posx>
                    <posy>80</posy>
                    <width>1840</width>
                    <height>56</height>
                    <align>left</align>
                    <aligny>top</aligny>
                    <font>NotificationFont</font>
                    <label>-</label>
                    <wrapmultiline>true</wrapmultiline>
                </control>
                <control type="label" id="12">
                    <posx>40</posx>
                    <posy>160</posy>
                    <width>1840</width>
                    <height>100</height>
                    <align>left</align>
                    <aligny>top</aligny>
                    <font>NotificationFont</font>
                    <label>-</label>
                    <wrapmultiline>true</wrapmultiline>
                </control>
            </control>
            <control type="group">
                <posy>600</posy>
                <visible>Player.ShowCodec + VideoPlayer.Content(LiveTV) + system.getbool(pvrplayback.signalquality)</visible>
                <control type="image">
                    <posx>-200</posx>
                    <posy>-75</posy>
                    <width>2320</width>
                    <height>465</height>
                    <include>DialogTransparency</include>
                    <texture border="83">$VAR[Theme.Color]/common/bg_dialog.png</texture>
                </control>
                <control type="label">
                    <posx>40</posx>
                    <posy>0</posy>
                    <width>1840</width>
                    <height>36</height>
                    <label>$LOCALIZE[19012]: $INFO[PVR.ActStreamClient]</label>
                    <align>left</align>
                    <aligny>center</aligny>
                    <font>NotificationFont</font>
                </control>
                <control type="label">
                    <posx>40</posx>
                    <posy>40</posy>
                    <width>1840</width>
                    <height>36</height>
                    <label>$LOCALIZE[19015]: $INFO[PVR.ActStreamEncryptionName]</label>
                    <align>left</align>
                    <aligny>center</aligny>
                    <font>NotificationFont</font>
                </control>
                <control type="label">
                    <posx>40</posx>
                    <posy>80</posy>
                    <width>1840</width>
                    <height>36</height>
                    <label>$LOCALIZE[19006]: $INFO[PVR.ActStreamDevice]</label>
                    <align>left</align>
                    <aligny>center</aligny>
                    <font>NotificationFont</font>
                </control>
                <control type="label">
                    <posx>40</posx>
                    <posy>120</posy>
                    <width>1840</width>
                    <height>36</height>
                    <label>$LOCALIZE[19007]: $INFO[PVR.ActStreamStatus]</label>
                    <align>left</align>
                    <aligny>center</aligny>
                    <font>NotificationFont</font>
                </control>
                <control type="label">
                    <posx>40</posx>
                    <posy>160</posy>
                    <width>1840</width>
                    <height>36</height>
                    <label>$LOCALIZE[19008]: $INFO[PVR.ActStreamSignal]</label>
                    <align>left</align>
                    <aligny>center</aligny>
                    <font>NotificationFont</font>
                </control>
                <control type="label">
                    <posx>40</posx>
                    <posy>200</posy>
                    <width>1840</width>
                    <height>36</height>
                    <label>$LOCALIZE[19009]: $INFO[PVR.ActStreamSNR]</label>
                    <align>left</align>
                    <aligny>center</aligny>
                    <font>NotificationFont</font>
                </control>
                <control type="label">
                    <posx>40</posx>
                    <posy>240</posy>
                    <width>1840</width>
                    <height>36</height>
                    <label>$LOCALIZE[19010]: $INFO[PVR.ActStreamBER]</label>
                    <align>left</align>
                    <aligny>center</aligny>
                    <font>NotificationFont</font>
                </control>
                <control type="label">
                    <posx>40</posx>
                    <posy>280</posy>
                    <width>1840</width>
                    <height>36</height>
                    <label>$LOCALIZE[19011]: $INFO[PVR.ActStreamUNC]</label>
                    <align>left</align>
                    <aligny>center</aligny>
                    <font>NotificationFont</font>
                </control>
            </control>
        </control>
    </controls>
</window>
