<?xml version="1.0" encoding="utf-8"?>
<includes>
    <include name="52_RecOverlayNoFocus">
        <control type="image">
            <posx>1819</posx>
            <width>50</width>
            <height>135</height>
            <texture>$VAR[Theme.Color]/OverlayRecording.png</texture>
            <aspectratio>keep</aspectratio>
            <colordiffuse>NoFocusedColor</colordiffuse>
            <visible>ListItem.IsRecording</visible>
        </control>
        <control type="image">
            <posx>1819</posx>
            <width>50</width>
            <height>135</height>
            <texture>$VAR[Theme.Color]/OverlayTimer.png</texture>
            <aspectratio>keep</aspectratio>
            <colordiffuse>NoFocusedColor</colordiffuse>
            <visible>ListItem.HasTimer</visible>
        </control>
    </include>
    <include name="52_RecOverlayFocus">
        <control type="image">
            <posx>1819</posx>
            <width>50</width>
            <height>99</height>
            <texture>$VAR[Theme.Color]/OverlayRecording.png</texture>
            <aspectratio>keep</aspectratio>
            <visible>ListItem.IsRecording</visible>
        </control>
        <control type="image">
            <posx>1819</posx>
            <width>50</width>
            <height>99</height>
            <texture>$VAR[Theme.Color]/OverlayTimer.png</texture>
            <aspectratio>keep</aspectratio>
            <visible>ListItem.HasTimer</visible>
        </control>
    </include>
    <include name="Info_52_ShortList_PVR">
        <control type="group">
            <visible>Control.IsVisible(52)</visible>
            <include>Icon_Fade</include>
            <control type="image">
                <visible>[IsEmpty(ListItem.thumb)|IsEmpty(ListItem.Art(thumb))]</visible>
                <posx>60</posx>
                <posy>158</posy>
                <width>450</width>
                <height>450</height>
                <aspectratio>scale</aspectratio>
                <include>PosterThumb</include>
            </control>
            <control type="image">
                <posx>25</posx>
                <posy>158</posy>
                <width>520</width>
                <height>408</height>
                <aspectratio aligny="top">keep</aspectratio>
                <include>SquareThumbBig</include>
                <include>ThumbBorder</include>
            </control>
            <control type="progress">
                <visible>Window.isActive(MyPVRChannels.xml)</visible>
                <include>ConditionWhite</include>
                <posx>TextMargin</posx>
                <posy>556</posy>
                <height>54</height>
                <width>450</width>
                <texturebg border="14,20,14,20">white/buttons/Scrollbar_Horizontal_bg.png</texturebg>
                <!-- <reveal>true</reveal> -->
                <lefttexture>-</lefttexture>
                <midtexture border="14,20,14,20">white/buttons/Scrollbar_Horizontal_Focus.png</midtexture>
                <righttexture>-</righttexture>
                <overlaytexture>-</overlaytexture>
                <info>ListItem.Progress</info>
            </control>
            <control type="progress">
                <visible>Window.isActive(MyPVRChannels.xml)</visible>
                <include>ConditionBlack</include>
                <posx>TextMargin</posx>
                <posy>556</posy>
                <height>54</height>
                <width>450</width>
                <texturebg border="14,20,14,20">black/buttons/Scrollbar_Horizontal_bg.png</texturebg>
                <!-- <reveal>true</reveal> -->
                <lefttexture>-</lefttexture>
                <midtexture border="14,20,14,20">black/buttons/Scrollbar_Horizontal_Focus.png</midtexture>
                <righttexture>-</righttexture>
                <overlaytexture>-</overlaytexture>
                <info>ListItem.Progress</info>
            </control>
            <control type="textbox">
                <posx>TextMargin</posx>
                <posy>630</posy>
                <width>420</width>
                <height>335</height>
                <font>InfoPlotFont</font>
                <include>TextColor_MainColor</include>
                <label>$VAR[Plots]</label>
                <pagecontrol>6060</pagecontrol>
            </control>
            <control type="scrollbar" id="6060">
                <visible>Skin.HasSetting(ManualScroll)</visible>
                <posx>490</posx>
                <posy>630</posy>
                <height>335</height>
                <include>VerticalScroller</include>
                <onleft>9000</onleft>
                <onright>52</onright>
            </control>
        </control>
    </include>
    <include name="Info_52_ShortList">
        <control type="group">
            <visible>Control.IsVisible(52)</visible>
            <include>Icon_Fade</include>
            <include>FacadeFadeDialogs</include>
            <control type="image">
                <visible>[IsEmpty(ListItem.thumb)|IsEmpty(ListItem.Art(thumb))]|
                    [Window.IsActive(MyMusicSongs.xml)+Skin.HasSetting(plexbmc)+Container.Content(Songs)+!Skin.HasSetting(52_ShowPlot)]</visible>
                <posx>60</posx>
                <posy>158</posy>
                <width>450</width>
                <height>450</height>
                <aspectratio>scale</aspectratio>
                <include>SquareThumb</include>
            </control>
            <control type="group">
                <visible>!Skin.HasSetting(52_ShowPlot)</visible>
                <include>Icon_Fade</include>
                <!-- CDART MUSIC -->
                <include name="DiscArt">
                    <param name="visible" value="!StringCompare(ListItem.Label,..)+!IsEmpty(ListItem.Thumb)+[Container.content(songs)|Container.content(albums)]"/>
                    <param name="x" value="73"/>
                    <param name="y" value="193"/>
                    <param name="width" value="424"/>
                    <param name="height" value="424"/>
                    <param name="texture" value="$VAR[MusicCdArt]"/>
                    <param name="xShadow" value="43"/>
                    <param name="yShadow" value="163"/>
                    <param name="widthShadow" value="484"/>
                    <param name="heightShadow" value="484"/>
                    <param name="pulse" value="true"/>
                </include>
                <!-- CDART VIDEO -->
                <include name="DiscArt">
                    <param name="visible" value="!StringCompare(ListItem.Label,..)+!IsEmpty(ListItem.Thumb)+[Container.content(movies)|Container.content(MusicVideos)]"/>
                    <param name="x" value="73"/>
                    <param name="y" value="193"/>
                    <param name="width" value="424"/>
                    <param name="height" value="424"/>
                    <param name="texture" value="$VAR[VideoCdArt]"/>
                    <param name="xShadow" value="43"/>
                    <param name="yShadow" value="163"/>
                    <param name="widthShadow" value="484"/>
                    <param name="heightShadow" value="484"/>
                    <param name="pulse" value="true"/>
                </include>
                <control type="image">
                    <include>PulseThumb</include>
                    <posx>25</posx>
                    <posy>158</posy>
                    <width>520</width>
                    <height>703</height>
                    <aspectratio aligny="top">keep</aspectratio>
                    <include>SquareThumbBig</include>
                    <include>ThumbBorder</include>
                </control>
                <control type="grouplist">
                    <posx>25</posx>
                    <posy>850</posy>
                    <width>520</width>
                    <height>90</height>
                    <itemgap>10</itemgap>
                    <orientation>horizontal</orientation>
                    <align>center</align>
                    <aligny>center</aligny>
                    <include>CodecsView1</include>
                </control>
                <control type="grouplist">
                    <posx>25</posx>
                    <posy>920</posy>
                    <width>520</width>
                    <height>90</height>
                    <itemgap>10</itemgap>
                    <orientation>horizontal</orientation>
                    <align>center</align>
                    <aligny>center</aligny>
                    <include>CodecsView2</include>
                </control>
            </control>
            <control type="group">
                <visible>Skin.HasSetting(52_ShowPlot)</visible>
                <include>Icon_Fade</include>
                <control type="image">
                    <visible>![IsEmpty(ListItem.thumb)|IsEmpty(ListItem.Art(thumb))]</visible>
                    <visible>!StringCompare(ListItem.Label,..)</visible>
                    <posx>25</posx>
                    <posy>158</posy>
                    <width>520</width>
                    <height>323</height>
                    <aspectratio>scale</aspectratio>
                    <texture background="true">$VAR[Fanart.Art]</texture>
                    <include>ThumbBorder</include>
                </control>
                <control type="textbox">
                    <posx>TextMargin</posx>
                    <posy>500</posy>
                    <width>420</width>
                    <height>455</height>
                    <font>InfoPlotFont</font>
                    <include>TextColor_MainColor</include>
                    <label>$VAR[Plots]</label>
                    <pagecontrol>6060</pagecontrol>
                </control>
                <control type="scrollbar" id="6060">
                    <visible>Skin.HasSetting(ManualScroll)</visible>
                    <posx>490</posx>
                    <posy>500</posy>
                    <height>455</height>
                    <include>VerticalScroller</include>
                    <onleft>9000</onleft>
                    <onright>52</onright>
                </control>
            </control>
        </control>
    </include>
    <include name="List_Layout">
        <itemlayout height="135" width="1390">
            <include>52_RecOverlayNoFocus</include>
            <control type="label">
                <visible>StringCompare(ListItem.Label2,)</visible>
                <posx>TextMargin</posx>
                <height>135</height>
                <width>1210</width>
                <font>FacadeListMainFont</font>
                <include>TextColor_AlternateColor</include>
                <label>$VAR[UnfocusedTitle]</label>
            </control>
            <control type="label">
                <visible>!StringCompare(ListItem.Label2,)</visible>
                <posx>TextMargin</posx>
                <posy>27</posy>
                <aligny>top</aligny>
                <width>1210</width>
                <font>FacadeListMainFont</font>
                <include>TextColor_AlternateColor</include>
                <label>$VAR[UnfocusedTitle]</label>
            </control>
            <control type="label">
                <visible>!StringCompare(ListItem.Label2,)</visible>
                <posx>TextMargin</posx>
                <posy>73</posy>
                <aligny>top</aligny>
                <width>1210</width>
                <font>FacadeListSubFont</font>
                <include>TextColor_AlternateColor</include>
                <label>$VAR[Details]</label>
            </control>
            <control type="image">
                <!--<visible>![Container.Content(TVShows) | Container.Content(Seasons)]</visible>-->
                <posx>15</posx>
                <posy>0</posy>
                <width>30</width>
                <height>135</height>
                <texture>$VAR[Overlay]</texture>
                <aspectratio aligny="center">keep</aspectratio>
            </control>
        </itemlayout>
        <focusedlayout height="270" width="1390">
            <control type="group">
                <include>ListFocusAnimation</include>
                <control type="image">
                    <posx>0</posx>
                    <posy>0</posy>
                    <height>270</height>
                    <width>1390</width>
                    <texture border="1">$VAR[Theme.Color]/list/bg_facade_focus.png</texture>
                </control>
                <control type="image">
                    <!--<visible>![Container.Content(TVShows) | Container.Content(Seasons)]</visible>-->
                    <posx>15</posx>
                    <posy>25</posy>
                    <width>30</width>
                    <height>60</height>
                    <texture>$VAR[Overlay]</texture>
                    <aspectratio aligny="center">keep</aspectratio>
                </control>
                <control type="label">
                    <posx>TextMargin</posx>
                    <posy>25</posy>
                    <width>1210</width>
                    <aligny>top</aligny>
                    <font>InfoTitleFont</font>
                    <include>TextColor_MainColor</include>
                    <scroll>false</scroll>
                    <label>$VAR[DetailsTitle]</label>
                </control>
                <include>52_RecOverlayFocus</include>
                <control type="image">
                    <description>Default Seperator</description>
                    <posx>0</posx>
                    <posy>100</posy>
                    <width>1410</width>
                    <height>1</height>
                    <texture border="150,0,150,0">$VAR[Theme.Color]/list/bg_facade_separator.png</texture>
                </control>
                <control type="group">
                    <visible>IntegerGreaterThan(ListItem.Rating,0)|[Container.Content(songs)+!StringCompare(ListItem.Label,..)+!Skin.HasSetting(plexbmc)]</visible>
                    <visible>!Container.Content(Addons)</visible>
                    <control type="image">
                        <posx>TextMargin</posx>
                        <posy>130</posy>
                        <include>Stars</include>
                    </control>
                    <control type="label">
                        <posx>260</posx>
                        <posy>113</posy>
                        <width>460</width>
                        <height>71</height>
                        <font>InfoRatingFont</font>
                        <include>TextColor_MainColor</include>
                        <scroll>false</scroll>
                        <label>$INFO[ListItem.RatingAndVotes]</label>
                    </control>
                </control>
                <control type="label">
                    <posx>TextMargin</posx>
                    <posy>107</posy>
                    <width>605</width>
                    <height>71</height>
                    <font>InfoDetailsFont</font>
                    <include>TextColor_MainColor</include>
                    <scroll>false</scroll>
                    <label>$VAR[DetailsRow1]</label>
                </control>
                <control type="label">
                    <posx>TextMargin</posx>
                    <posy>180</posy>
                    <width>605</width>
                    <height>71</height>
                    <font>InfoDetailsFont</font>
                    <include>TextColor_MainColor</include>
                    <scroll>false</scroll>
                    <label>$VAR[DetailsRow2]</label>
                </control>
                <control type="label">
                    <posx>725</posx>
                    <posy>107</posy>
                    <width>605</width>
                    <height>71</height>
                    <font>InfoDetailsFont</font>
                    <include>TextColor_MainColor</include>
                    <scroll>false</scroll>
                    <label>$VAR[DetailsRow3]</label>
                </control>
                <control type="label">
                    <posx>725</posx>
                    <posy>180</posy>
                    <width>605</width>
                    <height>71</height>
                    <font>InfoDetailsFont</font>
                    <include>TextColor_MainColor</include>
                    <scroll>false</scroll>
                    <label>$VAR[DetailsRow4]</label>
                </control>
            </control>
        </focusedlayout>
    </include>
    <include name="View_52_ShortList">
        <control type="group">
            <visible>Control.IsVisible(52)</visible>
            <include>Icon_Fade</include>
            <include>FacadeFadeDialogs</include>
            <include>ScrollOffsetLabel_50</include>
            <include name="ClearArtLogo">
                <param name="x" value="0"/>
                <param name="y" value="34"/>
                <param name="width" value="1920"/>
                <param name="height" value="149"/>
                <param name="visible" value="true"/>
                <param name="align" value="center"/>
                <param name="aligny" value="bottom"/>
            </include>
            <include name="StudioArt">
                <param name="x" value="0"/>
                <param name="y" value="34"/>
                <param name="width" value="1920"/>
                <param name="height" value="149"/>
                <param name="visible" value="true"/>
                <param name="align" value="center"/>
                <param name="aligny" value="bottom"/>
            </include>
            <control type="group">
                <control type="image">
                    <posx>530</posx>
                    <posy>142</posy>
                    <width>1390</width>
                    <height>892</height>
                    <texture border="100">$VAR[Theme.Color]/common/bg_list.png</texture>
                </control>
                <control type="list" id="52">
                    <viewtype label="535">Large List</viewtype>
                    <posx>530</posx>
                    <posy>183</posy>
                    <width>1390</width>
                    <height>810</height>
                    <pagecontrol>60</pagecontrol>
                    <onleft>6060</onleft>
                    <onright>60</onright>
                    <onup>52</onup>
                    <ondown>52</ondown>
                    <preloaditems>4</preloaditems>
                    <include>List_Layout</include>
                </control>
            </control>
            <control type="scrollbar" id="60">
                <posx>1886</posx>
                <posy>183</posy>
                <height>810</height>
                <include>VerticalScroller</include>
                <onleft>52</onleft>
                <onright>505050</onright>
            </control>
        </control>
    </include>
    <include name="List_Layout_Weather">
        <itemlayout height="135" width="1390">
            <control type="label">
                <visible>StringCompare(ListItem.Property(Property3),)</visible>
                <posx>TextMargin</posx>
                <height>135</height>
                <width>1210</width>
                <font>FacadeListMainFont</font>
                <include>TextColor_AlternateColor</include>
                <label>$INFO[ListItem.Label]</label>
            </control>
            <control type="label">
                <visible>!StringCompare(ListItem.Property(Property3),)</visible>
                <posx>TextMargin</posx>
                <posy>27</posy>
                <aligny>top</aligny>
                <width>1210</width>
                <font>FacadeListMainFont</font>
                <include>TextColor_AlternateColor</include>
                <label>$INFO[ListItem.Label]</label>
            </control>
            <control type="label">
                <visible>!StringCompare(ListItem.Property(Property3),)</visible>
                <posx>TextMargin</posx>
                <posy>73</posy>
                <aligny>top</aligny>
                <width>1210</width>
                <font>FacadeListSubFont</font>
                <include>TextColor_AlternateColor</include>
                <label>$INFO[ListItem.Property(Property3)]</label>
            </control>
        </itemlayout>
        <focusedlayout height="270" width="1390">
            <control type="group">
                <include>ListFocusAnimation</include>
                <control type="image">
                    <posx>0</posx>
                    <posy>0</posy>
                    <height>270</height>
                    <width>1390</width>
                    <texture border="1">$VAR[Theme.Color]/list/bg_facade_focus.png</texture>
                </control>
                <control type="label">
                    <posx>TextMargin</posx>
                    <posy>25</posy>
                    <width>1210</width>
                    <aligny>top</aligny>
                    <font>InfoTitleFont</font>
                    <include>TextColor_MainColor</include>
                    <scroll>false</scroll>
                    <label>$INFO[ListItem.Label]$INFO[ListItem.Property(Property3),     ]$INFO[ListItem.Property(Property4),     ]</label>
                </control>
                <control type="image">
                    <description>Default Seperator</description>
                    <posx>0</posx>
                    <posy>100</posy>
                    <width>1410</width>
                    <height>1</height>
                    <texture border="150,0,150,0">$VAR[Theme.Color]/list/bg_facade_separator.png</texture>
                </control>
                <control type="label">
                    <posx>TextMargin</posx>
                    <posy>107</posy>
                    <width>283</width>
                    <height>71</height>
                    <font>InfoDetailsFont</font>
                    <include>TextColor_MainColor</include>
                    <scroll>false</scroll>
                    <label>$INFO[ListItem.Property(Property1)]</label>
                </control>
                <control type="label">
                    <posx>TextMargin</posx>
                    <posy>180</posy>
                    <width>283</width>
                    <height>71</height>
                    <font>InfoDetailsFont</font>
                    <include>TextColor_MainColor</include>
                    <scroll>false</scroll>
                    <label>$INFO[ListItem.Property(Property2)]</label>
                </control>
                <control type="label">
                    <posx>403</posx>
                    <posy>107</posy>
                    <width>333</width>
                    <height>71</height>
                    <font>InfoDetailsFont</font>
                    <include>TextColor_MainColor</include>
                    <scroll>false</scroll>
                    <label>$INFO[ListItem.Property(Property5)]</label>
                </control>
                <control type="label">
                    <posx>403</posx>
                    <posy>180</posy>
                    <width>333</width>
                    <height>71</height>
                    <font>InfoDetailsFont</font>
                    <include>TextColor_MainColor</include>
                    <scroll>false</scroll>
                    <label>$INFO[ListItem.Property(Property8)]</label>
                </control>
                <control type="label">
                    <posx>796</posx>
                    <posy>107</posy>
                    <width>533</width>
                    <height>71</height>
                    <font>InfoDetailsFont</font>
                    <include>TextColor_MainColor</include>
                    <scroll>false</scroll>
                    <label>$INFO[ListItem.Property(Property9)]</label>
                </control>
                <control type="label">
                    <posx>796</posx>
                    <posy>180</posy>
                    <width>533</width>
                    <height>71</height>
                    <font>InfoDetailsFont</font>
                    <include>TextColor_MainColor</include>
                    <scroll>false</scroll>
                    <label>$INFO[ListItem.Property(Property10)]$INFO[ListItem.Property(Property11),     ,]</label>
                </control>
                <!--<control type="label">-->
                <!--<posx>TextMargin</posx>-->
                <!--<posy>205</posy>-->
                <!--<aligny>top</aligny>-->
                <!--<width>542</width>-->
                <!--<font>InfoRatingFont</font>-->
                <!--<include>TextColor_MainColor</include>-->
                <!--<scroll>false</scroll>-->
                <!--<label>$INFO[ListItem.Property(CurrentDewPoint)]</label>-->
                <!--</control>-->
                <!--<control type="label">-->
                <!--<posx>TextMargin</posx>-->
                <!--<posy>275</posy>-->
                <!--<aligny>top</aligny>-->
                <!--<width>542</width>-->
                <!--<font>InfoRatingFont</font>-->
                <!--<include>TextColor_MainColor</include>-->
                <!--<scroll>false</scroll>-->
                <!--<label>$INFO[ListItem.Property(CurrentUVIndex)]</label>-->
                <!--</control>-->
            </control>
        </focusedlayout>
    </include>
    <include name="View_52_ShortList_Weather">
        <control type="group">
            <visible>Skin.String(WeatherView,Shortlist)</visible>
            <include>Icon_Fade</include>
            <include>FacadeFadeDialogs</include>
            <control type="image">
                <posx>530</posx>
                <posy>142</posy>
                <width>1390</width>
                <height>892</height>
                <texture border="100">$VAR[Theme.Color]/common/bg_list.png</texture>
            </control>
            <control type="image">
                <visible>[IsEmpty(Container(52).ListItem.thumb)]</visible>
                <posx>25</posx>
                <posy>158</posy>
                <width>520</width>
                <height>863</height>
                <aspectratio aligny="top">scale</aspectratio>
                <texture>$VAR[WeatherFanartPath]na.jpg</texture>
                <include>ThumbBorder</include>
            </control>
            <control type="image">
                <posx>25</posx>
                <posy>158</posy>
                <width>520</width>
                <height>863</height>
                <aspectratio aligny="top">scale</aspectratio>
                <texture background="true">$INFO[Container(52).Listitem.Thumb]</texture>
                <include>ThumbBorder</include>
            </control>
            <control type="list" id="52">
                <viewtype label="535">Large List</viewtype>
                <posx>530</posx>
                <posy>183</posy>
                <width>1390</width>
                <height>810</height>
                <pagecontrol>60</pagecontrol>
                <onleft>9000</onleft>
                <onright>60</onright>
                <onup>52</onup>
                <ondown>52</ondown>
                <preloaditems>4</preloaditems>
                <include>List_Layout_Weather</include>
                <include>WeatherContent</include>
            </control>
            <control type="scrollbar" id="60">
                <posx>1886</posx>
                <posy>183</posy>
                <height>810</height>
                <include>VerticalScroller</include>
                <onleft>52</onleft>
                <onright>505050</onright>
            </control>
        </control>
    </include>
</includes>
