<?xml version="1.0" encoding="utf-8"?>
<includes>
    <include name="50_RecOverlayNoFocus">
        <control type="image">
            <posx>1819</posx>
            <width>50</width>
            <height>135</height>
            <texture>$VAR[Theme.Color]/OverlayRecording.png</texture>
            <aspectratio>keep</aspectratio>
            <colordiffuse>NoFocusedColor</colordiffuse>
            <visible>ListItem.IsRecording</visible>
        </control>
        <control type="image">
            <posx>1819</posx>
            <width>50</width>
            <height>135</height>
            <texture>$VAR[Theme.Color]/OverlayTimer.png</texture>
            <aspectratio>keep</aspectratio>
            <colordiffuse>NoFocusedColor</colordiffuse>
            <visible>ListItem.HasTimer</visible>
        </control>
    </include>
    <include name="50_RecOverlayFocus">
        <control type="image">
            <posx>1819</posx>
            <width>50</width>
            <height>95</height>
            <texture>$VAR[Theme.Color]/OverlayRecording.png</texture>
            <aspectratio>keep</aspectratio>
            <visible>ListItem.IsRecording</visible>
        </control>
        <control type="image">
            <posx>1819</posx>
            <width>50</width>
            <height>95</height>
            <texture>$VAR[Theme.Color]/OverlayTimer.png</texture>
            <aspectratio>keep</aspectratio>
            <visible>ListItem.HasTimer</visible>
        </control>
    </include>
    <include name="ScrollOffsetLabel_50">
        <control type="group" id="983739">
            <left>810</left>
            <top>0</top>
            <include>ScrollOffsetLabel</include>
        </control>
    </include>
    <include name="BigList_Layout">
        <itemlayout height="135" width="1920">
            <include>50_RecOverlayNoFocus</include>
            <control type="label">
                <visible>StringCompare(ListItem.Label2,)</visible>
                <posx>455</posx>
                <height>135</height>
                <width>1345</width>
                <font>FacadeListMainFont</font>
                <include>TextColor_AlternateColor</include>
                <label>$VAR[UnfocusedTitle]</label>
            </control>
            <control type="label">
                <visible>!StringCompare(ListItem.Label2,)</visible>
                <posx>455</posx>
                <posy>27</posy>
                <aligny>top</aligny>
                <width>1345</width>
                <font>FacadeListMainFont</font>
                <include>TextColor_AlternateColor</include>
                <label>$VAR[UnfocusedTitle]</label>
            </control>
            <control type="label">
                <visible>!StringCompare(ListItem.Label2,)</visible>
                <posx>455</posx>
                <posy>73</posy>
                <aligny>top</aligny>
                <width>1345</width>
                <font>FacadeListSubFont</font>
                <include>TextColor_AlternateColor</include>
                <label>$VAR[Details]</label>
            </control>
            <control type="image">
                <!--<visible>![Container.Content(TVShows) | Container.Content(Seasons)]</visible>-->
                <posx>411</posx>
                <posy>0</posy>
                <width>30</width>
                <height>135</height>
                <texture>$VAR[Overlay]</texture>
                <aspectratio aligny="center">keep</aspectratio>
            </control>
        </itemlayout>
        <focusedlayout height="405" width="1920">
            <control type="group">
                <include>ListFocusAnimation</include>
                <control type="image">
                    <posx>0</posx>
                    <posy>0</posy>
                    <height>405</height>
                    <width>1920</width>
                    <texture border="1">$VAR[Theme.Color]/list/bg_facade_focus.png</texture>
                </control>
                <control type="image">
                    <visible>[IsEmpty(ListItem.thumb)|IsEmpty(ListItem.Art(thumb))]|[Window.IsActive(MyMusicSongs.xml)+Skin.HasSetting(plexbmc)+Container.Content(Songs)]</visible>
                    <posx>60</posx>
                    <posy>35</posy>
                    <width>335</width>
                    <height>335</height>
                    <aspectratio>keep</aspectratio>
                    <include>SquareThumb</include>
                </control>
                <control type="image">
                    <visible>![Window.IsActive(DialogPVRChannelsOSD.xml)|Window.IsActive(MyPVRChannels.xml)]</visible>
                    <include>PulseThumb</include>
                    <posx>25</posx>
                    <posy>0</posy>
                    <width>405</width>
                    <height>405</height>
                    <aspectratio>keep</aspectratio>
                    <include>SquareThumbBig</include>
                    <include>ThumbBorder</include>
                </control>
                <control type="image">
                    <visible>Window.IsActive(DialogPVRChannelsOSD.xml)|Window.IsActive(MyPVRChannels.xml)</visible>
                    <posx>25</posx>
                    <posy>0</posy>
                    <width>405</width>
                    <height>375</height>
                    <aspectratio>keep</aspectratio>
                    <include>SquareThumbBig</include>
                    <include>ThumbBorder</include>
                </control>
                <control type="progress">
                    <visible>Window.IsActive(DialogPVRChannelsOSD.xml)|Window.IsActive(MyPVRChannels.xml)</visible>
                    <include>ConditionWhite</include>
                    <posx>TextMargin</posx>
                    <posy>346</posy>
                    <height>54</height>
                    <width>335</width>
                    <texturebg border="14,20,14,20">white/buttons/Scrollbar_Horizontal_bg.png</texturebg>
                    <!-- <reveal>true</reveal> -->
                    <lefttexture>-</lefttexture>
                    <midtexture border="14,20,14,20">white/buttons/Scrollbar_Horizontal_Focus.png</midtexture>
                    <righttexture>-</righttexture>
                    <overlaytexture>-</overlaytexture>
                    <info>ListItem.Progress</info>
                </control>
                <control type="progress">
                    <visible>Window.IsActive(DialogPVRChannelsOSD.xml)|Window.IsActive(MyPVRChannels.xml)</visible>
                    <include>ConditionBlack</include>
                    <posx>TextMargin</posx>
                    <posy>346</posy>
                    <height>54</height>
                    <width>335</width>
                    <texturebg border="14,20,14,20">black/buttons/Scrollbar_Horizontal_bg.png</texturebg>
                    <!-- <reveal>true</reveal> -->
                    <lefttexture>-</lefttexture>
                    <midtexture border="14,20,14,20">black/buttons/Scrollbar_Horizontal_Focus.png</midtexture>
                    <righttexture>-</righttexture>
                    <overlaytexture>-</overlaytexture>
                    <info>ListItem.Progress</info>
                </control>
                <!-- CDART MUSIC -->
                <include name="DiscArt">
                    <param name="visible" value="!StringCompare(ListItem.Label,..)+!IsEmpty(ListItem.Thumb)+[Container.content(songs)|Container.content(albums)]"/>
                    <param name="x" value="70"/>
                    <param name="y" value="45"/>
                    <param name="width" value="315"/>
                    <param name="height" value="315"/>
                    <param name="texture" value="$VAR[MusicCdArt]"/>
                    <param name="xShadow" value="48"/>
                    <param name="yShadow" value="23"/>
                    <param name="widthShadow" value="359"/>
                    <param name="heightShadow" value="359"/>
                    <param name="pulse" value="true"/>
                </include>
                <!-- CDART VIDEO -->
                <include name="DiscArt">
                    <param name="visible" value="!StringCompare(ListItem.Label,..)+!IsEmpty(ListItem.Thumb)+[Container.content(movies)|Container.content(MusicVideos)]"/>
                    <param name="x" value="70"/>
                    <param name="y" value="45"/>
                    <param name="width" value="315"/>
                    <param name="height" value="315"/>
                    <param name="texture" value="$VAR[VideoCdArt]"/>
                    <param name="xShadow" value="48"/>
                    <param name="yShadow" value="23"/>
                    <param name="widthShadow" value="359"/>
                    <param name="heightShadow" value="359"/>
                    <param name="pulse" value="true"/>
                </include>
                <control type="image">
                    <!--<visible>![Container.Content(TVShows) | Container.Content(Seasons)]</visible>-->
                    <posx>411</posx>
                    <posy>25</posy>
                    <width>30</width>
                    <height>60</height>
                    <texture>$VAR[Overlay]</texture>
                    <aspectratio aligny="center">keep</aspectratio>
                </control>
                <control type="label">
                    <posx>455</posx>
                    <posy>25</posy>
                    <width>1345</width>
                    <aligny>top</aligny>
                    <font>InfoTitleFont</font>
                    <include>TextColor_MainColor</include>
                    <!-- <scroll>false</scroll> -->
                    <label>$VAR[DetailsTitle]</label>
                </control>
                <include>50_RecOverlayFocus</include>
                <control type="image">
                    <description>Default Seperator</description>
                    <posx>355</posx>
                    <posy>96</posy>
                    <width>1570</width>
                    <height>1</height>
                    <texture border="150,0,150,0">$VAR[Theme.Color]/list/bg_facade_separator.png</texture>
                </control>
                <control type="group">
                    <posx>395</posx>
                    <posy>35</posy>
                    <control type="group">
                        <visible>Window.IsVisible(script-ExtendedInfo Script-VideoList.xml)|
                            [!Container.Content(Addons)+[IntegerGreaterThan(ListItem.Rating,0)|[Container.Content(songs)+!StringCompare(ListItem.Label,..)+!Skin.HasSetting(plexbmc)]]]</visible>
                        <control type="image">
                            <posx>TextMargin</posx>
                            <posy>85</posy>
                            <include>Stars</include>
                        </control>
                        <control type="label">
                            <posx>260</posx>
                            <posy>68</posy>
                            <width>460</width>
                            <height>71</height>
                            <font>InfoRatingFont</font>
                            <include>TextColor_MainColor</include>
                            <scroll>false</scroll>
                            <!--<label fallback="416">$INFO[ListItem.Rating]</label>-->
                            <label>$INFO[ListItem.RatingAndVotes]</label>
                        </control>
                    </control>
                    <control type="label">
                        <posx>TextMargin</posx>
                        <posy>65</posy>
                        <width>670</width>
                        <height>71</height>
                        <font>InfoDetailsFont</font>
                        <include>TextColor_MainColor</include>
                        <scroll>false</scroll>
                        <label>$VAR[DetailsRow1]</label>
                    </control>
                    <control type="label">
                        <posx>TextMargin</posx>
                        <posy>135</posy>
                        <width>670</width>
                        <height>71</height>
                        <font>InfoDetailsFont</font>
                        <include>TextColor_MainColor</include>
                        <scroll>false</scroll>
                        <label>$VAR[DetailsRow2]</label>
                    </control>
                    <control type="label">
                        <posx>TextMargin</posx>
                        <posy>205</posy>
                        <width>670</width>
                        <height>71</height>
                        <font>InfoDetailsFont</font>
                        <include>TextColor_MainColor</include>
                        <scroll>false</scroll>
                        <label>$VAR[DetailsRow3]</label>
                    </control>
                    <control type="label">
                        <posx>TextMargin</posx>
                        <posy>275</posy>
                        <width>670</width>
                        <height>71</height>
                        <font>InfoDetailsFont</font>
                        <include>TextColor_MainColor</include>
                        <scroll>false</scroll>
                        <label>$VAR[DetailsRow4]</label>
                    </control>
                    <control type="group">
                        <visible>![Window.IsActive(DialogPVRChannelsOSD.xml)|Window.IsActive(MyPVRChannels.xml)]</visible>
                        <posx>40</posx>
                        <posy>285</posy>
                        <include>CodecsBigList</include>
                    </control>
                    <control type="textbox">
                        <visible>![Skin.HasSetting(plexbmc)+Container.Content(Artists)]</visible>
                        <posx>840</posx>
                        <posy>80</posy>
                        <width>625</width>
                        <height>250</height>
                        <font>InfoPlotFont</font>
                        <include>TextColor_MainColor</include>
                        <label>$VAR[Plots]</label>
                        <include>myautoscroll</include>
                    </control>
                    <control type="textbox">
                        <visible>Skin.HasSetting(plexbmc)+Container.Content(Artists)</visible>
                        <posx>TextMargin</posx>
                        <posy>80</posy>
                        <width>1355</width>
                        <height>250</height>
                        <font>InfoPlotFont</font>
                        <include>TextColor_MainColor</include>
                        <label>$VAR[Plots]</label>
                        <include>myautoscroll</include>
                    </control>
                </control>
            </control>
        </focusedlayout>
    </include>
    <include name="View_50_BigList">
        <control type="group">
            <visible>Control.IsVisible(50)</visible>
            <include>Icon_Fade</include>
            <include>FacadeFadeDialogs</include>
            <include>ScrollOffsetLabel_50</include>
            <include name="ClearArtLogo">
                <param name="x" value="0"/>
                <param name="y" value="34"/>
                <param name="width" value="1920"/>
                <param name="height" value="149"/>
                <param name="visible" value="true"/>
                <param name="align" value="center"/>
                <param name="aligny" value="bottom"/>
            </include>
            <include name="StudioArt">
                <param name="x" value="0"/>
                <param name="y" value="34"/>
                <param name="width" value="1920"/>
                <param name="height" value="149"/>
                <param name="visible" value="true"/>
                <param name="align" value="center"/>
                <param name="aligny" value="bottom"/>
            </include>
            <control type="group">
                <control type="image">
                    <posx>0</posx>
                    <posy>142</posy>
                    <width>1920</width>
                    <height>892</height>
                    <texture border="100">$VAR[Theme.Color]/common/bg_list.png</texture>
                </control>
                <control type="list" id="50">
                    <viewtype label="31091">List</viewtype>
                    <posx>0</posx>
                    <posy>183</posy>
                    <width>1920</width>
                    <height>810</height>
                    <pagecontrol>60</pagecontrol>
                    <onleft>9000</onleft>
                    <onright>60</onright>
                    <onup>50</onup>
                    <ondown>50</ondown>
                    <preloaditems>4</preloaditems>
                    <include>BigList_Layout</include>
                </control>
            </control>
            <control type="scrollbar" id="60">
                <posx>1886</posx>
                <posy>183</posy>
                <height>810</height>
                <include>VerticalScroller</include>
                <onleft>50</onleft>
                <onright>505050</onright>
            </control>
        </control>
    </include>
    <include name="View_50_BigList_Extras">
        <control type="group">
            <visible>Control.IsVisible(51)</visible>
            <include>Icon_Fade</include>
            <include>FacadeFadeDialogs</include>
            <include>ScrollOffsetLabel_50</include>
            <include name="ClearArtLogo">
                <param name="x" value="0"/>
                <param name="y" value="34"/>
                <param name="width" value="1920"/>
                <param name="height" value="149"/>
                <param name="visible" value="true"/>
                <param name="align" value="center"/>
                <param name="aligny" value="bottom"/>
            </include>
            <include name="StudioArt">
                <param name="x" value="0"/>
                <param name="y" value="34"/>
                <param name="width" value="1920"/>
                <param name="height" value="149"/>
                <param name="visible" value="true"/>
                <param name="align" value="center"/>
                <param name="aligny" value="bottom"/>
            </include>
            <control type="group">
                <control type="image">
                    <posx>0</posx>
                    <posy>142</posy>
                    <width>1920</width>
                    <height>892</height>
                    <texture border="100">$VAR[Theme.Color]/common/bg_list.png</texture>
                </control>
                <control type="list" id="51">
                    <viewtype label="31091">List</viewtype>
                    <posx>0</posx>
                    <posy>183</posy>
                    <width>1920</width>
                    <height>810</height>
                    <pagecontrol>60</pagecontrol>
                    <onleft>9000</onleft>
                    <onright>60</onright>
                    <onup>51</onup>
                    <ondown>51</ondown>
                    <preloaditems>4</preloaditems>
                    <include>BigList_Layout</include>
                </control>
            </control>
            <control type="scrollbar" id="60">
                <posx>1886</posx>
                <posy>183</posy>
                <height>810</height>
                <include>VerticalScroller</include>
                <onleft>51</onleft>
                <onright>60</onright>
            </control>
        </control>
    </include>
    <include name="View_50_BigList_Custom_Addons">
        <control type="group">
            <visible>Control.IsVisible(50)</visible>
            <include>Icon_Fade</include>
            <include>FacadeFadeDialogs</include>
            <include>ScrollOffsetLabel_50</include>
            <control type="group">
                <control type="image">
                    <posx>0</posx>
                    <posy>142</posy>
                    <width>1920</width>
                    <height>892</height>
                    <texture border="100">$VAR[Theme.Color]/common/bg_list.png</texture>
                </control>
                <control type="list" id="50">
                    <viewtype label="31091">Large List</viewtype>
                    <posx>0</posx>
                    <posy>183</posy>
                    <width>1920</width>
                    <height>810</height>
                    <pagecontrol>60</pagecontrol>
                    <onleft>9000</onleft>
                    <onright>60</onright>
                    <onup>50</onup>
                    <ondown>50</ondown>
                    <preloaditems>4</preloaditems>
                    <include>BigList_Layout</include>
                    <content>
                        <item id="2">
                            <visible>!Skin.HasSetting(Addons.Hide)</visible>
                            <label>$LOCALIZE[0]</label>
                            <label2>$INFO[Window(Home).Property(SkinHelper.TotalProgramAddons),, $LOCALIZE[24001]]</label2>
                            <onclick condition="!System.Platform.Android">ActivateWindow(Programs,Addons,return)</onclick>
                            <onclick condition="System.Platform.Android">ActivateWindow(Programs)</onclick>
                        </item>
                        <item id="3">
                            <visible>!Skin.HasSetting(Addons.Hide)</visible>
                            <label>$LOCALIZE[1037]</label>
                            <label2>$INFO[Window(Home).Property(SkinHelper.TotalVideoAddons),, $LOCALIZE[24001]]</label2>
                            <onclick>ActivateWindow(VideoLibrary,Addons,return)</onclick>
                        </item>
                        <item id="4">
                            <visible>!Skin.HasSetting(Addons.Hide)</visible>
                            <label>$LOCALIZE[1038]</label>
                            <label2>$INFO[Window(Home).Property(SkinHelper.TotalAudioAddons),, $LOCALIZE[24001]]</label2>
                            <onclick>ActivateWindow(Music,Addons,return)</onclick>
                        </item>
                        <item id="5">
                            <visible>!Skin.HasSetting(Addons.Hide)</visible>
                            <label>$LOCALIZE[1039]</label>
                            <label2>$INFO[Window(Home).Property(SkinHelper.TotalPicturesAddons),, $LOCALIZE[24001]]</label2>
                            <onclick>XBMC.ActivateWindow(Pictures,Addons,return)</onclick>
                        </item>
                        <item id="51">
                            <visible>Skin.HasSetting(plexbmc)</visible>
                            <label>$LOCALIZE[31000]</label>
                            <onclick>ActivateWindow(pictures,"plugin://plugin.video.plexbmc/?url=http://photo&amp;mode=22",return)</onclick>
                        </item>
                        <item id="52">
                            <visible>Skin.HasSetting(plexbmc)</visible>
                            <label>$LOCALIZE[31001]</label>
                            <onclick>ActivateWindow(Videos,"plugin://plugin.video.plexbmc/?url=http://video&amp;mode=22",return)</onclick>
                        </item>
                        <item id="53">
                            <visible>Skin.HasSetting(plexbmc)</visible>
                            <label>$LOCALIZE[31002]</label>
                            <onclick>ActivateWindow(Music,"plugin://plugin.video.plexbmc/?url=http://music&amp;mode=22",return)</onclick>
                        </item>
                        <item id="50">
                            <visible>Skin.HasSetting(plexbmc)</visible>
                            <label>$LOCALIZE[31003]</label>
                            <onclick>ActivateWindow(Videos,"plugin://plugin.video.plexbmc/?mode=22&amp;url=http://online%2fsystem%2fplugins%2fall",return)</onclick>
                        </item>
                        <item id="2">
                            <visible>!Skin.HasSetting(Addons.Hide)</visible>
                            <label>$LOCALIZE[10040]</label>
                            <label2>$INFO[Window(Home).Property(SkinHelper.TotalAddons),, $LOCALIZE[24001]]</label2>
                            <onclick>ActivateWindow(AddonBrowser,root)</onclick>
                        </item>
                    </content>
                </control>
            </control>
            <control type="scrollbar" id="60">
                <posx>1886</posx>
                <posy>183</posy>
                <height>810</height>
                <include>VerticalScroller</include>
                <onleft>50</onleft>
                <onright>505050</onright>
            </control>
        </control>
    </include>
    <include name="BigList_Layout_Weather">
        <itemlayout height="135" width="1920">
            <control type="label">
                <visible>StringCompare(ListItem.Property(Property3),)</visible>
                <posx>715</posx>
                <height>135</height>
                <width>1145</width>
                <font>FacadeListMainFont</font>
                <include>TextColor_AlternateColor</include>
                <label>$INFO[ListItem.Label]</label>
            </control>
            <control type="label">
                <visible>!StringCompare(ListItem.Property(Property3),)</visible>
                <posx>715</posx>
                <posy>27</posy>
                <aligny>top</aligny>
                <width>1145</width>
                <font>FacadeListMainFont</font>
                <include>TextColor_AlternateColor</include>
                <label>$INFO[ListItem.Label]</label>
            </control>
            <control type="label">
                <visible>!StringCompare(ListItem.Property(Property3),)</visible>
                <posx>715</posx>
                <posy>73</posy>
                <aligny>top</aligny>
                <width>1145</width>
                <font>FacadeListSubFont</font>
                <include>TextColor_AlternateColor</include>
                <label>$INFO[ListItem.Property(Property3)]</label>
            </control>
        </itemlayout>
        <focusedlayout height="405" width="1920">
            <control type="group">
                <include>ListFocusAnimation</include>
                <control type="image">
                    <posx>0</posx>
                    <posy>0</posy>
                    <height>405</height>
                    <width>1920</width>
                    <texture border="1">$VAR[Theme.Color]/list/bg_facade_focus.png</texture>
                </control>
                <control type="image">
                    <visible>IsEmpty(ListItem.thumb)</visible>
                    <posx>25</posx>
                    <posy>0</posy>
                    <width>665</width>
                    <height>405</height>
                    <aspectratio>keep</aspectratio>
                    <texture>$VAR[WeatherFanartPath]na.jpg</texture>
                    <include>ThumbBorder</include>
                </control>
                <control type="image">
                    <posx>25</posx>
                    <posy>0</posy>
                    <width>665</width>
                    <height>405</height>
                    <aspectratio>keep</aspectratio>
                    <include>EpisodeThumbBig</include>
                    <include>ThumbBorder</include>
                </control>
                <control type="label">
                    <posx>715</posx>
                    <posy>25</posy>
                    <width>1145</width>
                    <aligny>top</aligny>
                    <font>InfoTitleFont</font>
                    <include>TextColor_MainColor</include>
                    <label>$INFO[ListItem.Label]</label>
                </control>
                <control type="image">
                    <description>Default Seperator</description>
                    <posx>615</posx>
                    <posy>96</posy>
                    <width>1310</width>
                    <height>1</height>
                    <texture border="150,0,150,0">$VAR[Theme.Color]/list/bg_facade_separator.png</texture>
                </control>
                <control type="group">
                    <posx>655</posx>
                    <posy>35</posy>
                    <control type="label">
                        <posx>TextMargin</posx>
                        <posy>65</posy>
                        <width>342</width>
                        <height>71</height>
                        <font>InfoDetailsFont</font>
                        <include>TextColor_MainColor</include>
                        <scroll>false</scroll>
                        <label>$INFO[ListItem.Property(Property3)]</label>
                    </control>
                    <control type="label">
                        <posx>TextMargin</posx>
                        <posy>135</posy>
                        <width>342</width>
                        <height>71</height>
                        <font>InfoDetailsFont</font>
                        <include>TextColor_MainColor</include>
                        <scroll>false</scroll>
                        <label>$INFO[ListItem.Property(Property4)]</label>
                    </control>
                    <control type="label">
                        <posx>TextMargin</posx>
                        <posy>205</posy>
                        <width>342</width>
                        <height>71</height>
                        <font>InfoDetailsFont</font>
                        <include>TextColor_MainColor</include>
                        <scroll>false</scroll>
                        <label>$INFO[ListItem.Property(Property1)]</label>
                    </control>
                    <control type="label">
                        <posx>TextMargin</posx>
                        <posy>275</posy>
                        <width>342</width>
                        <height>71</height>
                        <font>InfoDetailsFont</font>
                        <include>TextColor_MainColor</include>
                        <scroll>false</scroll>
                        <label>$INFO[ListItem.Property(Property2)]</label>
                    </control>
                </control>
                <control type="group">
                    <posx>1057</posx>
                    <posy>35</posy>
                    <control type="label">
                        <posx>TextMargin</posx>
                        <posy>65</posy>
                        <width>742</width>
                        <height>71</height>
                        <font>InfoDetailsFont</font>
                        <include>TextColor_MainColor</include>
                        <scroll>false</scroll>
                        <label>$INFO[ListItem.Property(Property5)]$INFO[ListItem.Property(Property8),     ,]</label>
                    </control>
                    <control type="label">
                        <posx>TextMargin</posx>
                        <posy>135</posy>
                        <width>742</width>
                        <height>71</height>
                        <font>InfoDetailsFont</font>
                        <include>TextColor_MainColor</include>
                        <scroll>false</scroll>
                        <label>$INFO[ListItem.Property(Property7)]</label>
                    </control>
                    <control type="label">
                        <posx>TextMargin</posx>
                        <posy>205</posy>
                        <width>742</width>
                        <height>71</height>
                        <font>InfoDetailsFont</font>
                        <include>TextColor_MainColor</include>
                        <scroll>false</scroll>
                        <label>$INFO[ListItem.Property(Property9)]</label>
                    </control>
                    <control type="label">
                        <posx>TextMargin</posx>
                        <posy>275</posy>
                        <width>742</width>
                        <height>71</height>
                        <font>InfoDetailsFont</font>
                        <include>TextColor_MainColor</include>
                        <scroll>false</scroll>
                        <label>$INFO[ListItem.Property(Property10)]$INFO[ListItem.Property(Property11),     ,]</label>
                    </control>
                </control>
            </control>
        </focusedlayout>
    </include>
    <include name="View_50_BigList_Weather">
        <control type="group">
            <!--BIG LIST-->
            <visible>Skin.String(WeatherView,biglist)|Skin.String(WeatherView,)</visible>
            <include>Icon_Fade</include>
            <include>FacadeFadeDialogs</include>
            <control type="image">
                <posx>0</posx>
                <posy>142</posy>
                <width>1920</width>
                <height>892</height>
                <texture border="100">$VAR[Theme.Color]/common/bg_list.png</texture>
            </control>
            <control type="list" id="50">
                <viewtype label="31091">List</viewtype>
                <posx>0</posx>
                <posy>183</posy>
                <width>1920</width>
                <height>810</height>
                <pagecontrol>60</pagecontrol>
                <onleft>9000</onleft>
                <onright>60</onright>
                <onup>50</onup>
                <ondown>50</ondown>
                <preloaditems>4</preloaditems>
                <include>BigList_Layout_Weather</include>
                <include>WeatherContent</include>
            </control>
            <control type="scrollbar" id="60">
                <posx>1886</posx>
                <posy>183</posy>
                <height>810</height>
                <include>VerticalScroller</include>
                <onleft>50</onleft>
                <onright>505050</onright>
            </control>
        </control>
    </include>
</includes>
