﻿<?xml version="1.0" encoding="utf-8" standalone="yes"?>
<window type="window">
    <controls>

        <control type="image" id="32601">
            <description>Background image</description>
            <posx>0</posx>
            <posy>0</posy>
            <colordiffuse>FF555555</colordiffuse>
            <aspectratio scalediffuse="false" align="center" aligny="center">scale</aspectratio>
            <width>1280</width>
            <height>720</height>
            <texture>fanart.jpg</texture>
        </control>

        <control type="image" id="32602">
            <description>image</description>
            <posx>40</posx>
            <posy>60</posy>
            <aspectratio scalediffuse="false" align="center" aligny="center">keep</aspectratio>
            <colordiffuse>FFFFFFFF</colordiffuse>
            <width>500</width>
            <height>762</height>
            <texture></texture>
        </control>       


        <control type="label" id="32603">
            <description>Headline</description>
            <posx>0</posx>
            <posy>20</posy>
            <width>1280</width>
            <visible>true</visible>
            <align>center</align>
            <aligny>top</aligny>
            <scroll>true</scroll>
            <label></label>
            <font>font30_title</font>
            <textcolor>orangered</textcolor>
            <shadowcolor>ff000000</shadowcolor>
            <wrapmultiline>true</wrapmultiline>
            <scrollspeed>50</scrollspeed>
            <scrollsuffix> - </scrollsuffix>
        </control>
        <control type="textbox" id="32604">
            <description>Drink type</description>
            <posx>0</posx>
            <posy>65</posy>
            <width>1280</width>
            <visible>true</visible>
            <align>center</align>
            <aligny>top</aligny>
            <colordiffuse>FFFFFFFF</colordiffuse>
            <font>font11</font>
            <textcolor>88FFFFFF</textcolor>
            <shadowcolor>88000000</shadowcolor>
            <label></label>
        </control>

        <control type="textbox" id="32605">
            <description>Clock</description>
            <posx>840</posx>
            <posy>20</posy>
            <width>420</width>
            <visible>true</visible>
            <align>right</align>
            <aligny>top</aligny>
            <colordiffuse>FFFFFFFF</colordiffuse>
            <font>font11</font>
            <textcolor>88FFFFFF</textcolor>
            <shadowcolor>88000000</shadowcolor>
            <label>$INFO[System.Time]</label>
        </control>


	<control type="textbox" id="32606">
         <description>Recipe</description>
         <posx>20</posx>
         <posy>95</posy>
         <width>1260</width>
         <height>90</height>
         <visible>true</visible>
         <aligny>top</aligny>
         <colordiffuse>FFFFFFFF</colordiffuse>
         <font>font16</font>
         <textcolor>FFFFFFFF</textcolor>
         <shadowcolor>66000000</shadowcolor>
         <autoscroll delay="10000" time="1500" repeat="10000"></autoscroll>
         <label></label>
	</control>
	
	<control type="group">
	
		<control type="panel" id="32607">
			<description>Ingredient panel</description>
			<posx>530</posx>
			<posy>185</posy>
			<width>700</width>
			<height>700</height>
			<scrolltime>300</scrolltime>
			<orientation>vertical</orientation>
			<preloaditems>2</preloaditems>
			<itemlayout height="250" width="230">
				<control type="image">
					<posy>0</posy>
					<posx>50</posx>
					<width>210</width>
					<height>210</height>
					<texture border="40">buttons/roundedbutton-nofocus.png</texture>
				</control>
				<control type="group">
					<posx>77</posx>
					<posy>18</posy>
					<control type="image">
						<posy>10</posy>
						<width>150</width>
						<height>150</height>
						<texture background="true" fallback="menuicons/notavailable.png">$INFO[ListItem.Thumb]</texture>
						<aspectratio aligny="center">scale</aspectratio>
						<fadetime>0</fadetime>
					</control>
					<control type="textbox">
						<width>150</width>
						<height>55</height>
						<posx>0</posx>
						<posy>170</posy>
						<align>center</align>
						<aligny>center</aligny>
						<colordiffuse>FFFFFFFF</colordiffuse>
            				<font>font14</font>
            				<textcolor>orangered</textcolor>
            				<shadowcolor>88000000</shadowcolor>
						<info>ListItem.Label</info>
					</control>
					<control type="textbox">
						<width>150</width>
						<height>100</height>
						<posx>0</posx>
						<posy>222</posy>
						<align>center</align>
						<colordiffuse>FFFFFFFF</colordiffuse>
            				<font>font12</font>
            				<textcolor>88FFFFFF</textcolor>
            				<shadowcolor>88000000</shadowcolor>
						<label>$INFO[ListItem.Property(measure)]</label>
					</control>
				</control>
			</itemlayout>
			<focusedlayout height="250" width="230">
				<control type="image">
					<posy>0</posy>
					<posx>50</posx>
					<width>210</width>
					<height>210</height>
					<texture border="40">buttons/roundedbutton-nofocus.png</texture>
				</control>
				<control type="image">
					<posy>0</posy>
					<posx>50</posx>
					<width>210</width>
					<animation effect="fade" start="0" end="100" time="160">Focus</animation>
					<animation effect="fade" start="0" end="100" time="0">UnFocus</animation>
					<height>210</height>
					<texture border="40" colordiffuse="$INFO[Window(home).Property(ImageColor)]">buttons/roundedbutton-focus.png</texture>
				</control>
				<control type="group">
					<posx>77</posx>
					<posy>18</posy>
					<control type="image">
						<posy>10</posy>
						<width>150</width>
						<height>150</height>
						<texture background="true" fallback="menuicons/notavailable.png">$INFO[ListItem.Thumb]</texture>
						<aspectratio aligny="center">scale</aspectratio>
						<fadetime>0</fadetime>
					</control>
					<control type="textbox">
						<width>150</width>
						<height>55</height>
						<posx>0</posx>
						<posy>170</posy>
						<align>center</align>
						<aligny>center</aligny>
						<colordiffuse>FFFFFFFF</colordiffuse>
            				<font>font14</font>
            				<textcolor>orangered</textcolor>
            				<shadowcolor>88000000</shadowcolor>
						<info>ListItem.Label</info>
					</control>
					<control type="textbox">
						<width>150</width>
						<height>100</height>
						<posx>0</posx>
						<posy>222</posy>
						<align>center</align>
						<colordiffuse>FFFFFFFF</colordiffuse>
            				<font>font12</font>
						<textcolor>88FFFFFF</textcolor>
            				<shadowcolor>88000000</shadowcolor>
						<label>$INFO[ListItem.Property(measure)]</label>
					</control>
				</control>
			</focusedlayout>
		</control>
	</control>
	
	<control type="panel" id="32608">
			<description>fictional controler</description>
			<posx>530</posx>
			<posy>185</posy>
			<width>700</width>
			<height>700</height>
			<scrolltime>300</scrolltime>
			<orientation>vertical</orientation>
			<preloaditems>2</preloaditems>
			<itemlayout height="250" width="230">
				<control type="image">
					<posy>0</posy>
					<posx>50</posx>
					<width>210</width>
					<height>210</height>
					<texture></texture>
				</control>
			</itemlayout>
			<focusedlayout height="250" width="230">
				<control type="image">
					<posy>0</posy>
					<posx>50</posx>
					<width>210</width>
					<height>210</height>
					<texture></texture>
				</control>
			</focusedlayout>
	</control>
	    
        <control type="group">
		   <control type="image">
				<description>Busy animation</description>
				<posx>40</posx>
				<posy>685</posy>
				<width>30</width>
				<height>30</height>
				<texture>busy.png</texture>
				<aspectratio>keep</aspectratio>
				<animation effect="rotate" start="0" end="360" center="55,700" time="1200" loop="true" condition="true">conditional</animation>
				<visible>!IsEmpty(Window(home).Property(loading))</visible>
			</control>
		
			<control type="label">
				<top>655</top>
				<left>90</left>
				<width>100</width>
				<height>90</height>
				<font>font11</font>
				<textcolor>88FFFFFF</textcolor>
				<aligny>center</aligny>
				<align>left</align>
				<label>Loading...</label>
				<visible>!IsEmpty(Window(home).Property(loading))</visible>
			</control>
		</control>
		
		<control type="textbox">
			<description>Instructions</description>
			<posx>20</posx>
			<posy>360</posy>
			<width>1260</width>
			<height>620</height>
			<visible>true</visible>
			<align>center</align>
			<aligny>top</aligny>
			<colordiffuse>FFFFFFFF</colordiffuse>
			<font>font16</font>
			<textcolor>FFFFFFFF</textcolor>
			<shadowcolor>66000000</shadowcolor>
			<autoscroll delay="15000" time="1500" repeat="10000"></autoscroll>
			<label>$ADDON[script.screensaver.cocktail 32014]</label>
			<visible>!IsEmpty(Window(home).Property(instructions))</visible>
		</control>



    </controls>
</window>
