﻿<?xml version="1.0" encoding="UTF-8" standalone="yes"?>
<addon id="repository.infolistas" name="infolistas repository" version="1.0.0" provider-name="infoteam">
	<extension point="xbmc.addon.repository" name="infolistas Add-on Repository">
		<info compressed="false">http://raw.githubusercontent.com/lolinhux/infolistas.repo/master/addons.xml</info>
		<checksum>http://raw.githubusercontent.com/lolinhux/infolistas.repo/master/addons.xml.md5</checksum>
		<datadir zip="true">http://raw.githubusercontent.com/lolinhux/infolistas.repo/master/repo/</datadir>
	</extension>
	<extension point="xbmc.addon.metadata">
		<summary>infolistas Repo</summary>
		<description> TV de todos e para todos </description>
		<disclaimer></disclaimer>
		<platform>all</platform>
	</extension>
</addon>