<?xml version="1.0" encoding="UTF-8" standalone="yes"?>
<addon id="plugin.video.MrSportTV" name="Mr. Sport TV (Portugal)" version="2.0.0" provider-name="Mr. Quim">
  <requires>
    <import addon="xbmc.python" version="2.1.0" />
  </requires>
  <extension point="xbmc.python.pluginsource"
            library="default.py">
        <provides>video</provides>
  </extension>
  <extension point="xbmc.addon.metadata">
    <platform>all</platform>
    <summary>Canais Sport TV Online</summary>
    <description>Os canais/este add-on são gratuitos.
	Não transmito qualquer dos canais aqui disponibilizados!
	São todos retirados da Internet!
	Todos os canais necessitam do add-on PLEXUS</description>
  </extension>
</addon>
