<?xml version="1.0" encoding="UTF-8"?>
<window>
	<defaultcontrol always="true">20</defaultcontrol>
	<coordinates>
		<system>1</system>
		<left>519</left>
		<top>210</top>
	</coordinates>
	<include>dialogeffect</include>
	<controls>
		<control type="group">
			<control type="image">
				<description>background image</description>
				<left>0</left>
				<top>0</top>
				<width>1522</width>
				<height>660</height>
				<texture border="40">dialogs/default/bg.png</texture>
			</control>
			<control type="label" id="1">
				<description>header label</description>
				<left>30</left>
				<top>32</top>
				<width>1462</width>
				<height>40</height>
				<font>font15_title</font>
				<label>$LOCALIZE[20333]</label>
				<align>center</align>
				<textcolor>dialogheader</textcolor>
			</control>
			<control type="image">
				<left>30</left>
				<top>86</top>
				<width>1140</width>
				<height>542</height>
				<texture border="5">dialogs/default/inner.png</texture>
			</control>
			<control type="group" id="9002">
				<control type="button" id="20">
					<description>Content Picker</description>
					<left>31</left>
					<top>88</top>
					<width>1138</width>
					<height>60</height>
					<onup>5</onup>
					<ondown>21</ondown>
					<onleft>9001</onleft>
					<onright>9001</onright>
				</control>
				<control type="label">
					<description>Content Picker Header</description>
					<left>31</left>
					<top>88</top>
					<width>1138</width>
					<height>60</height>
					<font>font14</font>
					<label>$LOCALIZE[20344]</label>
					<textcolor>grey2</textcolor>
					<textoffsetx>15</textoffsetx>
					<visible>!Control.hasFocus(20)</visible>
				</control>
				<control type="label">
					<description>Content Picker Header</description>
					<left>31</left>
					<top>88</top>
					<width>1138</width>
					<height>60</height>
					<font>font14</font>
					<label>$LOCALIZE[20344]</label>
					<textcolor>white</textcolor>
					<textoffsetx>15</textoffsetx>
					<visible>Control.hasFocus(20)</visible>
				</control>
				<control type="button" id="21">
					<description>Information Provider</description>
					<left>31</left>
					<top>148</top>
					<width>1138</width>
					<height>60</height>
					<onup>20</onup>
					<onleft>9001</onleft>
					<onright>9001</onright>
					<ondown>5</ondown>
				</control>
				<control type="grouplist" id="5">
					<description>control area</description>
					<left>31</left>
					<top>208</top>
					<width>1138</width>
					<height>540</height>
					<itemgap>0</itemgap>
					<onup>21</onup>
					<ondown>20</ondown>
					<onleft>9001</onleft>
					<onright>9001</onright>
				</control>
			</control>
			<control type="button" id="7">
				<description>Default Button</description>
				<left>0</left>
				<top>0</top>
				<height>60</height>
			</control>
			<control type="radiobutton" id="8">
				<description>Default RadioButton</description>
				<left>0</left>
				<top>0</top>
				<height>60</height>
			</control>
			<!-- right group -->
			<control type="group">
				<left>1182</left>
				<top>88</top>
				<control type="image">
					<left>-1</left>
					<top>-2</top>
					<width>312</width>
					<height>542</height>
					<texture border="5">dialogs/default/inner.png</texture>
				</control>
				<control type="grouplist" id="9001">
					<onup>9001</onup>
					<onleft>9002</onleft>
					<onright>9002</onright>
					<ondown>9001</ondown>
					<control type="button" id="28">
						<description>Ok Button</description>
						<width>310</width>
						<align>left</align>
						<textcolor>grey2</textcolor>
						<focusedcolor>white</focusedcolor>
						<label>186</label>
					</control>
					<control type="button" id="29">
						<description>Cancel Button</description>
						<width>310</width>
						<align>left</align>
						<textcolor>grey2</textcolor>
						<focusedcolor>white</focusedcolor>
						<label>222</label>
					</control>
					<control type="button" id="22">
						<description>Settings Button</description>
						<width>310</width>
						<align>left</align>
						<textcolor>grey2</textcolor>
						<focusedcolor>white</focusedcolor>
						<label>5</label>
					</control>
				</control>
			</control>
		</control>
	</controls>
</window>