<?xml version="1.0" encoding="UTF-8"?>
<window>
	<defaultcontrol always="true">599</defaultcontrol>
	<views>599,50,51,52,53</views>
	<menucontrol>9000</menucontrol>
	<controls>
		<include condition="!Skin.HasSetting(HideVideoBackgrounds)">CommonVideoPlayingBackground</include>
		<control type="multiimage">
			<posx>0</posx>
			<posy>0</posy>
			<width>1280</width>
			<height>720</height>
			<imagepath fallback="special://skin/backgrounds/background-settings.jpg" background="true">$INFO[Skin.String(Custom_Back_Settings_Folder)]</imagepath>
			<aspectratio>scale</aspectratio>
			<timeperimage>5000</timeperimage>
			<randomize>true</randomize>
			<fadetime>2000</fadetime>
			<include condition="Skin.HasSetting(AnimateBackgrounds)">backgroundanimation</include>
			<include>VisibleFadeEffect</include>
			<visible>[IsEmpty(Control.GetLabel(987)) | IsEmpty(ListItem.Property(Fanart_Image))] + ![Player.HasVideo + !Skin.HasSetting(HideVideoBackgrounds)]</visible>
		</control>
		<control type="image" id="987">
			<posx>0</posx>
			<posy>0</posy>
			<width>1280</width>
			<height>720</height>
			<texture background="true">$INFO[ListItem.Property(Fanart_Image)]</texture>
			<aspectratio>scale</aspectratio>
			<fadetime>FanartCrossfadeTime</fadetime>
			<include>VisibleFadeEffect</include>
			<include condition="Skin.HasSetting(AnimateFanart)">backgroundanimation</include>
			<visible>!IsEmpty(ListItem.Property(Fanart_Image)) + ![Player.HasVideo + !Skin.HasSetting(HideVideoBackgrounds)]</visible>
		</control>
		<control type="image">
			<posx>175</posx>
			<posy>110</posy>
			<width>932</width>
			<height>501</height>
			<texture diffuse="settings-button-diffuse.png">special://skin/backgrounds/addons.jpg</texture>
			<animation effect="zoom" start="530,309,220,130" end="175,110,932,501" time="300">WindowOpen</animation>
			<animation effect="zoom" start="175,110,932,501" end="530,309,220,130" time="300" delay="350">WindowClose</animation>
			<animation effect="slide" start="0,0" end="75,0" time="200" delay="200" tween="quadratic" easing="out" condition="Skin.HasSetting(WideSideMenuButtons) + ControlGroup(9000).HasFocus">Conditional</animation>
			<include>ContentFade</include>
			<animation effect="slide" start="0,0" end="700,116" time="300" tween="quadratic" easing="out" condition="Control.IsVisible(50) + !Skin.HasSetting(FanartShort) + !Skin.HasSetting(FanartLong)">Conditional</animation>
			<animation effect="zoom" start="175,110,932,501" end="876,367,670,358" time="300" tween="quadratic" easing="out" condition="Control.IsVisible(50) + Skin.HasSetting(FanartShort)">Conditional</animation>
			<animation effect="zoom" start="175,110,932,501" end="876,-12,1406,756" time="300" tween="quadratic" easing="out" condition="Control.IsVisible(50) + Skin.HasSetting(FanartLong)">Conditional</animation>
			<visible>![Player.HasVideo + !Skin.HasSetting(HideVideoBackgrounds)]</visible>
		</control>
		<include condition="!Skin.HasSetting(HideVisBackgrounds)">CommonVisualizationBackground</include>
		<control type="group">
			<include>ContentPanel</include>
			<include>ContentFade</include>
			<animation effect="fade" start="0" end="100" time="350" delay="350">WindowOpen</animation>
			<animation effect="fade" start="100" end="0" time="350">WindowClose</animation>
			<include condition="!Skin.HasSetting(Hide-Addons-List)">List</include>
			<include condition="!Skin.HasSetting(Hide-Addons-FullList)">FullList</include>
			<include condition="!Skin.HasSetting(Hide-Addons-Thumbnail)">Thumbnail</include>
			<include>MediaInfo-AddOns</include>
			<include>Fanart-ProgramsPicturesAddons</include>
			<include>AllViewCommonPageControls</include>
			<include>ScrollOffsetLabel</include>
				<animation effect="slide" start="0,0" end="700,116" time="300" tween="quadratic" easing="out" condition="Control.IsVisible(50) + !Skin.HasSetting(FanartShort) + !Skin.HasSetting(FanartLong)">Conditional</animation>
				<animation effect="slide" start="0,0" end="700,262" time="300" tween="quadratic" easing="out" condition="Control.IsVisible(50) + Skin.HasSetting(FanartShort)">Conditional</animation>
				<animation effect="slide" start="0,0" end="700,-127" time="300" tween="quadratic" easing="out" condition="Control.IsVisible(50) + Skin.HasSetting(FanartLong)">Conditional</animation>
			<animation effect="slide" start="0,0" end="75,0" time="200" delay="200" tween="quadratic" easing="out" condition="Skin.HasSetting(WideSideMenuButtons) + ControlGroup(9000).HasFocus">Conditional</animation>
		</control>
		<control type="group">
			<include>ContentFade2</include>
			<include>Fanart-Addons-Extras</include>
		</control>
		<control type="group">
			<posy>23</posy>
			<include>ContentFade</include>
			<include>Window_OpenClose_Left_Panel_Animation</include>
			<control type="group" id="9000">
				<include condition="!Skin.HasSetting(WideSideMenuButtons)">Window_OpenClose_Left_Panel_Position_Normal</include>
				<include condition="Skin.HasSetting(WideSideMenuButtons)">Window_OpenClose_Left_Panel_Position_Wide</include>
				<include>SideMenuAnim</include>
				<control type="image">
					<posx>0</posx>
					<posy>-16</posy>
					<height>16</height>
					<texture border="0,0,10,0">shadow-top2.png</texture>
					<include condition="!Skin.HasSetting(WideSideMenuButtons)">ButtonCommonValuesNormal</include>
					<include condition="Skin.HasSetting(WideSideMenuButtons)">ButtonCommonValuesWide</include>
				</control>
				<control type="button" id="2">
					<description>View As button</description>
					<posx>0</posx>
					<posy>0</posy>
					<include>ButtonCommonValues</include>
					<label>-</label>
					<onleft>50</onleft>
					<onright>50</onright>
					<onup>610</onup>
					<ondown>3</ondown>
				</control>
				<control type="button" id="3">
					<description>Sort by button</description>
					<posx>0</posx>
					<posy>45</posy>
					<include>ButtonCommonValues</include>
					<label>103</label>
					<onleft>50</onleft>
					<onright>4</onright>
					<onup>2</onup>
					<ondown>5</ondown>
				</control>
				<control type="togglebutton" id="4">
					<description>Sort asc</description>
					<posy>63</posy>
					<width>15</width>
					<height>15</height>
					<label>-</label>
					<onleft>3</onleft>
					<onright>50</onright>
					<onup>2</onup>
					<ondown>5</ondown>
					<include condition="!Skin.HasSetting(WideSideMenuButtons)">ToggleButtonNormal</include>
					<include condition="Skin.HasSetting(WideSideMenuButtons)">ToggleButtonWide</include>
				</control>
				<control type="button" id="5">
					<description>Enable auto-updates</description>
					<posx>0</posx>
					<posy>90</posy>
					<include>ButtonCommonValues</include>
					<label>24063</label>
					<onleft>50</onleft>
					<onright>50</onright>
					<onup>4</onup>
					<ondown>9</ondown>
				</control>
				<control type="button" id="9">
					<description>Manual update</description>
					<posx>0</posx>
					<posy>135</posy>
					<include>ButtonCommonValues</include>
					<label>24034</label>
					<onleft>50</onleft>
					<onright>50</onright>
					<onup>5</onup>
					<ondown>6</ondown>
				</control>
				<control type="radiobutton" id="6">
					<description>No notifications</description>
					<posx>0</posx>
					<posy>180</posy>
					<include>ButtonCommonValues</include>
					<label>25000</label>
					<onleft>50</onleft>
					<onright>50</onright>
					<onup>9</onup>
					<ondown>7</ondown>
				</control>
				<control type="radiobutton" id="7">
					<description>Hide foreign</description>
					<posx>0</posx>
					<posy>225</posy>
					<include>ButtonCommonValues</include>
					<label>25001</label>
					<onleft>50</onleft>
					<onright>50</onright>
					<onup>6</onup>
					<ondown>8</ondown>
				</control>
				<control type="radiobutton" id="8">
					<description>Hide broken</description>
					<posx>0</posx>
					<posy>270</posy>
					<include>ButtonCommonValues</include>
					<label>24999</label>
					<onleft>50</onleft>
					<onright>50</onright>
					<onup>7</onup>
					<ondown>610</ondown>
				</control>
				<control type="button" id="610">
					<description>PlayerControls</description>
					<posx>0</posx>
					<posy>270</posy>
					<include>ButtonCommonValues</include>
					<label>16003</label>
					<onleft>50</onleft>
					<onright>50</onright>
					<onup>8</onup>
					<ondown>2</ondown>
					<onclick>ActivateWindow(playercontrols)</onclick>
					<visible>Player.HasAudio | Player.HasVideo</visible>
				</control>
			</control>
		</control>
		<control type="group">
			<include>VisibleFadeEffect</include>
			<include>ContentFade</include>
			<animation effect="slide" start="0,0" end="0,-620" time="0" condition="Control.IsVisible(50) + !Skin.HasSetting(FanartLong)">Conditional</animation>
			<animation effect="slide" start="0,0" end="-140,-620" time="0" condition="Control.IsVisible(50) + Skin.HasSetting(FanartLong)">Conditional</animation>
			<visible>!IsEmpty(ListItem.Property(Addon.Broken))</visible>
			<control type="image">
				<posx>240</posx>
				<posy>630</posy>
				<width>800</width>
				<height>82</height>
				<texture diffuse="underlay-diffuse.png" border="0,10,0,10">underlay4.png</texture>
			</control>
			<control type="label">
				<posx>40</posx>
				<posy>644</posy>
				<width>1200</width>
				<height>60</height>
				<align>center</align>
				<aligny>top</aligny>
				<label>$LOCALIZE[24096]</label>
				<textcolor>white</textcolor>
				<shadowcolor>black</shadowcolor>
				<font>font-20</font>
			</control>
			<control type="label">
				<posx>40</posx>
				<posy>674</posy>
				<width>1200</width>
				<height>60</height>
				<align>center</align>
				<aligny>top</aligny>
				<label>$INFO[ListItem.Property(Addon.Broken)]</label>
				<textcolor>white</textcolor>
				<shadowcolor>black</shadowcolor>
				<font>font-20</font>
			</control>
		</control>
		<control type="group">
			<include>ContentFade</include>
			<include>Window_OpenClose_Header_Animation</include>
			<animation effect="slide" start="0,0" end="0,-55" time="300" tween="quadratic" easing="out" condition="Control.IsVisible(50)">Conditional</animation>
			<control type="image">
				<posx>0</posx>
				<posy>0</posy>
				<width>1280</width>
				<height>55</height>
				<texture border="1">Header.png</texture>
			</control>
			<control type="grouplist">
				<include>Breadcrumbs</include>
				<include>Breadcrumbs-Settings-Addons</include>
			</control>
		</control>
		<include condition="Skin.HasSetting(TouchScreenMode)">TouchScreenControls</include>
		<include condition="Skin.HasSetting(DebugMode)">debuginfo</include>
	</controls>
</window>
