<?xml version="1.0" encoding="UTF-8"?>
<window type="dialog" id="1116">
	<defaultcontrol>411</defaultcontrol>
	<coordinates>
		<posx>240</posx>
		<posy>200</posy>
	</coordinates>
	<include>dialogeffect</include>
	<controls>
		<control type="group">
			<animation effect="fade" start="100" end="0" time="200" condition="Window.IsVisible(SliderDialog)">conditional</animation>
			<control type="image">
				<description>background image</description>
				<posx>0</posx>
				<posy>0</posy>
				<width>800</width>
				<height>225</height>
				<texture border="17">panel.png</texture>
				<bordersize>11</bordersize>
			</control>
			<control type="button">
				<posx>744</posx>
				<posy>32</posy>
				<width>20</width>
				<height>20</height>
				<texturefocus>close-window-focus.png</texturefocus>
				<texturenofocus>close-window-nofocus.png</texturenofocus>
				<onclick>Dialog.Close(1114)</onclick>
				<visible>Skin.HasSetting(TouchScreenMode)</visible>
			</control>
			<control type="label">
				<description>heading label</description>
				<posx>40</posx>
				<posy>40</posy>
				<width>720</width>
				<height>30</height>
				<align>center</align>
				<aligny>center</aligny>
				<font>font-32</font>
				<label>$LOCALIZE[36501]</label>
				<textcolor>blue</textcolor>
			</control>
			<control type="image">
				<posx>40</posx>
				<posy>78</posy>
				<width>720</width>
				<height>2</height>
				<texture>separator.png</texture>
			</control>
			<control type="radiobutton" id="411">
				<posx>55</posx>
				<posy>95</posy>
				<width>710</width>
				<height>30</height>
				<label>$LOCALIZE[31002]</label>
				<font>font-20</font>
				<textcolor>white</textcolor>
				<selected>IntegerGreaterThan(System.StereoscopicMode,0)</selected>
				<onup>413</onup>
				<ondown>412</ondown>
				<onclick>ToggleStereoMode</onclick>
			</control>
			<control type="button" id="412">
				<posx>55</posx>
				<posy>125</posy>
				<width>710</width>
				<height>30</height>
				<label>$LOCALIZE[31003]</label>
				<font>font-20</font>
				<textcolor>white</textcolor>
				<onup>411</onup>
				<ondown>413</ondown>
				<onclick>StereoMode</onclick>
			</control>
			<control type="radiobutton" id="413">
				<posx>55</posx>
				<posy>155</posy>
				<width>710</width>
				<height>30</height>
				<label>$LOCALIZE[31004]</label>
				<font>font-20</font>
				<textcolor>white</textcolor>
				<selected>StringCompare(System.StereoscopicMode,9)</selected>
				<onup>412</onup>
				<ondown>411</ondown>
				<onclick>StereoModeToMono</onclick>
			</control>
		</control>
	</controls>
</window>
