<?xml version="1.0" encoding="UTF-8"?>
<window type="dialog" id="1115">
	<onload condition="System.HasAddon(script.videoextras)">RunScript(script.videoextras,check,&quot;$INFO[ListItem.FilenameAndPath]&quot;)</onload>
	<onunload>ClearProperty(ActorName,Home)</onunload>
	<onunload>ClearProperty(DirectorName,Home)</onunload>
	<onunload>ClearProperty(WriterName,Home)</onunload>
	<defaultcontrol always="true">3</defaultcontrol>
	<coordinates>
		<posx>335</posx>
		<posy>35</posy>
	</coordinates>
	<include>dialogeffect</include>
	<controls>
		<control type="image">
			<description>background image</description>
			<posx>0</posx>
			<posy>0</posy>
			<width>610</width>
			<height>650</height>
			<texture border="32">dialog.png</texture>
		</control>
		<control type="button">
			<posx>550</posx>
			<posy>35</posy>
			<width>20</width>
			<height>20</height>
			<texturefocus>close-window-focus.png</texturefocus>
			<texturenofocus>close-window-nofocus.png</texturenofocus>
			<onclick>Dialog.Close(selectdialog)</onclick>
			<visible>Skin.HasSetting(TouchScreenMode)</visible>
		</control>
		<control type="label" id="1">
			<description>heading label</description>
			<posx>40</posx>
			<posy>40</posy>
			<width>510</width>
			<height>30</height>
			<align>center</align>
			<aligny>center</aligny>
			<font>font-30</font>
			<label>137</label>
			<textcolor>blue</textcolor>
		</control>
		<control type="image">
			<posx>40</posx>
			<posy>78</posy>
			<width>510</width>
			<height>2</height>
			<texture>separator.png</texture>
		</control>
		<control type="list" id="3">
			<posx>45</posx>
			<posy>90</posy>
			<width>500</width>
			<height>441</height>
			<onup>3</onup>
			<ondown>3</ondown>
			<onleft>3</onleft>
			<onright>3</onright>
			<scrolltime>200</scrolltime>
			<itemlayout width="500" height="29">
				<control type="image">
					<posx>0</posx>
					<posy>0</posy>
					<width>500</width>
					<height>30</height>
					<texture border="7">list-nofocus.png</texture>
				</control>
				<control type="label">
					<posx>10</posx>
					<posy>0</posy>
					<width>480</width>
					<height>30</height>
					<font>font-20</font>
					<align>left</align>
					<aligny>center</aligny>
					<selectedcolor>blue</selectedcolor>
					<label>$INFO[ListItem.Label]</label>
				</control>
			</itemlayout>
			<focusedlayout width="500" height="29">
				<control type="image">
					<posx>0</posx>
					<posy>0</posy>
					<width>500</width>
					<height>30</height>
					<texture border="7">list-nofocus.png</texture>
				</control>
				<control type="image">
					<posx>0</posx>
					<posy>0</posy>
					<width>500</width>
					<height>30</height>
					<texture border="7">list-focus2.png</texture>
					<include>ListFocusScroll14</include>
				</control>
				<control type="label">
					<posx>10</posx>
					<posy>0</posy>
					<width>480</width>
					<height>30</height>
					<font>font-20</font>
					<align>left</align>
					<aligny>center</aligny>
					<selectedcolor>blue</selectedcolor>
					<label>$INFO[ListItem.Label]</label>
				</control>
			</focusedlayout>
			<content>
				<item>
					<label>13511</label>
					<onclick>Dialog.Close(1115)</onclick>
					<onclick>SendClick(2003,10)</onclick>
				</item>
				<item>
					<label>31219</label>
					<onclick>Dialog.Close(1115)</onclick>
					<onclick>RunScript(script.artwork.downloader,mode=custom,mediatype=movie,dbid=$INFO[ListItem.DBID],clearlogo)</onclick>
					<visible>System.HasAddon(script.artwork.downloader) + Container.Content(Movies)</visible>
				</item>
				<item>
					<label>31224</label>
					<onclick>Dialog.Close(1115)</onclick>
					<onclick>RunScript(script.artwork.downloader,mode=custom,mediatype=movie,dbid=$INFO[ListItem.DBID],extrathumbs)</onclick>
					<visible>System.HasAddon(script.artwork.downloader) + Container.Content(Movies)</visible>
				</item>
				<item>
					<label>31221</label>
					<onclick>Dialog.Close(1115)</onclick>
					<onclick>RunScript(script.artwork.downloader,mode=custom,mediatype=movie,dbid=$INFO[ListItem.DBID],extrafanart)</onclick>
					<visible>System.HasAddon(script.artwork.downloader) + Container.Content(Movies)</visible>
				</item>
				<item>
					<label>31229</label>
					<onclick>Dialog.Close(1115)</onclick>
					<onclick>RunScript(script.artwork.downloader,mode=custom,mediatype=movie,dbid=$INFO[ListItem.DBID],discart)</onclick>
					<visible>System.HasAddon(script.artwork.downloader) + Container.Content(Movies)</visible>
				</item>
				<item>
					<label>31219</label>
					<onclick>Dialog.Close(1115)</onclick>
					<onclick>RunScript(script.artwork.downloader,mode=custom,mediatype=tvshow,dbid=$INFO[ListItem.DBID],clearlogo)</onclick>
					<visible>System.HasAddon(script.artwork.downloader) + Container.Content(TVShows)</visible>
				</item>
				<item>
					<label>31220</label>
					<onclick>Dialog.Close(1115)</onclick>
					<onclick>RunScript(script.artwork.downloader,mode=custom,mediatype=tvshow,dbid=$INFO[ListItem.DBID],clearart)</onclick>
					<visible>System.HasAddon(script.artwork.downloader) + Container.Content(TVShows)</visible>
				</item>
				<item>
					<label>31221</label>
					<onclick>Dialog.Close(1115)</onclick>
					<onclick>RunScript(script.artwork.downloader,mode=custom,mediatype=tvshow,dbid=$INFO[ListItem.DBID],extrafanart)</onclick>
					<visible>System.HasAddon(script.artwork.downloader) + Container.Content(TVShows)</visible>
				</item>
				<item>
					<label>31223</label>
					<onclick>Dialog.Close(1115)</onclick>
					<onclick>RunScript(script.ratingupdate,Single=TVShow)</onclick>
					<visible>System.HasAddon(script.ratingupdate) + Container.Content(TVShows)</visible>
				</item>
				<item>
					<label>31223</label>
					<onclick>Dialog.Close(1115)</onclick>
					<onclick>RunScript(script.ratingupdate,Single=Movie)</onclick>
					<visible>System.HasAddon(script.ratingupdate) + Container.Content(Movies)</visible>
				</item>
				<item>
					<label>31224</label>
					<onclick>Dialog.Close(1115)</onclick>
					<onclick>RunScript(script.artwork.downloader,mode=custom,mediatype=musicvideo,dbid=$INFO[ListItem.DBID],extrathumbs)</onclick>
					<visible>System.HasAddon(script.artwork.downloader) + Container.Content(MusicVideos)</visible>
				</item>
				<item>
					<label>31221</label>
					<onclick>Dialog.Close(1115)</onclick>
					<onclick>RunScript(script.artwork.downloader,mode=custom,mediatype=musicvideo,dbid=$INFO[ListItem.DBID],extrafanart)</onclick>
					<visible>System.HasAddon(script.artwork.downloader) + Container.Content(MusicVideos)</visible>
				</item>
				<item>
					<label>31226</label>
					<onclick>Dialog.Close(1115)</onclick>
					<onclick>RunScript(script.metadata.actors,$INFO[Window(Home).Property(ActorName)])</onclick>
					<visible>System.HasAddon(script.metadata.actors) + [Container.Content(Movies) | Container.Content(TVShows) | Container.Content(Episodes)] + !IsEmpty(Window(Home).Property(ActorName))</visible>
				</item>
				<item>
					<label>31227</label>
					<onclick>Dialog.Close(1115)</onclick>
					<onclick>RunScript(script.metadata.actors,$INFO[Window(Home).Property(DirectorName)])</onclick>
					<visible>System.HasAddon(script.metadata.actors) + [Container.Content(Movies) | Container.Content(Episodes) | Container.Content(MusicVideos)]</visible>
				</item>
				<item>
					<label>31228</label>
					<onclick>Dialog.Close(1115)</onclick>
					<onclick>RunScript(script.metadata.actors,$INFO[Window(Home).Property(WriterName)])</onclick>
					<visible>System.HasAddon(script.metadata.actors) + [Container.Content(Movies) | Container.Content(Episodes)]</visible>
				</item>
				<item>
					<label>$LOCALIZE[31006]</label>
					<onclick>Dialog.Close(1115)</onclick>
					<onclick>RunScript(script.videoextras,display,&quot;$INFO[ListItem.FilenameAndPath]&quot;)</onclick>
					<visible>System.HasAddon(script.videoextras) + !Container.Content(Seasons)</visible>
				</item>

			</content>
		</control>
	</controls>
</window>
