<?xml version="1.0" encoding="UTF-8"?>
<window type="dialog" id="1114">
	<defaultcontrol>888</defaultcontrol>
	<coordinates>
		<posx>240</posx>
		<posy>200</posy>
	</coordinates>
	<include>dialogeffect</include>
	<controls>
		<control type="group">
			<animation effect="fade" start="100" end="0" time="200" condition="Window.IsVisible(SliderDialog)">conditional</animation>
			<control type="image">
				<description>background image</description>
				<posx>0</posx>
				<posy>0</posy>
				<width>800</width>
				<height>195</height>
				<texture border="17">panel.png</texture>
				<bordersize>11</bordersize>
			</control>
			<control type="button">
				<posx>744</posx>
				<posy>32</posy>
				<width>20</width>
				<height>20</height>
				<texturefocus>close-window-focus.png</texturefocus>
				<texturenofocus>close-window-nofocus.png</texturenofocus>
				<onclick>Dialog.Close(1114)</onclick>
				<visible>Skin.HasSetting(TouchScreenMode)</visible>
			</control>
			<control type="label">
				<description>heading label</description>
				<posx>40</posx>
				<posy>40</posy>
				<width>720</width>
				<height>30</height>
				<align>center</align>
				<aligny>center</aligny>
				<font>font-32</font>
				<label>481</label>
				<textcolor>blue</textcolor>
			</control>
			<control type="image">
				<posx>45</posx>
				<posy>90</posy>
				<width>710</width>
				<height>30</height>
				<texture border="7">list-nofocus.png</texture>
				<visible>!Control.HasFocus(888)</visible>
			</control>
			<control type="image">
				<posx>45</posx>
				<posy>90</posy>
				<width>710</width>
				<height>30</height>
				<texture border="7">list-focus.png</texture>
				<visible>Control.HasFocus(888)</visible>
			</control>
			<control type="label">
				<posx>55</posx>
				<posy>95</posy>
				<width>710</width>
				<height>30</height>
				<label>$LOCALIZE[13376]</label>
				<font>font-20</font>
				<textcolor>white</textcolor>
			</control>
			<control type="slider" id="888">
				<description>Default Slider</description>
				<posx>545</posx>
				<posy>95</posy>
				<width>200</width>
				<height>20</height>
				<texturesliderbar>osd_slider_bg.png</texturesliderbar>
				<textureslidernib>osd_slider_nibNF.png</textureslidernib>
				<textureslidernibfocus>osd_slider_nib.png</textureslidernibfocus>
				<action>volume</action>
				<onup>889</onup>
				<ondown>889</ondown>
			</control>
			<control type="button" id="889">
				<posx>45</posx>
				<posy>124</posy>
				<width>710</width>
				<height>30</height>
				<label>15047</label>
				<texturenofocus border="7">list-nofocus.png</texturenofocus>
				<texturefocus border="7">list-focus.png</texturefocus>
				<onclick>Dialog.Close(1114)</onclick>
				<onclick>ActivateWindow(OSDAudioDSPSettings)</onclick>
				<visible>system.getbool(audiooutput.dspaddonsenabled)</visible>
				<onup>888</onup>
				<ondown>888</ondown>
			</control>
		</control>
	</controls>
</window>
