<?xml version="1.0" encoding="UTF-8"?>
<window type="dialog" id="1113">
	<defaultcontrol always="true">61</defaultcontrol>
	<controls>
		<control type="group">
			<include>dialogeffect4</include>
			<control type="button">
				<posx>1240</posx>
				<posy>20</posy>
				<width>20</width>
				<height>20</height>
				<texturefocus>close-window-focus.png</texturefocus>
				<texturenofocus>close-window-nofocus.png</texturenofocus>
				<onclick>Dialog.Close(1113)</onclick>
				<visible>Skin.HasSetting(TouchScreenMode)</visible>
			</control>
			<control type="label">
				<description>Item Title value</description>
				<posx>40</posx>
				<posy>15</posy>
				<width>1200</width>
				<height>30</height>
				<align>center</align>
				<aligny>center</aligny>
				<textcolor>blue</textcolor>
				<label>$VAR[DialogPlotHeader]</label>
				<font>font-32</font>
			</control>
			<control type="image">
				<posx>0</posx>
				<posy>54</posy>
				<width>1280</width>
				<height>2</height>
				<texture>separator.png</texture>
			</control>
			<control type="textbox">
				<posx>290</posx>
				<posy>82</posy>
				<width>700</width>
				<height>448</height>
				<label>$VAR[DialogPlotTextBox]</label>
				<font>font-23</font>
				<align>justify</align>
				<textcolor>white</textcolor>
				<shadowcolor>black</shadowcolor>
				<pagecontrol>61</pagecontrol>
				<autoscroll time="3000" delay="30000" repeat="5000">Skin.HasSetting(AutoScroll)</autoscroll>
			</control>
			<control type="group">
				<visible>VideoPlayer.Content(LiveTV)</visible>
				<control type="label">
					<posx>257</posx>
					<posy>563</posy>
					<width>617</width>
					<height>30</height>
					<font>font-30</font>
					<textcolor>blue</textcolor>
					<shadowcolor>black</shadowcolor>
					<align>left</align>
					<aligny>center</aligny>
					<label>$INFO[Window(10000).Property(Transparency.EPGTitle)]</label>
				</control>
				<control type="label">
					<posx>257</posx>
					<posy>590</posy>
					<width>520</width>
					<height>30</height>
					<font>font-20</font>
					<textcolor>white</textcolor>
					<shadowcolor>black</shadowcolor>
					<align>left</align>
					<aligny>center</aligny>
					<label>$INFO[Window(10000).Property(Transparency.EPGDate)]</label>
				</control>
			</control>
			<control type="group">
				<animation effect="slide" start="0,0" end="60,-12" time="0" condition="Container.Content(Episodes) | Container.Content(MusicVideos)">Conditional</animation>
				<visible>!Container.Content(Artists) + !Container.Content(Albums) + !Container.Content(Songs) + !VideoPlayer.Content(LiveTV)</visible>
				<control type="label">
					<posx>257</posx>
					<posy>563</posy>
					<width>617</width>
					<height>30</height>
					<font>font-30</font>
					<textcolor>blue</textcolor>
					<shadowcolor>black</shadowcolor>
					<align>left</align>
					<aligny>center</aligny>
					<label>$INFO[ListItem.Title]</label>
				</control>
				<control type="label">
					<posx>257</posx>
					<posy>590</posy>
					<width>520</width>
					<height>30</height>
					<font>font-20</font>
					<textcolor>white</textcolor>
					<shadowcolor>black</shadowcolor>
					<align>left</align>
					<aligny>center</aligny>
					<label>$INFO[ListItem.Genre,[UPPERCASE][B][COLOR=lightblue]$LOCALIZE[515]: [/COLOR][/B][/UPPERCASE]]</label>
				</control>
				<control type="label">
					<posx>257</posx>
					<posy>610</posy>
					<width>520</width>
					<height>30</height>
					<font>font-20</font>
					<textcolor>white</textcolor>
					<shadowcolor>black</shadowcolor>
					<align>left</align>
					<aligny>center</aligny>
					<label>$INFO[ListItem.Duration,[UPPERCASE][B][COLOR=lightblue]$LOCALIZE[2050]: [/COLOR][/B][/UPPERCASE], $LOCALIZE[12391]]</label>
					<visible>!substring(ListItem.Duration,min)</visible>
				</control>
				<control type="label">
					<posx>257</posx>
					<posy>610</posy>
					<width>520</width>
					<height>30</height>
					<font>font-20</font>
					<textcolor>white</textcolor>
					<shadowcolor>black</shadowcolor>
					<align>left</align>
					<aligny>center</aligny>
					<label>$INFO[ListItem.Duration,[UPPERCASE][B][COLOR=lightblue]$LOCALIZE[2050]: [/COLOR][/B][/UPPERCASE]]</label>
					<visible>substring(ListItem.Duration,min)</visible>
				</control>
				<control type="label">
					<posx>257</posx>
					<posy>630</posy>
					<width>618</width>
					<height>30</height>
					<font>font-20</font>
					<textcolor>white</textcolor>
					<shadowcolor>black</shadowcolor>
					<align>left</align>
					<aligny>center</aligny>
					<label>$INFO[ListItem.Year,[UPPERCASE][B][COLOR=lightblue]$LOCALIZE[345]: [/COLOR][/B][/UPPERCASE]]</label>
				</control>
				<control type="label">
					<posx>257</posx>
					<posy>650</posy>
					<width>618</width>
					<height>30</height>
					<font>font-20</font>
					<textcolor>white</textcolor>
					<shadowcolor>black</shadowcolor>
					<align>left</align>
					<aligny>center</aligny>
					<label>$INFO[ListItem.Rating,[UPPERCASE][B][COLOR=lightblue]$LOCALIZE[563]: [/COLOR][/B][/UPPERCASE]]</label>
				</control>
				<control type="label">
					<posx>257</posx>
					<posy>670</posy>
					<width>620</width>
					<height>30</height>
					<font>font-20</font>
					<textcolor>white</textcolor>
					<shadowcolor>black</shadowcolor>
					<align>left</align>
					<aligny>center</aligny>
					<label>$INFO[ListItem.Studio,[UPPERCASE][B][COLOR=lightblue]$LOCALIZE[572]: [/COLOR][/B][/UPPERCASE]]</label>
				</control>
			</control>
			<control type="group">
				<visible>Container.Content(Artists) | Container.Content(Albums) | Container.Content(Songs)</visible>
				<control type="label">
					<posx>257</posx>
					<posy>585</posy>
					<width>1000</width>
					<height>30</height>
					<font>font-30</font>
					<textcolor>blue</textcolor>
					<shadowcolor>black</shadowcolor>
					<align>left</align>
					<aligny>center</aligny>
					<label>$INFO[ListItem.Artist]</label>
				</control>
				<control type="label">
					<posx>257</posx>
					<posy>616</posy>
					<width>1000</width>
					<height>30</height>
					<font>font-20</font>
					<textcolor>white</textcolor>
					<shadowcolor>black</shadowcolor>
					<align>left</align>
					<aligny>center</aligny>
					<label>$VAR[DialogPlotLabel2]</label>
				</control>
				<control type="label">
					<posx>257</posx>
					<posy>636</posy>
					<width>1000</width>
					<height>30</height>
					<font>font-20</font>
					<textcolor>white</textcolor>
					<shadowcolor>black</shadowcolor>
					<align>left</align>
					<aligny>center</aligny>
					<label>$VAR[DialogPlotLabel3]</label>
				</control>
				<control type="label">
					<posx>257</posx>
					<posy>656</posy>
					<width>1000</width>
					<height>30</height>
					<font>font-20</font>
					<textcolor>white</textcolor>
					<shadowcolor>black</shadowcolor>
					<align>left</align>
					<aligny>center</aligny>
					<label>$VAR[DialogPlotLabel4]</label>
				</control>
			</control>
			<control type="spincontrol" id="61">
				<description>Next page button</description>
				<posx>1180</posx>
				<posy>699</posy>
				<subtype>page</subtype>
				<font>font-19</font>
				<onleft>61</onleft>
				<onright>61</onright>
				<ondown>61</ondown>
				<onup>61</onup>
				<textcolor>white</textcolor>
				<showonepage>true</showonepage>
			</control>
		</control>
	</controls>
</window>
