<?xml version="1.0" encoding="UTF-8"?>
<window type="dialog" id="1112">
	<defaultcontrol>1000</defaultcontrol>
	<coordinates>
		<posx>240</posx>
		<posy>20</posy>
	</coordinates>
	<include>dialogeffect</include>
	<controls>
		<control type="group">
			<animation effect="fade" start="100" end="0" time="200" condition="Window.IsVisible(FileBrowser)">Conditional</animation>
			<control type="image">
				<description>background image</description>
				<posx>0</posx>
				<posy>0</posy>
				<width>800</width>
				<height>525</height>
				<texture border="17">panel.png</texture>
				<bordersize>11</bordersize>
			</control>
			<control type="button">
				<posx>744</posx>
				<posy>32</posy>
				<width>20</width>
				<height>20</height>
				<texturefocus>close-window-focus.png</texturefocus>
				<texturenofocus>close-window-nofocus.png</texturenofocus>
				<onclick>Dialog.Close(1112)</onclick>
				<visible>Skin.HasSetting(TouchScreenMode)</visible>
			</control>
			<control type="label">
				<description>heading label</description>
				<posx>40</posx>
				<posy>40</posy>
				<width>720</width>
				<height>30</height>
				<label>$LOCALIZE[31184]</label>
				<align>center</align>
				<aligny>center</aligny>
				<font>font-32</font>
				<textcolor>blue</textcolor>
			</control>
			<control type="image">
				<posx>40</posx>
				<posy>78</posy>
				<width>720</width>
				<height>2</height>
				<texture>separator.png</texture>
			</control>
			<control type="grouplist" id="1000">
				<posx>45</posx>
				<posy>85</posy>
				<width>710</width>
				<height>407</height>
				<onleft>1000</onleft>
				<onright>1000</onright>
				<onup>1001</onup>
				<ondown>1001</ondown>
				<control type="radiobutton" id="991">
					<description>fanart Select Button</description>
					<posx>0</posx>
					<posy>0</posy>
					<width>710</width>
					<height>29</height>
					<label>31030</label>
					<font>font-18</font>
					<texturefocus border="7">list-focus.png</texturefocus>
					<texturenofocus border="7">list-nofocus.png</texturenofocus>
					<selected>!Skin.HasSetting(Vis-Fanart)</selected>
					<onclick>Skin.Reset(Vis-Slideshow)</onclick>
					<onclick>Skin.Reset(Vis-ArtistSlide)</onclick>
					<onclick>Skin.Reset(Vis-CDWall)</onclick>
					<onclick>Skin.ToggleSetting(Vis-Fanart)</onclick>
				</control>
				<control type="radiobutton" id="992">
					<description>extrafanart slideshow button</description>
					<posx>0</posx>
					<posy>0</posy>
					<width>710</width>
					<height>29</height>
					<label>$LOCALIZE[31221]</label>
					<font>font-18</font>
					<texturefocus border="7">list-focus.png</texturefocus>
					<texturenofocus border="7">list-nofocus.png</texturenofocus>
					<selected>Skin.HasSetting(Vis-Slideshow)</selected>
					<onclick>Skin.SetBool(Vis-Fanart)</onclick>
					<onclick>Skin.Reset(Vis-ArtistSlide)</onclick>
					<onclick>Skin.Reset(Vis-CDWall)</onclick>
					<onclick>Skin.ToggleSetting(Vis-Slideshow)</onclick>
				</control>
				<control type="radiobutton" id="993">
					<description>artist slideshow button</description>
					<posx>0</posx>
					<posy>0</posy>
					<width>710</width>
					<height>29</height>
					<label>$LOCALIZE[31225]</label>
					<font>font-18</font>
					<texturefocus border="7">list-focus.png</texturefocus>
					<texturenofocus border="7">list-nofocus.png</texturenofocus>
					<selected>Skin.HasSetting(Vis-ArtistSlide)</selected>
					<onclick>Skin.SetBool(Vis-Fanart)</onclick>
					<onclick>Skin.Reset(Vis-Slideshow)</onclick>
					<onclick>Skin.Reset(Vis-CDWall)</onclick>
					<onclick>Skin.ToggleSetting(Vis-ArtistSlide)</onclick>
					<onclick condition="IsEmpty(Window(Visualisation).Property(ArtistSlideshowRunning))">RunScript(script.artistslideshow,daemon=True)</onclick>
				</control>
				<control type="radiobutton" id="994">
					<description>cd wall button</description>
					<posx>0</posx>
					<posy>0</posy>
					<width>710</width>
					<height>29</height>
					<label>541</label>
					<font>font-18</font>
					<texturefocus border="7">list-focus.png</texturefocus>
					<texturenofocus border="7">list-nofocus.png</texturenofocus>
					<selected>Skin.HasSetting(Vis-CDWall)</selected>
					<onclick>Skin.SetBool(Vis-Fanart)</onclick>
					<onclick>Skin.Reset(Vis-Slideshow)</onclick>
					<onclick>Skin.Reset(Vis-ArtistSlide)</onclick>
					<onclick>Skin.ToggleSetting(Vis-CDWall)</onclick>
				</control>
				<control type="button" id="995">
					<description>cd wall path button</description>
					<posx>0</posx>
					<posy>0</posy>
					<width>710</width>
					<height>29</height>
					<label>15311</label>
					<label2>$INFO[Skin.String(CDWall_Folder_Path)]</label2>
					<font>font-18</font>
					<texturefocus border="7">list-focus.png</texturefocus>
					<texturenofocus border="7">list-nofocus.png</texturenofocus>
					<onclick>Skin.SetPath(CDWall_Folder_Path)</onclick>
					<enable>Skin.HasSetting(Vis-CDWall)</enable>
				</control>
				<control type="radiobutton" id="996">
					<description>animation button</description>
					<posx>0</posx>
					<posy>0</posy>
					<width>710</width>
					<height>29</height>
					<label>31134</label>
					<font>font-18</font>
					<texturefocus border="7">list-focus.png</texturefocus>
					<texturenofocus border="7">list-nofocus.png</texturenofocus>
					<selected>Skin.HasSetting(Vis-Animation)</selected>
					<onclick>Skin.ToggleSetting(Vis-Animation)</onclick>
					<onclick>ReplaceWindow(visualisation)</onclick>
				</control>
				<control type="radiobutton" id="997">
					<description>visualisation button</description>
					<posx>0</posx>
					<posy>0</posy>
					<width>710</width>
					<height>29</height>
					<label>510</label>
					<font>font-18</font>
					<texturefocus border="7">list-focus.png</texturefocus>
					<texturenofocus border="7">list-nofocus.png</texturenofocus>
					<selected>!Skin.HasSetting(Vis-Visualization)</selected>
					<onclick>Skin.ToggleSetting(Vis-Visualization)</onclick>
				</control>
				<control type="radiobutton" id="998">
					<description>scroll labels button</description>
					<posx>0</posx>
					<posy>0</posy>
					<width>710</width>
					<height>29</height>
					<label>31103</label>
					<font>font-18</font>
					<texturefocus border="7">list-focus.png</texturefocus>
					<texturenofocus border="7">list-nofocus.png</texturenofocus>
					<selected>Skin.HasSetting(Vis-ScrollTitles)</selected>
					<onclick>Skin.ToggleSetting(Vis-ScrollTitles)</onclick>
				</control>
			</control>
			<control type="button" id="1001">
				<description>OK Button</description>
				<posx>340</posx>
				<posy>450</posy>
				<width>200</width>
				<height>35</height>
				<label>$LOCALIZE[186]</label>
				<align>center</align>
				<aligny>center</aligny>
				<texturefocus border="7">button-focus.png</texturefocus>
				<texturenofocus border="7">button-nofocus.png</texturenofocus>
				<label>186</label>
				<onleft>1001</onleft>
				<onright>1001</onright>
				<onup>998</onup>
				<ondown>991</ondown>
				<onclick>Dialog.Close(1112)</onclick>
			</control>
		</control>
	</controls>
</window>
