<?xml version="1.0" encoding="UTF-8"?>
<includes>
	<default type="button">
		<posx>300</posx>
		<posy>200</posy>
		<width>880</width>
		<height>35</height>
		<label>-</label>
		<texturefocus border="7">list-focus.png</texturefocus>
		<texturenofocus border="7">list-nofocus.png</texturenofocus>
		<font>font-20</font>
		<textcolor>white</textcolor>
		<focusedcolor>white</focusedcolor>
		<disabledcolor>darkgrey</disabledcolor>
		<invalidcolor>red</invalidcolor>
		<textoffsetx>7</textoffsetx>
		<aligny>center</aligny>
		<pulseonselect>true</pulseonselect>
	</default>
	<default type="edit">
		<posx>300</posx>
		<posy>200</posy>
		<width>300</width>
		<height>30</height>
		<texturefocus border="7">list-focus.png</texturefocus>
		<texturenofocus border="7">list-nofocus.png</texturenofocus>
		<font>font-20</font>
		<textcolor>white</textcolor>
		<disabledcolor>darkgrey</disabledcolor>
		<invalidcolor>red</invalidcolor>
		<textoffsetx>7</textoffsetx>
		<aligny>center</aligny>
		<pulseonselect>true</pulseonselect>
	</default>
	<default type="fadelabel">
		<posx>80</posx>
		<posy>60</posy>
		<font>font-20</font>
		<textcolor>white</textcolor>
	</default>
	<default type="image">
		<posx>0</posx>
		<posy>0</posy>
		<texture>-</texture>
	</default>
	<default type="label">
		<posx>80</posx>
		<posy>60</posy>
		<label>-</label>
		<font>font-20</font>
		<textcolor>white</textcolor>
		<scrollsuffix>     -     </scrollsuffix>
	</default>
	<default type="mover">
		<posx>60</posx>
		<posy>192</posy>
		<texturefocus border="7">list-focus.png</texturefocus>
		<texturenofocus border="7">list-nofocus.png</texturenofocus>
	</default>
	<default type="progress">
		<posx>100</posx>
		<posy>325</posy>
		<texturebg border="10,0,10,0">Progress-Back.png</texturebg>
		<lefttexture>-</lefttexture>
		<midtexture border="10,0,10,0">Progress-Mid.png</midtexture>
		<righttexture>-</righttexture>
		<overlaytexture/>
	</default>
	<default type="radiobutton">
		<posx>300</posx>
		<posy>200</posy>
		<width>880</width>
		<height>35</height>
		<radiowidth>24</radiowidth>
		<radioheight>24</radioheight>
		<textureradioonfocus>radiobutton-on.png</textureradioonfocus>
		<textureradioonnofocus>radiobutton-on.png</textureradioonnofocus>
		<textureradioofffocus>radiobutton-off.png</textureradioofffocus>
		<textureradiooffnofocus>radiobutton-off.png</textureradiooffnofocus>
		<textureradioondisabled colordiffuse="40FFFFFF">radiobutton_on.png</textureradioondisabled>
		<textureradiooffdisabled colordiffuse="40FFFFFF">radiobutton_off.png</textureradiooffdisabled>
		<texturefocus border="7">list-focus.png</texturefocus>
		<texturenofocus border="7">list-nofocus.png</texturenofocus>
		<label>-</label>
		<font>font-20</font>
		<textcolor>white</textcolor>
		<focusedcolor>white</focusedcolor>
		<disabledcolor>darkgrey</disabledcolor>
		<textoffsetx>7</textoffsetx>
		<aligny>center</aligny>
	</default>
	<default type="resize">
		<posx>60</posx>
		<posy>192</posy>
		<texturefocus border="7">list-focus.png</texturefocus>
		<texturenofocus border="7">list-nofocus.png</texturenofocus>
	</default>
	<default type="selectbutton">
		<posx>490</posx>
		<posy>335</posy>
		<width>300</width>
		<height>35</height>
		<label>-</label>
		<font>font-20</font>
		<texturefocus>-</texturefocus>
		<texturenofocus>-</texturenofocus>
		<texturebg border="7">list-focus.png</texturebg>
		<textureleft>scroll-left.png</textureleft>
		<textureleftfocus>scroll-left-focus.png</textureleftfocus>
		<textureright>scroll-right.png</textureright>
		<texturerightfocus>scroll-right-focus.png</texturerightfocus>
		<textcolor>white</textcolor>
		<disabledcolor>darkgrey</disabledcolor>
		<aligny>center</aligny>
	</default>
	<default type="slider">
		<controloffsetx>75</controloffsetx>
		<controloffsety>0</controloffsety>
	</default>
	<default type="sliderex">
		<height>30</height>
		<textoffsetx>7</textoffsetx>
		<aligny>center</aligny>
		<texturefocus border="7">list-focus.png</texturefocus>
		<texturenofocus border="7">list-nofocus.png</texturenofocus>
		<sliderwidth>150</sliderwidth>
		<sliderheight>20</sliderheight>
		<texturesliderbar>osd_slider_bg.png</texturesliderbar>
		<textureslidernib>osd_slider_nibNF.png</textureslidernib>
		<textureslidernibfocus>osd_slider_nib.png</textureslidernibfocus>
		<font>font-20</font>
		<textcolor>white</textcolor>
		<focusedcolor>white</focusedcolor>
		<disabledcolor>darkgrey</disabledcolor>
	</default>
	<default type="spincontrol">
		<posx>330</posx>
		<posy>126</posy>
		<textureup>scroll-up-2.png</textureup>
		<texturedown>scroll-down-2.png</texturedown>
		<textureupfocus>scroll-up-focus-2.png</textureupfocus>
		<texturedownfocus>scroll-down-focus-2.png</texturedownfocus>
		<textureupdisabled colordiffuse="40FFFFFF">scroll-up-2.png</textureupdisabled>
		<texturedowndisabled colordiffuse="40FFFFFF">scroll-down-2.png</texturedowndisabled>
		<align>right</align>
		<width>33</width>
		<height>22</height>
		<font>font-20</font>
		<reverse>yes</reverse>
		<textcolor>white</textcolor>
		<disabledcolor>darkgrey</disabledcolor>
		<subtype>text</subtype>
		<textoffsetx>-5</textoffsetx>
		<textoffsety>0</textoffsety>
		<pulseonselect>true</pulseonselect>
	</default>
	<default type="spincontrolex">
		<posx>530</posx>
		<posy>160</posy>
		<width>300</width>
		<height>30</height>
		<spinwidth>33</spinwidth>
		<spinheight>22</spinheight>
		<texturefocus border="7">list-focus.png</texturefocus>
		<texturenofocus>-</texturenofocus>
		<textureup>scroll-up-2.png</textureup>
		<texturedown>scroll-down-2.png</texturedown>
		<textureupfocus>scroll-up-focus-2.png</textureupfocus>
		<texturedownfocus>scroll-down-focus-2.png</texturedownfocus>
		<textureupdisabled colordiffuse="40FFFFFF">scroll-up-2.png</textureupdisabled>
		<texturedowndisabled colordiffuse="40FFFFFF">scroll-down-2.png</texturedowndisabled>
		<font>font-20</font>
		<textcolor>white</textcolor>
		<disabledcolor>darkgrey</disabledcolor>
		<textoffsetx>7</textoffsetx>
		<aligny>center</aligny>
		<reverse>yes</reverse>
		<pulseonselect>true</pulseonselect>
	</default>
	<default type="textbox">
		<posx>220</posx>
		<posy>222</posy>
		<width>410</width>
		<height>213</height>
		<textcolor>white</textcolor>
		<font>font-20</font>
	</default>
	<default type="togglebutton">
		<posx>140</posx>
		<posy>167</posy>
		<width>20</width>
		<height>20</height>
		<texturefocus>scroll-up-focus.png</texturefocus>
		<texturenofocus>scroll-up.png</texturenofocus>
		<alttexturefocus>scroll-down-focus.png</alttexturefocus>
		<alttexturenofocus>scroll-down.png</alttexturenofocus>
		<textcolor>white</textcolor>
		<label>-</label>
		<font>font-20</font>
		<disabledcolor>darkgrey</disabledcolor>
		<pulseonselect>true</pulseonselect>
	</default>
</includes>
