<?xml version="1.0" encoding="UTF-8"?>
<window>
	<defaultcontrol always="true">9000</defaultcontrol>
	<controls>
		<control type="image">
			<posx>0</posx>
			<posy>0</posy>
			<width>1280</width>
			<height>720</height>
			<texture>black.png</texture>
			<animation effect="fade" start="0" end="70" time="300">WindowOpen</animation>
			<animation effect="fade" start="70" end="0" time="300">WindowClose</animation>
		</control>
		<control type="group">
			<include>DialogFade6</include>
			<visible>!Window.IsVisible(TextViewer)</visible>
			<control type="image">
				<posx>0</posx>
				<posy>560</posy>
				<width>1280</width>
				<height>140</height>
				<texture border="10">underlay.png</texture>
			</control>
			<control type="image">
				<posx>8</posx>
				<posy>505</posy>
				<width>210</width>
				<height>210</height>
				<texture>thumb-shadow.png</texture>
				<visible>!stringcompare(ListItem.Label,..)</visible>
			</control>
			<control type="image">
				<posx>8</posx>
				<posy>505</posy>
				<width>210</width>
				<height>210</height>
				<aspectratio scalediffuse="false">scale</aspectratio>
				<texture diffuse="thumb-diffuse.png" background="true">$INFO[Listitem.Icon]</texture>
				<bordersize>6</bordersize>
				<fadetime>IconCrossfadeTime</fadetime>
				<visible>!stringcompare(ListItem.Label,..)</visible>
			</control>
		</control>
		<control type="group">
			<include>dialogeffect4</include>
			<include>DialogFade5</include>
			<control type="button">
				<posx>1240</posx>
				<posy>20</posy>
				<width>20</width>
				<height>20</height>
				<texturefocus>close-window-focus.png</texturefocus>
				<texturenofocus>close-window-nofocus.png</texturenofocus>
				<onclick>Dialog.Close(addoninformation)</onclick>
				<visible>Skin.HasSetting(TouchScreenMode)</visible>
			</control>
			<control type="label">
				<description>Item Title value</description>
				<posx>40</posx>
				<posy>45</posy>
				<width>1200</width>
				<height>30</height>
				<align>center</align>
				<aligny>center</aligny>
				<textcolor>blue</textcolor>
				<shadowcolor>black</shadowcolor>
				<label>$INFO[Listitem.Label]</label>
				<font>font-32</font>
			</control>
			<control type="image">
				<posx>40</posx>
				<posy>84</posy>
				<width>1200</width>
				<height>2</height>
				<texture>separator.png</texture>
			</control>
			<control type="image">
				<posx>40</posx>
				<posy>425</posy>
				<width>1200</width>
				<height>2</height>
				<texture>separator.png</texture>
			</control>
			<control type="group" id="9000">
				<posx>3</posx>
				<posy>420</posy>
				<control type="button" id="6">
					<description>Enable</description>
					<posx>0</posx>
					<posy>33</posy>
					<width>182</width>
					<height>35</height>
					<label>24022</label>
					<font>font-20</font>
					<textcolor>white</textcolor>
					<focusedcolor>white</focusedcolor>
					<shadowcolor>black</shadowcolor>
					<align>center</align>
					<aligny>center</aligny>
					<texturefocus border="7">button-nofocus.png</texturefocus>
					<texturenofocus border="7">button-nofocus.png</texturenofocus>
					<onup>49</onup>
					<ondown>60</ondown>
					<onleft>13</onleft>
					<onright>7</onright>
				</control>
				<control type="button" id="7">
					<description>Disable</description>
					<posx>182</posx>
					<posy>33</posy>
					<width>182</width>
					<height>35</height>
					<label>24021</label>
					<font>font-20</font>
					<textcolor>white</textcolor>
					<focusedcolor>white</focusedcolor>
					<shadowcolor>black</shadowcolor>
					<align>center</align>
					<aligny>center</aligny>
					<texturefocus border="7">button-nofocus.png</texturefocus>
					<texturenofocus border="7">button-nofocus.png</texturenofocus>
					<onup>49</onup>
					<ondown>60</ondown>
					<onleft>6</onleft>
					<onright>8</onright>
				</control>
				<control type="button" id="8">
					<description>Update</description>
					<posx>364</posx>
					<posy>33</posy>
					<width>182</width>
					<height>35</height>
					<label>24069</label>
					<font>font-20</font>
					<textcolor>white</textcolor>
					<focusedcolor>white</focusedcolor>
					<shadowcolor>black</shadowcolor>
					<align>center</align>
					<aligny>center</aligny>
					<texturefocus border="7">button-nofocus.png</texturefocus>
					<texturenofocus border="7">button-nofocus.png</texturenofocus>
					<onup>49</onup>
					<ondown>60</ondown>
					<onleft>7</onleft>
					<onright>9</onright>
				</control>
				<control type="button" id="9">
					<description>Settings</description>
					<posx>546</posx>
					<posy>33</posy>
					<width>182</width>
					<height>35</height>
					<label>5</label>
					<font>font-20</font>
					<textcolor>white</textcolor>
					<focusedcolor>white</focusedcolor>
					<shadowcolor>black</shadowcolor>
					<align>center</align>
					<aligny>center</aligny>
					<texturefocus border="7">button-nofocus.png</texturefocus>
					<texturenofocus border="7">button-nofocus.png</texturenofocus>
					<onup>49</onup>
					<ondown>60</ondown>
					<onleft>8</onleft>
					<onright>10</onright>
				</control>
				<control type="button" id="10">
					<description>Changelog</description>
					<posx>728</posx>
					<posy>33</posy>
					<width>182</width>
					<height>35</height>
					<label>24054</label>
					<font>font-20</font>
					<textcolor>white</textcolor>
					<focusedcolor>white</focusedcolor>
					<shadowcolor>black</shadowcolor>
					<align>center</align>
					<aligny>center</aligny>
					<texturefocus border="7">button-nofocus.png</texturefocus>
					<texturenofocus border="7">button-nofocus.png</texturenofocus>
					<onup>49</onup>
					<ondown>60</ondown>
					<onleft>9</onleft>
					<onright>12</onright>
				</control>
				<control type="button" id="12">
					<description>Run</description>
					<posx>910</posx>
					<posy>33</posy>
					<width>182</width>
					<height>35</height>
					<label>518</label>
					<font>font-20</font>
					<textcolor>white</textcolor>
					<focusedcolor>white</focusedcolor>
					<shadowcolor>black</shadowcolor>
					<align>center</align>
					<aligny>center</aligny>
					<texturefocus border="7">button-nofocus.png</texturefocus>
					<texturenofocus border="7">button-nofocus.png</texturenofocus>
					<onup>49</onup>
					<ondown>60</ondown>
					<onleft>10</onleft>
					<onright>13</onright>
				</control>
				<control type="radiobutton" id="13">
					<description>update</description>
					<posx>1092</posx>
					<posy>33</posy>
					<width>182</width>
					<height>35</height>
					<label>21340</label>
					<font>font-20</font>
					<textcolor>white</textcolor>
					<focusedcolor>white</focusedcolor>
					<shadowcolor>black</shadowcolor>
					<align>center</align>
					<aligny>center</aligny>
					<texturefocus border="7">button-nofocus.png</texturefocus>
					<texturenofocus border="7">button-nofocus.png</texturenofocus>
					<onup>49</onup>
					<ondown>60</ondown>
					<onleft>12</onleft>
					<onright>6</onright>
				</control>
				<control type="image">
					<posx>0</posx>
					<posy>33</posy>
					<width>182</width>
					<height>35</height>
					<texture border="7">button-focus.png</texture>
					<animation effect="slide" start="0,0" end="182,0" time="200" condition="Control.HasFocus(7)">Conditional</animation>
					<animation effect="slide" start="0,0" end="364,0" time="200" condition="Control.HasFocus(8)">Conditional</animation>
					<animation effect="slide" start="0,0" end="546,0" time="200" condition="Control.HasFocus(9)">Conditional</animation>
					<animation effect="slide" start="0,0" end="728,0" time="200" condition="Control.HasFocus(10)">Conditional</animation>
					<animation effect="slide" start="0,0" end="910,0" time="200" condition="Control.HasFocus(12)">Conditional</animation>
					<animation effect="slide" start="0,0" end="1092,0" time="200" condition="Control.HasFocus(13)">Conditional</animation>
					<animation effect="fade" start="70" end="100" time="750" pulse="true" condition="true">Conditional</animation>
					<visible>Control.HasFocus(6) | Control.HasFocus(7) | Control.HasFocus(8) | Control.HasFocus(9) | Control.HasFocus(10) | Control.HasFocus(12) | Control.HasFocus(13)</visible>
				</control>
			</control>
			<control type="textbox">
				<description>textarea</description>
				<posx>265</posx>
				<posy>579</posy>
				<width>975</width>
				<height>103</height>
				<label>$INFO[ListItem.Property(Addon.Description)]</label>
				<font>font-19</font>
				<align>justify</align>
				<textcolor>white</textcolor>
				<shadowcolor>black</shadowcolor>
				<pagecontrol>60</pagecontrol>
				<autoscroll time="3000" delay="16000" repeat="5000">Skin.HasSetting(AutoScroll)</autoscroll>
			</control>
			<control type="spincontrol" id="60">
				<description>Next page button</description>
				<posx>1180</posx>
				<posy>699</posy>
				<subtype>page</subtype>
				<font>font-19</font>
				<onup>9000</onup>
				<ondown>61</ondown>
				<onleft>60</onleft>
				<onright>60</onright>
				<textcolor>white</textcolor>
				<showonepage>true</showonepage>
			</control>
			<control type="group">
				<include>VisibleFadeEffect</include>
				<control type="list" id="49">
					<posx>100</posx>
					<posy>120</posy>
					<width>1080</width>
					<height>265</height>
					<onleft>49</onleft>
					<onright>49</onright>
					<onup>61</onup>
					<ondown>9000</ondown>
					<pagecontrol>-</pagecontrol>
					<scrolltime>200</scrolltime>
					<itemlayout width="1080" height="29">
						<control type="image">
							<posx>0</posx>
							<posy>0</posy>
							<width>1080</width>
							<height>30</height>
							<texture border="7">list-nofocus.png</texture>
							<include>VisibleFadeEffect</include>
						</control>
						<control type="label">
							<posx>10</posx>
							<posy>0</posy>
							<width>210</width>
							<height>30</height>
							<font>font-20</font>
							<align>right</align>
							<aligny>center</aligny>
							<textcolor>lightblue</textcolor>
							<selectedcolor>white</selectedcolor>
							<label>$INFO[ListItem.Label]</label>
						</control>
						<control type="label">
							<posx>235</posx>
							<posy>0</posy>
							<width>835</width>
							<height>30</height>
							<font>font-20</font>
							<align>left</align>
							<aligny>center</aligny>
							<textcolor>white</textcolor>
							<selectedcolor>white</selectedcolor>
							<label>$INFO[ListItem.Label2]</label>
						</control>
					</itemlayout>
					<focusedlayout width="1080" height="29">
						<control type="image">
							<posx>0</posx>
							<posy>0</posy>
							<width>1080</width>
							<height>30</height>
							<texture border="7">list-nofocus.png</texture>
							<include>VisibleFadeEffect</include>
						</control>
						<control type="image">
							<posx>0</posx>
							<posy>0</posy>
							<width>1080</width>
							<height>30</height>
							<texture border="7">list-focus2.png</texture>
							<include>VisibleFadeEffect</include>
							<visible>Control.HasFocus(49)</visible>
							<include>ListFocusScroll22</include>
						</control>
						<control type="label">
							<posx>10</posx>
							<posy>0</posy>
							<width>210</width>
							<height>30</height>
							<font>font-20</font>
							<align>right</align>
							<aligny>center</aligny>
							<textcolor>lightblue</textcolor>
							<selectedcolor>white</selectedcolor>
							<label>$INFO[ListItem.Label]</label>
						</control>
						<control type="label">
							<posx>235</posx>
							<posy>0</posy>
							<width>835</width>
							<height>30</height>
							<font>font-20</font>
							<align>left</align>
							<aligny>center</aligny>
							<textcolor>white</textcolor>
							<selectedcolor>white</selectedcolor>
							<label>$INFO[ListItem.Label2]</label>
						</control>
					</focusedlayout>
					<content>
						<item>
							<label>[UPPERCASE][B]$LOCALIZE[21863]:[/B][/UPPERCASE]</label>
							<label2>$INFO[ListItem.Property(Addon.Creator)]</label2>
							<onclick>noop</onclick>
						</item>
						<item>
							<label>[UPPERCASE][B]$LOCALIZE[24051][/B][/UPPERCASE]</label>
							<label2>$INFO[ListItem.Property(Addon.Version)]</label2>
							<onclick>noop</onclick>
						</item>
						<item>
							<label>[UPPERCASE][B]$LOCALIZE[20037]:[/B][/UPPERCASE]</label>
							<label2>$INFO[ListItem.Property(Addon.Summary)]</label2>
							<onclick>noop</onclick>
						</item>
						<item>
							<label>[UPPERCASE][B]$LOCALIZE[564]:[/B][/UPPERCASE]</label>
							<label2>$INFO[ListItem.Property(Addon.Type)]</label2>
							<onclick>noop</onclick>
						</item>
						<item>
							<label>[UPPERCASE][B]$LOCALIZE[126]:[/B][/UPPERCASE]</label>
							<label2>$INFO[ListItem.Property(Addon.Status)]</label2>
							<onclick>noop</onclick>
						</item>
						<item>
							<label>[UPPERCASE][B]$LOCALIZE[24011]:[/B][/UPPERCASE]</label>
							<label2>$INFO[Container.Property(RepoName)]</label2>
							<onclick>noop</onclick>
						</item>
						<item>
							<label>[UPPERCASE][B]$LOCALIZE[24052]:[/B][/UPPERCASE]</label>
							<label2>$INFO[ListItem.Property(Addon.Disclaimer)]</label2>
							<onclick>noop</onclick>
						</item>
						<item>
							<label>[UPPERCASE][B]$LOCALIZE[560]:[/B][/UPPERCASE]</label>
							<label2>$INFO[ListItem.Property(Addon.ID)]</label2>
							<onclick>noop</onclick>
						</item>
						<item>
							<label>[UPPERCASE][B]$LOCALIZE[573]:[/B][/UPPERCASE]</label>
							<label2>$INFO[ListItem.Property(Addon.Path)]</label2>
							<onclick>noop</onclick>
						</item>
					</content>
				</control>
			</control>
		</control>
	</controls>
</window>
