<?xml version="1.0" encoding="UTF-8"?>
<window>
	<defaultcontrol always="true">20</defaultcontrol>
	<controls>
		<control type="image">
			<posx>0</posx>
			<posy>0</posy>
			<width>1280</width>
			<height>720</height>
			<texture>black.png</texture>
			<animation effect="fade" start="0" end="70" time="300">WindowOpen</animation>
			<animation effect="fade" start="70" end="0" time="300">WindowClose</animation>
		</control>
		<control type="group">
			<include>dialogeffect</include>
			<include>DialogFade</include>
			<control type="button">
				<posx>1240</posx>
				<posy>20</posy>
				<width>20</width>
				<height>20</height>
				<texturefocus>close-window-focus.png</texturefocus>
				<texturenofocus>close-window-nofocus.png</texturenofocus>
				<onclick>Dialog.Close(contentsettings)</onclick>
				<visible>Skin.HasSetting(TouchScreenMode)</visible>
			</control>
			<control type="label">
				<description>heading label</description>
				<posx>40</posx>
				<posy>15</posy>
				<width>1200</width>
				<height>30</height>
				<align>center</align>
				<aligny>center</aligny>
				<textcolor>blue</textcolor>
				<font>font-32</font>
				<label>20333</label>
			</control>
			<control type="image">
				<posx>0</posx>
				<posy>54</posy>
				<width>1280</width>
				<height>2</height>
				<texture>separator.png</texture>
			</control>
			<control type="spincontrolex" id="20">
				<description>Content Picker</description>
				<posx>200</posx>
				<posy>80</posy>
				<width>880</width>
				<height>30</height>
				<texturefocus border="7">list-focus.png</texturefocus>
				<texturenofocus border="7">list-nofocus.png</texturenofocus>
				<font>font-20</font>
				<label>[B]$LOCALIZE[20344][/B]</label>
				<aligny>center</aligny>
				<reverse>yes</reverse>
				<onup>28</onup>
				<ondown>21</ondown>
				<onleft>20</onleft>
				<onright>20</onright>
			</control>
			<control type="list" id="21">
				<posx>200</posx>
				<posy>143</posy>
				<width>450</width>
				<height>300</height>
				<onup>20</onup>
				<onleft>5</onleft>
				<onright>61</onright>
				<ondown>5</ondown>
				<pagecontrol>61</pagecontrol>
				<scrolltime>200</scrolltime>
				<itemlayout width="450" height="30">
					<control type="image">
						<posx>0</posx>
						<posy>0</posy>
						<width>400</width>
						<height>30</height>
						<texture border="7">list-nofocus.png</texture>
					</control>
					<control type="image">
						<posx>5</posx>
						<posy>4</posy>
						<width>35</width>
						<height>27</height>
						<texture>$INFO[Listitem.Icon]</texture>
						<aspectratio>keep</aspectratio>
					</control>
					<control type="label">
						<posx>50</posx>
						<posy>0</posy>
						<width>340</width>
						<height>30</height>
						<font>font-20</font>
						<align>left</align>
						<aligny>center</aligny>
						<textcolor>lightgrey</textcolor>
						<selectedcolor>lightblue</selectedcolor>
						<label>$INFO[ListItem.Label]</label>
					</control>
				</itemlayout>
				<focusedlayout width="450" height="30">
					<control type="image">
						<posx>0</posx>
						<posy>0</posy>
						<width>400</width>
						<height>30</height>
						<texture border="7">list-nofocus.png</texture>
					</control>
					<control type="image">
						<posx>0</posx>
						<posy>0</posy>
						<width>400</width>
						<height>30</height>
						<visible>Control.HasFocus(21)</visible>
						<texture border="7">list-focus2.png</texture>
						<include>ListFocusScroll13</include>
					</control>
					<control type="image">
						<posx>5</posx>
						<posy>4</posy>
						<width>35</width>
						<height>27</height>
						<texture>$INFO[Listitem.Icon]</texture>
						<aspectratio>keep</aspectratio>
					</control>
					<control type="label">
						<posx>50</posx>
						<posy>0</posy>
						<width>340</width>
						<height>30</height>
						<font>font-20</font>
						<align>left</align>
						<aligny>center</aligny>
						<textcolor>lightgrey</textcolor>
						<selectedcolor>lightblue</selectedcolor>
						<label>$INFO[ListItem.Label]</label>
						<visible>!Control.HasFocus(21)</visible>
					</control>
					<control type="label">
						<posx>50</posx>
						<posy>0</posy>
						<width>340</width>
						<height>30</height>
						<font>font-20</font>
						<align>left</align>
						<aligny>center</aligny>
						<textcolor>white</textcolor>
						<selectedcolor>lightblue</selectedcolor>
						<label>$INFO[ListItem.Label]</label>
						<visible>Control.HasFocus(21)</visible>
					</control>
				</focusedlayout>
			</control>
			<control type="scrollbar" id="61">
				<posx>630</posx>
				<posy>150</posy>
				<width>20</width>
				<height>302</height>
				<texturesliderbackground border="0,10,0,10">scrollbar-back.png</texturesliderbackground>
				<texturesliderbar border="0,10,0,10">scrollbar-front-nofocus.png</texturesliderbar>
				<texturesliderbarfocus border="0,10,0,10">scrollbar-front.png</texturesliderbarfocus>
				<textureslidernib>scrollbar-nib-nofocus.png</textureslidernib>
				<textureslidernibfocus>scrollbar-nib.png</textureslidernibfocus>
				<onleft>21</onleft>
				<onright>5</onright>
				<showonepage>false</showonepage>
				<orientation>vertical</orientation>
			</control>
			<control type="image">
				<description>scraper image</description>
				<posx>725</posx>
				<posy>143</posy>
				<width>300</width>
				<height>300</height>
				<aspectratio>keep</aspectratio>
				<texture>$INFO[Container(21).ListItem.Icon]</texture>
			</control>
			<control type="grouplist" id="5">
				<description>control area</description>
				<posx>200</posx>
				<posy>473</posy>
				<width>880</width>
				<height>150</height>
				<itemgap>0</itemgap>
				<onup>21</onup>
				<ondown>28</ondown>
				<onleft>5</onleft>
				<onright>5</onright>
			</control>
			<control type="button" id="7">
				<description>Default Button</description>
				<posx>0</posx>
				<posy>0</posy>
				<height>30</height>
				<font>font-20</font>
				<texturefocus border="7">list-focus.png</texturefocus>
				<texturenofocus border="7">list-nofocus.png</texturenofocus>
			</control>
			<control type="radiobutton" id="8">
				<description>Default RadioButton</description>
				<posx>0</posx>
				<posy>0</posy>
				<height>30</height>
				<font>font-20</font>
				<texturefocus border="7">list-focus.png</texturefocus>
				<texturenofocus border="7">list-nofocus.png</texturenofocus>
			</control>
			<control type="image">
				<posx>0</posx>
				<posy>645</posy>
				<width>1280</width>
				<height>2</height>
				<texture>separator.png</texture>
			</control>
			<control type="group" id="9001">
				<control type="button" id="28">
					<description>OK Button</description>
					<posx>340</posx>
					<posy>665</posy>
					<width>200</width>
					<height>35</height>
					<align>center</align>
					<aligny>center</aligny>
					<texturefocus border="7">button-nofocus.png</texturefocus>
					<texturenofocus border="7">button-nofocus.png</texturenofocus>
					<label>186</label>
					<onleft>22</onleft>
					<onright>29</onright>
					<onup>5</onup>
					<ondown>20</ondown>
				</control>
				<control type="button" id="29">
					<description>Cancel Button</description>
					<posx>540</posx>
					<posy>665</posy>
					<width>200</width>
					<height>35</height>
					<align>center</align>
					<aligny>center</aligny>
					<texturefocus border="7">button-nofocus.png</texturefocus>
					<texturenofocus border="7">button-nofocus.png</texturenofocus>
					<label>222</label>
					<onleft>28</onleft>
					<onright>22</onright>
					<onup>5</onup>
					<ondown>20</ondown>
				</control>
				<control type="button" id="22">
					<description>Settings Button</description>
					<posx>740</posx>
					<posy>665</posy>
					<width>200</width>
					<height>35</height>
					<align>center</align>
					<aligny>center</aligny>
					<texturefocus border="7">button-nofocus.png</texturefocus>
					<texturenofocus border="7">button-nofocus.png</texturenofocus>
					<label>5</label>
					<onleft>29</onleft>
					<onright>28</onright>
					<onup>5</onup>
					<ondown>20</ondown>
				</control>
				<control type="image">
					<posx>340</posx>
					<posy>665</posy>
					<width>200</width>
					<height>35</height>
					<texture border="7">button-focus.png</texture>
					<animation effect="slide" start="0,0" end="200,0" time="200" condition="Control.HasFocus(29)">Conditional</animation>
					<animation effect="slide" start="0,0" end="400,0" time="200" condition="Control.HasFocus(22)">Conditional</animation>
					<animation effect="fade" start="70" end="100" time="750" pulse="true" condition="true">Conditional</animation>
					<visible>Control.HasFocus(28) | Control.HasFocus(29) | Control.HasFocus(22)</visible>
				</control>
			</control>
		</control>
	</controls>
</window>
