<?xml version="1.0" encoding="UTF-8"?>
<window>
	<include>dialogeffect</include>
	<coordinates>
		<posx>440</posx>
		<posy>0</posy>
	</coordinates>
	<controls>
		<control type="group">
			<visible>![Window.IsVisible(InfoDialog) | Window.IsVisible(SliderDialog) | Window.IsVisible(VolumeBar)]</visible>
			<control type="image">
				<posx>0</posx>
				<posy>0</posy>
				<width>400</width>
				<height>35</height>
				<texture border="16,0,16,0">popup-small.png</texture>
			</control>
			<control type="progress" id="10">
				<description>progress control</description>
				<posx>15</posx>
				<posy>9</posy>
				<width>370</width>
				<height>15</height>
			</control>
			<control type="label">
				<description>Busy label</description>
				<posx>165</posx>
				<posy>4</posy>
				<width>125</width>
				<height>25</height>
				<align>right</align>
				<aligny>center</aligny>
				<label>$LOCALIZE[31001]</label>
				<font>font-18</font>
			</control>
			<control type="multiimage">
				<description>Busy animation</description>
				<posx>185</posx>
				<posy>2</posy>
				<width>30</width>
				<height>30</height>
				<imagepath>busy</imagepath>
				<timeperimage>100</timeperimage>
				<fadetime>0</fadetime>
			</control>
			<control type="label">
				<description>Busy label</description>
				<posx>235</posx>
				<posy>4</posy>
				<width>125</width>
				<height>25</height>
				<align>left</align>
				<aligny>center</aligny>
				<label>$LOCALIZE[20186]!</label>
				<font>font-18</font>
			</control>
		</control>
	</controls>
</window>
