<?xml version="1.0" encoding="UTF-8"?>
<window>
	<defaultcontrol>1000</defaultcontrol>
	<include>dialogeffect3</include>
	<controls>
		<control type="image" id="999">
			<description>background image</description>
			<posx>0</posx>
			<posy>0</posy>
			<width>380</width>
			<height>720</height>
			<texture border="32">dialog.png</texture>
		</control>
		<control type="button">
			<posx>325</posx>
			<posy>40</posy>
			<width>20</width>
			<height>20</height>
			<texturefocus>close-window-focus.png</texturefocus>
			<texturenofocus>close-window-nofocus.png</texturenofocus>
			<onclick>Dialog.Close(contextmenu)</onclick>
			<visible>Skin.HasSetting(TouchScreenMode)</visible>
		</control>
		<control type="label">
			<description>header label</description>
			<posx>40</posx>
			<posy>45</posy>
			<width>300</width>
			<height>30</height>
			<font>font-30c</font>
			<label>[B][UPPERCASE]$LOCALIZE[33061][/UPPERCASE][/B]</label>
			<align>center</align>
			<aligny>center</aligny>
			<textcolor>blue</textcolor>
		</control>
		<control type="image">
			<posx>85</posx>
			<posy>75</posy>
			<width>210</width>
			<height>2</height>
			<texture border="30,0,30,0">separator.png</texture>
		</control>
		<control type="grouplist" id="996">
			<description>grouplist for context buttons</description>
			<posx>40</posx>
			<posy>85</posy>
			<width>300</width>
			<height min="10" max="595">auto</height>
			<itemgap>0</itemgap>
			<control type="button" id="1245">
				<posx>0</posx>
				<posy>0</posy>
				<width>300</width>
				<height>35</height>
				<label>$VAR[ContextMenu]</label>
				<font>font-20</font>
				<align>center</align>
				<textcolor>white</textcolor>
				<focusedcolor>lightblue</focusedcolor>
				<texturefocus border="7">list-focus.png</texturefocus>
				<texturenofocus border="7">list-nofocus.png</texturenofocus>
				<onclick>RunScript(script.metadata.actors,$INFO[ListItem.Label])</onclick>
				<visible>System.HasAddon(script.metadata.actors) + [SubString(Container.FolderPath,videodb://movies/actors/) | SubString(Container.FolderPath,videodb://movies/directors/) | SubString(Container.FolderPath,videodb://tvshows/actors/)]</visible>
			</control>
		</control>
		<control type="button" id="1000">
			<description>button template</description>
			<posx>0</posx>
			<posy>0</posy>
			<width>300</width>
			<height>35</height>
			<font>font-20</font>
			<align>center</align>
			<textcolor>white</textcolor>
			<focusedcolor>lightblue</focusedcolor>
			<texturefocus border="7">list-focus.png</texturefocus>
			<texturenofocus border="7">list-nofocus.png</texturenofocus>
		</control>
	</controls>
</window>
