<?xml version="1.0" encoding="UTF-8"?>
<window>
	<defaultcontrol>10</defaultcontrol>
	<coordinates>
		<posx>290</posx>
		<posy>210</posy>
	</coordinates>
	<include>dialogeffect</include>
	<controls>
		<control type="image">
			<description>background image</description>
			<posx>0</posx>
			<posy>0</posy>
			<width>700</width>
			<height>300</height>
			<texture border="32">dialog.png</texture>
		</control>
		<control type="button">
			<posx>638</posx>
			<posy>38</posy>
			<width>20</width>
			<height>20</height>
			<texturefocus>close-window-focus.png</texturefocus>
			<texturenofocus>close-window-nofocus.png</texturenofocus>
			<onclick>Dialog.Close(okdialog)</onclick>
			<visible>Skin.HasSetting(TouchScreenMode)</visible>
		</control>
		<control type="label" id="1">
			<description>heading label</description>
			<posx>40</posx>
			<posy>40</posy>
			<width>620</width>
			<height>30</height>
			<align>center</align>
			<aligny>center</aligny>
			<font>font-30</font>
			<label>-</label>
			<textcolor>blue</textcolor>
		</control>
		<control type="image">
			<posx>40</posx>
			<posy>78</posy>
			<width>620</width>
			<height>2</height>
			<texture>separator.png</texture>
		</control>
		<control type="textbox" id="9">
			<posx>40</posx>
			<posy>102</posy>
			<width>620</width>
			<height>88</height>
			<align>center</align>
			<label>-</label>
			<font>font-20</font>
			<autoscroll time="2000" delay="8000" repeat="5000">Skin.HasSetting(AutoScroll)</autoscroll>
		</control>
		<control type="button" id="10">
			<description>OK button</description>
			<posx>250</posx>
			<posy>215</posy>
			<width>200</width>
			<height>35</height>
			<label>186</label>
			<font>font-23</font>
			<textcolor>lightgrey</textcolor>
			<focusedcolor>white</focusedcolor>
			<align>center</align>
			<texturenofocus border="7">button-nofocus.png</texturenofocus>
			<texturefocus border="7">button-focus.png</texturefocus>
			<onleft>10</onleft>
			<onright>10</onright>
			<onup>10</onup>
			<ondown>10</ondown>
		</control>
	</controls>
</window>
