<?xml version="1.0" encoding="UTF-8"?>
<window>
	<defaultcontrol>-</defaultcontrol>
	<coordinates>
		<posx>440</posx>
		<posy>0</posy>
	</coordinates>
	<controls>
		<control type="group">
			<visible>![Window.IsVisible(Seekbar) | Window.IsVisible(InfoDialog) | Window.IsVisible(BusyDialog) | Window.IsVisible(SliderDialog) | Window.IsVisible(extendedprogressdialog)]</visible>
			<control type="image">
				<posx>0</posx>
				<posy>0</posy>
				<width>400</width>
				<height>35</height>
				<texture border="16,0,16,0">popup-small.png</texture>
			</control>
			<control type="label">
				<description>Volume Label</description>
				<posx>93</posx>
				<posy>4</posy>
				<width>125</width>
				<height>25</height>
				<label>$INFO[Player.Volume]</label>
				<font>font-18</font>
				<textcolor>white</textcolor>
				<shadowcolor>black</shadowcolor>
				<align>right</align>
				<aligny>center</aligny>
			</control>
			<control type="image">
				<posx>98</posx>
				<posy>2</posy>
				<width>30</width>
				<height>30</height>
				<texture>VolumeIcon-Mute.png</texture>
			</control>
			<control type="progress">
				<description>Progressbar</description>
				<posx>131</posx>
				<posy>9</posy>
				<width>256</width>
				<height>15</height>
				<info>Player.Volume</info>
				<visible>true</visible>
			</control>
			<control type="label">
				<description>Label</description>
				<posx>131</posx>
				<posy>3</posy>
				<width>256</width>
				<height>25</height>
				<label>[UPPERCASE][B]$LOCALIZE[31000][/B][/UPPERCASE]</label>
				<font>font-15c</font>
				<textcolor>white</textcolor>
				<shadowcolor>black</shadowcolor>
				<align>center</align>
				<aligny>center</aligny>
			</control>
		</control>
	</controls>
</window>
