<?xml version="1.0" encoding="UTF-8"?>
<window>
	<defaultcontrol always="true">2</defaultcontrol>
	<coordinates>
		<posx>0</posx>
		<posy>0</posy>
	</coordinates>
	<controls>
		<control type="image">
			<posx>0</posx>
			<posy>0</posy>
			<width>1280</width>
			<height>720</height>
			<texture>black.png</texture>
			<animation effect="fade" start="0" end="70" time="300">WindowOpen</animation>
			<animation effect="fade" start="70" end="0" time="300">WindowClose</animation>
			<visible>!Window.IsVisible(ContentSettings) + !Window.IsVisible(AddonInformation)</visible>
		</control>
		<control type="group">
			<include>dialogeffect</include>
			<include>DialogFade2</include>
			<control type="button">
				<posx>1240</posx>
				<posy>20</posy>
				<width>20</width>
				<height>20</height>
				<texturefocus>close-window-focus.png</texturefocus>
				<texturenofocus>close-window-nofocus.png</texturenofocus>
				<onclick>Dialog.Close(addonsettings)</onclick>
				<visible>Skin.HasSetting(TouchScreenMode)</visible>
			</control>
			<control type="label" id="20">
				<description>heading label</description>
				<posx>40</posx>
				<posy>15</posy>
				<width>1200</width>
				<height>30</height>
				<align>center</align>
				<aligny>center</aligny>
				<textcolor>blue</textcolor>
				<font>font-32</font>
				<label>-</label>
			</control>
			<control type="image">
				<posx>0</posx>
				<posy>54</posy>
				<width>1280</width>
				<height>2</height>
				<texture>separator.png</texture>
			</control>
			<control type="grouplist" id="2">
				<description>control settings area</description>
				<posx>200</posx>
				<posy>80</posy>
				<width>880</width>
				<height>524</height>
				<itemgap>-1</itemgap>
				<pagecontrol>61</pagecontrol>
				<onup>10</onup>
				<ondown>10</ondown>
				<onleft>9</onleft>
				<onright>61</onright>
			</control>
			<control type="grouplist" id="9">
				<description>control section area</description>
				<posx>0</posx>
				<posy>80</posy>
				<width>200</width>
				<height>535</height>
				<itemgap>-1</itemgap>
				<onup>9</onup>
				<ondown>9</ondown>
				<onleft>2</onleft>
				<onright>2</onright>
			</control>
			<control type="scrollbar" id="61">
				<posx>1090</posx>
				<posy>80</posy>
				<width>20</width>
				<height>526</height>
				<texturesliderbackground border="0,10,0,10">scrollbar-back.png</texturesliderbackground>
				<texturesliderbar border="0,10,0,10">scrollbar-front-nofocus.png</texturesliderbar>
				<texturesliderbarfocus border="0,10,0,10">scrollbar-front.png</texturesliderbarfocus>
				<textureslidernib>scrollbar-nib-nofocus.png</textureslidernib>
				<textureslidernibfocus>scrollbar-nib.png</textureslidernibfocus>
				<onleft>2</onleft>
				<onright>10</onright>
				<showonepage>false</showonepage>
				<orientation>vertical</orientation>
			</control>
			<control type="button" id="3">
				<description>Default Settings Button</description>
				<height>30</height>
				<font>font-20</font>
				<texturefocus border="7">list-focus.png</texturefocus>
				<texturenofocus border="7">list-nofocus.png</texturenofocus>
			</control>
			<control type="button" id="13">
				<description>Default Section Button</description>
				<width>200</width>
				<include>ButtonCommonValues</include>
			</control>
			<control type="radiobutton" id="4">
				<description>Default RadioButton</description>
				<height>30</height>
				<font>font-20</font>
				<texturefocus border="7">list-focus.png</texturefocus>
				<texturenofocus border="7">list-nofocus.png</texturenofocus>
			</control>
			<control type="spincontrolex" id="5">
				<description>Default spincontrolex</description>
				<height>30</height>
				<texturefocus border="7">list-focus.png</texturefocus>
				<texturenofocus border="7">list-nofocus.png</texturenofocus>
				<font>font-20</font>
				<aligny>center</aligny>
				<reverse>yes</reverse>
			</control>
			<control type="image" id="6">
				<description>Default Seperator</description>
				<height>2</height>
				<texture>separator.png</texture>
			</control>
			<control type="label" id="7">
				<description>separator label</description>
				<label/>
				<height>25</height>
				<font>font-20</font>
				<align>center</align>
				<aligny>bottom</aligny>
				<textcolor>blue</textcolor>
			</control>
			<control type="sliderex" id="8">
				<description>Default Slider</description>
				<height>30</height>
				<texturefocus border="7">list-focus.png</texturefocus>
				<texturenofocus border="7">list-nofocus.png</texturenofocus>
				<font>font-20</font>
				<textcolor>white</textcolor>
				<focusedcolor>white</focusedcolor>
			</control>
			<control type="image">
				<posx>0</posx>
				<posy>645</posy>
				<width>1280</width>
				<height>2</height>
				<texture>separator.png</texture>
			</control>
			<control type="group" id="9001">
				<control type="button" id="10">
					<description>OK Button</description>
					<posx>340</posx>
					<posy>665</posy>
					<width>200</width>
					<height>35</height>
					<align>center</align>
					<aligny>center</aligny>
					<texturefocus border="7">button-nofocus.png</texturefocus>
					<texturenofocus border="7">button-nofocus.png</texturenofocus>
					<label>186</label>
					<onleft>12</onleft>
					<onright>11</onright>
					<onup>2</onup>
					<ondown>2</ondown>
				</control>
				<control type="button" id="11">
					<description>Cancel Button</description>
					<posx>540</posx>
					<posy>665</posy>
					<width>200</width>
					<height>35</height>
					<align>center</align>
					<aligny>center</aligny>
					<texturefocus border="7">button-nofocus.png</texturefocus>
					<texturenofocus border="7">button-nofocus.png</texturenofocus>
					<label>222</label>
					<onleft>10</onleft>
					<onright>12</onright>
					<onup>2</onup>
					<ondown>2</ondown>
				</control>
				<control type="button" id="12">
					<description>Defaults Button</description>
					<posx>740</posx>
					<posy>665</posy>
					<width>200</width>
					<height>35</height>
					<align>center</align>
					<aligny>center</aligny>
					<texturefocus border="7">button-nofocus.png</texturefocus>
					<texturenofocus border="7">button-nofocus.png</texturenofocus>
					<label>409</label>
					<onleft>11</onleft>
					<onright>10</onright>
					<onup>2</onup>
					<ondown>2</ondown>
				</control>
				<control type="image">
					<posx>340</posx>
					<posy>665</posy>
					<width>200</width>
					<height>35</height>
					<texture border="7">button-focus.png</texture>
					<animation effect="slide" start="0,0" end="200,0" time="200" condition="Control.HasFocus(11)">Conditional</animation>
					<animation effect="slide" start="0,0" end="400,0" time="200" condition="Control.HasFocus(12)">Conditional</animation>
					<animation effect="fade" start="70" end="100" time="750" pulse="true" condition="true">Conditional</animation>
					<visible>Control.HasFocus(10) | Control.HasFocus(11) | Control.HasFocus(12)</visible>
				</control>
			</control>
		</control>
	</controls>
</window>
