<?xml version="1.0" encoding="UTF-8"?>
<window>
	<defaultcontrol always="true">3</defaultcontrol>
	<coordinates>
		<posx>335</posx>
		<posy>35</posy>
	</coordinates>
	<include>dialogeffect</include>
	<controls>
		<control type="image">
			<description>background image</description>
			<posx>0</posx>
			<posy>0</posy>
			<width>610</width>
			<height>650</height>
			<texture border="32">dialog.png</texture>
		</control>
		<control type="button">
			<posx>550</posx>
			<posy>35</posy>
			<width>20</width>
			<height>20</height>
			<texturefocus>close-window-focus.png</texturefocus>
			<texturenofocus>close-window-nofocus.png</texturenofocus>
			<onclick>Dialog.Close(selectdialog)</onclick>
			<visible>Skin.HasSetting(TouchScreenMode)</visible>
		</control>
		<control type="label" id="1">
			<description>heading label</description>
			<posx>40</posx>
			<posy>40</posy>
			<width>510</width>
			<height>30</height>
			<align>center</align>
			<aligny>center</aligny>
			<font>font-30</font>
			<label>-</label>
			<textcolor>blue</textcolor>
		</control>
		<control type="image">
			<posx>40</posx>
			<posy>78</posy>
			<width>510</width>
			<height>2</height>
			<texture>separator.png</texture>
		</control>
		<control type="list" id="3">
			<posx>45</posx>
			<posy>90</posy>
			<width>500</width>
			<height>441</height>
			<onup>3</onup>
			<ondown>3</ondown>
			<onleft>5</onleft>
			<onright>61</onright>
			<pagecontrol>61</pagecontrol>
			<scrolltime>200</scrolltime>
			<itemlayout width="500" height="29">
				<control type="image">
					<posx>0</posx>
					<posy>0</posy>
					<width>500</width>
					<height>30</height>
					<texture border="7">list-nofocus.png</texture>
				</control>
				<control type="label">
					<posx>10</posx>
					<posy>0</posy>
					<width>480</width>
					<height>30</height>
					<font>font-20</font>
					<align>left</align>
					<aligny>center</aligny>
					<selectedcolor>blue</selectedcolor>
					<label>$INFO[ListItem.Label]</label>
				</control>
			</itemlayout>
			<focusedlayout width="500" height="29">
				<control type="image">
					<posx>0</posx>
					<posy>0</posy>
					<width>500</width>
					<height>30</height>
					<texture border="7">list-nofocus.png</texture>
				</control>
				<control type="image">
					<posx>0</posx>
					<posy>0</posy>
					<width>500</width>
					<height>30</height>
					<visible>Control.HasFocus(3)</visible>
					<texture border="7">list-focus2.png</texture>
					<include>ListFocusScroll14</include>
				</control>
				<control type="label">
					<posx>10</posx>
					<posy>0</posy>
					<width>480</width>
					<height>30</height>
					<font>font-20</font>
					<align>left</align>
					<aligny>center</aligny>
					<selectedcolor>blue</selectedcolor>
					<label>$INFO[ListItem.Label]</label>
				</control>
			</focusedlayout>
		</control>
		<control type="list" id="6">
			<posx>45</posx>
			<posy>90</posy>
			<width>500</width>
			<height>414</height>
			<onup>6</onup>
			<ondown>6</ondown>
			<onleft>5</onleft>
			<onright>62</onright>
			<pagecontrol>62</pagecontrol>
			<scrolltime>200</scrolltime>
			<itemlayout width="500" height="59">
				<control type="image">
					<posx>0</posx>
					<posy>0</posy>
					<width>500</width>
					<height>60</height>
					<texture border="7">list-nofocus.png</texture>
				</control>
				<control type="image">
					<posx>10</posx>
					<posy>5</posy>
					<width>50</width>
					<height>50</height>
					<texture>$INFO[ListItem.Icon]</texture>
					<aspectratio>keep</aspectratio>
				</control>
				<control type="label">
					<posx>70</posx>
					<posy>4</posy>
					<width>420</width>
					<height>30</height>
					<font>font-20</font>
					<align>left</align>
					<aligny>center</aligny>
					<selectedcolor>blue</selectedcolor>
					<label>$INFO[ListItem.Label]</label>
				</control>
				<control type="label">
					<posx>80</posx>
					<posy>26</posy>
					<width>410</width>
					<height>30</height>
					<font>font-20</font>
					<align>left</align>
					<aligny>center</aligny>
					<selectedcolor>blue</selectedcolor>
					<label>$INFO[ListItem.Property(Addon.Summary)]</label>
				</control>
			</itemlayout>
			<focusedlayout width="500" height="59">
				<control type="image">
					<posx>0</posx>
					<posy>0</posy>
					<width>500</width>
					<height>60</height>
					<texture border="7">list-nofocus.png</texture>
				</control>
				<control type="image">
					<posx>0</posx>
					<posy>0</posy>
					<width>500</width>
					<height>60</height>
					<visible>Control.HasFocus(6)</visible>
					<texture border="7">list-focus2.png</texture>
					<include>ListFocusScroll30</include>
				</control>
				<control type="image">
					<posx>10</posx>
					<posy>5</posy>
					<width>50</width>
					<height>50</height>
					<texture>$INFO[ListItem.Icon]</texture>
					<aspectratio>keep</aspectratio>
				</control>
				<control type="label">
					<posx>70</posx>
					<posy>4</posy>
					<width>420</width>
					<height>30</height>
					<font>font-20</font>
					<align>left</align>
					<aligny>center</aligny>
					<selectedcolor>blue</selectedcolor>
					<label>$INFO[ListItem.Label]</label>
				</control>
				<control type="label">
					<posx>80</posx>
					<posy>26</posy>
					<width>410</width>
					<height>30</height>
					<font>font-20</font>
					<align>left</align>
					<aligny>center</aligny>
					<selectedcolor>blue</selectedcolor>
					<label>$INFO[ListItem.Property(Addon.Summary)]</label>
				</control>
			</focusedlayout>
		</control>
		<control type="scrollbar" id="61">
			<posx>552</posx>
			<posy>87</posy>
			<width>20</width>
			<height>446</height>
			<texturesliderbackground border="0,10,0,10">scrollbar-back.png</texturesliderbackground>
			<texturesliderbar border="0,10,0,10">scrollbar-front-nofocus.png</texturesliderbar>
			<texturesliderbarfocus border="0,10,0,10">scrollbar-front.png</texturesliderbarfocus>
			<textureslidernib>scrollbar-nib-nofocus.png</textureslidernib>
			<textureslidernibfocus>scrollbar-nib.png</textureslidernibfocus>
			<onleft>3</onleft>
			<onright>5</onright>
			<ondown>61</ondown>
			<onup>61</onup>
			<showonepage>false</showonepage>
			<orientation>vertical</orientation>
			<visible>Control.IsVisible(3)</visible>
		</control>
		<control type="scrollbar" id="62">
			<posx>552</posx>
			<posy>87</posy>
			<width>20</width>
			<height>419</height>
			<texturesliderbackground border="0,10,0,10">scrollbar-back.png</texturesliderbackground>
			<texturesliderbar border="0,10,0,10">scrollbar-front-nofocus.png</texturesliderbar>
			<texturesliderbarfocus border="0,10,0,10">scrollbar-front.png</texturesliderbarfocus>
			<textureslidernib>scrollbar-nib-nofocus.png</textureslidernib>
			<textureslidernibfocus>scrollbar-nib.png</textureslidernibfocus>
			<onleft>6</onleft>
			<onright>5</onright>
			<ondown>62</ondown>
			<onup>62</onup>
			<showonepage>false</showonepage>
			<orientation>vertical</orientation>
			<visible>Control.IsVisible(6)</visible>
		</control>
		<include>CommonFileCount3</include>
		<include>CommonFileCount13</include>
		<control type="button" id="5">
			<description>Get more button</description>
			<posx>205</posx>
			<posy>570</posy>
			<width>200</width>
			<height>35</height>
			<label>-</label>
			<font>font-23</font>
			<textcolor>lightgrey</textcolor>
			<focusedcolor>white</focusedcolor>
			<align>center</align>
			<texturefocus border="7">button-focus.png</texturefocus>
			<texturenofocus border="7">button-nofocus.png</texturenofocus>
			<onleft>62</onleft>
			<onright>62</onright>
			<onup>6</onup>
			<ondown>6</ondown>
		</control>
	</controls>
</window>
