<?xml version="1.0" encoding="UTF-8"?>
<window>
	<defaultcontrol always="true">21</defaultcontrol>
	<include>dialogeffect7</include>
	<coordinates>
		<posx>0</posx>
		<posy>165</posy>
	</coordinates>
	<controls>
		<control type="image">
			<posx>457</posx>
			<posy>14</posy>
			<width>366</width>
			<height>110</height>
			<texture border="32">dialog.png</texture>
		</control>
		<control type="button">
			<posx>746</posx>
			<posy>40</posy>
			<width>20</width>
			<height>20</height>
			<texturefocus>close-window-focus.png</texturefocus>
			<texturenofocus>close-window-nofocus.png</texturenofocus>
			<onclick>Dialog.Close(numericinput )</onclick>
			<visible>Skin.HasSetting(TouchScreenMode)</visible>
		</control>
		<control type="label" id="1">
			<description>dialog Heading</description>
			<posx>511</posx>
			<posy>40</posy>
			<width>258</width>
			<height>30</height>
			<font>font-17</font>
			<textcolor>blue</textcolor>
			<align>center</align>
			<aligny>center</aligny>
			<wrapmultiline>true</wrapmultiline>
		</control>
		<control type="label" id="4">
			<posx>511</posx>
			<posy>65</posy>
			<width>258</width>
			<height>30</height>
			<font>font-20</font>
			<align>center</align>
			<aligny>center</aligny>
			<disabledcolor>grey</disabledcolor>
		</control>
		<control type="image">
			<posx>457</posx>
			<posy>70</posy>
			<width>366</width>
			<height>218</height>
			<texture border="32">dialog.png</texture>
		</control>
		<control type="group">
			<posx>491</posx>
			<posy>105</posy>
			<control type="button" id="11">
				<description>1 button</description>
				<posx>0</posx>
				<posy>0</posy>
				<width>48</width>
				<height>48</height>
				<font>font-23</font>
				<align>center</align>
				<aligny>center</aligny>
				<texturenofocus border="10">key-digit-nofocus.png</texturenofocus>
				<texturefocus border="10">key-focus.png</texturefocus>
				<label>12311</label>
				<onleft>21</onleft>
				<onright>12</onright>
				<onup>23</onup>
				<ondown>17</ondown>
			</control>
			<control type="button" id="12">
				<description>2 button</description>
				<posx>50</posx>
				<posy>0</posy>
				<width>48</width>
				<height>48</height>
				<font>font-23</font>
				<align>center</align>
				<aligny>center</aligny>
				<texturenofocus border="10">key-digit-nofocus.png</texturenofocus>
				<texturefocus border="10">key-focus.png</texturefocus>
				<label>12312</label>
				<onleft>11</onleft>
				<onright>13</onright>
				<onup>23</onup>
				<ondown>18</ondown>
			</control>
			<control type="button" id="13">
				<description>3 button</description>
				<posx>100</posx>
				<posy>0</posy>
				<width>48</width>
				<height>48</height>
				<font>font-23</font>
				<align>center</align>
				<aligny>center</aligny>
				<texturenofocus border="10">key-digit-nofocus.png</texturenofocus>
				<texturefocus border="10">key-focus.png</texturefocus>
				<label>12313</label>
				<onleft>12</onleft>
				<onright>14</onright>
				<onup>23</onup>
				<ondown>19</ondown>
			</control>
			<control type="button" id="14">
				<description>4 button</description>
				<posx>150</posx>
				<posy>0</posy>
				<width>48</width>
				<height>48</height>
				<font>font-23</font>
				<align>center</align>
				<aligny>center</aligny>
				<texturenofocus border="10">key-digit-nofocus.png</texturenofocus>
				<texturefocus border="10">key-focus.png</texturefocus>
				<label>12314</label>
				<onleft>13</onleft>
				<onright>15</onright>
				<onup>21</onup>
				<ondown>10</ondown>
			</control>
			<control type="button" id="15">
				<description>5 button</description>
				<posx>200</posx>
				<posy>0</posy>
				<width>48</width>
				<height>48</height>
				<font>font-23</font>
				<align>center</align>
				<aligny>center</aligny>
				<texturenofocus border="10">key-digit-nofocus.png</texturenofocus>
				<texturefocus border="10">key-focus.png</texturefocus>
				<label>12315</label>
				<onleft>14</onleft>
				<onright>16</onright>
				<onup>21</onup>
				<ondown>20</ondown>
			</control>
			<control type="button" id="16">
				<description>6 button</description>
				<posx>250</posx>
				<posy>0</posy>
				<width>48</width>
				<height>48</height>
				<font>font-23</font>
				<align>center</align>
				<aligny>center</aligny>
				<texturenofocus border="10">key-digit-nofocus.png</texturenofocus>
				<texturefocus border="10">key-focus.png</texturefocus>
				<label>12316</label>
				<onleft>15</onleft>
				<onright>17</onright>
				<onup>21</onup>
				<ondown>22</ondown>
			</control>
			<control type="button" id="17">
				<description>7 button</description>
				<posx>0</posx>
				<posy>50</posy>
				<width>48</width>
				<height>48</height>
				<font>font-23</font>
				<align>center</align>
				<aligny>center</aligny>
				<texturenofocus border="10">key-digit-nofocus.png</texturenofocus>
				<texturefocus border="10">key-focus.png</texturefocus>
				<label>12317</label>
				<onleft>16</onleft>
				<onright>18</onright>
				<onup>11</onup>
				<ondown>23</ondown>
			</control>
			<control type="button" id="18">
				<description>8 button</description>
				<posx>50</posx>
				<posy>50</posy>
				<width>48</width>
				<height>48</height>
				<font>font-23</font>
				<align>center</align>
				<aligny>center</aligny>
				<texturenofocus border="10">key-digit-nofocus.png</texturenofocus>
				<texturefocus border="10">key-focus.png</texturefocus>
				<label>12318</label>
				<onleft>17</onleft>
				<onright>19</onright>
				<onup>12</onup>
				<ondown>23</ondown>
			</control>
			<control type="button" id="19">
				<description>9 button</description>
				<posx>100</posx>
				<posy>50</posy>
				<width>48</width>
				<height>48</height>
				<font>font-23</font>
				<align>center</align>
				<aligny>center</aligny>
				<texturenofocus border="10">key-digit-nofocus.png</texturenofocus>
				<texturefocus border="10">key-focus.png</texturefocus>
				<label>12319</label>
				<onleft>18</onleft>
				<onright>10</onright>
				<onup>13</onup>
				<ondown>23</ondown>
			</control>
			<control type="button" id="10">
				<description>0 button</description>
				<posx>150</posx>
				<posy>50</posy>
				<width>48</width>
				<height>48</height>
				<font>font-23</font>
				<align>center</align>
				<aligny>center</aligny>
				<texturenofocus border="10">key-digit-nofocus.png</texturenofocus>
				<texturefocus border="10">key-focus.png</texturefocus>
				<label>12310</label>
				<onleft>19</onleft>
				<onright>20</onright>
				<onup>14</onup>
				<ondown>21</ondown>
			</control>
			<control type="button" id="20">
				<description>prev button</description>
				<posx>200</posx>
				<posy>50</posy>
				<width>48</width>
				<height>48</height>
				<font>font-23</font>
				<label>&lt;&lt;</label>
				<align>center</align>
				<aligny>center</aligny>
				<texturenofocus border="10">key-digit-nofocus.png</texturenofocus>
				<texturefocus border="10">key-focus.png</texturefocus>
				<onleft>10</onleft>
				<onright>22</onright>
				<onup>15</onup>
				<ondown>21</ondown>
			</control>
			<control type="button" id="22">
				<description>next button</description>
				<posx>250</posx>
				<posy>50</posy>
				<width>48</width>
				<height>48</height>
				<font>font-23</font>
				<label>&gt;&gt;</label>
				<align>center</align>
				<aligny>center</aligny>
				<texturenofocus border="10">key-digit-nofocus.png</texturenofocus>
				<texturefocus border="10">key-focus.png</texturefocus>
				<onleft>20</onleft>
				<onright>23</onright>
				<onup>16</onup>
				<ondown>21</ondown>
			</control>
			<control type="button" id="23">
				<description>Backspace button</description>
				<posx>0</posx>
				<posy>100</posy>
				<width>148</width>
				<height>48</height>
				<font>font-20</font>
				<align>center</align>
				<aligny>center</aligny>
				<texturenofocus border="10">key-special-nofocus.png</texturenofocus>
				<texturefocus border="10">key-focus.png</texturefocus>
				<label>20181</label>
				<onleft>22</onleft>
				<onright>21</onright>
				<onup>17</onup>
				<ondown>11</ondown>
			</control>
			<control type="button" id="21">
				<description>Done button</description>
				<posx>150</posx>
				<posy>100</posy>
				<width>148</width>
				<height>48</height>
				<font>font-20</font>
				<align>center</align>
				<aligny>center</aligny>
				<texturenofocus border="10">key-special-nofocus.png</texturenofocus>
				<texturefocus border="10">key-focus.png</texturefocus>
				<label>20177</label>
				<onleft>23</onleft>
				<onright>11</onright>
				<onup>10</onup>
				<ondown>14</ondown>
			</control>
		</control>
	</controls>
</window>
