<?xml version="1.0" encoding="UTF-8"?>
<window>
	<defaultcontrol always="true">13</defaultcontrol>
	<controls>
		<control type="image">
			<posx>0</posx>
			<posy>0</posy>
			<width>1280</width>
			<height>720</height>
			<texture>black.png</texture>
			<animation effect="fade" start="0" end="70" time="300">WindowOpen</animation>
			<animation effect="fade" start="70" end="0" time="300">WindowClose</animation>
		</control>
		<control type="group">
			<include>DialogFade5</include>
			<control type="image">
				<posx>0</posx>
				<posy>560</posy>
				<width>1280</width>
				<height>148</height>
				<texture border="10">underlay.png</texture>
			</control>
			<control type="image">
				<posx>34</posx>
				<posy>499</posy>
				<width>208</width>
				<height>208</height>
				<texture>$INFO[ListItem.Icon]</texture>
			</control>
			<control type="image">
				<posx>12</posx>
				<posy>496</posy>
				<width>236</width>
				<height>214</height>
				<texture>cdcase.png</texture>
				<visible>!Skin.HasSetting(HideMusicCase)</visible>
			</control>
			<control type="image">
				<posx>8</posx>
				<posy>492</posy>
				<width>245</width>
				<height>225</height>
				<texture>cdcase-shadow.png</texture>
				<visible>!Skin.HasSetting(HideMusicCase)</visible>
			</control>
		</control>
		<control type="group">
			<include>DialogFade5</include>
			<animation effect="fade" start="100" end="0" time="200" condition="Window.IsVisible(custom_DialogPlot.xml)">Conditional</animation>
			<control type="label">
				<posx>262</posx>
				<posy>577</posy>
				<width>860</width>
				<height>30</height>
				<font>font-30</font>
				<textcolor>blue</textcolor>
				<shadowcolor>black</shadowcolor>
				<align>left</align>
				<aligny>center</aligny>
				<label>$INFO[ListItem.Label]</label>
			</control>
			<control type="label">
				<posx>262</posx>
				<posy>607</posy>
				<width>860</width>
				<height>30</height>
				<font>font-30</font>
				<textcolor>white</textcolor>
				<shadowcolor>black</shadowcolor>
				<align>left</align>
				<aligny>center</aligny>
				<label>$INFO[ListItem.Artist]</label>
			</control>
			<control type="label">
				<posx>262</posx>
				<posy>644</posy>
				<width>613</width>
				<height>30</height>
				<font>font-20</font>
				<textcolor>white</textcolor>
				<shadowcolor>black</shadowcolor>
				<align>left</align>
				<aligny>center</aligny>
				<label>$INFO[ListItem.Genre,[UPPERCASE][B][COLOR=lightblue]$LOCALIZE[515]: [/UPPERCASE][/B][/COLOR]]</label>
			</control>
			<control type="label">
				<posx>262</posx>
				<posy>667</posy>
				<width>613</width>
				<height>30</height>
				<font>font-20</font>
				<textcolor>white</textcolor>
				<shadowcolor>black</shadowcolor>
				<align>left</align>
				<aligny>center</aligny>
				<label>$INFO[ListItem.Year,[UPPERCASE][B][COLOR=lightblue]$LOCALIZE[562]: [/UPPERCASE][/B][/COLOR]]</label>
			</control>
		</control>
		<control type="group">
			<include>dialogeffect4</include>
			<include>DialogFade5</include>
			<animation effect="fade" start="100" end="0" time="200" condition="Window.IsVisible(custom_DialogPlot.xml)">Conditional</animation>
			<control type="button">
				<posx>1240</posx>
				<posy>20</posy>
				<width>20</width>
				<height>20</height>
				<texturefocus>close-window-focus.png</texturefocus>
				<texturenofocus>close-window-nofocus.png</texturenofocus>
				<onclick>Dialog.Close(songinformation)</onclick>
				<visible>Skin.HasSetting(TouchScreenMode)</visible>
			</control>
			<control type="label">
				<description>Item Title value</description>
				<posx>40</posx>
				<posy>45</posy>
				<width>1200</width>
				<height>30</height>
				<align>center</align>
				<aligny>center</aligny>
				<textcolor>blue</textcolor>
				<shadowcolor>black</shadowcolor>
				<label>$INFO[Listitem.Title]</label>
				<font>font-32</font>
			</control>
			<control type="image">
				<posx>40</posx>
				<posy>84</posy>
				<width>1200</width>
				<height>2</height>
				<texture>separator.png</texture>
			</control>
			<control type="image">
				<posx>40</posx>
				<posy>405</posy>
				<width>1200</width>
				<height>2</height>
				<texture>separator.png</texture>
			</control>
			<control type="group" id="9000">
				<posx>340</posx>
				<posy>420</posy>
				<control type="button" id="13">
					<description>Get Thumb button</description>
					<posx>0</posx>
					<posy>33</posy>
					<width>200</width>
					<height>35</height>
					<font>font-20</font>
					<textcolor>white</textcolor>
					<focusedcolor>white</focusedcolor>
					<shadowcolor>black</shadowcolor>
					<align>center</align>
					<aligny>center</aligny>
					<texturefocus border="7">button-nofocus.png</texturefocus>
					<texturenofocus border="7">button-nofocus.png</texturenofocus>
					<label>13405</label>
					<onleft>7</onleft>
					<onright>12</onright>
					<onup>49</onup>
					<ondown>1112</ondown>
				</control>
				<control type="button" id="12">
					<description>Album Info button</description>
					<posx>200</posx>
					<posy>33</posy>
					<width>200</width>
					<height>35</height>
					<font>font-20</font>
					<textcolor>white</textcolor>
					<focusedcolor>white</focusedcolor>
					<shadowcolor>black</shadowcolor>
					<align>center</align>
					<aligny>center</aligny>
					<texturefocus border="7">button-nofocus.png</texturefocus>
					<texturenofocus border="7">button-nofocus.png</texturenofocus>
					<label>10523</label>
					<onleft>13</onleft>
					<onright>7</onright>
					<onup>49</onup>
					<ondown>1112</ondown>
				</control>
				<control type="button" id="7">
					<description>Rating button</description>
					<posx>400</posx>
					<posy>33</posy>
					<width>200</width>
					<height>35</height>
					<font>font-20</font>
					<textcolor>white</textcolor>
					<focusedcolor>white</focusedcolor>
					<shadowcolor>black</shadowcolor>
					<align>center</align>
					<aligny>center</aligny>
					<texturefocus border="7">button-nofocus.png</texturefocus>
					<texturenofocus border="7">button-nofocus.png</texturenofocus>
					<label>38023</label>
					<onleft>12</onleft>
					<onright>13</onright>
					<onup>49</onup>
					<ondown>1112</ondown>
				</control>
			</control>
			<control type="image">
				<posx>340</posx>
				<posy>453</posy>
				<width>200</width>
				<height>35</height>
				<texture border="7">button-focus.png</texture>
				<animation effect="slide" start="0,0" end="200,0" time="200" condition="Control.HasFocus(12)">Conditional</animation>
				<animation effect="slide" start="0,0" end="400,0" time="200" condition="Control.HasFocus(7)">Conditional</animation>
				<animation effect="fade" start="70" end="100" time="750" pulse="true" condition="true">Conditional</animation>
				<visible>Control.HasFocus(13) | Control.HasFocus(12) | Control.HasFocus(7)</visible>
			</control>
			<control type="label">
				<posx>1232</posx>
				<posy>577</posy>
				<width>150</width>
				<height>30</height>
				<font>font-30</font>
				<textcolor>white</textcolor>
				<shadowcolor>black</shadowcolor>
				<align>right</align>
				<aligny>center</aligny>
				<label>$INFO[ListItem.Label2]</label>
			</control>
			<control type="image">
				<description>Rating value</description>
				<posx>1088</posx>
				<posy>660</posy>
				<width>160</width>
				<height>25</height>
				<aspectratio>keep</aspectratio>
				<texture>$INFO[ListItem.StarRating]</texture>
			</control>
			<control type="button" id="1112">
				<posx>1250</posx>
				<posy>700</posy>
				<width>20</width>
				<height>20</height>
				<label>-</label>
				<font>-</font>
				<texturefocus>magnifier-small-focus.png</texturefocus>
				<texturenofocus>magnifier-small-nofocus.png</texturenofocus>
				<onleft>9000</onleft>
				<onright>9000</onright>
				<onup>9000</onup>
				<ondown>9000</ondown>
				<onclick>ActivateWindow(1113)</onclick>
			</control>
			<control type="group">
				<include>VisibleFadeEffect</include>
				<control type="list" id="49">
					<posx>100</posx>
					<posy>115</posy>
					<width>1080</width>
					<height>315</height>
					<onleft>49</onleft>
					<onright>49</onright>
					<onup>9000</onup>
					<ondown>9000</ondown>
					<pagecontrol>-</pagecontrol>
					<scrolltime>200</scrolltime>
					<itemlayout width="1080" height="29">
						<control type="image">
							<posx>0</posx>
							<posy>0</posy>
							<width>1080</width>
							<height>30</height>
							<texture border="7">list-nofocus.png</texture>
							<include>VisibleFadeEffect</include>
						</control>
						<control type="label">
							<posx>10</posx>
							<posy>0</posy>
							<width>150</width>
							<height>30</height>
							<font>font-20</font>
							<align>right</align>
							<aligny>center</aligny>
							<textcolor>lightblue</textcolor>
							<selectedcolor>white</selectedcolor>
							<label>$INFO[ListItem.Label]</label>
						</control>
						<control type="label">
							<posx>175</posx>
							<posy>0</posy>
							<width>895</width>
							<height>30</height>
							<font>font-20</font>
							<align>left</align>
							<aligny>center</aligny>
							<textcolor>white</textcolor>
							<selectedcolor>white</selectedcolor>
							<label>$INFO[ListItem.Label2]</label>
						</control>
					</itemlayout>
					<focusedlayout width="1080" height="29">
						<control type="image">
							<posx>0</posx>
							<posy>0</posy>
							<width>1080</width>
							<height>30</height>
							<texture border="7">list-nofocus.png</texture>
							<include>VisibleFadeEffect</include>
						</control>
						<control type="image">
							<posx>0</posx>
							<posy>0</posy>
							<width>1080</width>
							<height>30</height>
							<texture border="7">list-focus2.png</texture>
							<include>VisibleFadeEffect</include>
							<visible>Control.HasFocus(49)</visible>
							<include>ListFocusScroll22</include>
						</control>
						<control type="label">
							<posx>10</posx>
							<posy>0</posy>
							<width>150</width>
							<height>30</height>
							<font>font-20</font>
							<align>right</align>
							<aligny>center</aligny>
							<textcolor>lightblue</textcolor>
							<selectedcolor>white</selectedcolor>
							<label>$INFO[ListItem.Label]</label>
						</control>
						<control type="label">
							<posx>175</posx>
							<posy>0</posy>
							<width>895</width>
							<height>30</height>
							<font>font-20</font>
							<align>left</align>
							<aligny>center</aligny>
							<textcolor>white</textcolor>
							<selectedcolor>white</selectedcolor>
							<label>$INFO[ListItem.Label2]</label>
						</control>
					</focusedlayout>
					<content>
						<item>
							<label>[UPPERCASE][B]$LOCALIZE[557]:[/B][/UPPERCASE]</label>
							<label2>$INFO[ListItem.Artist]</label2>
							<onclick>noop</onclick>
						</item>
						<item>
							<label>[UPPERCASE][B]$LOCALIZE[558]:[/B][/UPPERCASE]</label>
							<label2>$INFO[ListItem.Album]$INFO[ListItem.DiscNumber, ($LOCALIZE[427]: ,)]</label2>
							<onclick>noop</onclick>
						</item>
						<item>
							<label>[UPPERCASE][B]$LOCALIZE[554]:[/B][/UPPERCASE]</label>
							<label2>$INFO[ListItem.TrackNumber]</label2>
							<onclick>noop</onclick>
						</item>
						<item>
							<label>[UPPERCASE][B]$LOCALIZE[562]:[/B][/UPPERCASE]</label>
							<label2>$INFO[ListItem.Year]</label2>
							<onclick>noop</onclick>
						</item>
						<item>
							<label>[UPPERCASE][B]$LOCALIZE[515]:[/B][/UPPERCASE]</label>
							<label2>$INFO[ListItem.Genre]</label2>
							<onclick>noop</onclick>
						</item>
						<item>
							<label>[UPPERCASE][B]$LOCALIZE[567]:[/B][/UPPERCASE]</label>
							<label2>$INFO[ListItem.PlayCount]$INFO[ListItem.LastPlayed, ($LOCALIZE[568]: ,)]</label2>
							<onclick>noop</onclick>
						</item>
						<item>
							<label>[UPPERCASE][B]$LOCALIZE[563]:[/B][/UPPERCASE]</label>
							<label2>$INFO[ListItem.Rating]</label2>
							<onclick>noop</onclick>
						</item>
						<item>
							<label>[UPPERCASE][B]$LOCALIZE[569]:[/B][/UPPERCASE]</label>
							<label2>$INFO[ListItem.Comment]</label2>
							<onclick>noop</onclick>
						</item>
						<item>
							<label>[UPPERCASE][B]$LOCALIZE[15311][/B][/UPPERCASE]</label>
							<label2>$INFO[ListItem.FilenameAndPath]</label2>
							<onclick>noop</onclick>
						</item>
					</content>
				</control>
			</control>
		</control>
	</controls>
</window>
