<?xml version="1.0" encoding="UTF-8"?>
<window>
	<defaultcontrol>5</defaultcontrol>
	<controls>
		<control type="image">
			<posx>0</posx>
			<posy>0</posy>
			<width>1280</width>
			<height>720</height>
			<texture>black.png</texture>
			<animation effect="fade" start="0" end="70" time="300">WindowOpen</animation>
			<animation effect="fade" start="70" end="0" time="300">WindowClose</animation>
		</control>
		<control type="group">
			<control type="image">
				<posx>0</posx>
				<posy>585</posy>
				<width>1280</width>
				<height>115</height>
				<texture border="10">underlay.png</texture>
			</control>
			<control type="image">
				<posx>50</posx>
				<posy>510</posy>
				<width>156</width>
				<height>210</height>
				<texture>$VAR[DialogPictureInfoImage]</texture>
			</control>
			<control type="label">
				<posx>247</posx>
				<posy>597</posy>
				<width>550</width>
				<height>30</height>
				<font>font-30</font>
				<textcolor>blue</textcolor>
				<shadowcolor>black</shadowcolor>
				<align>left</align>
				<aligny>center</aligny>
				<label>[B]$INFO[ListItem.label][/B]</label>
			</control>
			<control type="label">
				<posx>247</posx>
				<posy>622</posy>
				<width>550</width>
				<height>30</height>
				<font>font-20</font>
				<textcolor>white</textcolor>
				<shadowcolor>black</shadowcolor>
				<align>left</align>
				<aligny>center</aligny>
				<label>$INFO[ListItem.PictureResolution,[UPPERCASE][COLOR=lightblue]$LOCALIZE[21805]: [/COLOR][/UPPERCASE]]</label>
			</control>
			<control type="label">
				<posx>247</posx>
				<posy>642</posy>
				<width>550</width>
				<height>30</height>
				<font>font-20</font>
				<textcolor>white</textcolor>
				<shadowcolor>black</shadowcolor>
				<align>left</align>
				<aligny>center</aligny>
				<label>$INFO[ListItem.PictureDateTime,[UPPERCASE][COLOR=lightblue]$LOCALIZE[21820]: [/COLOR][/UPPERCASE]]</label>
			</control>
			<control type="label">
				<posx>247</posx>
				<posy>662</posy>
				<width>550</width>
				<height>30</height>
				<font>font-20</font>
				<textcolor>white</textcolor>
				<shadowcolor>black</shadowcolor>
				<align>left</align>
				<aligny>center</aligny>
				<label>$INFO[ListItem.Label2,[UPPERCASE][COLOR=lightblue]$LOCALIZE[21802]: [/COLOR][/UPPERCASE]]</label>
			</control>
		</control>
		<control type="group">
			<include>dialogeffect4</include>
			<control type="button">
				<posx>1240</posx>
				<posy>20</posy>
				<width>20</width>
				<height>20</height>
				<texturefocus>close-window-focus.png</texturefocus>
				<texturenofocus>close-window-nofocus.png</texturenofocus>
				<onclick>Dialog.Close(pictureinfo)</onclick>
				<visible>Skin.HasSetting(TouchScreenMode)</visible>
			</control>
			<control type="label">
				<description>heading label</description>
				<posx>40</posx>
				<posy>45</posy>
				<width>1200</width>
				<height>30</height>
				<align>center</align>
				<aligny>center</aligny>
				<textcolor>blue</textcolor>
				<shadowcolor>black</shadowcolor>
				<font>font-32</font>
				<label>$LOCALIZE[13406]</label>
			</control>
			<control type="image">
				<posx>40</posx>
				<posy>84</posy>
				<width>1200</width>
				<height>2</height>
				<texture>separator.png</texture>
			</control>
			<control type="list" id="5">
				<posx>280</posx>
				<posy>108</posy>
				<width>1200</width>
				<height>350</height>
				<onleft>49</onleft>
				<onright>61</onright>
				<onup>5</onup>
				<ondown>5</ondown>
				<pagecontrol>61</pagecontrol>
				<scrolltime>200</scrolltime>
				<itemlayout width="1200" height="29">
					<control type="image">
						<posx>0</posx>
						<posy>0</posy>
						<width>720</width>
						<height>30</height>
						<texture border="7">list-nofocus.png</texture>
					</control>
					<control type="label">
						<posx>10</posx>
						<posy>0</posy>
						<width>190</width>
						<height>30</height>
						<font>font-20</font>
						<aligny>center</aligny>
						<textcolor>lightblue</textcolor>
						<selectedcolor>blue</selectedcolor>
						<align>right</align>
						<label>[UPPERCASE][B]$INFO[ListItem.Label]:[/B][/UPPERCASE]</label>
					</control>
					<control type="label">
						<posx>210</posx>
						<posy>0</posy>
						<width>500</width>
						<height>30</height>
						<font>font-20</font>
						<aligny>center</aligny>
						<selectedcolor>blue</selectedcolor>
						<align>left</align>
						<label>$INFO[ListItem.Label2]</label>
					</control>
				</itemlayout>
				<focusedlayout width="1200" height="29">
					<control type="image">
						<posx>0</posx>
						<posy>0</posy>
						<width>720</width>
						<height>30</height>
						<colordiffuse>FFFFFFFF</colordiffuse>
						<texture border="7">list-nofocus.png</texture>
					</control>
					<control type="image">
						<posx>0</posx>
						<posy>0</posy>
						<width>720</width>
						<height>30</height>
						<colordiffuse>FFFFFFFF</colordiffuse>
						<visible>Control.HasFocus(5)</visible>
						<texture border="7">list-focus2.png</texture>
						<include>ListFocusScroll9</include>
					</control>
					<control type="label">
						<posx>10</posx>
						<posy>0</posy>
						<width>190</width>
						<height>30</height>
						<font>font-20</font>
						<aligny>center</aligny>
						<textcolor>lightblue</textcolor>
						<selectedcolor>blue</selectedcolor>
						<align>right</align>
						<label>[UPPERCASE][B]$INFO[ListItem.Label]:[/B][/UPPERCASE]</label>
					</control>
					<control type="label">
						<posx>210</posx>
						<posy>0</posy>
						<width>500</width>
						<height>30</height>
						<font>font-20</font>
						<aligny>center</aligny>
						<selectedcolor>blue</selectedcolor>
						<align>left</align>
						<label>$INFO[ListItem.Label2]</label>
					</control>
				</focusedlayout>
			</control>
			<control type="spincontrol" id="61">
				<description>Next page button</description>
				<posx>1180</posx>
				<posy>699</posy>
				<subtype>page</subtype>
				<font>font-19</font>
				<onleft>5</onleft>
				<onright>5</onright>
				<ondown>5</ondown>
				<onup>5</onup>
				<textcolor>white</textcolor>
				<showonepage>true</showonepage>
			</control>
			<control type="image">
				<posx>40</posx>
				<posy>480</posy>
				<width>1200</width>
				<height>2</height>
				<texture>separator.png</texture>
			</control>
		</control>
	</controls>
</window>
