<?xml version="1.0" encoding="UTF-8"?>
<window>
	<defaultcontrol always="true">11</defaultcontrol>
	<coordinates>
		<posx>240</posx>
		<posy>0</posy>
	</coordinates>
	<include>dialogeffect</include>
	<controls>
		<control type="group">
			<animation effect="fade" start="100" end="0" time="200" condition="Window.IsVisible(SliderDialog)">conditional</animation>
			<control type="image">
				<description>background image</description>
				<posx>0</posx>
				<posy>0</posy>
				<width>800</width>
				<height>525</height>
				<texture border="17">panel.png</texture>
				<bordersize>11</bordersize>
			</control>
			<control type="button">
				<posx>744</posx>
				<posy>32</posy>
				<width>20</width>
				<height>20</height>
				<texturefocus>close-window-focus.png</texturefocus>
				<texturenofocus>close-window-nofocus.png</texturenofocus>
				<onclick>Dialog.Close(pvrosdchannels)</onclick>
				<visible>Skin.HasSetting(TouchScreenMode)</visible>
			</control>
			<control type="label">
				<description>heading label</description>
				<posx>40</posx>
				<posy>40</posy>
				<width>720</width>
				<height>30</height>
				<align>center</align>
				<aligny>center</aligny>
				<font>font-32</font>
				<label>$LOCALIZE[19019]</label>
				<textcolor>blue</textcolor>
			</control>
			<control type="image">
				<posx>40</posx>
				<posy>78</posy>
				<width>720</width>
				<height>2</height>
				<texture>separator.png</texture>
			</control>
			<control type="list" id="11">
				<description>control area</description>
				<posx>45</posx>
				<posy>85</posy>
				<width>700</width>
				<height>380</height>
				<pagecontrol>60</pagecontrol>
				<onleft>PreviousChannelGroup</onleft>
				<onright>60</onright>
				<ondown>11</ondown>
				<onup>11</onup>
				<itemlayout width="700" height="29">
					<control type="progress">
						<description>Progressbar</description>
						<posx>40</posx>
						<posy>0</posy>
						<width>670</width>
						<height>29</height>
						<colordiffuse>60FFFFFF</colordiffuse>
						<texturebg>Empty.png</texturebg>
						<midtexture>ProgressFront.png</midtexture>
						<info>ListItem.Progress</info>
					</control>
					<control type="image">
						<posx>0</posx>
						<posy>0</posy>
						<width>710</width>
						<height>30</height>
						<texture border="7">list-nofocus.png</texture>
					</control>
					<control type="image">
						<posx>10</posx>
						<posy>3</posy>
						<width>24</width>
						<height>24</height>
						<texture>$INFO[ListItem.Icon]</texture>
						<aspectratio>keep</aspectratio>
					</control>
					<control type="label">
						<posx>40</posx>
						<posy>0</posy>
						<width>40</width>
						<height>30</height>
						<font>font-20</font>
						<align>right</align>
						<aligny>center</aligny>
						<selectedcolor>blue</selectedcolor>
						<label>$INFO[ListItem.ChannelNumberLabel]</label>
					</control>
					<control type="label">
						<posx>90</posx>
						<posy>0</posy>
						<width>500</width>
						<height>30</height>
						<font>font-20</font>
						<align>left</align>
						<aligny>center</aligny>
						<selectedcolor>blue</selectedcolor>
						<label>$INFO[ListItem.ChannelName]</label>
					</control>
					<control type="label">
						<posx>200</posx>
						<posy>0</posy>
						<width>490</width>
						<height>30</height>
						<font>font-20</font>
						<align>right</align>
						<aligny>center</aligny>
						<textcolor>lightblue</textcolor>
						<selectedcolor>blue</selectedcolor>
						<label>$INFO[ListItem.Title]</label>
					</control>
				</itemlayout>
				<focusedlayout width="700" height="29">
					<control type="progress">
						<description>Progressbar</description>
						<posx>40</posx>
						<posy>0</posy>
						<width>670</width>
						<height>29</height>
						<colordiffuse>60FFFFFF</colordiffuse>
						<texturebg>Empty.png</texturebg>
						<midtexture>ProgressFront.png</midtexture>
						<info>ListItem.Progress</info>
					</control>
					<control type="image">
						<posx>0</posx>
						<posy>0</posy>
						<width>710</width>
						<height>30</height>
						<texture border="7">list-nofocus.png</texture>
					</control>
					<control type="image">
						<posx>0</posx>
						<posy>0</posy>
						<width>710</width>
						<height>30</height>
						<texture border="7">list-focus.png</texture>
						<include>ListFocusScroll26</include>
						<visible>Control.HasFocus(11)</visible>
					</control>
					<control type="image">
						<posx>10</posx>
						<posy>3</posy>
						<width>24</width>
						<height>24</height>
						<texture>$INFO[ListItem.Icon]</texture>
						<aspectratio>keep</aspectratio>
					</control>
					<control type="label">
						<posx>40</posx>
						<posy>0</posy>
						<width>40</width>
						<height>30</height>
						<font>font-20</font>
						<align>right</align>
						<aligny>center</aligny>
						<selectedcolor>blue</selectedcolor>
						<label>$INFO[ListItem.ChannelNumberLabel]</label>
					</control>
					<control type="label">
						<posx>90</posx>
						<posy>0</posy>
						<width>500</width>
						<height>30</height>
						<font>font-20</font>
						<align>left</align>
						<aligny>center</aligny>
						<selectedcolor>blue</selectedcolor>
						<label>$INFO[ListItem.ChannelName]</label>
					</control>
					<control type="label">
						<posx>200</posx>
						<posy>0</posy>
						<width>490</width>
						<height>30</height>
						<font>font-20</font>
						<align>right</align>
						<aligny>center</aligny>
						<textcolor>lightblue</textcolor>
						<selectedcolor>blue</selectedcolor>
						<label>$INFO[ListItem.Title]</label>
					</control>
				</focusedlayout>
			</control>
			<control type="scrollbar" id="60">
				<posx>745</posx>
				<posy>82</posy>
				<width>20</width>
				<height>385</height>
				<texturesliderbackground border="0,10,0,10">scrollbar-back.png</texturesliderbackground>
				<texturesliderbar border="0,10,0,10">scrollbar-front-nofocus.png</texturesliderbar>
				<texturesliderbarfocus border="0,10,0,10">scrollbar-front.png</texturesliderbarfocus>
				<textureslidernib>scrollbar-nib-nofocus.png</textureslidernib>
				<textureslidernibfocus>scrollbar-nib.png</textureslidernibfocus>
				<onleft>11</onleft>
				<onright>NextChannelGroup</onright>
				<ondown>60</ondown>
				<onup>60</onup>
				<showonepage>false</showonepage>
				<orientation>vertical</orientation>
			</control>
		</control>
	</controls>
</window>
