<?xml version="1.0" encoding="UTF-8"?>
<window>
	<defaultcontrol always="true">5</defaultcontrol>
	<coordinates>
		<posx>235</posx>
		<posy>35</posy>
	</coordinates>
	<include>dialogeffect</include>
	<controls>
		<control type="image">
			<description>background image</description>
			<posx>0</posx>
			<posy>0</posy>
			<width>810</width>
			<height>650</height>
			<texture border="32">dialog.png</texture>
		</control>
		<control type="button">
			<posx>600</posx>
			<posy>35</posy>
			<width>20</width>
			<height>20</height>
			<texturefocus>close-window-focus.png</texturefocus>
			<texturenofocus>close-window-nofocus.png</texturenofocus>
			<onclick>PreviousMenu</onclick>
			<visible>Skin.HasSetting(TouchScreenMode)</visible>
		</control>
		<control type="label" id="1">
			<description>heading label</description>
			<posx>45</posx>
			<posy>40</posy>
			<width>710</width>
			<height>30</height>
			<align>center</align>
			<aligny>center</aligny>
			<font>font-30</font>
			<label>587</label>
			<textcolor>blue</textcolor>
		</control>
		<control type="image">
			<posx>45</posx>
			<posy>78</posy>
			<width>710</width>
			<height>2</height>
			<texture>separator.png</texture>
		</control>
		<control type="grouplist" id="5">
			<posx>45</posx>
			<posy>90</posy>
			<width>710</width>
			<height>441</height>
			<pagecontrol>60</pagecontrol>
			<onleft>9000</onleft>
			<onright>60</onright>
			<onup>9000</onup>
			<ondown>9000</ondown>
		</control>
		<control type="button" id="7">
			<description>Default Button</description>
			<posx>0</posx>
			<posy>0</posy>
			<height>35</height>
			<font>font-20</font>
			<textcolor>white</textcolor>
			<focusedcolor>white</focusedcolor>
			<texturefocus border="7">list-focus.png</texturefocus>
			<texturenofocus border="7">list-nofocus.png</texturenofocus>
		</control>
		<control type="radiobutton" id="8">
			<description>Default RadioButton</description>
			<posx>0</posx>
			<posy>0</posy>
			<height>35</height>
			<font>font-20</font>
			<textcolor>white</textcolor>
			<focusedcolor>white</focusedcolor>
			<texturefocus border="7">list-focus.png</texturefocus>
			<texturenofocus border="7">list-nofocus.png</texturenofocus>
		</control>
		<control type="spincontrolex" id="9">
			<description>Default SpinControlex</description>
			<posx>0</posx>
			<posy>0</posy>
			<height>35</height>
			<font>font-20</font>
			<textcolor>white</textcolor>
			<focusedcolor>white</focusedcolor>
			<texturefocus border="7">list-focus.png</texturefocus>
			<texturenofocus border="7">list-nofocus.png</texturenofocus>
			<aligny>center</aligny>
			<reverse>yes</reverse>
		</control>
		<control type="sliderex" id="13">
			<description>Default Sliderex</description>
			<height>35</height>
			<font>font-20</font>
			<textcolor>white</textcolor>
			<focusedcolor>white</focusedcolor>
			<texturefocus border="7">list-focus.png</texturefocus>
			<texturenofocus border="7">list-nofocus.png</texturenofocus>
		</control>
		<control type="edit" id="12">
			<description>Default Edit</description>
			<posx>0</posx>
			<posy>0</posy>
			<height>35</height>
			<font>font-20</font>
			<textcolor>white</textcolor>
			<focusedcolor>white</focusedcolor>
			<texturefocus border="7">list-focus.png</texturefocus>
			<texturenofocus border="7">list-nofocus.png</texturenofocus>
		</control>
		<control type="scrollbar" id="60">
			<posx>762</posx>
			<posy>87</posy>
			<width>20</width>
			<height>446</height>
			<texturesliderbackground border="0,10,0,10">scrollbar-back.png</texturesliderbackground>
			<texturesliderbar border="0,10,0,10">scrollbar-front-nofocus.png</texturesliderbar>
			<texturesliderbarfocus border="0,10,0,10">scrollbar-front.png</texturesliderbarfocus>
			<textureslidernib>scrollbar-nib-nofocus.png</textureslidernib>
			<textureslidernibfocus>scrollbar-nib.png</textureslidernibfocus>
			<onleft>5</onleft>
			<onright>9000</onright>
			<ondown>60</ondown>
			<onup>60</onup>
			<showonepage>false</showonepage>
			<orientation>vertical</orientation>
		</control>
		<control type="group" id="9000">
			<posx>205</posx>
			<control type="button" id="28">
				<description>OK button</description>
				<posx>0</posx>
				<posy>570</posy>
				<width>200</width>
				<height>35</height>
				<label>186</label>
				<font>font-23</font>
				<textcolor>lightgrey</textcolor>
				<focusedcolor>white</focusedcolor>
				<align>center</align>
				<texturefocus border="7">button-nofocus.png</texturefocus>
				<texturenofocus border="7">button-nofocus.png</texturenofocus>
				<onleft>27</onleft>
				<onright>27</onright>
				<onup>5</onup>
				<ondown>5</ondown>
			</control>
			<control type="button" id="27">
				<description>Cancel button</description>
				<posx>200</posx>
				<posy>570</posy>
				<width>200</width>
				<height>35</height>
				<label>192</label>
				<font>font-23</font>
				<textcolor>lightgrey</textcolor>
				<focusedcolor>white</focusedcolor>
				<align>center</align>
				<texturefocus border="7">button-nofocus.png</texturefocus>
				<texturenofocus border="7">button-nofocus.png</texturenofocus>
				<onleft>28</onleft>
				<onright>28</onright>
				<onup>5</onup>
				<ondown>5</ondown>
			</control>
		</control>
		<control type="image">
			<posx>205</posx>
			<posy>570</posy>
			<width>200</width>
			<height>35</height>
			<texture border="7">button-focus.png</texture>
			<animation effect="slide" start="0,0" end="200,0" time="200" condition="Control.HasFocus(27)">Conditional</animation>
			<visible>Control.HasFocus(28) | Control.HasFocus(27)</visible>
		</control>
	</controls>
</window>
