<?xml version="1.0" encoding="UTF-8"?>
<window>
	<controls>
		<control type="group">
			<include>ContentFade</include>
			<visible>!Window.IsVisible(VideoOSD)</visible>
			<control type="group">
				<posy>520</posy>
				<animation effect="slide" start="0,180" end="0,0" time="300">WindowOpen</animation>
				<animation effect="slide" start="0,0" end="0,180" time="300">WindowClose</animation>
				<control type="image">
					<description>media info background image</description>
					<posx>-28</posx>
					<posy>32</posy>
					<width>1336</width>
					<height>222</height>
					<texture border="17">panel.png</texture>
					<bordersize>11</bordersize>
				</control>
				<control type="label">
					<posx>325</posx>
					<posy>58</posy>
					<width>710</width>
					<height>25</height>
					<label>$VAR[DialogFullScreenInfoLabel1]</label>
					<align>left</align>
					<aligny>center</aligny>
					<font>font-20</font>
					<textcolor>blue</textcolor>
				</control>
				<control type="label">
					<posx>325</posx>
					<posy>84</posy>
					<width>925</width>
					<height>25</height>
					<label>$INFO[VideoPlayer.Title]</label>
					<align>left</align>
					<aligny>center</aligny>
					<font>font-32</font>
					<textcolor>lightblue</textcolor>
				</control>
				<control type="label">
					<posx>325</posx>
					<posy>110</posy>
					<width>625</width>
					<height>25</height>
					<label>$VAR[DialogFullScreenInfoLabel2]</label>
					<align>left</align>
					<aligny>center</aligny>
					<font>font-20</font>
					<textcolor>white</textcolor>
				</control>
				<control type="label">
					<description>System Time Label</description>
					<posx>1255</posx>
					<posy>58</posy>
					<width>200</width>
					<height>25</height>
					<textcolor>blue</textcolor>
					<label>$INFO[System.Time]</label>
					<align>right</align>
					<aligny>center</aligny>
					<font>font-23</font>
				</control>
				<control type="button">
					<posx>1258</posx>
					<posy>62</posy>
					<width>20</width>
					<height>20</height>
					<texturefocus>close-window-focus.png</texturefocus>
					<texturenofocus>close-window-nofocus.png</texturenofocus>
					<onclick>Dialog.Close(fullscreeninfo)</onclick>
					<visible>Skin.HasSetting(TouchScreenMode)</visible>
				</control>
				<control type="label">
					<description>Video End Time</description>
					<posx>1255</posx>
					<posy>110</posy>
					<width>300</width>
					<height>25</height>
					<textcolor>white</textcolor>
					<label>$LOCALIZE[31050]: $INFO[Player.FinishTime]</label>
					<align>right</align>
					<aligny>center</aligny>
					<font>font-20</font>
				</control>
				<control type="label">
					<description>time label</description>
					<posx>325</posx>
					<posy>134</posy>
					<width>280</width>
					<height>25</height>
					<textcolor>lightblue</textcolor>
					<label>$INFO[VideoPlayer.Time]</label>
					<align>left</align>
					<aligny>center</aligny>
					<font>font-20</font>
				</control>
				<control type="progress">
					<description>Progressbar Cache</description>
					<posx>420</posx>
					<posy>140</posy>
					<width>741</width>
					<height>15</height>
					<info>Player.ProgressCache</info>
					<midtexture border="10,0,10,0">ProgressCache.png</midtexture>
				</control>
				<control type="progress">
					<description>Progressbar</description>
					<posx>420</posx>
					<posy>140</posy>
					<width>741</width>
					<height>15</height>
					<info>Player.Progress</info>
				</control>
				<control type="slider" id="888">
					<description>Slider</description>
					<posx>420</posx>
					<posy>140</posy>
					<width>741</width>
					<height>15</height>
					<action>seek</action>
				</control>
				<control type="label">
					<description>time label</description>
					<posx>1255</posx>
					<posy>134</posy>
					<width>280</width>
					<height>25</height>
					<textcolor>lightblue</textcolor>
					<label>$INFO[Player.Duration]</label>
					<align>right</align>
					<aligny>center</aligny>
					<font>font-20</font>
				</control>
				<control type="label">
					<description>Chapter Pos No</description>
					<posx>1255</posx>
					<posy>164</posy>
					<width>490</width>
					<height>25</height>
					<textcolor>lightgrey</textcolor>
					<label>$INFO[Player.Chapter,$LOCALIZE[21396]: ]$INFO[Player.ChapterCount, / ]$INFO[Player.ChapterName, - ]</label>
					<align>right</align>
					<aligny>center</aligny>
					<font>font-19</font>
					<wrapmultiline>true</wrapmultiline>
					<visible>Player.ChapterCount + !VideoPlayer.Content(LiveTV)</visible>
				</control>
				<control type="label">
					<description>Chapter Pos No</description>
					<posx>1255</posx>
					<posy>155</posy>
					<width>490</width>
					<height>25</height>
					<textcolor>lightgrey</textcolor>
					<label>$LOCALIZE[19148]: $INFO[VideoPlayer.ChannelNumberLabel,, - ]$LOCALIZE[19141]: $INFO[VideoPlayer.ChannelGroup]</label>
					<align>right</align>
					<aligny>center</aligny>
					<font>font-19</font>
					<wrapmultiline>true</wrapmultiline>
					<visible>VideoPlayer.Content(LiveTV)</visible>
				</control>
				<control type="label">
					<description>Chapter Pos No</description>
					<posx>1255</posx>
					<posy>175</posy>
					<width>490</width>
					<height>25</height>
					<textcolor>lightgrey</textcolor>
					<label>$LOCALIZE[209]: $INFO[VideoPlayer.NextTitle]</label>
					<align>right</align>
					<aligny>center</aligny>
					<font>font-19</font>
					<wrapmultiline>true</wrapmultiline>
					<visible>VideoPlayer.Content(LiveTV)</visible>
				</control>
				<control type="group">
					<posx>320</posx>
					<posy>156</posy>
					<width>404</width>
					<height>48</height>
					<include condition="VideoPlayer.Content(Movies) + !Skin.HasSetting(Enable_Movies_Media_Flags)">FullScreenVideoMediaFlags</include>
					<include condition="VideoPlayer.Content(Episodes) + !Skin.HasSetting(Enable_TVShows_Media_Flags)">FullScreenVideoMediaFlags</include>
					<include condition="VideoPlayer.Content(MusicVideos) + !Skin.HasSetting(Enable_MusicVideos_Media_Flags)">FullScreenVideoMediaFlags</include>
					<include condition="VideoPlayer.Content(LiveTV) + !Skin.HasSetting(Enable_TV_Media_Flags)">FullScreenVideoMediaFlags</include>
					<include condition="!VideoPlayer.Content(Movies) + !VideoPlayer.Content(Episodes) + !VideoPlayer.Content(MusicVideos) + !VideoPlayer.Content(LiveTV)">FullScreenVideoMediaFlags</include>
				</control>
			</control>
			<control type="group">
				<posx>0</posx>
				<posy>380</posy>
				<animation effect="slide" start="-280,0" end="0,0" time="300">WindowOpen</animation>
				<animation effect="slide" start="0,0" end="-280,0" time="300">WindowClose</animation>
				<include condition="Skin.HasSetting(ClearArt) + VideoPlayer.Content(Episodes)">clearart-dialogfullscreeninfo</include>
				<control type="image">
					<description>cover image</description>
					<posx>10</posx>
					<posy>183</posy>
					<width>279</width>
					<height>157</height>
					<aspectratio align="center" aligny="center" scalediffuse="true">keep</aspectratio>
					<texture diffuse="video-diffuse.png">$INFO[Player.Art(thumb)]</texture>
					<visible>VideoPlayer.Content(Episodes) + [!Skin.HasSetting(ClearArt) | [IsEmpty(Control.GetLabel(7017)) + IsEmpty(Control.GetLabel(7018))] | Skin.HasSetting(Safemode) | substring(Player.FolderPath,pvr://) | substring(Player.FolderPath,http://) | substring(Player.FolderPath,https://) | substring(Player.FolderPath,htsp://)]</visible>
				</control>
				<control type="image">
					<description>cover image</description>
					<posx>10</posx>
					<posy>183</posy>
					<width>279</width>
					<height>157</height>
					<aspectratio align="center" aligny="center" scalediffuse="true">keep</aspectratio>
					<texture diffuse="video-diffuse.png">$INFO[Player.Art(thumb)]</texture>
					<visible>[!VideoPlayer.Content(Movies) + !VideoPlayer.Content(Episodes)] | [VideoPlayer.Content(Movies) + [SubString(Player.FileNameAndPath,http,left) | SubString(Player.FileNameAndPath,mms,left) | SubString(Player.FileNameAndPath,rtmp,left)]]</visible>
				</control>
				<control type="image">
					<description>cover image</description>
					<posx>44</posx>
					<posy>40</posy>
					<width>206</width>
					<height>292</height>
					<texture>$INFO[Player.Art(thumb)]</texture>
					<visible>VideoPlayer.Content(Movies) + ![SubString(Player.FileNameAndPath,http,left) | SubString(Player.FileNameAndPath,mms,left) | SubString(Player.FileNameAndPath,rtmp,left)]</visible>
				</control>
				<control type="image">
					<posx>44</posx>
					<posy>16</posy>
					<width>222</width>
					<height>338</height>
					<texture fallback="case-sets.png">case$INFO[VideoPlayer.VideoResolution].png</texture>
					<visible>VideoPlayer.Content(Movies) + !Skin.HasSetting(HideMovieCase) + ![SubString(Player.FileNameAndPath,http,left) | SubString(Player.FileNameAndPath,mms,left) | SubString(Player.FileNameAndPath,rtmp,left)]</visible>
				</control>
			</control>
		</control>
		<include condition="Skin.HasSetting(DebugMode)">debuginfovideoplayer</include>
	</controls>
</window>
