<?xml version="1.0" encoding="UTF-8"?>
<window>
	<defaultcontrol>10</defaultcontrol>
	<controls>
		<include condition="!Skin.HasSetting(HideVideoBackgrounds)">CommonVideoPlayingBackground</include>
		<control type="multiimage">
			<posx>0</posx>
			<posy>0</posy>
			<width>1280</width>
			<height>720</height>
			<imagepath fallback="special://skin/backgrounds/background-settings.jpg" background="true">$INFO[Skin.String(Custom_Back_Settings_Folder)]</imagepath>
			<aspectratio>scale</aspectratio>
			<timeperimage>5000</timeperimage>
			<randomize>true</randomize>
			<fadetime>2000</fadetime>
			<animation effect="fade" start="0" end="100" time="0">WindowOpen</animation>
			<animation effect="fade" start="100" end="0" time="0">WindowClose</animation>
			<include condition="Skin.HasSetting(AnimateBackgrounds)">backgroundanimation</include>
			<visible>Window.IsVisible(FileBrowser) + Window.IsVisible(FileManager) + ![Player.HasVideo + !Skin.HasSetting(HideVideoBackgrounds)]</visible>
		</control>
		<control type="multiimage">
			<posx>0</posx>
			<posy>0</posy>
			<width>1280</width>
			<height>720</height>
			<imagepath fallback="special://skin/backgrounds/background-videos.jpg" background="true">$INFO[Skin.String(Custom_Back_Videos_Folder)]</imagepath>
			<aspectratio>scale</aspectratio>
			<timeperimage>5000</timeperimage>
			<randomize>true</randomize>
			<fadetime>2000</fadetime>
			<animation effect="fade" start="0" end="100" time="0">WindowOpen</animation>
			<animation effect="fade" start="100" end="0" time="0">WindowClose</animation>
			<include condition="Skin.HasSetting(AnimateBackgrounds)">backgroundanimation</include>
			<visible>Window.IsVisible(FileBrowser) + Window.IsVisible(Videos) + ![Player.HasVideo + !Skin.HasSetting(HideVideoBackgrounds)]</visible>
		</control>
		<control type="multiimage">
			<posx>0</posx>
			<posy>0</posy>
			<width>1280</width>
			<height>720</height>
			<imagepath fallback="special://skin/backgrounds/background-music.jpg" background="true">$INFO[Skin.String(Custom_Back_Music_Folder)]</imagepath>
			<aspectratio>scale</aspectratio>
			<timeperimage>5000</timeperimage>
			<randomize>true</randomize>
			<fadetime>2000</fadetime>
			<animation effect="fade" start="0" end="100" time="0">WindowOpen</animation>
			<animation effect="fade" start="100" end="0" time="0">WindowClose</animation>
			<include condition="Skin.HasSetting(AnimateBackgrounds)">backgroundanimation</include>
			<visible>Window.IsVisible(FileBrowser) + Window.IsVisible(Music) + ![Player.HasVideo + !Skin.HasSetting(HideVideoBackgrounds)]</visible>
		</control>
		<control type="multiimage">
			<posx>0</posx>
			<posy>0</posy>
			<width>1280</width>
			<height>720</height>
			<imagepath fallback="special://skin/backgrounds/background-pictures.jpg" background="true">$INFO[Skin.String(Custom_Back_Pictures_Folder)]</imagepath>
			<aspectratio>scale</aspectratio>
			<timeperimage>5000</timeperimage>
			<randomize>true</randomize>
			<fadetime>2000</fadetime>
			<animation effect="fade" start="0" end="100" time="0">WindowOpen</animation>
			<animation effect="fade" start="100" end="0" time="0">WindowClose</animation>
			<include condition="Skin.HasSetting(AnimateBackgrounds)">backgroundanimation</include>
			<visible>Window.IsVisible(FileBrowser) + Window.IsVisible(Pictures) + ![Player.HasVideo + !Skin.HasSetting(HideVideoBackgrounds)]</visible>
		</control>
		<include condition="!Skin.HasSetting(HideVisBackgrounds)">CommonVisualizationBackground</include>
		<control type="image">
			<posx>0</posx>
			<posy>0</posy>
			<width>1280</width>
			<height>720</height>
			<texture>black.png</texture>
			<animation effect="fade" start="0" end="70" time="0">WindowOpen</animation>
			<animation effect="fade" start="70" end="0" time="0">WindowClose</animation>
		</control>
		<control type="group">
			<include>dialogeffect</include>
			<control type="button">
				<posx>1240</posx>
				<posy>20</posy>
				<width>20</width>
				<height>20</height>
				<texturefocus>close-window-focus.png</texturefocus>
				<texturenofocus>close-window-nofocus.png</texturenofocus>
				<onclick>Dialog.Close(networksetup)</onclick>
				<visible>Skin.HasSetting(TouchScreenMode)</visible>
			</control>
			<control type="label">
				<description>heading label</description>
				<posx>40</posx>
				<posy>15</posy>
				<width>1200</width>
				<height>30</height>
				<align>center</align>
				<aligny>center</aligny>
				<textcolor>blue</textcolor>
				<font>font-32</font>
				<label>1007</label>
			</control>
			<control type="image">
				<posx>0</posx>
				<posy>54</posy>
				<width>1280</width>
				<height>2</height>
				<texture>separator.png</texture>
			</control>
			<control type="spincontrolex" id="10">
				<description>Protocol SpinControl</description>
				<posx>200</posx>
				<posy>85</posy>
				<height>35</height>
				<width>880</width>
				<texturefocus border="7">list-focus.png</texturefocus>
				<texturenofocus border="7">list-nofocus.png</texturenofocus>
				<textcolor>white</textcolor>
				<disabledcolor>darkgrey</disabledcolor>
				<textoffsetx>12</textoffsetx>
				<aligny>center</aligny>
				<reverse>yes</reverse>
				<font>font-20</font>
				<label>1008</label>
				<onup>18</onup>
				<ondown>11</ondown>
				<onleft>10</onleft>
				<onright>10</onright>
			</control>
			<control type="edit" id="11">
				<description>Server Address Button</description>
				<posx>200</posx>
				<posy>125</posy>
				<width>880</width>
				<height>35</height>
				<textoffsetx>12</textoffsetx>
				<aligny>center</aligny>
				<texturefocus border="7">list-focus.png</texturefocus>
				<texturenofocus border="7">list-nofocus.png</texturenofocus>
				<font>font-20</font>
				<label>-</label>
				<onup>10</onup>
				<ondown>16</ondown>
				<onleft>12</onleft>
				<onright>12</onright>
			</control>
			<control type="edit" id="16">
				<description>Remote path Button</description>
				<posx>200</posx>
				<posy>165</posy>
				<width>880</width>
				<height>35</height>
				<textoffsetx>12</textoffsetx>
				<aligny>center</aligny>
				<texturefocus border="7">list-focus.png</texturefocus>
				<texturenofocus border="7">list-nofocus.png</texturenofocus>
				<font>font-20</font>
				<label>-</label>
				<onup>11</onup>
				<onleft>16</onleft>
				<onright>16</onright>
				<ondown>13</ondown>
			</control>
			<control type="edit" id="13">
				<description>Port Button</description>
				<posx>200</posx>
				<posy>205</posy>
				<width>880</width>
				<height>35</height>
				<textoffsetx>12</textoffsetx>
				<aligny>center</aligny>
				<texturefocus border="7">list-focus.png</texturefocus>
				<texturenofocus border="7">list-nofocus.png</texturenofocus>
				<font>font-20</font>
				<label>1013</label>
				<onup>16</onup>
				<onleft>13</onleft>
				<onright>13</onright>
				<ondown>14</ondown>
			</control>
			<control type="edit" id="14">
				<description>Username Button</description>
				<posx>200</posx>
				<posy>245</posy>
				<width>880</width>
				<height>35</height>
				<textoffsetx>12</textoffsetx>
				<aligny>center</aligny>
				<texturefocus border="7">list-focus.png</texturefocus>
				<texturenofocus border="7">list-nofocus.png</texturenofocus>
				<font>font-20</font>
				<label>1014</label>
				<onup>13</onup>
				<onleft>14</onleft>
				<onright>14</onright>
				<ondown>15</ondown>
			</control>
			<control type="edit" id="15">
				<description>Password Button</description>
				<posx>200</posx>
				<posy>285</posy>
				<width>880</width>
				<height>35</height>
				<textoffsetx>12</textoffsetx>
				<aligny>center</aligny>
				<texturefocus border="7">list-focus.png</texturefocus>
				<texturenofocus border="7">list-nofocus.png</texturenofocus>
				<font>font-20</font>
				<label>15052</label>
				<onup>14</onup>
				<onleft>15</onleft>
				<onright>15</onright>
				<ondown>18</ondown>
			</control>
			<control type="image">
				<posx>0</posx>
				<posy>565</posy>
				<width>1280</width>
				<height>2</height>
				<texture>separator.png</texture>
			</control>
			<control type="button" id="18">
				<description>Ok Button</description>
				<posx>340</posx>
				<posy>647</posy>
				<width>200</width>
				<height>35</height>
				<font>font-20</font>
				<textcolor>white</textcolor>
				<focusedcolor>white</focusedcolor>
				<shadowcolor>black</shadowcolor>
				<align>center</align>
				<aligny>center</aligny>
				<texturefocus border="7">button-nofocus.png</texturefocus>
				<texturenofocus border="7">button-nofocus.png</texturenofocus>
				<label>186</label>
				<onup>15</onup>
				<onleft>12</onleft>
				<onright>19</onright>
				<ondown>10</ondown>
			</control>
			<control type="button" id="19">
				<description>Cancel Button</description>
				<posx>540</posx>
				<posy>647</posy>
				<width>200</width>
				<height>35</height>
				<font>font-20</font>
				<textcolor>white</textcolor>
				<focusedcolor>white</focusedcolor>
				<shadowcolor>black</shadowcolor>
				<align>center</align>
				<aligny>center</aligny>
				<texturefocus border="7">button-nofocus.png</texturefocus>
				<texturenofocus border="7">button-nofocus.png</texturenofocus>
				<label>222</label>
				<onup>15</onup>
				<onleft>18</onleft>
				<onright>12</onright>
				<ondown>10</ondown>
			</control>
			<control type="button" id="12">
				<description>Server Browse Button</description>
				<posx>740</posx>
				<posy>647</posy>
				<width>200</width>
				<height>35</height>
				<font>font-20</font>
				<textcolor>white</textcolor>
				<focusedcolor>white</focusedcolor>
				<shadowcolor>black</shadowcolor>
				<align>center</align>
				<aligny>center</aligny>
				<texturefocus border="7">button-nofocus.png</texturefocus>
				<texturenofocus border="7">button-nofocus.png</texturenofocus>
				<label>1024</label>
				<onup>11</onup>
				<ondown>11</ondown>
				<onleft>19</onleft>
				<onright>18</onright>
			</control>
			<control type="image">
				<posx>340</posx>
				<posy>647</posy>
				<width>200</width>
				<height>35</height>
				<texture border="7">button-focus.png</texture>
				<animation effect="slide" start="0,0" end="200,0" time="200" condition="Control.HasFocus(19)">Conditional</animation>
				<animation effect="slide" start="0,0" end="400,0" time="200" condition="Control.HasFocus(12)">Conditional</animation>
				<animation effect="fade" start="70" end="100" time="750" pulse="true" condition="true">Conditional</animation>
				<visible>Control.HasFocus(12) | Control.HasFocus(18) | Control.HasFocus(19)</visible>
			</control>
		</control>
	</controls>
</window>
