<?xml version="1.0" encoding="UTF-8"?>
<window>
	<coordinates>
		<posx>240</posx>
		<posy>20</posy>
	</coordinates>
	<include>dialogeffect</include>
	<controls>
		<control type="group" id="250">
			<control type="image">
				<posx>0</posx>
				<posy>0</posy>
				<width>800</width>
				<height>525</height>
				<texture border="17">panel.png</texture>
				<bordersize>11</bordersize>
			</control>
			<control type="group">
				<posx>0</posx>
				<posy>35</posy>
				<control type="button">
					<posx>744</posx>
					<posy>-2</posy>
					<width>20</width>
					<height>20</height>
					<texturefocus>close-window-focus.png</texturefocus>
					<texturenofocus>close-window-nofocus.png</texturenofocus>
					<onclick>PreviousMenu</onclick>
					<visible>Skin.HasSetting(TouchScreenMode)</visible>
				</control>
				<control type="image" id="110">
					<description>logo icon</description>
					<posx>45</posx>
					<posy>2</posy>
					<width>250</width>
					<height>40</height>
					<aspectratio align="left">keep</aspectratio>
				</control>
				<control type="group" id="130">
					<control type="grouplist">
						<posx>315</posx>
						<posy>2</posy>
						<width>445</width>
						<height>40</height>
						<align>right</align>
						<orientation>horizontal</orientation>
						<itemgap>5</itemgap>
						<control type="image">
							<width>40</width>
							<height>40</height>
							<texture>kai-information.png</texture>
						</control>
						<control type="label">
							<description>notification</description>
							<width min="10" max="400">auto</width>
							<height>40</height>
							<font>font-21</font>
							<textcolor>white</textcolor>
							<label>$LOCALIZE[31005]</label>
							<aligny>center</aligny>
						</control>
					</control>
				</control>
				<control type="image">
					<posx>40</posx>
					<posy>46</posy>
					<width>720</width>
					<height>2</height>
					<texture>separator.png</texture>
				</control>
				<control type="label">
					<description>textarea</description>
					<posx>40</posx>
					<posy>47</posy>
					<width>710</width>
					<height>40</height>
					<label>$INFO[Player.Filename]</label>
					<font>font-23</font>
					<textcolor>lightblue</textcolor>
					<align>center</align>
					<aligny>center</aligny>
					<wrapmultiline>false</wrapmultiline>
				</control>
				<control type="image">
					<posx>40</posx>
					<posy>86</posy>
					<width>720</width>
					<height>2</height>
					<texture>separator.png</texture>
				</control>
			</control>
			<control type="list" id="120">
				<posx>45</posx>
				<posy>130</posy>
				<width>710</width>
				<height>323</height>
				<onleft>150</onleft>
				<onright>121</onright>
				<onup>120</onup>
				<ondown>120</ondown>
				<viewtype label="535">list</viewtype>
				<pagecontrol>121</pagecontrol>
				<scrolltime>200</scrolltime>
				<itemlayout width="710" height="29">
					<control type="image">
						<posx>0</posx>
						<posy>0</posy>
						<width>710</width>
						<height>30</height>
						<texture border="7">list-nofocus.png</texture>
					</control>
					<control type="image">
						<posx>6</posx>
						<posy>6</posy>
						<width>27</width>
						<height>18</height>
						<texture>countries/$INFO[ListItem.Thumb,,.png]</texture>
						<aspectratio>keep</aspectratio>
					</control>
					<control type="label">
						<posx>40</posx>
						<posy>0</posy>
						<width>100</width>
						<height>30</height>
						<font>font-18</font>
						<aligny>center</aligny>
						<textcolor>white</textcolor>
						<selectedcolor>blue</selectedcolor>
						<align>left</align>
						<label>$INFO[ListItem.Label]</label>
					</control>
					<control type="image">
						<posx>145</posx>
						<posy>10</posy>
						<width>40</width>
						<height>12</height>
						<texture>icon_sync.png</texture>
						<visible>ListItem.Property(sync)</visible>
					</control>
					<control type="label">
						<posx>190</posx>
						<posy>0</posy>
						<width>425</width>
						<height>30</height>
						<font>font-18</font>
						<aligny>center</aligny>
						<textcolor>white</textcolor>
						<selectedcolor>blue</selectedcolor>
						<align>left</align>
						<label>$INFO[ListItem.Label2]</label>
					</control>
					<control type="image">
						<posx>620</posx>
						<posy>5</posy>
						<width>20</width>
						<height>20</height>
						<texture>icon_hearing-impaired.png</texture>
						<visible>ListItem.Property(hearing_imp)</visible>
					</control>
					<control type="image">
						<posx>645</posx>
						<posy>11</posy>
						<width>61</width>
						<height>9</height>
						<texture>icon_rating_$INFO[ListItem.ActualIcon].png</texture>
						<aspectratio>keep</aspectratio>
					</control>
				</itemlayout>
				<focusedlayout width="710" height="29">
					<control type="image">
						<posx>0</posx>
						<posy>0</posy>
						<width>710</width>
						<height>30</height>
						<texture border="7">list-nofocus.png</texture>
					</control>
					<control type="image">
						<posx>0</posx>
						<posy>0</posy>
						<width>710</width>
						<height>30</height>
						<texture border="7">list-focus2.png</texture>
						<include>ListFocusScroll10</include>
						<visible>Control.HasFocus(120)</visible>
					</control>
					<control type="image">
						<posx>6</posx>
						<posy>6</posy>
						<width>27</width>
						<height>18</height>
						<texture>countries/$INFO[ListItem.Thumb,,.png]</texture>
						<aspectratio>keep</aspectratio>
					</control>
					<control type="label">
						<posx>40</posx>
						<posy>0</posy>
						<width>100</width>
						<height>30</height>
						<font>font-18</font>
						<aligny>center</aligny>
						<textcolor>white</textcolor>
						<selectedcolor>blue</selectedcolor>
						<align>left</align>
						<label>$INFO[ListItem.Label]</label>
					</control>
					<control type="image">
						<posx>145</posx>
						<posy>10</posy>
						<width>40</width>
						<height>12</height>
						<texture>icon_sync.png</texture>
						<visible>ListItem.Property(sync)</visible>
					</control>
					<control type="label">
						<posx>190</posx>
						<posy>0</posy>
						<width>425</width>
						<height>30</height>
						<font>font-18</font>
						<aligny>center</aligny>
						<textcolor>white</textcolor>
						<selectedcolor>blue</selectedcolor>
						<align>left</align>
						<label>$INFO[ListItem.Label2]</label>
					</control>
					<control type="image">
						<posx>620</posx>
						<posy>5</posy>
						<width>20</width>
						<height>20</height>
						<texture>icon_hearing-impaired.png</texture>
						<visible>ListItem.Property(hearing_imp)</visible>
					</control>
					<control type="image">
						<posx>645</posx>
						<posy>11</posy>
						<width>61</width>
						<height>9</height>
						<texture>icon_rating_$INFO[ListItem.ActualIcon].png</texture>
						<aspectratio>keep</aspectratio>
					</control>
				</focusedlayout>
			</control>
		</control>
		<control type="group" id="250">
			<posx>-562</posx>
			<posy>0</posy>
			<animation effect="slide" start="0,0" end="300,0" time="400" reversible="true" condition="Control.HasFocus(150) | Control.HasFocus(160) | Control.HasFocus(122)">Conditional</animation>
			<control type="image">
				<posx>0</posx>
				<posy>20</posy>
				<width>300</width>
				<height>450</height>
				<texture border="17">panel.png</texture>
				<bordersize>11</bordersize>
			</control>
			<control type="label">
				<posx>35</posx>
				<posy>55</posy>
				<width>230</width>
				<height>20</height>
				<label>[B]$LOCALIZE[24018][/B]</label>
				<font>font-15</font>
				<align>center</align>
				<textcolor>blue</textcolor>
			</control>
			<control type="image">
				<description>separator</description>
				<posx>35</posx>
				<posy>80</posy>
				<width>230</width>
				<height>2</height>
				<texture>separator.png</texture>
			</control>
			<control type="button" id="160">
				<posx>35</posx>
				<posy>90</posy>
				<width>220</width>
				<height>35</height>
				<label>$LOCALIZE[24120]</label>
				<font>font13</font>
				<aligny>center</aligny>
				<textcolor>white</textcolor>
				<selectedcolor>blue</selectedcolor>
				<align>left</align>
				<texturefocus border="7">list-focus2.png</texturefocus>
				<texturenofocus border="7">list-nofocus.png</texturenofocus>
				<onleft>120</onleft>
				<onright>120</onright>
				<onup>150</onup>
				<ondown>150</ondown>
			</control>
			<control type="list" id="150">
				<posx>0</posx>
				<posy>125</posy>
				<width>325</width>
				<height>315</height>
				<onleft>120</onleft>
				<onright>122</onright>
				<onup>160</onup>
				<ondown>160</ondown>
				<viewtype label="535">list</viewtype>
				<pagecontrol>122</pagecontrol>
				<scrolltime>200</scrolltime>
				<itemlayout width="265" height="34">
					<control type="image">
						<posx>35</posx>
						<posy>0</posy>
						<width>220</width>
						<height>35</height>
						<texture border="7">list-nofocus.png</texture>
					</control>
					<control type="label">
						<posx>45</posx>
						<posy>0</posy>
						<width>200</width>
						<height>35</height>
						<font>font13</font>
						<aligny>center</aligny>
						<textcolor>white</textcolor>
						<selectedcolor>blue</selectedcolor>
						<align>left</align>
						<label>$INFO[ListItem.Label]</label>
					</control>
				</itemlayout>
				<focusedlayout width="265" height="34">
					<control type="image">
						<posx>35</posx>
						<posy>0</posy>
						<width>220</width>
						<height>35</height>
						<texture border="7">list-nofocus.png</texture>
					</control>
					<control type="image">
						<posx>35</posx>
						<posy>0</posy>
						<width>220</width>
						<height>35</height>
						<texture border="7">list-focus2.png</texture>
						<include>ListFocusScroll31</include>
						<visible>Control.HasFocus(150)</visible>
					</control>
					<control type="label">
						<posx>45</posx>
						<posy>0</posy>
						<width>200</width>
						<height>35</height>
						<font>font13</font>
						<aligny>center</aligny>
						<textcolor>white</textcolor>
						<selectedcolor>blue</selectedcolor>
						<align>left</align>
						<label>$INFO[ListItem.Label]</label>
					</control>
				</focusedlayout>
			</control>
		</control>
		<control type="scrollbar" id="121">
			<posx>755</posx>
			<posy>130</posy>
			<width>20</width>
			<height>323</height>
			<texturesliderbackground border="0,10,0,10">scrollbar-back.png</texturesliderbackground>
			<texturesliderbar border="0,10,0,10">scrollbar-front-nofocus.png</texturesliderbar>
			<texturesliderbarfocus border="0,10,0,10">scrollbar-front.png</texturesliderbarfocus>
			<textureslidernib>scrollbar-nib-nofocus.png</textureslidernib>
			<textureslidernibfocus>scrollbar-nib.png</textureslidernibfocus>
			<orientation>vertical</orientation>
			<showonepage>false</showonepage>
			<onleft>120</onleft>
			<onright>120</onright>
			<visible>Control.IsVisible(120)</visible>
		</control>
		<control type="scrollbar" id="122">
			<posx>-305</posx>
			<posy>90</posy>
			<width>20</width>
			<height>346</height>
			<texturesliderbackground border="0,10,0,10">scrollbar-back.png</texturesliderbackground>
			<texturesliderbar border="0,10,0,10">scrollbar-front-nofocus.png</texturesliderbar>
			<texturesliderbarfocus border="0,10,0,10">scrollbar-front.png</texturesliderbarfocus>
			<textureslidernib>scrollbar-nib-nofocus.png</textureslidernib>
			<textureslidernibfocus>scrollbar-nib.png</textureslidernibfocus>
			<orientation>vertical</orientation>
			<showonepage>false</showonepage>
			<onleft>150</onleft>
			<onright>120</onright>
			<animation effect="slide" start="0,0" end="300,0" time="400" reversible="true" condition="Control.HasFocus(150) | Control.HasFocus(160) | Control.HasFocus(122)">Conditional</animation>
			<visible>Control.IsVisible(150)</visible>
		</control>
		<control type="label" id="140">
			<posx>50</posx>
			<posy>460</posy>
			<width>400</width>
			<height>30</height>
			<font>font-20</font>
			<textcolor>white</textcolor>
		</control>
		<include>CommonFileCount14</include>
		<control type="button" id="8999">
			<description>Fake button for mouse control</description>
			<posx>0</posx>
			<posy>0</posy>
			<width>1</width>
			<height>1</height>
			<label>-</label>
			<font>-</font>
			<texturenofocus>-</texturenofocus>
			<texturefocus>-</texturefocus>
			<visible>true</visible>
		</control>
	</controls>
</window>
