<?xml version="1.0" encoding="UTF-8"?>
<window>
	<defaultcontrol always="true">300</defaultcontrol>
	<include>dialogeffect7</include>
	<coordinates>
		<posx>0</posx>
		<posy>165</posy>
	</coordinates>
	<controls>
		<control type="group">
			<include>VisibleFadeEffect</include>
			<visible>!Window.IsVisible(NumericInput)</visible>
			<control type="image">
				<posx>220</posx>
				<posy>6</posy>
				<width>838</width>
				<height>112</height>
				<texture border="32">dialog.png</texture>
			</control>
			<control type="button">
				<posx>902</posx>
				<posy>44</posy>
				<width>20</width>
				<height>20</height>
				<texturefocus>close-window-focus.png</texturefocus>
				<texturenofocus>close-window-nofocus.png</texturenofocus>
				<onclick>Dialog.Close(virtualkeyboard)</onclick>
				<visible>Skin.HasSetting(TouchScreenMode)</visible>
			</control>
			<control type="label" id="311">
				<description>dialog Heading</description>
				<posx>342</posx>
				<posy>34</posy>
				<width>600</width>
				<height>30</height>
				<font>font-23</font>
				<textcolor>blue</textcolor>
				<align>center</align>
				<aligny>center</aligny>
			</control>
			<control type="edit" id="312">
				<description>Edit Text</description>
				<posx>342</posx>
				<posy>58</posy>
				<width>600</width>
				<height>30</height>
				<texturefocus border="7">-</texturefocus>
				<texturenofocus border="7">-</texturenofocus>
				<font>font-23</font>
				<align>center</align>
				<aligny>center</aligny>
			</control>
			<control type="image">
				<posx>220</posx>
				<posy>64</posy>
				<width>838</width>
				<height>318</height>
				<texture border="32">dialog.png</texture>
			</control>
			<control type="group">
				<posx>252</posx>
				<posy>105</posy>
				<control type="grouplist">
					<itemgap>0</itemgap>
					<orientation>horizontal</orientation>
					<control type="button" id="8">
						<description>BACKSPACE button</description>
						<width>200</width>
						<height>48</height>
						<label>20181</label>
						<onup>309</onup>
						<ondown>300</ondown>
						<texturenofocus border="10">key-special-nofocus.png</texturenofocus>
						<texturefocus border="10">key-focus.png</texturefocus>
						<align>center</align>
						<aligny>center</aligny>
						<font>font-20</font>
					</control>
					<control type="button" id="100">
						<description>(0,0) key button</description>
						<onup>32</onup>
						<ondown>120</ondown>
						<include>keyboard-digitbutton</include>
					</control>
					<control type="button" id="101">
						<description>(0,1) key button</description>
						<onup>32</onup>
						<ondown>121</ondown>
						<include>keyboard-digitbutton</include>
					</control>
					<control type="button" id="102">
						<description>(0,2) key button</description>
						<onup>32</onup>
						<ondown>122</ondown>
						<include>keyboard-digitbutton</include>
					</control>
					<control type="button" id="103">
						<description>(0,3) key button</description>
						<onup>32</onup>
						<ondown>123</ondown>
						<include>keyboard-digitbutton</include>
					</control>
					<control type="button" id="104">
						<description>(0,4) key button</description>
						<onup>32</onup>
						<ondown>124</ondown>
						<include>keyboard-digitbutton</include>
					</control>
					<control type="button" id="105">
						<description>(0,5) key button</description>
						<onup>32</onup>
						<ondown>125</ondown>
						<include>keyboard-digitbutton</include>
					</control>
					<control type="button" id="106">
						<description>(0,6) key button</description>
						<onup>305</onup>
						<ondown>126</ondown>
						<include>keyboard-digitbutton</include>
					</control>
					<control type="button" id="107">
						<description>(0,7) key button</description>
						<onup>306</onup>
						<ondown>127</ondown>
						<include>keyboard-digitbutton</include>
					</control>
					<control type="button" id="108">
						<description>(0,8) key button</description>
						<onup>307</onup>
						<ondown>128</ondown>
						<include>keyboard-digitbutton</include>
					</control>
					<control type="button" id="109">
						<description>(0,9) key button</description>
						<onup>307</onup>
						<ondown>129</ondown>
						<include>keyboard-digitbutton</include>
					</control>
					<control type="button" id="110">
						<description>(0,10) key button</description>
						<onup>304</onup>
						<ondown>130</ondown>
						<include>keyboard-digitbutton</include>
					</control>
					<control type="button" id="111">
						<description>(0,11) key button</description>
						<onup>304</onup>
						<ondown>131</ondown>
						<include>keyboard-digitbutton</include>
					</control>
				</control>
				<control type="grouplist">
					<posy>48</posy>
					<itemgap>0</itemgap>
					<orientation>horizontal</orientation>
					<control type="button" id="300">
						<description>DONE button</description>
						<width>200</width>
						<height>48</height>
						<texturenofocus border="10">key-special-nofocus.png</texturenofocus>
						<texturefocus border="10">key-focus.png</texturefocus>
						<label>20177</label>
						<font>font-20</font>
						<align>center</align>
						<aligny>center</aligny>
						<onup>8</onup>
						<ondown>303</ondown>
					</control>
					<control type="button" id="120">
						<description>(1,0) key button</description>
						<onup>100</onup>
						<ondown>140</ondown>
						<include>keyboard-charbutton</include>
					</control>
					<control type="button" id="121">
						<description>(1,1) key button</description>
						<onup>101</onup>
						<ondown>141</ondown>
						<include>keyboard-charbutton</include>
					</control>
					<control type="button" id="122">
						<description>(1,2) key button</description>
						<onup>102</onup>
						<ondown>142</ondown>
						<include>keyboard-charbutton</include>
					</control>
					<control type="button" id="123">
						<description>(1,3) key button</description>
						<onup>103</onup>
						<ondown>143</ondown>
						<include>keyboard-charbutton</include>
					</control>
					<control type="button" id="124">
						<description>(1,4) key button</description>
						<onup>104</onup>
						<ondown>144</ondown>
						<include>keyboard-charbutton</include>
					</control>
					<control type="button" id="125">
						<description>(1,5) key button</description>
						<onup>105</onup>
						<ondown>145</ondown>
						<include>keyboard-charbutton</include>
					</control>
					<control type="button" id="126">
						<description>(1,6) key button</description>
						<onup>106</onup>
						<ondown>146</ondown>
						<include>keyboard-charbutton</include>
					</control>
					<control type="button" id="127">
						<description>(1,7) key button</description>
						<onup>107</onup>
						<ondown>147</ondown>
						<include>keyboard-charbutton</include>
					</control>
					<control type="button" id="128">
						<description>(1,8) key button</description>
						<onup>108</onup>
						<ondown>148</ondown>
						<include>keyboard-charbutton</include>
					</control>
					<control type="button" id="129">
						<description>(1,9) key button</description>
						<onup>109</onup>
						<ondown>149</ondown>
						<include>keyboard-charbutton</include>
					</control>
					<control type="button" id="130">
						<description>(1,10) key button</description>
						<onup>110</onup>
						<ondown>150</ondown>
						<include>keyboard-charbutton</include>
					</control>
					<control type="button" id="131">
						<description>(1,11) key button</description>
						<onup>111</onup>
						<ondown>151</ondown>
						<include>keyboard-charbutton</include>
					</control>
				</control>
				<control type="grouplist">
					<posy>96</posy>
					<itemgap>0</itemgap>
					<orientation>horizontal</orientation>
					<control type="radiobutton" id="303">
						<description>CAPS LOCK button</description>
						<width>200</width>
						<height>48</height>
						<label>20179</label>
						<onup>300</onup>
						<ondown>302</ondown>
						<texturenofocus border="10">key-special-nofocus.png</texturenofocus>
						<texturefocus border="10">key-focus.png</texturefocus>
						<radioposy>8</radioposy>
						<radiowidth>20</radiowidth>
						<radioheight>20</radioheight>
						<align>center</align>
						<aligny>center</aligny>
						<font>font-20</font>
					</control>
					<control type="button" id="140">
						<description>(2,0) key button</description>
						<onup>120</onup>
						<ondown>160</ondown>
						<include>keyboard-charbutton</include>
					</control>
					<control type="button" id="141">
						<description>(2,1) key button</description>
						<onup>121</onup>
						<ondown>161</ondown>
						<include>keyboard-charbutton</include>
					</control>
					<control type="button" id="142">
						<description>(2,2) key button</description>
						<onup>122</onup>
						<ondown>162</ondown>
						<include>keyboard-charbutton</include>
					</control>
					<control type="button" id="143">
						<description>(2,3) key button</description>
						<onup>123</onup>
						<ondown>163</ondown>
						<include>keyboard-charbutton</include>
					</control>
					<control type="button" id="144">
						<description>(2,4) key button</description>
						<onup>124</onup>
						<ondown>164</ondown>
						<include>keyboard-charbutton</include>
					</control>
					<control type="button" id="145">
						<description>(2,5) key button</description>
						<onup>125</onup>
						<ondown>165</ondown>
						<include>keyboard-charbutton</include>
					</control>
					<control type="button" id="146">
						<description>(2,6) key button</description>
						<onup>126</onup>
						<ondown>166</ondown>
						<include>keyboard-charbutton</include>
					</control>
					<control type="button" id="147">
						<description>(2,7) key button</description>
						<onup>127</onup>
						<ondown>167</ondown>
						<include>keyboard-charbutton</include>
					</control>
					<control type="button" id="148">
						<description>(2,8) key button</description>
						<onup>128</onup>
						<ondown>168</ondown>
						<include>keyboard-charbutton</include>
					</control>
					<control type="button" id="149">
						<description>(2,9) key button</description>
						<onup>129</onup>
						<ondown>169</ondown>
						<include>keyboard-charbutton</include>
					</control>
					<control type="button" id="150">
						<description>(2,10) key button</description>
						<onup>130</onup>
						<ondown>170</ondown>
						<include>keyboard-charbutton</include>
					</control>
					<control type="button" id="151">
						<description>(2,11) key button</description>
						<onup>131</onup>
						<ondown>171</ondown>
						<include>keyboard-charbutton</include>
					</control>
				</control>
				<control type="grouplist">
					<posy>144</posy>
					<itemgap>0</itemgap>
					<orientation>horizontal</orientation>
					<control type="radiobutton" id="302">
						<description>SHIFT button</description>
						<width>200</width>
						<height>48</height>
						<label>20178</label>
						<onup>303</onup>
						<ondown>309</ondown>
						<texturenofocus border="10">key-special-nofocus.png</texturenofocus>
						<texturefocus border="10">key-focus.png</texturefocus>
						<radioposy>8</radioposy>
						<radiowidth>20</radiowidth>
						<radioheight>20</radioheight>
						<align>center</align>
						<aligny>center</aligny>
						<font>font-20</font>
					</control>
					<control type="button" id="160">
						<description>(3,0) key button</description>
						<onup>140</onup>
						<ondown>32</ondown>
						<include>keyboard-charbutton</include>
					</control>
					<control type="button" id="161">
						<description>(3,1) key button</description>
						<onup>141</onup>
						<ondown>32</ondown>
						<include>keyboard-charbutton</include>
					</control>
					<control type="button" id="162">
						<description>(3,2) key button</description>
						<onup>142</onup>
						<ondown>32</ondown>
						<include>keyboard-charbutton</include>
					</control>
					<control type="button" id="163">
						<description>(3,3) key button</description>
						<onup>143</onup>
						<ondown>32</ondown>
						<include>keyboard-charbutton</include>
					</control>
					<control type="button" id="164">
						<description>(3,4) key button</description>
						<onup>144</onup>
						<ondown>32</ondown>
						<include>keyboard-charbutton</include>
					</control>
					<control type="button" id="165">
						<description>(3,5) key button</description>
						<onup>145</onup>
						<ondown>32</ondown>
						<include>keyboard-charbutton</include>
					</control>
					<control type="button" id="166">
						<description>(3,6) key button</description>
						<onup>146</onup>
						<ondown>305</ondown>
						<include>keyboard-charbutton</include>
					</control>
					<control type="button" id="167">
						<description>(3,7) key button</description>
						<onup>147</onup>
						<ondown>306</ondown>
						<include>keyboard-charbutton</include>
					</control>
					<control type="button" id="168">
						<description>(3,8) key button</description>
						<onup>148</onup>
						<ondown>307</ondown>
						<include>keyboard-charbutton</include>
					</control>
					<control type="button" id="169">
						<description>(3,9) key button</description>
						<onup>149</onup>
						<ondown>307</ondown>
						<include>keyboard-charbutton</include>
					</control>
					<control type="button" id="170">
						<description>(3,10) key button</description>
						<onup>150</onup>
						<ondown>304</ondown>
						<include>keyboard-charbutton</include>
					</control>
					<control type="button" id="171">
						<description>(3,11) key button</description>
						<onup>151</onup>
						<ondown>304</ondown>
						<include>keyboard-charbutton</include>
					</control>
				</control>
				<control type="grouplist">
					<posy>192</posy>
					<itemgap>0</itemgap>
					<orientation>horizontal</orientation>
					<control type="button" id="309">
						<description>Layout button</description>
						<width>200</width>
						<height>48</height>
						<label>20177</label>
						<onup>302</onup>
						<ondown>8</ondown>
						<texturenofocus border="10">key-special-nofocus.png</texturenofocus>
						<texturefocus border="10">key-focus.png</texturefocus>
						<align>center</align>
						<aligny>center</aligny>
						<font>font-20</font>
					</control>
					<control type="button" id="32">
						<description>SPACE button</description>
						<width>288</width>
						<height>48</height>
						<label>20182</label>
						<texturenofocus border="10">key-special-nofocus.png</texturenofocus>
						<texturefocus border="10">key-focus.png</texturefocus>
						<align>center</align>
						<aligny>center</aligny>
						<font>font-20</font>
						<onup>160</onup>
						<ondown>100</ondown>
					</control>
					<control type="button" id="305">
						<description>previous button</description>
						<width>48</width>
						<height>48</height>
						<label>&lt;</label>
						<align>center</align>
						<aligny>center</aligny>
						<texturenofocus border="10">key-special-nofocus.png</texturenofocus>
						<texturefocus border="10">key-focus.png</texturefocus>
						<font>font-30</font>
						<onup>166</onup>
						<ondown>106</ondown>
					</control>
					<control type="button" id="306">
						<description>next button</description>
						<width>48</width>
						<height>48</height>
						<label>&gt;</label>
						<align>center</align>
						<aligny>center</aligny>
						<texturenofocus border="10">key-special-nofocus.png</texturenofocus>
						<texturefocus border="10">key-focus.png</texturefocus>
						<font>font-30</font>
						<onup>167</onup>
						<ondown>107</ondown>
					</control>
					<control type="button" id="307">
						<description>IP Input button</description>
						<width>96</width>
						<height>48</height>
						<label>IP</label>
						<texturenofocus border="10">key-special-nofocus.png</texturenofocus>
						<texturefocus border="10">key-focus.png</texturefocus>
						<align>center</align>
						<aligny>center</aligny>
						<font>font-20</font>
						<onup>168</onup>
						<ondown>108</ondown>
					</control>
					<control type="radiobutton" id="304">
						<description>Symbols button</description>
						<width>96</width>
						<height>48</height>
						<label>@#!*   </label>
						<texturenofocus border="10">key-special-nofocus.png</texturenofocus>
						<texturefocus border="10">key-focus.png</texturefocus>
						<radioposy>5</radioposy>
						<radiowidth>20</radiowidth>
						<radioheight>20</radioheight>
						<align>center</align>
						<aligny>center</aligny>
						<font>font-20</font>
						<onup>170</onup>
						<ondown>110</ondown>
					</control>
				</control>
			</control>
			<control type="group">
				<visible>Control.IsVisible(313)</visible>
				<control type="image">
					<posx>220</posx>
					<posy>328</posy>
					<width>838</width>
					<height>110</height>
					<texture border="32">dialog.png</texture>
				</control>
				<control type="label" id="313">
					<description>coding text input</description>
					<posx>240</posx>
					<posy>355</posy>
					<width>798</width>
					<align>center</align>
					<aligny>center</aligny>
					<include>WindowTitleCommons</include>
				</control>
				<control type="label" id="314">
					<description>coding text choices</description>
					<posx>240</posx>
					<posy>364</posy>
					<width>798</width>
					<height>60</height>
					<align>center</align>
					<aligny>center</aligny>
				</control>
			</control>
		</control>
	</controls>
</window>
