<?xml version="1.0" encoding="UTF-8"?>
<window>
	<onload condition="!Skin.HasSetting(Hide_Shutdown_Shutdown)">SetFocus(36)</onload>
	<onload condition="Skin.HasSetting(Hide_Shutdown_Shutdown)">SetFocus(999)</onload>
	<controls>
		<control type="image">
			<description>shutdown</description>
			<posx>0</posx>
			<posy>0</posy>
			<width>1280</width>
			<height>720</height>
			<texture background="true">special://skin/backgrounds/shutdown.jpg</texture>
			<aspectratio>scale</aspectratio>
			<animation effect="fade" start="0" end="70" time="400">WindowOpen</animation>
			<animation effect="fade" start="70" end="0" time="400">WindowClose</animation>
		</control>
		<control type="group">
			<posx>0</posx>
			<posy>280</posy>
			<animation effect="zoom" start="400" center="640,360" time="400">WindowOpen</animation>
			<animation effect="slide" end="0,-400" acceleration="2" time="400">WindowClose</animation>
			<control type="image">
				<posx>190</posx>
				<posy>-11</posy>
				<width>900</width>
				<height>85</height>
				<texture border="32">dialog.png</texture>
				<visible>System.HasLoginScreen + System.LoggedOn</visible>
			</control>
			<control type="label">
				<description>Label control</description>
				<posx>360</posx>
				<posy>8</posy>
				<width>560</width>
				<height>45</height>
				<label>$LOCALIZE[20125] $INFO[System.ProfileName]</label>
				<align>center</align>
				<aligny>center</aligny>
				<textcolor>lightblue</textcolor>
				<font>font-25</font>
				<visible>System.HasLoginScreen + System.LoggedOn</visible>
			</control>
			<control type="image">
				<posx>190</posx>
				<posy>86</posy>
				<width>900</width>
				<height>85</height>
				<texture border="32">dialog.png</texture>
			</control>
			<control type="group">
				<posx>360</posx>
				<posy>105</posy>
				<control type="label">
					<label>20046</label>
					<include>ShutdownMenuLabel</include>
					<visible>Control.HasFocus(21) + System.IsMaster</visible>
				</control>
				<control type="label">
					<label>20045</label>
					<include>ShutdownMenuLabel</include>
					<visible>Control.HasFocus(21) + !System.IsMaster</visible>
				</control>
				<control type="label">
					<label>$LOCALIZE[20126] $INFO[System.ProfileName]</label>
					<include>ShutdownMenuLabel</include>
					<visible>Control.HasFocus(22)</visible>
				</control>
				<control type="label">
					<label>130</label>
					<include>ShutdownMenuLabel</include>
					<visible>Control.HasFocus(23)</visible>
				</control>
				<control type="label">
					<label>7</label>
					<include>ShutdownMenuLabel</include>
					<visible>Control.HasFocus(10)</visible>
				</control>
				<control type="label">
					<label>$LOCALIZE[13012] Kodi</label>
					<include>ShutdownMenuLabel</include>
					<visible>Control.HasFocus(11)</visible>
				</control>
				<control type="label">
					<label>$LOCALIZE[13313] Kodi</label>
					<include>ShutdownMenuLabel</include>
					<visible>Control.HasFocus(13)</visible>
				</control>
				<control type="label">
					<label>20150</label>
					<include>ShutdownMenuLabel</include>
					<visible>Control.HasFocus(34)</visible>
				</control>
				<control type="label">
					<label>20151</label>
					<include>ShutdownMenuLabel</include>
					<visible>Control.HasFocus(35)</visible>
				</control>
				<control type="label">
					<label>13005</label>
					<include>ShutdownMenuLabel</include>
					<visible>Control.HasFocus(36) + !Skin.HasSetting(Hide_Shutdown_Shutdown)</visible>
				</control>
				<control type="label">
					<label>13011</label>
					<include>ShutdownMenuLabel</include>
					<visible>Control.HasFocus(15)</visible>
				</control>
				<control type="label">
					<label>13010</label>
					<include>ShutdownMenuLabel</include>
					<visible>Control.HasFocus(16)</visible>
				</control>
				<control type="label">
					<label>1036</label>
					<include>ShutdownMenuLabel</include>
					<visible>Control.HasFocus(17)</visible>
				</control>
				<control type="label">
					<label>13013</label>
					<include>ShutdownMenuLabel</include>
					<visible>Control.HasFocus(18)</visible>
				</control>
				<control type="label">
					<label>5</label>
					<include>ShutdownMenuLabel</include>
					<visible>Control.HasFocus(19)</visible>
				</control>
				<control type="label">
					<label>$LOCALIZE[13391] $LOCALIZE[155]</label>
					<include>ShutdownMenuLabel</include>
					<visible>Control.HasFocus(20)</visible>
				</control>
			</control>
			<control type="image">
				<posx>190</posx>
				<posy>20</posy>
				<width>900</width>
				<height>120</height>
				<texture border="32">dialog.png</texture>
			</control>
			<control type="grouplist" id="999">
				<posx>250</posx>
				<posy>50</posy>
				<width>780</width>
				<height>60</height>
				<itemgap>0</itemgap>
				<align>center</align>
				<orientation>Horizontal</orientation>
				<control type="togglebutton" id="21">
					<description>Master mode button</description>
					<width>60</width>
					<height>60</height>
					<label>-</label>
					<altlabel>-</altlabel>
					<texturefocus>shut-master-focus.png</texturefocus>
					<texturenofocus>shut-master-nofocus.png</texturenofocus>
					<usealttexture>!System.IsMaster</usealttexture>
					<alttexturefocus>shut-nomaster-focus.png</alttexturefocus>
					<alttexturenofocus>shut-nomaster-nofocus.png</alttexturenofocus>
					<onclick>mastermode</onclick>
					<pulseonselect>yes</pulseonselect>
					<font>-</font>
					<visible>!Skin.HasSetting(Hide_Shutdown_Master) + System.HasLocks</visible>
				</control>
				<control type="button" id="22">
					<description>Profile LogOff</description>
					<width>60</width>
					<height>60</height>
					<texturefocus>shut-logoff-focus.png</texturefocus>
					<texturenofocus>shut-logoff-nofocus.png</texturenofocus>
					<onclick>dialog.close(all,true)</onclick>
					<onclick>system.logoff</onclick>
					<pulseonselect>yes</pulseonselect>
					<font>-</font>
					<label>-</label>
					<visible>!Skin.HasSetting(Hide_Shutdown_Logoff) + [System.HasLoginScreen | IntegerGreaterThan(System.ProfileCount,1)] + System.LoggedOn</visible>
				</control>
				<control type="button" id="23">
					<description>System Info button</description>
					<width>60</width>
					<height>60</height>
					<texturefocus>shut-info-focus.png</texturefocus>
					<texturenofocus>shut-info-nofocus.png</texturenofocus>
					<onclick>ActivateWindow(SystemInfo)</onclick>
					<pulseonselect>no</pulseonselect>
					<font>-</font>
					<label>-</label>
					<visible>!Skin.HasSetting(Hide_Shutdown_Info) + System.LoggedOn</visible>
				</control>
				<control type="button" id="10">
					<description>Filemanager button</description>
					<width>60</width>
					<height>60</height>
					<texturefocus>shut-filemanager-focus.png</texturefocus>
					<texturenofocus>shut-filemanager-nofocus.png</texturenofocus>
					<onclick>ActivateWindow(FileManager)</onclick>
					<pulseonselect>yes</pulseonselect>
					<font>-</font>
					<label>-</label>
					<visible>!Skin.HasSetting(Hide_Shutdown_Filemanager) + System.LoggedOn</visible>
				</control>
				<control type="button" id="11">
					<description>Exit</description>
					<width>60</width>
					<height>60</height>
					<texturefocus>shut-exit-focus.png</texturefocus>
					<texturenofocus>shut-exit-nofocus.png</texturenofocus>
					<onclick>Quit</onclick>
					<pulseonselect>yes</pulseonselect>
					<font>-</font>
					<label>-</label>
					<visible>!Skin.HasSetting(Hide_Shutdown_Exit)</visible>
				</control>
				<control type="button" id="13">
					<description>Restart</description>
					<width>60</width>
					<height>60</height>
					<texturefocus>shut-restart-focus.png</texturefocus>
					<texturenofocus>shut-restart-nofocus.png</texturenofocus>
					<onclick>RestartApp</onclick>
					<pulseonselect>yes</pulseonselect>
					<font>-</font>
					<label>-</label>
					<visible>!Skin.HasSetting(Hide_Shutdown_Restart)</visible>
				</control>
				<control type="button" id="36">
					<description>Shutdown button</description>
					<posx>0</posx>
					<posy>0</posy>
					<width>60</width>
					<height>60</height>
					<texturefocus>shut-shutdown-focus.png</texturefocus>
					<texturenofocus>shut-shutdown-nofocus.png</texturenofocus>
					<pulseonselect>yes</pulseonselect>
					<font>-</font>
					<label>-</label>
					<onclick condition="!Skin.HasSetting(Hide_Shutdown_Shutdown)">Shutdown</onclick>
					<visible>!Skin.HasSetting(Hide_Shutdown_Shutdown)</visible>
				</control>
				<control type="button" id="34">
					<description>Custom shutdowntimer button</description>
					<posx>0</posx>
					<posy>0</posy>
					<width>60</width>
					<height>60</height>
					<texturefocus>shut-timer-focus.png</texturefocus>
					<texturenofocus>shut-timer-nofocus.png</texturenofocus>
					<onclick>AlarmClock(shutdowntimer,Shutdown)</onclick>
					<pulseonselect>yes</pulseonselect>
					<font>-</font>
					<label>-</label>
					<visible>!System.HasAlarm(shutdowntimer) + !Skin.HasSetting(Hide_Shutdown_Shutdown)</visible>
				</control>
				<control type="button" id="35">
					<description>Cancel shutdowntimer button</description>
					<posx>0</posx>
					<posy>0</posy>
					<width>60</width>
					<height>60</height>
					<texturefocus>shut-timer-focus.png</texturefocus>
					<texturenofocus>shut-timer-nofocus.png</texturenofocus>
					<onclick>CancelAlarm(shutdowntimer)</onclick>
					<pulseonselect>yes</pulseonselect>
					<font>-</font>
					<label>-</label>
					<visible>System.HasAlarm(shutdowntimer) + !Skin.HasSetting(Hide_Shutdown_Shutdown)</visible>
				</control>
				<control type="button" id="15">
					<description>Suspend button</description>
					<width>60</width>
					<height>60</height>
					<texturefocus>shut-suspend-focus.png</texturefocus>
					<texturenofocus>shut-suspend-nofocus.png</texturenofocus>
					<onclick>Dialog.Close(ShutdownMenu)</onclick>
					<onclick>Suspend</onclick>
					<pulseonselect>yes</pulseonselect>
					<font>-</font>
					<label>-</label>
					<visible>!Skin.HasSetting(Hide_Shutdown_Suspend) + System.CanSuspend</visible>
				</control>
				<control type="button" id="16">
					<description>Hibernate button</description>
					<width>60</width>
					<height>60</height>
					<texturefocus>shut-hibernate-focus.png</texturefocus>
					<texturenofocus>shut-hibernate-nofocus.png</texturenofocus>
					<onclick>Dialog.Close(ShutdownMenu)</onclick>
					<onclick>Hibernate</onclick>
					<pulseonselect>yes</pulseonselect>
					<font>-</font>
					<label>-</label>
					<visible>!Skin.HasSetting(Hide_Shutdown_Hibernate) + System.CanHibernate</visible>
				</control>
				<control type="button" id="17">
					<description>Favourites button</description>
					<width>60</width>
					<height>60</height>
					<texturefocus>shut-favourites-focus.png</texturefocus>
					<texturenofocus>shut-favourites-nofocus.png</texturenofocus>
					<onclick>ActivateWindow(Favourites)</onclick>
					<pulseonselect>yes</pulseonselect>
					<font>-</font>
					<label>-</label>
					<visible>!Skin.HasSetting(Hide_Shutdown_Favourites) + System.LoggedOn</visible>
				</control>
				<control type="button" id="18">
					<description>Reboot button</description>
					<width>60</width>
					<height>60</height>
					<texturefocus>shut-reboot-focus.png</texturefocus>
					<texturenofocus>shut-reboot-nofocus.png</texturenofocus>
					<onclick>Reset</onclick>
					<pulseonselect>yes</pulseonselect>
					<font>-</font>
					<label>-</label>
					<visible>!Skin.HasSetting(Hide_Shutdown_Reboot)</visible>
				</control>
				<control type="button" id="19">
					<description>Settings button</description>
					<width>60</width>
					<height>60</height>
					<texturenofocus>shut-settings-nofocus.png</texturenofocus>
					<texturefocus>shut-settings-focus.png</texturefocus>
					<onclick>ActivateWindow(Settings)</onclick>
					<pulseonselect>yes</pulseonselect>
					<font>-</font>
					<label>-</label>
					<visible>!Skin.HasSetting(Hide_Shutdown_Settings) + System.LoggedOn</visible>
				</control>
				<control type="button" id="20">
					<description>Eject Drive button</description>
					<width>60</width>
					<height>60</height>
					<texturenofocus>shut-eject-nofocus.png</texturenofocus>
					<texturefocus>shut-eject-focus.png</texturefocus>
					<onclick>EjectTray</onclick>
					<pulseonselect>yes</pulseonselect>
					<font>-</font>
					<label>-</label>
					<visible>!Skin.HasSetting(Hide_Shutdown_Eject) + System.LoggedOn</visible>
				</control>
			</control>
			<control type="button">
				<posx>902</posx>
				<posy>12</posy>
				<width>20</width>
				<height>20</height>
				<texturefocus>close-window-focus.png</texturefocus>
				<texturenofocus>close-window-nofocus.png</texturenofocus>
				<onclick>Dialog.Close(buttonmenu)</onclick>
				<visible>Skin.HasSetting(TouchScreenMode)</visible>
			</control>
		</control>
	</controls>
</window>
