<?xml version="1.0" encoding="UTF-8"?>
<window>
	<include>dialogeffect</include>
	<coordinates>
		<posx>440</posx>
		<posy>0</posy>
	</coordinates>
	<controls>
		<control type="group">
			<visible>![Window.IsVisible(InfoDialog) | Window.IsVisible(MuteBug)]</visible>
			<control type="image">
				<posx>0</posx>
				<posy>0</posy>
				<width>400</width>
				<height>35</height>
				<texture border="16,0,16,0">popup-small.png</texture>
			</control>
			<control type="label">
				<description>Volume Label</description>
				<posx>93</posx>
				<posy>4</posy>
				<width>125</width>
				<height>25</height>
				<label>$INFO[Player.Volume]</label>
				<font>font-18</font>
				<textcolor>white</textcolor>
				<shadowcolor>black</shadowcolor>
				<align>right</align>
				<aligny>center</aligny>
			</control>
			<control type="image">
				<posx>98</posx>
				<posy>2</posy>
				<width>30</width>
				<height>30</height>
				<texture>VolumeIcon.png</texture>
			</control>
			<control type="image">
				<posx>98</posx>
				<posy>2</posy>
				<width>30</width>
				<height>30</height>
				<texture>VolumeIconLevel1.png</texture>
				<visible>IntegerGreaterThan(player.volume,33)</visible>
			</control>
			<control type="image">
				<posx>98</posx>
				<posy>2</posy>
				<width>30</width>
				<height>30</height>
				<texture>VolumeIconLevel2.png</texture>
				<visible>IntegerGreaterThan(player.volume,66)</visible>
			</control>
			<control type="image">
				<posx>98</posx>
				<posy>2</posy>
				<width>30</width>
				<height>30</height>
				<texture>VolumeIconLevel3.png</texture>
				<visible>IntegerGreaterThan(player.volume,99)</visible>
			</control>
			<control type="progress">
				<description>Progressbar</description>
				<posx>131</posx>
				<posy>9</posy>
				<width>256</width>
				<height>15</height>
				<info>Player.Volume</info>
				<visible>true</visible>
				<animation effect="fade" start="50" end="50" time="0" condition="Player.Passthrough">Conditional</animation>
			</control>
			<control type="label">
				<description>Passthrough Label</description>
				<posx>128</posx>
				<posy>3</posy>
				<width>262</width>
				<height>25</height>
				<label>[UPPERCASE][B]$LOCALIZE[29802][/B][/UPPERCASE]</label>
				<font>font-15c</font>
				<textcolor>white</textcolor>
				<shadowcolor>black</shadowcolor>
				<align>center</align>
				<aligny>center</aligny>
				<visible>Player.Passthrough</visible>
			</control>
		</control>
	</controls>
</window>
