<?xml version="1.0" encoding="UTF-8"?>
<window>
	<defaultcontrol always="true">9</defaultcontrol>
	<controls>
		<control type="image">
			<posx>0</posx>
			<posy>0</posy>
			<width>1280</width>
			<height>720</height>
			<texture>black.png</texture>
			<animation effect="fade" start="0" end="70" time="300">WindowOpen</animation>
			<animation effect="fade" start="70" end="0" time="300">WindowClose</animation>
		</control>
		<control type="group">
			<include>dialogeffect4</include>
			<control type="button">
				<posx>1240</posx>
				<posy>20</posy>
				<width>20</width>
				<height>20</height>
				<texturefocus>close-window-focus.png</texturefocus>
				<texturenofocus>close-window-nofocus.png</texturenofocus>
				<onclick>Dialog.Close(pvrguidesearch)</onclick>
				<visible>Skin.HasSetting(TouchScreenMode)</visible>
			</control>
			<control type="label">
				<description>Title value</description>
				<posx>40</posx>
				<posy>45</posy>
				<width>1200</width>
				<height>30</height>
				<align>center</align>
				<aligny>center</aligny>
				<textcolor>blue</textcolor>
				<shadowcolor>black</shadowcolor>
				<label>$LOCALIZE[19142]</label>
				<font>font-32</font>
			</control>
			<control type="image">
				<posx>40</posx>
				<posy>84</posy>
				<width>1200</width>
				<height>2</height>
				<texture>separator.png</texture>
			</control>
			<control type="label">
				<description>Search string</description>
				<posx>145</posx>
				<posy>110</posy>
				<width>1000</width>
				<height>25</height>
				<align>left</align>
				<aligny>center</aligny>
				<font>font-23</font>
				<textcolor>lightblue</textcolor>
				<label>$LOCALIZE[19133]:</label>
			</control>
			<control type="edit" id="9">
				<description>Search string</description>
				<posx>140</posx>
				<posy>140</posy>
				<width>1000</width>
				<height>30</height>
				<font>font-20</font>
				<textcolor>white</textcolor>
				<focusedcolor>white</focusedcolor>
				<shadowcolor>black</shadowcolor>
				<align>left</align>
				<onleft>25</onleft>
				<onright>26</onright>
				<onup>26</onup>
				<ondown>10</ondown>
			</control>
			<control type="textbox">
				<description>Search help</description>
				<posx>140</posx>
				<posy>187</posy>
				<width>1000</width>
				<height>98</height>
				<align>center</align>
				<font>font-19</font>
				<textcolor>lightgrey</textcolor>
				<label>$LOCALIZE[19001] $LOCALIZE[19002]</label>
			</control>
			<control type="group">
				<posy>35</posy>
				<control type="radiobutton" id="10">
					<description>Include Description</description>
					<posx>140</posx>
					<posy>240</posy>
					<height>30</height>
					<width>450</width>
					<font>font-20</font>
					<textcolor>white</textcolor>
					<focusedcolor>white</focusedcolor>
					<shadowcolor>black</shadowcolor>
					<align>left</align>
					<aligny>center</aligny>
					<label>19134</label>
					<onleft>12</onleft>
					<onright>12</onright>
					<onup>9</onup>
					<ondown>11</ondown>
				</control>
				<control type="radiobutton" id="11">
					<description>No repeat</description>
					<posx>140</posx>
					<posy>270</posy>
					<height>30</height>
					<width>450</width>
					<font>font-20</font>
					<textcolor>white</textcolor>
					<focusedcolor>white</focusedcolor>
					<shadowcolor>black</shadowcolor>
					<align>left</align>
					<aligny>center</aligny>
					<label>19135</label>
					<onleft>13</onleft>
					<onright>13</onright>
					<onup>10</onup>
					<ondown>14</ondown>
				</control>
				<control type="spincontrolex" id="12">
					<description>Min Duration</description>
					<posx>690</posx>
					<posy>240</posy>
					<width>450</width>
					<height>30</height>
					<font>font-20</font>
					<texturefocus border="7">list-focus2.png</texturefocus>
					<texturenofocus border="7">list-nofocus.png</texturenofocus>
					<label>19130</label>
					<onright>10</onright>
					<onleft>10</onleft>
					<onup>9</onup>
					<ondown>13</ondown>
				</control>
				<control type="spincontrolex" id="13">
					<description>Max Duration</description>
					<posx>690</posx>
					<posy>270</posy>
					<width>450</width>
					<height>30</height>
					<font>font-20</font>
					<texturefocus border="7">list-focus2.png</texturefocus>
					<texturenofocus border="7">list-nofocus.png</texturenofocus>
					<label>19131</label>
					<onright>11</onright>
					<onleft>11</onleft>
					<onup>12</onup>
					<ondown>16</ondown>
				</control>
				<control type="edit" id="14">
					<description>Start Date</description>
					<posx>140</posx>
					<posy>300</posy>
					<width>450</width>
					<height>30</height>
					<font>font-20</font>
					<textcolor>white</textcolor>
					<focusedcolor>white</focusedcolor>
					<shadowcolor>black</shadowcolor>
					<texturefocus border="7">list-focus2.png</texturefocus>
					<texturenofocus border="7">list-nofocus.png</texturenofocus>
					<label>19128</label>
					<onright>16</onright>
					<onleft>16</onleft>
					<onup>11</onup>
					<ondown>15</ondown>
				</control>
				<control type="edit" id="15">
					<description>Stop Date</description>
					<posx>140</posx>
					<posy>330</posy>
					<width>450</width>
					<height>30</height>
					<font>font-20</font>
					<textcolor>white</textcolor>
					<focusedcolor>white</focusedcolor>
					<shadowcolor>black</shadowcolor>
					<texturefocus border="7">list-focus2.png</texturefocus>
					<texturenofocus border="7">list-nofocus.png</texturenofocus>
					<label>19129</label>
					<onright>17</onright>
					<onleft>17</onleft>
					<onup>14</onup>
					<ondown>18</ondown>
				</control>
				<control type="edit" id="16">
					<description>Start time</description>
					<posx>690</posx>
					<posy>300</posy>
					<width>450</width>
					<height>30</height>
					<font>font-20</font>
					<textcolor>white</textcolor>
					<focusedcolor>white</focusedcolor>
					<shadowcolor>black</shadowcolor>
					<texturefocus border="7">list-focus2.png</texturefocus>
					<texturenofocus border="7">list-nofocus.png</texturenofocus>
					<label>19126</label>
					<onright>14</onright>
					<onleft>14</onleft>
					<onup>13</onup>
					<ondown>17</ondown>
				</control>
				<control type="edit" id="17">
					<description>Stop time</description>
					<posx>690</posx>
					<posy>330</posy>
					<width>450</width>
					<height>30</height>
					<font>font-20</font>
					<textcolor>white</textcolor>
					<focusedcolor>white</focusedcolor>
					<shadowcolor>black</shadowcolor>
					<texturefocus border="7">list-focus2.png</texturefocus>
					<texturenofocus border="7">list-nofocus.png</texturenofocus>
					<label>19127</label>
					<onright>15</onright>
					<onleft>15</onleft>
					<onup>16</onup>
					<ondown>19</ondown>
				</control>
				<control type="spincontrolex" id="18">
					<description>Genre</description>
					<posx>140</posx>
					<posy>360</posy>
					<width>450</width>
					<height>30</height>
					<font>font-20</font>
					<texturefocus border="7">list-focus2.png</texturefocus>
					<texturenofocus border="7">list-nofocus.png</texturenofocus>
					<label>515</label>
					<onright>19</onright>
					<onleft>19</onleft>
					<onup>15</onup>
					<ondown>20</ondown>
				</control>
				<control type="radiobutton" id="19">
					<description>avoid repeats</description>
					<posx>690</posx>
					<posy>360</posy>
					<width>450</width>
					<height>30</height>
					<font>font-20</font>
					<textcolor>white</textcolor>
					<focusedcolor>white</focusedcolor>
					<shadowcolor>black</shadowcolor>
					<align>left</align>
					<aligny>center</aligny>
					<texturefocus border="7">list-focus2.png</texturefocus>
					<texturenofocus border="7">list-nofocus.png</texturenofocus>
					<pulseonselect>no</pulseonselect>
					<label>19121</label>
					<onright>18</onright>
					<onleft>18</onleft>
					<onup>17</onup>
					<ondown>21</ondown>
				</control>
				<control type="radiobutton" id="20">
					<description>Include unknown Genres</description>
					<posx>140</posx>
					<posy>390</posy>
					<height>30</height>
					<width>450</width>
					<font>font-20</font>
					<textcolor>white</textcolor>
					<focusedcolor>white</focusedcolor>
					<shadowcolor>black</shadowcolor>
					<align>left</align>
					<aligny>center</aligny>
					<texturefocus border="7">list-focus2.png</texturefocus>
					<texturenofocus border="7">list-nofocus.png</texturenofocus>
					<pulseonselect>no</pulseonselect>
					<label>19132</label>
					<onleft>21</onleft>
					<onright>21</onright>
					<onup>18</onup>
					<ondown>22</ondown>
				</control>
				<control type="spincontrolex" id="21">
					<description>Groups</description>
					<posx>690</posx>
					<posy>390</posy>
					<width>450</width>
					<height>30</height>
					<font>font-20</font>
					<texturefocus border="7">list-focus2.png</texturefocus>
					<texturenofocus border="7">list-nofocus.png</texturenofocus>
					<label>19141</label>
					<onright>20</onright>
					<onleft>20</onleft>
					<onup>19</onup>
					<ondown>23</ondown>
				</control>
				<control type="radiobutton" id="22">
					<description>FTA only</description>
					<posx>140</posx>
					<posy>420</posy>
					<height>30</height>
					<width>450</width>
					<font>font-20</font>
					<textcolor>white</textcolor>
					<focusedcolor>white</focusedcolor>
					<shadowcolor>black</shadowcolor>
					<align>left</align>
					<aligny>center</aligny>
					<texturefocus border="7">list-focus2.png</texturefocus>
					<texturenofocus border="7">list-nofocus.png</texturenofocus>
					<pulseonselect>no</pulseonselect>
					<label>19123</label>
					<onleft>23</onleft>
					<onright>23</onright>
					<onup>20</onup>
					<ondown>24</ondown>
				</control>
				<control type="spincontrolex" id="23">
					<description>Channels</description>
					<posx>690</posx>
					<posy>420</posy>
					<width>450</width>
					<height>30</height>
					<font>font-20</font>
					<texturefocus border="7">list-focus2.png</texturefocus>
					<texturenofocus border="7">list-nofocus.png</texturenofocus>
					<label>19148</label>
					<onleft>22</onleft>
					<onright>22</onright>
					<onup>21</onup>
					<ondown>27</ondown>
				</control>
				<control type="radiobutton" id="24">
					<description>Ignore Timers</description>
					<posx>140</posx>
					<posy>450</posy>
					<height>30</height>
					<width>450</width>
					<font>font-20</font>
					<textcolor>white</textcolor>
					<focusedcolor>white</focusedcolor>
					<shadowcolor>black</shadowcolor>
					<align>left</align>
					<aligny>center</aligny>
					<texturefocus border="7">list-focus2.png</texturefocus>
					<texturenofocus border="7">list-nofocus.png</texturenofocus>
					<pulseonselect>no</pulseonselect>
					<label>19124</label>
					<onleft>27</onleft>
					<onright>27</onright>
					<onup>22</onup>
					<ondown>26</ondown>
				</control>
				<control type="radiobutton" id="27">
					<description>Ignore Recordings</description>
					<posx>690</posx>
					<posy>450</posy>
					<height>30</height>
					<width>450</width>
					<font>font-20</font>
					<textcolor>white</textcolor>
					<focusedcolor>white</focusedcolor>
					<shadowcolor>black</shadowcolor>
					<align>left</align>
					<aligny>center</aligny>
					<texturefocus border="7">list-focus2.png</texturefocus>
					<texturenofocus border="7">list-nofocus.png</texturenofocus>
					<pulseonselect>no</pulseonselect>
					<label>19125</label>
					<onleft>24</onleft>
					<onright>24</onright>
					<onup>23</onup>
					<ondown>26</ondown>
				</control>
			</control>
			<control type="image">
				<posx>40</posx>
				<posy>620</posy>
				<width>1200</width>
				<height>2</height>
				<texture>separator.png</texture>
			</control>
			<control type="group" id="9000">
				<control type="button" id="28">
					<description>Defaults button</description>
					<posx>340</posx>
					<posy>650</posy>
					<width>200</width>
					<height>35</height>
					<font>font-20</font>
					<textcolor>white</textcolor>
					<focusedcolor>white</focusedcolor>
					<shadowcolor>black</shadowcolor>
					<align>center</align>
					<aligny>center</aligny>
					<texturefocus border="7">button-nofocus.png</texturefocus>
					<texturenofocus border="7">button-nofocus.png</texturenofocus>
					<label>409</label>
					<onleft>26</onleft>
					<onright>25</onright>
					<onup>24</onup>
					<ondown>9</ondown>
				</control>
				<control type="button" id="25">
					<description>Cancel button</description>
					<posx>540</posx>
					<posy>650</posy>
					<width>200</width>
					<height>35</height>
					<font>font-20</font>
					<textcolor>white</textcolor>
					<focusedcolor>white</focusedcolor>
					<shadowcolor>black</shadowcolor>
					<align>center</align>
					<aligny>center</aligny>
					<texturefocus border="7">button-nofocus.png</texturefocus>
					<texturenofocus border="7">button-nofocus.png</texturenofocus>
					<label>222</label>
					<onleft>28</onleft>
					<onright>26</onright>
					<onup>27</onup>
					<ondown>9</ondown>
				</control>
				<control type="button" id="26">
					<description>Search button</description>
					<posx>740</posx>
					<posy>650</posy>
					<width>200</width>
					<height>35</height>
					<font>font-20</font>
					<textcolor>white</textcolor>
					<focusedcolor>white</focusedcolor>
					<shadowcolor>black</shadowcolor>
					<align>center</align>
					<aligny>center</aligny>
					<texturefocus border="7">button-nofocus.png</texturefocus>
					<texturenofocus border="7">button-nofocus.png</texturenofocus>
					<label>137</label>
					<onleft>25</onleft>
					<onright>28</onright>
					<onup>27</onup>
					<ondown>9</ondown>
				</control>
			</control>
			<control type="image">
				<posx>340</posx>
				<posy>650</posy>
				<width>200</width>
				<height>35</height>
				<texture border="7">button-focus.png</texture>
				<animation effect="slide" start="0,0" end="200,0" time="200" condition="Control.HasFocus(25)">Conditional</animation>
				<animation effect="slide" start="0,0" end="400,0" time="200" condition="Control.HasFocus(26)">Conditional</animation>
				<animation effect="fade" start="70" end="100" time="750" pulse="true" condition="true">Conditional</animation>
				<visible>Control.HasFocus(28) | Control.HasFocus(25) | Control.HasFocus(26)</visible>
			</control>
		</control>
	</controls>
</window>
