<?xml version="1.0" encoding="UTF-8"?>
<window>
	<defaultcontrol always="true">450</defaultcontrol>
	<controls>
		<control type="image">
			<posx>0</posx>
			<posy>0</posy>
			<width>1280</width>
			<height>720</height>
			<texture>black.png</texture>
			<animation effect="fade" start="0" end="70" time="300">WindowOpen</animation>
			<animation effect="fade" start="70" end="0" time="300">WindowClose</animation>
		</control>
		<control type="group">
			<include>dialogeffect</include>
			<control type="button">
				<posx>1240</posx>
				<posy>20</posy>
				<width>20</width>
				<height>20</height>
				<texturefocus>close-window-focus.png</texturefocus>
				<texturenofocus>close-window-nofocus.png</texturenofocus>
				<onclick>Dialog.Close(favourites)</onclick>
				<visible>Skin.HasSetting(TouchScreenMode)</visible>
			</control>
			<control type="label">
				<description>heading label</description>
				<posx>40</posx>
				<posy>45</posy>
				<width>1200</width>
				<height>30</height>
				<align>center</align>
				<aligny>center</aligny>
				<textcolor>blue</textcolor>
				<shadowcolor>black</shadowcolor>
				<label>$LOCALIZE[1036]</label>
				<font>font-32</font>
			</control>
			<control type="image">
				<posx>40</posx>
				<posy>84</posy>
				<width>1200</width>
				<height>2</height>
				<texture>separator.png</texture>
			</control>
			<control type="image">
				<posx>40</posx>
				<posy>634</posy>
				<width>1200</width>
				<height>2</height>
				<texture>separator.png</texture>
			</control>
			<control type="list" id="450">
				<posx>200</posx>
				<posy>150</posy>
				<width>450</width>
				<height>408</height>
				<onup>450</onup>
				<onleft>450</onleft>
				<onright>61</onright>
				<ondown>450</ondown>
				<pagecontrol>61</pagecontrol>
				<scrolltime>200</scrolltime>
				<preloaditems>2</preloaditems>
				<itemlayout width="450" height="29">
					<control type="image">
						<posx>0</posx>
						<posy>0</posy>
						<width>450</width>
						<height>30</height>
						<texture border="7">list-nofocus.png</texture>
					</control>
					<control type="label">
						<posx>10</posx>
						<posy>0</posy>
						<width>430</width>
						<height>30</height>
						<font>font-20</font>
						<align>left</align>
						<aligny>center</aligny>
						<selectedcolor>blue</selectedcolor>
						<label>$INFO[ListItem.Label]</label>
					</control>
				</itemlayout>
				<focusedlayout width="450" height="29">
					<control type="image">
						<posx>0</posx>
						<posy>0</posy>
						<width>450</width>
						<height>30</height>
						<texture border="7">list-nofocus.png</texture>
					</control>
					<control type="image">
						<posx>0</posx>
						<posy>0</posy>
						<width>450</width>
						<height>30</height>
						<visible>Control.HasFocus(450)</visible>
						<texture border="7">list-focus2.png</texture>
						<include>ListFocusScroll3</include>
					</control>
					<control type="label">
						<posx>10</posx>
						<posy>0</posy>
						<width>430</width>
						<height>30</height>
						<font>font-20</font>
						<align>left</align>
						<aligny>center</aligny>
						<selectedcolor>blue</selectedcolor>
						<label>$INFO[ListItem.Label]</label>
					</control>
				</focusedlayout>
			</control>
			<control type="scrollbar" id="61">
				<posx>660</posx>
				<posy>150</posy>
				<width>20</width>
				<height>410</height>
				<texturesliderbackground border="0,10,0,10">scrollbar-back.png</texturesliderbackground>
				<texturesliderbar border="0,10,0,10">scrollbar-front-nofocus.png</texturesliderbar>
				<texturesliderbarfocus border="0,10,0,10">scrollbar-front.png</texturesliderbarfocus>
				<textureslidernib>scrollbar-nib-nofocus.png</textureslidernib>
				<textureslidernibfocus>scrollbar-nib.png</textureslidernibfocus>
				<onleft>450</onleft>
				<onright>450</onright>
				<showonepage>false</showonepage>
				<orientation>vertical</orientation>
			</control>
			<control type="image">
				<posx>690</posx>
				<posy>150</posy>
				<width>408</width>
				<height>408</height>
				<aspectratio scalediffuse="true">keep</aspectratio>
				<texture fallback="DefaultFolder.png" diffuse="thumb-diffuse.png" background="true">$INFO[Container(450).ListItem.Icon]</texture>
				<fadetime>IconCrossfadeTime</fadetime>
			</control>
			<include>CommonFileCount2</include>
		</control>
	</controls>
</window>
