<?xml version="1.0" encoding="UTF-8"?>
<window>
	<defaultcontrol>29</defaultcontrol>
	<controls>
		<control type="image">
			<posx>0</posx>
			<posy>0</posy>
			<width>1280</width>
			<height>720</height>
			<texture>black.png</texture>
			<animation effect="fade" start="0" end="70" time="300">WindowOpen</animation>
			<animation effect="fade" start="70" end="0" time="300">WindowClose</animation>
			<visible>!Window.IsVisible(DialogPVRChannelManager.xml)</visible>
		</control>
		<control type="group">
			<include>dialogeffect4</include>
			<control type="button">
				<posx>1240</posx>
				<posy>20</posy>
				<width>20</width>
				<height>20</height>
				<texturefocus>close-window-focus.png</texturefocus>
				<texturenofocus>close-window-nofocus.png</texturenofocus>
				<onclick>Dialog.Close(pvrgroupmanager)</onclick>
				<visible>Skin.HasSetting(TouchScreenMode)</visible>
			</control>
			<control type="label">
				<description>Item Title value</description>
				<posx>40</posx>
				<posy>15</posy>
				<width>1200</width>
				<height>30</height>
				<align>center</align>
				<aligny>center</aligny>
				<textcolor>blue</textcolor>
				<label>19143</label>
				<font>font-32</font>
			</control>
			<control type="image">
				<posx>0</posx>
				<posy>54</posy>
				<width>1280</width>
				<height>2</height>
				<texture>separator.png</texture>
			</control>
			<control type="group">
				<description>Channels</description>
				<control type="label">
					<description>name label</description>
					<posx>140</posx>
					<posy>60</posy>
					<width>450</width>
					<height>35</height>
					<font>font-23</font>
					<label>19144</label>
					<align>center</align>
					<aligny>center</aligny>
					<textcolor>lightblue</textcolor>
				</control>
				<control type="list" id="11">
					<posx>140</posx>
					<posy>98</posy>
					<width>450</width>
					<height>291</height>
					<onup>11</onup>
					<ondown>11</ondown>
					<onleft>29</onleft>
					<onright>60</onright>
					<pagecontrol>60</pagecontrol>
					<scrolltime>200</scrolltime>
					<itemlayout width="450" height="29">
						<control type="image">
							<posx>0</posx>
							<posy>0</posy>
							<width>450</width>
							<height>30</height>
							<texture border="7">list-nofocus.png</texture>
						</control>
						<control type="image">
							<posx>0</posx>
							<posy>4</posy>
							<width>22</width>
							<height>22</height>
							<texture>$INFO[ListItem.Icon]</texture>
							<aspectratio>keep</aspectratio>
						</control>
						<control type="label">
							<posx>0</posx>
							<posy>0</posy>
							<width>60</width>
							<height>30</height>
							<font>font-20</font>
							<align>right</align>
							<aligny>center</aligny>
							<selectedcolor>blue</selectedcolor>
							<label>$INFO[ListItem.ChannelNumberLabel]</label>
						</control>
						<control type="label">
							<posx>70</posx>
							<posy>0</posy>
							<width>360</width>
							<height>30</height>
							<font>font-20</font>
							<align>left</align>
							<aligny>center</aligny>
							<selectedcolor>blue</selectedcolor>
							<label>$INFO[ListItem.ChannelName]</label>
						</control>
					</itemlayout>
					<focusedlayout width="450" height="29">
						<control type="image">
							<posx>0</posx>
							<posy>0</posy>
							<width>450</width>
							<height>30</height>
							<texture border="7">list-nofocus.png</texture>
						</control>
						<control type="image">
							<posx>0</posx>
							<posy>0</posy>
							<width>450</width>
							<height>30</height>
							<include>ListFocusScroll26</include>
							<texture border="7">list-focus2.png</texture>
							<visible>Control.HasFocus(11)</visible>
						</control>
						<control type="image">
							<posx>0</posx>
							<posy>4</posy>
							<width>22</width>
							<height>22</height>
							<texture>$INFO[ListItem.Icon]</texture>
							<aspectratio>keep</aspectratio>
						</control>
						<control type="label">
							<posx>0</posx>
							<posy>0</posy>
							<width>60</width>
							<height>30</height>
							<font>font-20</font>
							<align>right</align>
							<aligny>center</aligny>
							<selectedcolor>blue</selectedcolor>
							<label>$INFO[ListItem.ChannelNumberLabel]</label>
						</control>
						<control type="label">
							<posx>70</posx>
							<posy>0</posy>
							<width>360</width>
							<height>30</height>
							<font>font-20</font>
							<align>left</align>
							<aligny>center</aligny>
							<selectedcolor>blue</selectedcolor>
							<label>$INFO[ListItem.ChannelName]</label>
						</control>
					</focusedlayout>
				</control>
				<control type="scrollbar" id="60">
					<posx>600</posx>
					<posy>98</posy>
					<width>20</width>
					<height>293</height>
					<texturesliderbackground border="0,10,0,10">scrollbar-back.png</texturesliderbackground>
					<texturesliderbar border="0,10,0,10">scrollbar-front-nofocus.png</texturesliderbar>
					<texturesliderbarfocus border="0,10,0,10">scrollbar-front.png</texturesliderbarfocus>
					<textureslidernib>scrollbar-nib-nofocus.png</textureslidernib>
					<textureslidernibfocus>scrollbar-nib.png</textureslidernibfocus>
					<onleft>11</onleft>
					<onright>12</onright>
					<ondown>60</ondown>
					<onup>60</onup>
					<showonepage>false</showonepage>
					<orientation>vertical</orientation>
				</control>
			</control>
			<control type="group">
				<description>Channels in Group</description>
				<control type="label">
					<posx>690</posx>
					<posy>60</posy>
					<width>450</width>
					<height>35</height>
					<font>font-23</font>
					<label>19145</label>
					<align>center</align>
					<aligny>center</aligny>
					<textcolor>lightblue</textcolor>
				</control>
				<control type="list" id="12">
					<posx>690</posx>
					<posy>98</posy>
					<width>450</width>
					<height>291</height>
					<onup>12</onup>
					<ondown>12</ondown>
					<onleft>11</onleft>
					<onright>61</onright>
					<pagecontrol>61</pagecontrol>
					<scrolltime>200</scrolltime>
					<itemlayout width="450" height="29">
						<control type="image">
							<posx>0</posx>
							<posy>0</posy>
							<width>450</width>
							<height>30</height>
							<texture border="7">list-nofocus.png</texture>
						</control>
						<control type="image">
							<posx>0</posx>
							<posy>4</posy>
							<width>22</width>
							<height>22</height>
							<texture>$INFO[ListItem.Icon]</texture>
							<aspectratio>keep</aspectratio>
						</control>
						<control type="label">
							<posx>0</posx>
							<posy>0</posy>
							<width>60</width>
							<height>30</height>
							<font>font-20</font>
							<align>right</align>
							<aligny>center</aligny>
							<selectedcolor>blue</selectedcolor>
							<label>$INFO[ListItem.ChannelNumberLabel]</label>
						</control>
						<control type="label">
							<posx>70</posx>
							<posy>0</posy>
							<width>360</width>
							<height>30</height>
							<font>font-20</font>
							<align>left</align>
							<aligny>center</aligny>
							<selectedcolor>blue</selectedcolor>
							<label>$INFO[ListItem.ChannelName]</label>
						</control>
					</itemlayout>
					<focusedlayout width="450" height="29">
						<control type="image">
							<posx>0</posx>
							<posy>0</posy>
							<width>450</width>
							<height>30</height>
							<texture border="7">list-nofocus.png</texture>
						</control>
						<control type="image">
							<posx>0</posx>
							<posy>0</posy>
							<width>450</width>
							<height>30</height>
							<include>ListFocusScroll27</include>
							<texture border="7">list-focus2.png</texture>
							<visible>Control.HasFocus(12)</visible>
						</control>
						<control type="image">
							<posx>0</posx>
							<posy>4</posy>
							<width>22</width>
							<height>22</height>
							<texture>$INFO[ListItem.Icon]</texture>
							<aspectratio>keep</aspectratio>
						</control>
						<control type="label">
							<posx>0</posx>
							<posy>0</posy>
							<width>60</width>
							<height>30</height>
							<font>font-20</font>
							<align>right</align>
							<aligny>center</aligny>
							<selectedcolor>blue</selectedcolor>
							<label>$INFO[ListItem.ChannelNumberLabel]</label>
						</control>
						<control type="label">
							<posx>70</posx>
							<posy>0</posy>
							<width>360</width>
							<height>30</height>
							<font>font-20</font>
							<align>left</align>
							<aligny>center</aligny>
							<selectedcolor>blue</selectedcolor>
							<label>$INFO[ListItem.ChannelName]</label>
						</control>
					</focusedlayout>
				</control>
				<control type="scrollbar" id="61">
					<posx>1150</posx>
					<posy>98</posy>
					<width>20</width>
					<height>293</height>
					<texturesliderbackground border="0,10,0,10">scrollbar-back.png</texturesliderbackground>
					<texturesliderbar border="0,10,0,10">scrollbar-front-nofocus.png</texturesliderbar>
					<texturesliderbarfocus border="0,10,0,10">scrollbar-front.png</texturesliderbarfocus>
					<textureslidernib>scrollbar-nib-nofocus.png</textureslidernib>
					<textureslidernibfocus>scrollbar-nib.png</textureslidernibfocus>
					<onleft>12</onleft>
					<onright>13</onright>
					<ondown>61</ondown>
					<onup>61</onup>
					<showonepage>false</showonepage>
					<orientation>vertical</orientation>
				</control>
			</control>
			<control type="image">
				<posx>0</posx>
				<posy>420</posy>
				<width>1280</width>
				<height>2</height>
				<texture>separator.png</texture>
			</control>
			<control type="group">
				<description>Groups</description>
				<control type="label">
					<description>name label</description>
					<posx>415</posx>
					<posy>440</posy>
					<width>450</width>
					<height>35</height>
					<font>font-23</font>
					<label>19146</label>
					<align>center</align>
					<aligny>center</aligny>
					<textcolor>lightblue</textcolor>
				</control>
				<control type="list" id="13">
					<posx>415</posx>
					<posy>478</posy>
					<width>450</width>
					<height>146</height>
					<onup>13</onup>
					<ondown>29</ondown>
					<onleft>12</onleft>
					<onright>62</onright>
					<pagecontrol>62</pagecontrol>
					<scrolltime>200</scrolltime>
					<itemlayout width="450" height="29">
						<control type="image">
							<posx>0</posx>
							<posy>0</posy>
							<width>450</width>
							<height>30</height>
							<texture border="7">list-nofocus.png</texture>
						</control>
						<control type="label">
							<posx>10</posx>
							<posy>0</posy>
							<width>430</width>
							<height>30</height>
							<font>font-20</font>
							<align>left</align>
							<aligny>center</aligny>
							<selectedcolor>green</selectedcolor>
							<label>$INFO[ListItem.Label]</label>
						</control>
					</itemlayout>
					<focusedlayout width="450" height="29">
						<control type="image">
							<posx>0</posx>
							<posy>0</posy>
							<width>450</width>
							<height>30</height>
							<texture border="7">list-nofocus.png</texture>
						</control>
						<control type="image">
							<posx>0</posx>
							<posy>0</posy>
							<width>450</width>
							<height>30</height>
							<include>ListFocusScroll28</include>
							<texture border="7">list-focus2.png</texture>
							<visible>Control.HasFocus(13)</visible>
						</control>
						<control type="label">
							<posx>10</posx>
							<posy>0</posy>
							<width>430</width>
							<height>30</height>
							<font>font-20</font>
							<align>left</align>
							<aligny>center</aligny>
							<selectedcolor>green</selectedcolor>
							<label>$INFO[ListItem.Label]</label>
						</control>
					</focusedlayout>
				</control>
				<control type="scrollbar" id="62">
					<posx>875</posx>
					<posy>475</posy>
					<width>20</width>
					<height>148</height>
					<texturesliderbackground border="0,10,0,10">scrollbar-back.png</texturesliderbackground>
					<texturesliderbar border="0,10,0,10">scrollbar-front-nofocus.png</texturesliderbar>
					<texturesliderbarfocus border="0,10,0,10">scrollbar-front.png</texturesliderbarfocus>
					<textureslidernib>scrollbar-nib-nofocus.png</textureslidernib>
					<textureslidernibfocus>scrollbar-nib.png</textureslidernibfocus>
					<onleft>13</onleft>
					<onright>29</onright>
					<ondown>62</ondown>
					<onup>62</onup>
					<showonepage>false</showonepage>
					<orientation>vertical</orientation>
				</control>
			</control>
			<control type="image">
				<posx>0</posx>
				<posy>650</posy>
				<width>1280</width>
				<height>2</height>
				<texture>separator.png</texture>
			</control>
			<control type="group">
				<control type="button" id="29">
					<description>Ok button</description>
					<posx>140</posx>
					<posy>670</posy>
					<width>200</width>
					<height>35</height>
					<font>font-20</font>
					<textcolor>white</textcolor>
					<focusedcolor>white</focusedcolor>
					<shadowcolor>black</shadowcolor>
					<align>center</align>
					<aligny>center</aligny>
					<texturefocus border="7">button-nofocus.png</texturefocus>
					<texturenofocus border="7">button-nofocus.png</texturenofocus>
					<label>186</label>
					<onleft>25</onleft>
					<onright>26</onright>
					<onup>13</onup>
					<ondown>11</ondown>
				</control>
				<control type="button" id="26">
					<posx>340</posx>
					<posy>670</posy>
					<description>Add button</description>
					<width>200</width>
					<height>35</height>
					<font>font-20</font>
					<textcolor>white</textcolor>
					<focusedcolor>white</focusedcolor>
					<shadowcolor>black</shadowcolor>
					<align>center</align>
					<aligny>center</aligny>
					<texturefocus border="7">button-nofocus.png</texturefocus>
					<texturenofocus border="7">button-nofocus.png</texturenofocus>
					<label>15019</label>
					<onleft>29</onleft>
					<onright>27</onright>
					<onup>13</onup>
					<ondown>11</ondown>
				</control>
				<control type="button" id="27">
					<description>Rename button</description>
					<posx>540</posx>
					<posy>670</posy>
					<width>200</width>
					<height>35</height>
					<font>font-20</font>
					<textcolor>white</textcolor>
					<focusedcolor>white</focusedcolor>
					<shadowcolor>black</shadowcolor>
					<align>center</align>
					<aligny>center</aligny>
					<texturefocus border="7">button-nofocus.png</texturefocus>
					<texturenofocus border="7">button-nofocus.png</texturenofocus>
					<label>118</label>
					<onleft>26</onleft>
					<onright>28</onright>
					<onup>13</onup>
					<ondown>11</ondown>
				</control>
				<control type="button" id="28">
					<description>Delete button</description>
					<posx>740</posx>
					<posy>670</posy>
					<width>200</width>
					<height>35</height>
					<font>font-20</font>
					<textcolor>white</textcolor>
					<focusedcolor>white</focusedcolor>
					<shadowcolor>black</shadowcolor>
					<align>center</align>
					<aligny>center</aligny>
					<texturefocus border="7">button-nofocus.png</texturefocus>
					<texturenofocus border="7">button-nofocus.png</texturenofocus>
					<label>117</label>
					<onleft>27</onleft>
					<onright>25</onright>
					<onup>13</onup>
					<ondown>11</ondown>
				</control>
				<control type="radiobutton" id="25">
					<description>Hide button</description>
					<posx>940</posx>
					<posy>670</posy>
					<width>200</width>
					<height>35</height>
					<font>font-20</font>
					<textcolor>white</textcolor>
					<focusedcolor>white</focusedcolor>
					<shadowcolor>black</shadowcolor>
					<align>center</align>
					<aligny>center</aligny>
					<texturefocus border="7">button-nofocus.png</texturefocus>
					<texturenofocus border="7">button-nofocus.png</texturenofocus>
					<label>$LOCALIZE[19289]</label>
					<onleft>28</onleft>
					<onright>29</onright>
					<onup>13</onup>
					<ondown>11</ondown>
				</control>
				<control type="image">
					<posx>140</posx>
					<posy>670</posy>
					<width>200</width>
					<height>35</height>
					<texture border="7">button-focus.png</texture>
					<animation effect="slide" start="0,0" end="200,0" time="200" condition="Control.HasFocus(26)">Conditional</animation>
					<animation effect="slide" start="0,0" end="400,0" time="200" condition="Control.HasFocus(27)">Conditional</animation>
					<animation effect="slide" start="0,0" end="600,0" time="200" condition="Control.HasFocus(28)">Conditional</animation>
					<animation effect="slide" start="0,0" end="800,0" time="200" condition="Control.HasFocus(25)">Conditional</animation>
					<visible>Control.HasFocus(29) | Control.HasFocus(26) | Control.HasFocus(27) | Control.HasFocus(28) | Control.HasFocus(25)</visible>
				</control>
			</control>
		</control>
	</controls>
</window>
