<?xml version="1.0" encoding="UTF-8"?>
<window>
	<defaultcontrol always="true">9000</defaultcontrol>
	<controls>
		<control type="image">
			<posx>0</posx>
			<posy>0</posy>
			<width>1280</width>
			<height>720</height>
			<texture>black.png</texture>
			<animation effect="fade" start="0" end="70" time="300">WindowOpen</animation>
			<animation effect="fade" start="70" end="0" time="300">WindowClose</animation>
		</control>
		<control type="group">
			<include>dialogeffect4</include>
			<include>DialogFade5</include>
			<control type="button">
				<posx>1240</posx>
				<posy>20</posy>
				<width>20</width>
				<height>20</height>
				<texturefocus>close-window-focus.png</texturefocus>
				<texturenofocus>close-window-nofocus.png</texturenofocus>
				<onclick>Dialog.Close(addoninformation)</onclick>
				<visible>Skin.HasSetting(TouchScreenMode)</visible>
			</control>
			<control type="label">
				<description>Item Title value</description>
				<posx>40</posx>
				<posy>45</posy>
				<width>1200</width>
				<height>30</height>
				<align>center</align>
				<aligny>center</aligny>
				<textcolor>blue</textcolor>
				<shadowcolor>black</shadowcolor>
				<label>$LOCALIZE[29900]</label>
				<font>font-32</font>
			</control>
			<control type="group" id="9000">
				<posx>3</posx>
				<posy>660</posy>
				<control type="button" id="10">
					<description>OK</description>
					<posx>546</posx>
					<posy>0</posy>
					<width>182</width>
					<height>35</height>
					<label>186</label>
					<font>font-20</font>
					<textcolor>white</textcolor>
					<focusedcolor>white</focusedcolor>
					<shadowcolor>black</shadowcolor>
					<align>center</align>
					<aligny>center</aligny>
					<texturenofocus border="7">button-nofocus.png</texturenofocus>
				</control>
			</control>
			<control type="group">
				<include>VisibleFadeEffect</include>
				<control type="list" id="49">
					<posx>100</posx>
					<posy>80</posy>
					<width>1080</width>
					<height>560</height>
					<onleft>49</onleft>
					<onright>49</onright>
					<onup>61</onup>
					<ondown>9000</ondown>
					<pagecontrol>-</pagecontrol>
					<scrolltime>200</scrolltime>
					<itemlayout width="1080" height="29">
						<control type="image">
							<posx>0</posx>
							<posy>0</posy>
							<width>1080</width>
							<height>30</height>
							<texture border="7">list-nofocus.png</texture>
							<include>VisibleFadeEffect</include>
						</control>
						<control type="label">
							<posx>10</posx>
							<posy>0</posy>
							<width>210</width>
							<height>30</height>
							<font>font-20</font>
							<align>right</align>
							<aligny>center</aligny>
							<textcolor>lightblue</textcolor>
							<selectedcolor>white</selectedcolor>
							<label>$INFO[ListItem.Label]</label>
						</control>
						<control type="label">
							<posx>235</posx>
							<posy>0</posy>
							<width>835</width>
							<height>30</height>
							<font>font-20</font>
							<align>left</align>
							<aligny>center</aligny>
							<textcolor>white</textcolor>
							<selectedcolor>white</selectedcolor>
							<label>$INFO[ListItem.Label2]</label>
						</control>
					</itemlayout>
					<focusedlayout width="1080" height="29">
						<control type="image">
							<posx>0</posx>
							<posy>0</posy>
							<width>1080</width>
							<height>30</height>
							<texture border="7">list-nofocus.png</texture>
							<include>VisibleFadeEffect</include>
						</control>
						<control type="image">
							<posx>0</posx>
							<posy>0</posy>
							<width>1080</width>
							<height>30</height>
							<texture border="7">list-focus2.png</texture>
							<include>VisibleFadeEffect</include>
							<visible>Control.HasFocus(49)</visible>
							<include>ListFocusScroll22</include>
						</control>
						<control type="label">
							<posx>10</posx>
							<posy>0</posy>
							<width>210</width>
							<height>30</height>
							<font>font-20</font>
							<align>right</align>
							<aligny>center</aligny>
							<textcolor>lightblue</textcolor>
							<selectedcolor>white</selectedcolor>
							<label>$INFO[ListItem.Label]</label>
						</control>
						<control type="label">
							<posx>235</posx>
							<posy>0</posy>
							<width>835</width>
							<height>30</height>
							<font>font-20</font>
							<align>left</align>
							<aligny>center</aligny>
							<textcolor>white</textcolor>
							<selectedcolor>white</selectedcolor>
							<label>$INFO[ListItem.Label2]</label>
						</control>
					</focusedlayout>
					<content>
						<item>
							<label>$LOCALIZE[557]:</label>
							<label2>$INFO[RDS.Artist]</label2>
							<onclick>noop</onclick>
							<visible>IsEmpty(RDS.Band)</visible>
						</item>
						<item>
							<label>$LOCALIZE[29901]:</label>
							<label2>$INFO[RDS.Band]</label2>
							<onclick>noop</onclick>
							<visible>!IsEmpty(RDS.Band)</visible>
						</item>
						<item>
							<label>$LOCALIZE[556]:</label>
							<label2>$INFO[RDS.Title]</label2>
							<onclick>noop</onclick>
							<visible>!IsEmpty(RDS.Title)</visible>
						</item>
						<item>
							<label>$LOCALIZE[558]:</label>
							<label2>$INFO[RDS.Album]</label2>
							<onclick>noop</onclick>
							<visible>!IsEmpty(RDS.Album)</visible>
						</item>
						<item>
							<label>$LOCALIZE[569]:</label>
							<label2>$INFO[RDS.Comment]</label2>
							<onclick>noop</onclick>
							<visible>!IsEmpty(RDS.Comment)</visible>
						</item>
						<item>
							<label>$LOCALIZE[29903]:</label>
							<label2>$INFO[RDS.Composer]</label2>
							<onclick>noop</onclick>
							<visible>!IsEmpty(RDS.Composer)</visible>
						</item>
						<item>
							<label>$LOCALIZE[29905]:</label>
							<label2>$INFO[RDS.Conductor]</label2>
							<onclick>noop</onclick>
							<visible>!IsEmpty(RDS.Conductor)</visible>
						</item>
						<item>
							<label>$LOCALIZE[29902]:</label>
							<label2>$INFO[RDS.ProgStyle]</label2>
							<onclick>noop</onclick>
							<visible>!IsEmpty(RDS.ProgStyle)</visible>
						</item>
						<item>
							<label>$LOCALIZE[29906]:</label>
							<label2>$INFO[RDS.ProgHost]</label2>
							<onclick>noop</onclick>
							<visible>!IsEmpty(RDS.ProgHost)</visible>
						</item>
						<item>
							<label>$LOCALIZE[19148]:</label>
							<label2>$INFO[RDS.ProgStation]</label2>
							<onclick>noop</onclick>
							<visible>!IsEmpty(RDS.ProgStation)</visible>
						</item>
						<item>
							<label>$LOCALIZE[29907]:</label>
							<label2>$INFO[RDS.ProgEditStaff]</label2>
							<onclick>noop</onclick>
							<visible>!IsEmpty(RDS.ProgEditStaff)</visible>
						</item>
						<item>
							<label>$LOCALIZE[19030]:</label>
							<label2>$INFO[RDS.ProgNow]</label2>
							<onclick>noop</onclick>
							<visible>!IsEmpty(RDS.ProgNow)</visible>
						</item>
						<item>
							<label>$LOCALIZE[19031]:</label>
							<label2>$INFO[RDS.ProgNext]</label2>
							<onclick>noop</onclick>
							<visible>!IsEmpty(RDS.ProgNext)</visible>
						</item>
						<item>
							<label>$LOCALIZE[29910]:</label>
							<label2>$INFO[RDS.PhoneStudio]</label2>
							<onclick>noop</onclick>
							<visible>!IsEmpty(RDS.PhoneStudio)</visible>
						</item>
						<item>
							<label>$LOCALIZE[29911]:</label>
							<label2>$INFO[RDS.EmailStudio]</label2>
							<onclick>noop</onclick>
							<visible>!IsEmpty(RDS.EmailStudio)</visible>
						</item>
						<item>
							<label>$LOCALIZE[29912]:</label>
							<label2>$INFO[RDS.SMSStudio]</label2>
							<onclick>noop</onclick>
							<visible>!IsEmpty(RDS.SMSStudio)</visible>
						</item>
						<item>
							<label>$LOCALIZE[29914]:</label>
							<label2>$INFO[RDS.ProgHomepage]</label2>
							<onclick>noop</onclick>
							<visible>!IsEmpty(RDS.ProgHomepage)</visible>
						</item>
						<item>
							<label>$LOCALIZE[29910]:</label>
							<label2>$INFO[RDS.PhoneHotline]</label2>
							<onclick>noop</onclick>
							<visible>!IsEmpty(RDS.PhoneHotline)</visible>
						</item>
						<item>
							<label>$LOCALIZE[29911]:</label>
							<label2>$INFO[RDS.EmailHotline]</label2>
							<onclick>noop</onclick>
							<visible>!IsEmpty(RDS.EmailHotline)</visible>
						</item>
					</content>
				</control>
			</control>
		</control>
	</controls>
</window>
