<?xml version="1.0" encoding="UTF-8"?>
<window>
	<defaultcontrol>9000</defaultcontrol>
	<controls>
		<control type="image">
			<posx>0</posx>
			<posy>0</posy>
			<width>1280</width>
			<height>720</height>
			<texture>black.png</texture>
			<animation effect="fade" start="0" end="70" time="300">WindowOpen</animation>
			<animation effect="fade" start="70" end="0" time="300">WindowClose</animation>
			<visible>!Window.IsVisible(DialogPVRChannelManager.xml)</visible>
		</control>
		<control type="group">
			<include>dialogeffect4</include>
			<control type="button">
				<posx>1240</posx>
				<posy>20</posy>
				<width>20</width>
				<height>20</height>
				<texturefocus>close-window-focus.png</texturefocus>
				<texturenofocus>close-window-nofocus.png</texturenofocus>
				<onclick>Dialog.Close(pvrgroupmanager)</onclick>
				<visible>Skin.HasSetting(TouchScreenMode)</visible>
			</control>
			<control type="label">
				<description>Title value</description>
				<posx>40</posx>
				<posy>15</posy>
				<width>1200</width>
				<height>30</height>
				<align>center</align>
				<aligny>center</aligny>
				<textcolor>blue</textcolor>
				<label>$LOCALIZE[15020]</label>
				<font>font-32</font>
			</control>
			<control type="image">
				<posx>0</posx>
				<posy>100</posy>
				<width>1280</width>
				<height>2</height>
				<texture>separator.png</texture>
			</control>
			<control type="list" id="9000">
				<posx>15</posx>
				<posy>60</posy>
				<width>1250</width>
				<height>35</height>
				<scrolltime>200</scrolltime>
				<orientation>horizontal</orientation>
				<ondown>200</ondown>
				<onup>22</onup>
				<itemlayout width="250" height="35">
					<control type="image">
						<left>0</left>
						<top>0</top>
						<width>250</width>
						<height>35</height>
						<texture border="7">button-nofocus.png</texture>
					</control>
					<control type="label">
						<posx>5</posx>
						<posy>0</posy>
						<width>240</width>
						<height>35</height>
						<font>font-20</font>
						<aligny>center</aligny>
						<align>center</align>
						<label>$INFO[ListItem.Label]</label>
						<scroll>false</scroll>
						<scrollspeed>0</scrollspeed>
					</control>
				</itemlayout>
				<focusedlayout width="250" height="35">
					<control type="image">
						<left>0</left>
						<top>0</top>
						<width>250</width>
						<height>35</height>
						<texture border="7">button-nofocus.png</texture>
						<visible>!Control.HasFocus(9000)</visible>
					</control>
					<control type="image">
						<left>0</left>
						<top>0</top>
						<width>250</width>
						<height>35</height>
						<texture border="7">button-focus.png</texture>
						<visible>Control.HasFocus(9000)</visible>
					</control>
					<control type="label">
						<posx>5</posx>
						<posy>0</posy>
						<width>240</width>
						<height>35</height>
						<font>font-20</font>
						<aligny>center</aligny>
						<align>center</align>
						<label>$INFO[ListItem.Label]</label>
						<scroll>false</scroll>
						<scrollspeed>0</scrollspeed>
					</control>
				</focusedlayout>
				<content>
					<item id="91">
						<label>1. $LOCALIZE[15057]</label>
						<label2>$LOCALIZE[15114]</label2>
						<visible>true</visible>
						<onclick>noop</onclick>
						<property name="currentMode">InputResampling</property>
					</item>
					<item id="92">
						<label>2. $LOCALIZE[15058]</label>
						<label2>$LOCALIZE[15113]</label2>
						<visible>true</visible>
						<onclick>noop</onclick>
						<property name="currentMode">Preprocessing</property>
					</item>
					<item id="93">
						<label>3. $LOCALIZE[15059]</label>
						<label2>$LOCALIZE[15115]</label2>
						<visible>true</visible>
						<onclick>noop</onclick>
						<property name="currentMode">Masterprocessing</property>
					</item>
					<item id="94">
						<label>4. $LOCALIZE[15060]</label>
						<label2>$LOCALIZE[15117]</label2>
						<visible>true</visible>
						<onclick>noop</onclick>
						<property name="currentMode">Postprocessing</property>
					</item>
					<item id="95">
						<label>5. $LOCALIZE[15061]</label>
						<label2>$LOCALIZE[15116]</label2>
						<visible>true</visible>
						<onclick>noop</onclick>
						<property name="currentMode">OutputResampling</property>
					</item>
				</content>
			</control>
			<control type="image">
				<posx>0</posx>
				<posy>54</posy>
				<width>1280</width>
				<height>2</height>
				<texture>separator.png</texture>
			</control>
			<control type="label">
				<posx>15</posx>
				<posy>120</posy>
				<width>620</width>
				<height>30</height>
				<align>center</align>
				<aligny>center</aligny>
				<textcolor>blue</textcolor>
				<label>$LOCALIZE[15050]</label>
				<font>font-25</font>
			</control>
			<control type="group" id="200">
				<control type="list" id="20">
					<posx>10</posx>
					<posy>160</posy>
					<width>610</width>
					<height>400</height>
					<onup>9000</onup>
					<ondown>22</ondown>
					<onleft>21</onleft>
					<onright>60</onright>
					<pagecontrol>60</pagecontrol>
					<scrolltime>200</scrolltime>
					<itemlayout width="610" height="80">
						<control type="image">
							<posx>0</posx>
							<posy>0</posy>
							<width>610</width>
							<height>80</height>
							<texture border="7">list-nofocus.png</texture>
						</control>
						<control type="image">
							<posx>5</posx>
							<posy>5</posy>
							<width>70</width>
							<height>70</height>
							<texture fallback="DefaultAddonAudioDSP.png">$INFO[ListItem.Property(Icon)]</texture>
							<aspectratio>keep</aspectratio>
						</control>
						<control type="textbox">
							<posx>85</posx>
							<posy>0</posy>
							<width>515</width>
							<height>40</height>
							<font>font-18</font>
							<textcolor>blue</textcolor>
							<selectedcolor>blue</selectedcolor>
							<label>[B]$INFO[ListItem.Property(AddonName)]: $INFO[ListItem.Property(Name)][/B]</label>
						</control>
						<control type="textbox">
							<posx>85</posx>
							<posy>38</posy>
							<width>515</width>
							<height>40</height>
							<font>font-18</font>
							<selectedcolor>blue</selectedcolor>
							<label>$INFO[ListItem.Property(Description)]</label>
						</control>
					</itemlayout>
					<focusedlayout width="610" height="80">
						<control type="image">
							<posx>0</posx>
							<posy>0</posy>
							<width>610</width>
							<height>80</height>
							<texture border="7">list-nofocus.png</texture>
						</control>
						<control type="image">
							<posx>0</posx>
							<posy>0</posy>
							<width>610</width>
							<height>80</height>
							<include>ListFocusScroll26</include>
							<texture border="7">list-focus2.png</texture>
							<visible>Control.HasFocus(20)</visible>
						</control>
						<control type="image">
							<posx>5</posx>
							<posy>5</posy>
							<width>70</width>
							<height>70</height>
							<texture fallback="DefaultAddonAudioDSP.png">$INFO[ListItem.Property(Icon)]</texture>
							<aspectratio>keep</aspectratio>
						</control>
						<control type="textbox">
							<posx>85</posx>
							<posy>0</posy>
							<width>515</width>
							<height>40</height>
							<font>font-18</font>
							<textcolor>blue</textcolor>
							<selectedcolor>blue</selectedcolor>
							<label>[B]$INFO[ListItem.Property(AddonName)]: $INFO[ListItem.Property(Name)][/B]</label>
						</control>
						<control type="textbox">
							<posx>85</posx>
							<posy>38</posy>
							<width>515</width>
							<height>40</height>
							<font>font-18</font>
							<selectedcolor>blue</selectedcolor>
							<label>$INFO[ListItem.Property(Description)]</label>
						</control>
					</focusedlayout>
				</control>
				<control type="scrollbar" id="60">
					<posx>620</posx>
					<posy>160</posy>
					<width>20</width>
					<height>400</height>
					<texturesliderbackground border="0,10,0,10">scrollbar-back.png</texturesliderbackground>
					<texturesliderbar border="0,10,0,10">scrollbar-front-nofocus.png</texturesliderbar>
					<texturesliderbarfocus border="0,10,0,10">scrollbar-front.png</texturesliderbarfocus>
					<textureslidernib>scrollbar-nib-nofocus.png</textureslidernib>
					<textureslidernibfocus>scrollbar-nib.png</textureslidernibfocus>
					<onleft>20</onleft>
					<onright>21</onright>
					<ondown>60</ondown>
					<onup>60</onup>
					<showonepage>false</showonepage>
					<orientation>vertical</orientation>
				</control>
				<control type="label">
					<posx>660</posx>
					<posy>120</posy>
					<width>620</width>
					<height>30</height>
					<align>center</align>
					<aligny>center</aligny>
					<textcolor>blue</textcolor>
					<label>$LOCALIZE[15051]</label>
					<font>font-25</font>
				</control>
				<control type="list" id="21">
					<posx>650</posx>
					<posy>160</posy>
					<width>610</width>
					<height>400</height>
					<onup>9000</onup>
					<ondown>22</ondown>
					<onleft>20</onleft>
					<onright>61</onright>
					<pagecontrol>61</pagecontrol>
					<scrolltime>200</scrolltime>
					<itemlayout width="610" height="80">
						<control type="image">
							<posx>0</posx>
							<posy>0</posy>
							<width>610</width>
							<height>80</height>
							<texture border="7">list-nofocus.png</texture>
						</control>
						<control type="image">
							<posx>5</posx>
							<posy>5</posy>
							<width>70</width>
							<height>70</height>
							<texture fallback="DefaultAddonAudioDSP.png">$INFO[ListItem.Property(Icon)]</texture>
							<aspectratio>keep</aspectratio>
						</control>
						<control type="textbox">
							<posx>85</posx>
							<posy>0</posy>
							<width>515</width>
							<height>40</height>
							<font>font-18</font>
							<textcolor>blue</textcolor>
							<selectedcolor>blue</selectedcolor>
							<label>[B]$INFO[ListItem.Property(AddonName)]: $INFO[ListItem.Property(Name)][/B]</label>
						</control>
						<control type="textbox">
							<posx>85</posx>
							<posy>38</posy>
							<width>515</width>
							<height>40</height>
							<font>font-18</font>
							<selectedcolor>blue</selectedcolor>
							<label>$INFO[ListItem.Property(Description)]</label>
						</control>
					</itemlayout>
					<focusedlayout width="610" height="80">
						<control type="image">
							<posx>0</posx>
							<posy>0</posy>
							<width>610</width>
							<height>80</height>
							<texture border="7">list-nofocus.png</texture>
						</control>
						<control type="image">
							<posx>0</posx>
							<posy>0</posy>
							<width>610</width>
							<height>80</height>
							<include>ListFocusScroll26</include>
							<texture border="7">list-focus2.png</texture>
							<visible>Control.HasFocus(21)</visible>
						</control>
						<control type="image">
							<posx>5</posx>
							<posy>5</posy>
							<width>70</width>
							<height>70</height>
							<texture fallback="DefaultAddonAudioDSP.png">$INFO[ListItem.Property(Icon)]</texture>
							<aspectratio>keep</aspectratio>
						</control>
						<control type="textbox">
							<posx>85</posx>
							<posy>0</posy>
							<width>515</width>
							<height>40</height>
							<font>font-18</font>
							<textcolor>blue</textcolor>
							<selectedcolor>blue</selectedcolor>
							<label>[B]$INFO[ListItem.Property(AddonName)]: $INFO[ListItem.Property(Name)][/B]</label>
						</control>
						<control type="textbox">
							<posx>85</posx>
							<posy>38</posy>
							<width>515</width>
							<height>40</height>
							<font>font-18</font>
							<selectedcolor>blue</selectedcolor>
							<label>$INFO[ListItem.Property(Description)]</label>
						</control>
					</focusedlayout>
				</control>
				<control type="scrollbar" id="61">
					<posx>1260</posx>
					<posy>160</posy>
					<width>20</width>
					<height>400</height>
					<texturesliderbackground border="0,10,0,10">scrollbar-back.png</texturesliderbackground>
					<texturesliderbar border="0,10,0,10">scrollbar-front-nofocus.png</texturesliderbar>
					<texturesliderbarfocus border="0,10,0,10">scrollbar-front.png</texturesliderbarfocus>
					<textureslidernib>scrollbar-nib-nofocus.png</textureslidernib>
					<textureslidernibfocus>scrollbar-nib.png</textureslidernibfocus>
					<onleft>21</onleft>
					<onright>20</onright>
					<ondown>61</ondown>
					<onup>61</onup>
					<showonepage>false</showonepage>
					<orientation>vertical</orientation>
				</control>
			</control>
			<control type="image">
				<posx>0</posx>
				<posy>600</posy>
				<width>1280</width>
				<height>2</height>
				<texture>separator.png</texture>
			</control>
			<control type="textbox">
				<description>current mode description label</description>
				<posx>40</posx>
				<posy>600</posy>
				<width>1200</width>
				<height>60</height>
				<font>font-20</font>
				<align>center</align>
				<aligny>center</aligny>
				<label>$INFO[Container(9000).ListItem.Label2]</label>
			</control>
			<control type="group">
				<control type="radiobutton" id="22">
					<posx>190</posx>
					<posy>670</posy>
					<description>Add button</description>
					<width>300</width>
					<height>35</height>
					<font>font-20</font>
					<textcolor>white</textcolor>
					<focusedcolor>white</focusedcolor>
					<shadowcolor>black</shadowcolor>
					<align>center</align>
					<aligny>center</aligny>
					<texturefocus border="7">button-nofocus.png</texturefocus>
					<texturenofocus border="7">button-nofocus.png</texturenofocus>
					<label>15064</label>
					<onleft>24</onleft>
					<onright>23</onright>
					<onup>200</onup>
					<ondown>9000</ondown>
				</control>
				<control type="button" id="23">
					<posx>490</posx>
					<posy>670</posy>
					<width>300</width>
					<height>35</height>
					<font>font-20</font>
					<textcolor>white</textcolor>
					<focusedcolor>white</focusedcolor>
					<shadowcolor>black</shadowcolor>
					<align>center</align>
					<aligny>center</aligny>
					<texturefocus border="7">button-nofocus.png</texturefocus>
					<texturenofocus border="7">button-nofocus.png</texturenofocus>
					<label>14070</label>
					<onleft>22</onleft>
					<onright>24</onright>
					<onup>200</onup>
					<ondown>9000</ondown>
				</control>
				<control type="button" id="24">
					<posx>790</posx>
					<posy>670</posy>
					<width>300</width>
					<height>35</height>
					<font>font-20</font>
					<textcolor>white</textcolor>
					<focusedcolor>white</focusedcolor>
					<shadowcolor>black</shadowcolor>
					<align>center</align>
					<aligny>center</aligny>
					<texturefocus border="7">button-nofocus.png</texturefocus>
					<texturenofocus border="7">button-nofocus.png</texturenofocus>
					<label>15066</label>
					<onleft>23</onleft>
					<onright>22</onright>
					<onup>200</onup>
					<ondown>9000</ondown>
				</control>
				<control type="image">
					<posx>190</posx>
					<posy>670</posy>
					<width>300</width>
					<height>35</height>
					<texture border="7">button-focus.png</texture>
					<animation effect="slide" start="0,0" end="300,0" time="200" condition="Control.HasFocus(23)">Conditional</animation>
					<animation effect="slide" start="0,0" end="600,0" time="200" condition="Control.HasFocus(24)">Conditional</animation>
					<visible>Control.HasFocus(22) | Control.HasFocus(23) | Control.HasFocus(24)</visible>
				</control>
			</control>
		</control>
	</controls>
</window>
