<?xml version="1.0" encoding="UTF-8"?>
<window>
	<defaultcontrol always="true">8</defaultcontrol>
	<controls>
		<control type="image">
			<posx>0</posx>
			<posy>0</posy>
			<width>1280</width>
			<height>720</height>
			<texture>black.png</texture>
			<animation effect="fade" start="0" end="70" time="300">WindowOpen</animation>
			<animation effect="fade" start="70" end="0" time="300">WindowClose</animation>
			<animation effect="fade" start="100" end="0" time="300" condition="StringCompare(Window.Property(script.metadata.actors.isactive),1)">Conditional</animation>
		</control>
		<control type="group">
			<include>DialogFade</include>
			<control type="image">
				<posx>0</posx>
				<posy>550</posy>
				<width>1280</width>
				<height>158</height>
				<texture border="10">underlay.png</texture>
				<visible>Container.Content(Movies)</visible>
			</control>
			<control type="image">
				<posx>0</posx>
				<posy>522</posy>
				<width>1280</width>
				<height>186</height>
				<texture border="10">underlay.png</texture>
				<visible>!Container.Content(Movies)</visible>
			</control>
			<control type="image">
				<posx>18</posx>
				<posy>396</posy>
				<width>218</width>
				<height>310</height>
				<texture>$VAR[IconPoster]</texture>
				<visible>Container.Content(Movies) | [Container.Content(TVShows) + !Skin.HasSetting(TVShowsPosters)]</visible>
			</control>
			<control type="image">
				<posx>18</posx>
				<posy>368</posy>
				<width>234</width>
				<height>360</height>
				<texture fallback="case-sets.png">case$INFO[ListItem.VideoResolution].png</texture>
				<visible>Container.Content(Movies) + !Skin.HasSetting(HideMovieCase)</visible>
			</control>
			<control type="image">
				<posx>18</posx>
				<posy>368</posy>
				<width>234</width>
				<height>360</height>
				<texture>case-tv.png</texture>
				<visible>Container.Content(TVShows) + !Skin.HasSetting(TVShowsPosters) + !Skin.HasSetting(HideTVShowCase)</visible>
			</control>
			<control type="image">
				<posx>10</posx>
				<posy>531</posy>
				<width>298</width>
				<height>168</height>
				<aspectratio scalediffuse="true" aligny="center">keep</aspectratio>
				<texture diffuse="video-diffuse.png">$INFO[Listitem.Icon]</texture>
				<bordertexture border="9">video-shadow.png</bordertexture>
				<bordersize>8</bordersize>
				<visible>Container.Content(Episodes) | Container.Content(MusicVideos)</visible>
			</control>
		</control>
		<control type="group">
			<include>dialogeffect4</include>
			<include>DialogFade</include>
			<animation effect="fade" start="100" end="0" time="200" condition="Window.IsVisible(custom_DialogPlot.xml)">Conditional</animation>
			<control type="button">
				<posx>1240</posx>
				<posy>20</posy>
				<width>20</width>
				<height>20</height>
				<texturefocus>close-window-focus.png</texturefocus>
				<texturenofocus>close-window-nofocus.png</texturenofocus>
				<onclick>Dialog.Close(movieinformation)</onclick>
				<visible>Skin.HasSetting(TouchScreenMode)</visible>
			</control>
			<control type="label">
				<description>Item Title value</description>
				<posx>40</posx>
				<posy>15</posy>
				<width>1200</width>
				<height>30</height>
				<align>center</align>
				<aligny>center</aligny>
				<textcolor>blue</textcolor>
				<label>$VAR[DialogVideoInfoTitle]</label>
				<font>font-32</font>
			</control>
			<control type="image">
				<posx>0</posx>
				<posy>54</posy>
				<width>1280</width>
				<height>2</height>
				<texture>separator.png</texture>
			</control>
			<control type="image">
				<posx>0</posx>
				<posy>360</posy>
				<width>1280</width>
				<height>2</height>
				<texture>separator.png</texture>
				<animation effect="slide" start="0,0" end="0,82" time="0" condition="Container.Content(TvShows) + Skin.HasSetting(TVShowsPosters)">Conditional</animation>
				<animation effect="slide" start="0,0" end="0,54" time="0" condition="Container.Content(Episodes)">Conditional</animation>
			</control>
			<control type="group" id="9001">
				<control type="group" id="9000">
					<posx>140</posx>
					<posy>382</posy>
					<animation effect="slide" start="0,0" end="110,0" time="0" condition="Container.Content(Movies)">Conditional</animation>
					<animation effect="slide" start="0,0" end="0,42" time="0" condition="Container.Content(TvShows) + Skin.HasSetting(TVShowsPosters)">Conditional</animation>
					<animation effect="slide" start="0,0" end="110,0" time="0" condition="Container.Content(TvShows) + !Skin.HasSetting(TVShowsPosters)">Conditional</animation>
					<animation effect="slide" start="0,0" end="-0,18" time="0" condition="Container.Content(Episodes)">Conditional</animation>
					<control type="button" id="5">
						<description>Cast/Review</description>
						<posx>0</posx>
						<posy>33</posy>
						<width>200</width>
						<height>35</height>
						<font>font-20</font>
						<textcolor>white</textcolor>
						<focusedcolor>white</focusedcolor>
						<shadowcolor>black</shadowcolor>
						<align>center</align>
						<aligny>center</aligny>
						<texturefocus border="7">button-nofocus.png</texturefocus>
						<texturenofocus border="7">button-nofocus.png</texturenofocus>
						<label>206</label>
						<onleft>7</onleft>
						<onright>8</onright>
						<onup>49</onup>
						<ondown>1110</ondown>
					</control>
					<control type="togglebutton" id="8">
						<description>Play/browse to Show</description>
						<posx>200</posx>
						<posy>33</posy>
						<width>200</width>
						<height>35</height>
						<font>font-20</font>
						<textcolor>white</textcolor>
						<focusedcolor>white</focusedcolor>
						<shadowcolor>black</shadowcolor>
						<align>center</align>
						<aligny>center</aligny>
						<texturefocus border="7">button-nofocus.png</texturefocus>
						<texturenofocus border="7">button-nofocus.png</texturenofocus>
						<label>208</label>
						<altlabel>1024</altlabel>
						<alttexturefocus border="7">button-nofocus.png</alttexturefocus>
						<alttexturenofocus border="7">button-nofocus.png</alttexturenofocus>
						<usealttexture>Container.Content(TVShows)</usealttexture>
						<onleft>5</onleft>
						<onright>6</onright>
						<onup>49</onup>
						<ondown>1110</ondown>
					</control>
					<control type="button" id="6">
						<description>Refresh</description>
						<posx>400</posx>
						<posy>33</posy>
						<width>200</width>
						<height>35</height>
						<font>font-20</font>
						<textcolor>white</textcolor>
						<focusedcolor>white</focusedcolor>
						<shadowcolor>black</shadowcolor>
						<align>center</align>
						<aligny>center</aligny>
						<texturefocus border="7">button-nofocus.png</texturefocus>
						<texturenofocus border="7">button-nofocus.png</texturenofocus>
						<label>184</label>
						<onleft>8</onleft>
						<onright>1113</onright>
						<onup>49</onup>
						<ondown>1110</ondown>
					</control>
					<control type="button" id="1113">
						<description>Extras</description>
						<posx>600</posx>
						<posy>33</posy>
						<width>200</width>
						<height>35</height>
						<font>font-20</font>
						<textcolor>white</textcolor>
						<focusedcolor>white</focusedcolor>
						<shadowcolor>black</shadowcolor>
						<align>center</align>
						<aligny>center</aligny>
						<texturefocus border="7">button-nofocus.png</texturefocus>
						<texturenofocus border="7">button-nofocus.png</texturenofocus>
						<label>31216</label>
						<onleft>6</onleft>
						<onright>7</onright>
						<onup>49</onup>
						<ondown>1110</ondown>
						<onclick condition="Container.Content(TVShows)">SetProperty(TVShowPath,$INFO[ListItem.FilenameAndPath],Home)</onclick>
						<onclick condition="[Container.Content(Movies) | Container.Content(TVShows) | Container.Content(Episodes)] + Control.IsVisible(50) + System.HasAddon(script.metadata.actors)">SetProperty(ActorName,$INFO[Container(50).Listitem.Label],Home)</onclick>
						<onclick condition="[Container.Content(Movies) | Container.Content(Episodes) | Container.Content(MusicVideos)] + System.HasAddon(script.metadata.actors)">SetProperty(DirectorName,$INFO[ListItem.Director],Home)</onclick>
						<onclick condition="[Container.Content(Movies) | Container.Content(Episodes)] + System.HasAddon(script.metadata.actors)">SetProperty(WriterName,$INFO[ListItem.Writer],Home)</onclick>
						<onclick>ActivateWindow(1115)</onclick>
					</control>
					<control type="button" id="7">
						<description>Rating button</description>
						<posx>800</posx>
						<posy>33</posy>
						<width>200</width>
						<height>35</height>
						<font>font-20</font>
						<textcolor>white</textcolor>
						<focusedcolor>white</focusedcolor>
						<shadowcolor>black</shadowcolor>
						<align>center</align>
						<aligny>center</aligny>
						<texturefocus border="7">button-nofocus.png</texturefocus>
						<texturenofocus border="7">button-nofocus.png</texturenofocus>
						<label>38023</label>
						<onleft>1113</onleft>
						<onright>5</onright>
						<onup>49</onup>
						<ondown>1110</ondown>
					</control>
				</control>
			</control>
			<control type="image">
				<posx>140</posx>
				<posy>415</posy>
				<width>200</width>
				<height>35</height>
				<texture border="7">button-focus.png</texture>
				<animation effect="slide" start="0,0" end="200,0" time="200" condition="Control.HasFocus(8)">Conditional</animation>
				<animation effect="slide" start="0,0" end="400,0" time="200" condition="Control.HasFocus(6)">Conditional</animation>
				<animation effect="slide" start="0,0" end="600,0" time="200" condition="Control.HasFocus(1113)">Conditional</animation>
				<animation effect="slide" start="0,0" end="800,0" time="200" condition="Control.HasFocus(7)">Conditional</animation>
				<animation effect="slide" start="0,0" end="110,0" time="0" condition="Container.Content(Movies)">Conditional</animation>
				<animation effect="slide" start="0,0" end="0,42" time="0" condition="Container.Content(TvShows) + Skin.HasSetting(TVShowsPosters)">Conditional</animation>
				<animation effect="slide" start="0,0" end="110,0" time="0" condition="Container.Content(TvShows) + !Skin.HasSetting(TVShowsPosters)">Conditional</animation>
				<animation effect="slide" start="0,0" end="0,18" time="0" condition="Container.Content(Episodes)">Conditional</animation>
				<animation effect="fade" start="70" end="100" time="750" pulse="true" condition="true">Conditional</animation>
				<visible>Control.HasFocus(5) | Control.HasFocus(8) | Control.HasFocus(6) | Control.HasFocus(12) | Control.HasFocus(10) | Control.HasFocus(1113) | Control.HasFocus(7)</visible>
			</control>
			<control type="group">
				<posx>480</posx>
				<posy>471</posy>
				<width>540</width>
				<height>48</height>
				<include condition="[Container.Content(Movies) | Container.Content(Episodes) | Container.Content(MusicVideos)] + !Skin.HasSetting(Enable_Movies_Media_Flags)">VideoMediaFlags</include>
				<animation effect="slide" start="0,0" end="-110,8" time="0" condition="Container.Content(Episodes)">Conditional</animation>
				<animation effect="slide" start="0,0" end="-110,0" time="0" condition="Container.Content(MusicVideos)">Conditional</animation>
			</control>
			<control type="group" id="1110">
				<ondown>50</ondown>
				<control type="button" id="11">
					<posx>1195</posx>
					<posy>471</posy>
					<width>48</width>
					<height>48</height>
					<label>-</label>
					<font>-</font>
					<texturefocus>trailer-focus.png</texturefocus>
					<texturenofocus>trailer-nofocus.png</texturenofocus>
					<onup>9000</onup>
					<ondown>50</ondown>
					<visible>Container.Content(Movies) + !IsEmpty(Listitem.trailer)</visible>
				</control>
			</control>
			<control type="label">
				<posx>355</posx>
				<posy>530</posy>
				<width>800</width>
				<height>30</height>
				<font>font-20c</font>
				<textcolor>lightblue</textcolor>
				<align>center</align>
				<label>$VAR[DialogVideoInfoLabel]</label>
				<animation effect="slide" start="0,0" end="-110,10" time="0" condition="Container.Content(TvShows) + Skin.HasSetting(TVShowsPosters)">Conditional</animation>
				<animation effect="slide" start="0,0" end="0,10" time="0" condition="Container.Content(Episodes) | Container.Content(MusicVideos) | [Container.Content(TVShows) + !Skin.HasSetting(TVShowsPosters)]">Conditional</animation>
			</control>
			<control type="textbox" id="4">
				<description>textarea</description>
				<posx>255</posx>
				<posy>579</posy>
				<width>990</width>
				<height>103</height>
				<label>-</label>
				<font>font-19</font>
				<align>justify</align>
				<textcolor>white</textcolor>
				<shadowcolor>black</shadowcolor>
				<pagecontrol>61</pagecontrol>
				<autoscroll time="3000" delay="16000" repeat="5000">!Control.HasFocus(61) + Skin.HasSetting(AutoScroll)</autoscroll>
				<animation effect="slide" start="0,0" end="-110,0" time="0" condition="Container.Content(TvShows) + Skin.HasSetting(TVShowsPosters)">Conditional</animation>
				<visible>!Container.Content(Episodes) + !Container.Content(MusicVideos) + !Control.IsVisible(50)</visible>
			</control>
			<control type="textbox" id="4">
				<description>textarea</description>
				<posx>330</posx>
				<posy>579</posy>
				<width>915</width>
				<height>103</height>
				<label>-</label>
				<font>font-19</font>
				<align>justify</align>
				<textcolor>white</textcolor>
				<shadowcolor>black</shadowcolor>
				<pagecontrol>61</pagecontrol>
				<autoscroll time="3000" delay="16000" repeat="5000">!Control.HasFocus(61) + Skin.HasSetting(AutoScroll)</autoscroll>
				<visible>[Container.Content(Episodes) | Container.Content(MusicVideos)] + !Control.IsVisible(50)</visible>
			</control>
			<control type="wraplist" id="50">
				<posx>265</posx>
				<posy>574</posy>
				<width>990</width>
				<height>110</height>
				<onleft>50</onleft>
				<onright>50</onright>
				<onup>1113</onup>
				<ondown>61</ondown>
				<viewtype label="">list</viewtype>
				<pagecontrol>61</pagecontrol>
				<scrolltime>200</scrolltime>
				<focusposition>4</focusposition>
				<orientation>horizontal</orientation>
				<hitrect x="670" y="565" w="140" h="135"/>
				<animation effect="slide" start="0,0" end="-119,0" time="0" condition="Container.Content(TvShows) + Skin.HasSetting(TVShowsPosters)">Conditional</animation>
				<animation effect="slide" start="0,0" end="29,0" time="0" condition="Container.Content(Episodes) | Container.Content(MusicVideos)">Conditional</animation>
				<itemlayout width="110" height="110">
					<control type="image">
						<posx>5</posx>
						<posy>5</posy>
						<width>100</width>
						<height>100</height>
						<aspectratio scalediffuse="false">scale</aspectratio>
						<texture diffuse="thumb-diffuse.png">$INFO[ListItem.Icon]</texture>
					</control>
				</itemlayout>
				<focusedlayout width="110" height="110">
					<control type="image">
						<posx>2</posx>
						<posy>2</posy>
						<width>106</width>
						<height>106</height>
						<texture border="4">thumb-shadow2.png</texture>
						<animation effect="zoom" start="2,2,106,106" end="-14,-14,138,138" time="200">focus</animation>
						<animation effect="zoom" start="-14,-14,138,138" end="2,2,106,106" time="200">unfocus</animation>
						<visible>Control.HasFocus(50)</visible>
					</control>
					<control type="image">
						<posx>5</posx>
						<posy>5</posy>
						<width>100</width>
						<height>100</height>
						<aspectratio scalediffuse="false">scale</aspectratio>
						<texture diffuse="thumb-diffuse.png">$INFO[ListItem.Icon]</texture>
						<animation effect="zoom" start="5,5,100,100" end="-10,-10,130,130" time="200">focus</animation>
						<animation effect="zoom" start="-10,-10,130,130" end="5,5,100,100" time="200">unfocus</animation>
					</control>
				</focusedlayout>
			</control>
			<control type="spincontrol" id="61">
				<description>Next page button</description>
				<posx>1180</posx>
				<posy>699</posy>
				<subtype>page</subtype>
				<font>font-19</font>
				<onleft>1114</onleft>
				<onright>1114</onright>
				<ondown>5</ondown>
				<onup>50</onup>
				<textcolor>white</textcolor>
				<showonepage>true</showonepage>
			</control>
			<control type="button" id="1114">
				<posx>1250</posx>
				<posy>700</posy>
				<width>20</width>
				<height>20</height>
				<label>-</label>
				<font>-</font>
				<texturefocus>magnifier-small-focus.png</texturefocus>
				<texturenofocus>magnifier-small-nofocus.png</texturenofocus>
				<onleft>61</onleft>
				<onright>61</onright>
				<onup>11</onup>
				<ondown>5</ondown>
				<onclick>ActivateWindow(1113)</onclick>
			</control>
			<control type="group">
				<visible>!Container.Content(TVShows) + !Container.Content(Episodes) + !Container.Content(MusicVideos)</visible>
				<control type="group">
					<include>VisibleFadeEffect</include>
					<control type="list" id="49">
						<posx>57</posx>
						<posy>57</posy>
						<width>1200</width>
						<height>330</height>
						<onleft>49</onleft>
						<onright>49</onright>
						<onup>5</onup>
						<ondown>5</ondown>
						<pagecontrol>-</pagecontrol>
						<scrolltime>200</scrolltime>
						<itemlayout width="1200" height="23">
							<control type="image">
								<posx>0</posx>
								<posy>0</posy>
								<width>1166</width>
								<height>23</height>
								<texture border="7">list-nofocus.png</texture>
								<include>VisibleFadeEffect</include>
							</control>
							<control type="label">
								<posx>0</posx>
								<posy>0</posy>
								<width>160</width>
								<height>23</height>
								<font>font-20c</font>
								<align>right</align>
								<aligny>center</aligny>
								<textcolor>lightblue</textcolor>
								<selectedcolor>white</selectedcolor>
								<label>$INFO[ListItem.Label]</label>
							</control>
							<control type="label">
								<posx>175</posx>
								<posy>0</posy>
								<width>980</width>
								<height>23</height>
								<font>font-20</font>
								<align>left</align>
								<aligny>center</aligny>
								<textcolor>white</textcolor>
								<selectedcolor>white</selectedcolor>
								<label>$INFO[ListItem.Label2]</label>
							</control>
						</itemlayout>
						<focusedlayout width="1200" height="23">
							<control type="image">
								<posx>0</posx>
								<posy>0</posy>
								<width>1166</width>
								<height>23</height>
								<texture border="7">list-nofocus.png</texture>
								<include>VisibleFadeEffect</include>
							</control>
							<control type="image">
								<posx>0</posx>
								<posy>0</posy>
								<width>1166</width>
								<height>23</height>
								<texture border="7">list-focus2.png</texture>
								<include>VisibleFadeEffect</include>
								<visible>Control.HasFocus(49)</visible>
								<include>ListFocusScroll22</include>
							</control>
							<control type="label">
								<posx>0</posx>
								<posy>0</posy>
								<width>160</width>
								<height>23</height>
								<font>font-20c</font>
								<align>right</align>
								<aligny>center</aligny>
								<textcolor>lightblue</textcolor>
								<selectedcolor>white</selectedcolor>
								<label>$INFO[ListItem.Label]</label>
							</control>
							<control type="label">
								<posx>175</posx>
								<posy>0</posy>
								<width>980</width>
								<height>23</height>
								<font>font-20</font>
								<align>left</align>
								<aligny>center</aligny>
								<textcolor>white</textcolor>
								<selectedcolor>white</selectedcolor>
								<label>$INFO[ListItem.Label2]</label>
							</control>
						</focusedlayout>
						<content>
							<item>
								<label>[UPPERCASE][B]$LOCALIZE[20339]:[/B][/UPPERCASE]</label>
								<label2>$INFO[ListItem.Director]</label2>
								<onclick>SendClick(2003,13)</onclick>
							</item>
							<item>
								<label>[UPPERCASE][B]$LOCALIZE[20417]:[/B][/UPPERCASE]</label>
								<label2>$INFO[ListItem.Writer]</label2>
								<onclick>noop</onclick>
							</item>
							<item>
								<label>[UPPERCASE][B]$LOCALIZE[572]:[/B][/UPPERCASE]</label>
								<label2>$INFO[ListItem.Studio]</label2>
								<onclick>noop</onclick>
							</item>
							<item>
								<label>[UPPERCASE][B]$LOCALIZE[515]:[/B][/UPPERCASE]</label>
								<label2>$INFO[ListItem.Genre]</label2>
								<onclick>noop</onclick>
							</item>
							<item>
								<label>[UPPERCASE][B]$LOCALIZE[562]:[/B][/UPPERCASE]</label>
								<label2>$INFO[ListItem.Year]</label2>
								<onclick>noop</onclick>
							</item>
							<item>
								<label>[UPPERCASE][B]$LOCALIZE[574]:[/B][/UPPERCASE]</label>
								<label2>$INFO[ListItem.Country]</label2>
								<onclick>noop</onclick>
							</item>
							<item>
								<label>[UPPERCASE][B]$LOCALIZE[2050]:[/B][/UPPERCASE]</label>
								<label2>$INFO[ListItem.Duration,, $LOCALIZE[12391]]</label2>
								<onclick>noop</onclick>
								<visible>!substring(ListItem.Duration,min)</visible>
							</item>
							<item>
								<label>[UPPERCASE][B]$LOCALIZE[2050]:[/B][/UPPERCASE]</label>
								<label2>$INFO[ListItem.Duration]</label2>
								<onclick>noop</onclick>
								<visible>substring(ListItem.Duration,min)</visible>
							</item>
							<item>
								<label>[UPPERCASE][B]$LOCALIZE[567]:[/B][/UPPERCASE]</label>
								<label2>$INFO[ListItem.PlayCount]$INFO[ListItem.LastPlayed, ($LOCALIZE[568]: ,)]</label2>
								<onclick>noop</onclick>
							</item>
							<item>
								<label>[UPPERCASE][B]$LOCALIZE[563]:[/B][/UPPERCASE]</label>
								<label2>$INFO[ListItem.RatingAndVotes]</label2>
								<onclick>noop</onclick>
							</item>
							<item>
								<label>[UPPERCASE][B]$LOCALIZE[38018]:[/B][/UPPERCASE]</label>
								<label2>$INFO[ListItem.UserRating]</label2>
								<onclick>noop</onclick>
							</item>
							<item>
								<label>[UPPERCASE][B]$LOCALIZE[202]:[/B][/UPPERCASE]</label>
								<label2>$INFO[ListItem.TagLine]</label2>
								<onclick>noop</onclick>
							</item>
							<item>
								<label>[UPPERCASE][B]$LOCALIZE[20074]:[/B][/UPPERCASE]</label>
								<label2>$INFO[ListItem.mpaa]</label2>
								<onclick>noop</onclick>
							</item>
							<item>
								<label>[UPPERCASE][B]$LOCALIZE[15311][/B][/UPPERCASE]</label>
								<label2>$INFO[ListItem.FilenameAndPath]</label2>
								<onclick>noop</onclick>
							</item>
						</content>
					</control>
				</control>
			</control>
			<control type="group">
				<visible>Container.Content(TVShows)</visible>
				<control type="image">
					<description>Cover image</description>
					<posx>40</posx>
					<posy>70</posy>
					<width>1200</width>
					<height>140</height>
					<texture diffuse="banner-diffuse.png">$VAR[IconBanner]</texture>
					<aspectratio>keep</aspectratio>
					<visible>Container.Content(TvShows) + Skin.HasSetting(TVShowsPosters)</visible>
				</control>
				<control type="image">
					<description>Cover image</description>
					<posx>40</posx>
					<posy>210</posy>
					<width>1200</width>
					<height>140</height>
					<texture flipy="true" diffuse="banner-diffuse-mirror.png">$VAR[IconBanner]</texture>
					<aspectratio>keep</aspectratio>
					<visible>Container.Content(TvShows) + Skin.HasSetting(TVShowsPosters)</visible>
				</control>
				<control type="group">
					<include>VisibleFadeEffect</include>
					<control type="list" id="49">
						<posx>57</posx>
						<posy>211</posy>
						<width>1200</width>
						<height>240</height>
						<onleft>49</onleft>
						<onright>49</onright>
						<onup>5</onup>
						<ondown>5</ondown>
						<pagecontrol>-</pagecontrol>
						<scrolltime>200</scrolltime>
						<animation effect="slide" start="0,0" end="0,-110" time="0" condition="!Skin.HasSetting(TVShowsPosters)">Conditional</animation>
						<itemlayout width="1200" height="29">
							<control type="image">
								<posx>0</posx>
								<posy>0</posy>
								<width>1166</width>
								<height>30</height>
								<texture border="7">list-nofocus.png</texture>
								<include>VisibleFadeEffect</include>
							</control>
							<control type="label">
								<posx>0</posx>
								<posy>0</posy>
								<width>160</width>
								<height>30</height>
								<font>font-20c</font>
								<align>right</align>
								<aligny>center</aligny>
								<textcolor>lightblue</textcolor>
								<selectedcolor>white</selectedcolor>
								<label>$INFO[ListItem.Label]</label>
							</control>
							<control type="label">
								<posx>175</posx>
								<posy>0</posy>
								<width>980</width>
								<height>30</height>
								<font>font-20</font>
								<align>left</align>
								<aligny>center</aligny>
								<textcolor>white</textcolor>
								<selectedcolor>white</selectedcolor>
								<label>$INFO[ListItem.Label2]</label>
							</control>
						</itemlayout>
						<focusedlayout width="1200" height="29">
							<control type="image">
								<posx>0</posx>
								<posy>0</posy>
								<width>1166</width>
								<height>30</height>
								<texture border="7">list-nofocus.png</texture>
								<include>VisibleFadeEffect</include>
							</control>
							<control type="image">
								<posx>0</posx>
								<posy>0</posy>
								<width>1166</width>
								<height>30</height>
								<texture border="7">list-focus2.png</texture>
								<include>VisibleFadeEffect</include>
								<visible>Control.HasFocus(49)</visible>
								<include>ListFocusScroll22</include>
							</control>
							<control type="label">
								<posx>0</posx>
								<posy>0</posy>
								<width>160</width>
								<height>30</height>
								<font>font-20c</font>
								<align>right</align>
								<aligny>center</aligny>
								<textcolor>lightblue</textcolor>
								<selectedcolor>white</selectedcolor>
								<label>$INFO[ListItem.Label]</label>
							</control>
							<control type="label">
								<posx>175</posx>
								<posy>0</posy>
								<width>980</width>
								<height>30</height>
								<font>font-20</font>
								<align>left</align>
								<aligny>center</aligny>
								<textcolor>white</textcolor>
								<selectedcolor>white</selectedcolor>
								<label>$INFO[ListItem.Label2]</label>
							</control>
						</focusedlayout>
						<content>
							<item>
								<label>[UPPERCASE][B]$LOCALIZE[33054]:[/B][/UPPERCASE]</label>
								<label2>$INFO[ListItem.Property(TotalSeasons)]</label2>
								<onclick>noop</onclick>
								<visible>StringCompare(Container.FolderPath,videodb://tvshows/titles/)</visible>
							</item>
							<item>
								<label>[UPPERCASE][B]$LOCALIZE[20360]:[/B][/UPPERCASE]</label>
								<label2>$INFO[ListItem.Property(TotalEpisodes)] [COLOR=grey] ($INFO[ListItem.Property(WatchedEpisodes),, $LOCALIZE[16102]] - $INFO[ListItem.Property(UnWatchedEpisodes), , $LOCALIZE[16101]])[/COLOR]</label2>
								<onclick>noop</onclick>
							</item>
							<item>
								<label>[UPPERCASE][B]$LOCALIZE[20416]:[/B][/UPPERCASE]</label>
								<label2>$INFO[ListItem.Premiered]</label2>
								<onclick>noop</onclick>
							</item>
							<item>
								<label>[UPPERCASE][B]$LOCALIZE[515]:[/B][/UPPERCASE]</label>
								<label2>$INFO[ListItem.Genre]</label2>
								<onclick>noop</onclick>
							</item>
							<item>
								<label>[UPPERCASE][B]$LOCALIZE[562]:[/B][/UPPERCASE]</label>
								<label2>$INFO[ListItem.Year]</label2>
								<onclick>noop</onclick>
							</item>
							<item>
								<label>[UPPERCASE][B]$LOCALIZE[563]:[/B][/UPPERCASE]</label>
								<label2>$INFO[ListItem.Rating]</label2>
								<onclick>noop</onclick>
							</item>
							<item>
								<label>[UPPERCASE][B]$LOCALIZE[38018]:[/B][/UPPERCASE]</label>
								<label2>$INFO[ListItem.UserRating]</label2>
								<onclick>noop</onclick>
							</item>
							<item>
								<label>[UPPERCASE][B]$LOCALIZE[20074]:[/B][/UPPERCASE]</label>
								<label2>$INFO[ListItem.mpaa]</label2>
								<onclick>noop</onclick>
							</item>
							<item>
								<label>[UPPERCASE][B]$LOCALIZE[15311][/B][/UPPERCASE]</label>
								<label2>$INFO[ListItem.FilenameAndPath]</label2>
								<onclick>noop</onclick>
							</item>
						</content>
					</control>
				</control>
			</control>
			<control type="group">
				<visible>Container.Content(Episodes)</visible>
				<control type="group">
					<include>VisibleFadeEffect</include>
					<control type="list" id="49">
						<posx>57</posx>
						<posy>58</posy>
						<width>1200</width>
						<height>380</height>
						<onleft>49</onleft>
						<onright>49</onright>
						<onup>5</onup>
						<ondown>5</ondown>
						<pagecontrol>-</pagecontrol>
						<scrolltime>200</scrolltime>
						<itemlayout width="1200" height="29">
							<control type="image">
								<posx>0</posx>
								<posy>0</posy>
								<width>1166</width>
								<height>30</height>
								<texture border="7">list-nofocus.png</texture>
								<include>VisibleFadeEffect</include>
							</control>
							<control type="label">
								<posx>0</posx>
								<posy>0</posy>
								<width>160</width>
								<height>30</height>
								<font>font-20c</font>
								<align>right</align>
								<aligny>center</aligny>
								<textcolor>lightblue</textcolor>
								<selectedcolor>white</selectedcolor>
								<label>$INFO[ListItem.Label]</label>
							</control>
							<control type="label">
								<posx>175</posx>
								<posy>0</posy>
								<width>980</width>
								<height>30</height>
								<font>font-20</font>
								<align>left</align>
								<aligny>center</aligny>
								<textcolor>white</textcolor>
								<selectedcolor>white</selectedcolor>
								<label>$INFO[ListItem.Label2]</label>
							</control>
						</itemlayout>
						<focusedlayout width="1200" height="29">
							<control type="image">
								<posx>0</posx>
								<posy>0</posy>
								<width>1166</width>
								<height>30</height>
								<texture border="7">list-nofocus.png</texture>
								<include>VisibleFadeEffect</include>
							</control>
							<control type="image">
								<posx>0</posx>
								<posy>0</posy>
								<width>1166</width>
								<height>30</height>
								<texture border="7">list-focus2.png</texture>
								<include>VisibleFadeEffect</include>
								<visible>Control.HasFocus(49)</visible>
								<include>ListFocusScroll22</include>
							</control>
							<control type="label">
								<posx>0</posx>
								<posy>0</posy>
								<width>160</width>
								<height>30</height>
								<font>font-20c</font>
								<align>right</align>
								<aligny>center</aligny>
								<textcolor>lightblue</textcolor>
								<selectedcolor>white</selectedcolor>
								<label>$INFO[ListItem.Label]</label>
							</control>
							<control type="label">
								<posx>175</posx>
								<posy>0</posy>
								<width>980</width>
								<height>30</height>
								<font>font-20</font>
								<align>left</align>
								<aligny>center</aligny>
								<textcolor>white</textcolor>
								<selectedcolor>white</selectedcolor>
								<label>$INFO[ListItem.Label2]</label>
							</control>
						</focusedlayout>
						<content>
							<item>
								<label>[UPPERCASE][B]$LOCALIZE[20364]:[/B][/UPPERCASE]</label>
								<label2>$INFO[ListItem.TVShowTitle]</label2>
								<onclick>noop</onclick>
							</item>
							<item>
								<label>[UPPERCASE][B]$LOCALIZE[20359]:[/B][/UPPERCASE]</label>
								<label2>$INFO[ListItem.Season,,.]$INFO[ListItem.Episode]</label2>
								<onclick>noop</onclick>
							</item>
							<item>
								<label>[UPPERCASE][B]$LOCALIZE[552]:[/B][/UPPERCASE]</label>
								<label2>$INFO[ListItem.Date]</label2>
								<onclick>noop</onclick>
							</item>
							<item>
								<label>[UPPERCASE][B]$LOCALIZE[572]:[/B][/UPPERCASE]</label>
								<label2>$INFO[ListItem.Studio]</label2>
								<onclick>noop</onclick>
							</item>
							<item>
								<label>[UPPERCASE][B]$LOCALIZE[20339]:[/B][/UPPERCASE]</label>
								<label2>$INFO[ListItem.Director]</label2>
								<onclick>SendClick(2003,13)</onclick>
							</item>
							<item>
								<label>[UPPERCASE][B]$LOCALIZE[20417]:[/B][/UPPERCASE]</label>
								<label2>$INFO[ListItem.Writer]</label2>
								<onclick>noop</onclick>
							</item>
							<item>
								<label>[UPPERCASE][B]$LOCALIZE[562]:[/B][/UPPERCASE]</label>
								<label2>$INFO[ListItem.Year]</label2>
								<onclick>noop</onclick>
							</item>
							<item>
								<label>[UPPERCASE][B]$LOCALIZE[2050]:[/B][/UPPERCASE]</label>
								<label2>$INFO[ListItem.Duration,, $LOCALIZE[12391]]</label2>
								<onclick>noop</onclick>
								<visible>!substring(ListItem.Duration,min)</visible>
							</item>
							<item>
								<label>[UPPERCASE][B]$LOCALIZE[2050]:[/B][/UPPERCASE]</label>
								<label2>$INFO[ListItem.Duration]</label2>
								<onclick>noop</onclick>
								<visible>substring(ListItem.Duration,min)</visible>
							</item>
							<item>
								<label>[UPPERCASE][B]$LOCALIZE[567]:[/B][/UPPERCASE]</label>
								<label2>$INFO[ListItem.PlayCount]$INFO[ListItem.LastPlayed, ($LOCALIZE[568]: ,)]</label2>
								<onclick>noop</onclick>
							</item>
							<item>
								<label>[UPPERCASE][B]$LOCALIZE[563]:[/B][/UPPERCASE]</label>
								<label2>$INFO[ListItem.Rating]</label2>
								<onclick>noop</onclick>
							</item>
							<item>
								<label>[UPPERCASE][B]$LOCALIZE[38018]:[/B][/UPPERCASE]</label>
								<label2>$INFO[ListItem.UserRating]</label2>
								<onclick>noop</onclick>
							</item>
							<item>
								<label>[UPPERCASE][B]$LOCALIZE[15311][/B][/UPPERCASE]</label>
								<label2>$INFO[ListItem.FilenameAndPath]</label2>
								<onclick>noop</onclick>
							</item>
						</content>
					</control>
				</control>
			</control>
			<control type="group">
				<visible>Container.Content(MusicVideos)</visible>
				<control type="group">
					<include>VisibleFadeEffect</include>
					<control type="list" id="49">
						<posx>57</posx>
						<posy>63</posy>
						<width>1200</width>
						<height>300</height>
						<onleft>49</onleft>
						<onright>49</onright>
						<onup>5</onup>
						<ondown>5</ondown>
						<pagecontrol>-</pagecontrol>
						<scrolltime>200</scrolltime>
						<itemlayout width="1200" height="29">
							<control type="image">
								<posx>0</posx>
								<posy>0</posy>
								<width>1166</width>
								<height>30</height>
								<texture border="7">list-nofocus.png</texture>
								<include>VisibleFadeEffect</include>
							</control>
							<control type="label">
								<posx>0</posx>
								<posy>0</posy>
								<width>160</width>
								<height>30</height>
								<font>font-20c</font>
								<align>right</align>
								<aligny>center</aligny>
								<textcolor>lightblue</textcolor>
								<selectedcolor>white</selectedcolor>
								<label>$INFO[ListItem.Label]</label>
							</control>
							<control type="label">
								<posx>175</posx>
								<posy>0</posy>
								<width>980</width>
								<height>30</height>
								<font>font-20</font>
								<align>left</align>
								<aligny>center</aligny>
								<textcolor>white</textcolor>
								<selectedcolor>white</selectedcolor>
								<label>$INFO[ListItem.Label2]</label>
							</control>
						</itemlayout>
						<focusedlayout width="1200" height="29">
							<control type="image">
								<posx>0</posx>
								<posy>0</posy>
								<width>1166</width>
								<height>30</height>
								<texture border="7">list-nofocus.png</texture>
								<include>VisibleFadeEffect</include>
							</control>
							<control type="image">
								<posx>0</posx>
								<posy>0</posy>
								<width>1166</width>
								<height>30</height>
								<texture border="7">list-focus2.png</texture>
								<include>VisibleFadeEffect</include>
								<visible>Control.HasFocus(49)</visible>
								<include>ListFocusScroll22</include>
							</control>
							<control type="label">
								<posx>0</posx>
								<posy>0</posy>
								<width>160</width>
								<height>30</height>
								<font>font-20c</font>
								<align>right</align>
								<aligny>center</aligny>
								<textcolor>lightblue</textcolor>
								<selectedcolor>white</selectedcolor>
								<label>$INFO[ListItem.Label]</label>
							</control>
							<control type="label">
								<posx>175</posx>
								<posy>0</posy>
								<width>980</width>
								<height>30</height>
								<font>font-20</font>
								<align>left</align>
								<aligny>center</aligny>
								<textcolor>white</textcolor>
								<selectedcolor>white</selectedcolor>
								<label>$INFO[ListItem.Label2]</label>
							</control>
						</focusedlayout>
						<content>
							<item>
								<label>[UPPERCASE][B]$LOCALIZE[557]:[/B][/UPPERCASE]</label>
								<label2>$INFO[ListItem.Artist]</label2>
								<onclick>noop</onclick>
							</item>
							<item>
								<label>[UPPERCASE][B]$LOCALIZE[558]:[/B][/UPPERCASE]</label>
								<label2>$INFO[ListItem.Album]</label2>
								<onclick>noop</onclick>
							</item>
							<item>
								<label>[UPPERCASE][B]$LOCALIZE[515]:[/B][/UPPERCASE]</label>
								<label2>$INFO[ListItem.Genre]</label2>
								<onclick>noop</onclick>
							</item>
							<item>
								<label>[UPPERCASE][B]$LOCALIZE[572]:[/B][/UPPERCASE]</label>
								<label2>$INFO[ListItem.Studio]</label2>
								<onclick>noop</onclick>
							</item>
							<item>
								<label>[UPPERCASE][B]$LOCALIZE[20339]:[/B][/UPPERCASE]</label>
								<label2>$INFO[ListItem.Director]</label2>
								<onclick>SendClick(2003,13)</onclick>
							</item>
							<item>
								<label>[UPPERCASE][B]$LOCALIZE[562]:[/B][/UPPERCASE]</label>
								<label2>$INFO[ListItem.Year]</label2>
								<onclick>noop</onclick>
							</item>
							<item>
								<label>[UPPERCASE][B]$LOCALIZE[2050]:[/B][/UPPERCASE]</label>
								<label2>$INFO[ListItem.Duration,, $LOCALIZE[12391]]</label2>
								<onclick>noop</onclick>
								<visible>!substring(ListItem.Duration,min)</visible>
							</item>
							<item>
								<label>[UPPERCASE][B]$LOCALIZE[2050]:[/B][/UPPERCASE]</label>
								<label2>$INFO[ListItem.Duration]</label2>
								<onclick>noop</onclick>
								<visible>substring(ListItem.Duration,min)</visible>
							</item>
							<item>
								<label>[UPPERCASE][B]$LOCALIZE[567]:[/B][/UPPERCASE]</label>
								<label2>$INFO[ListItem.PlayCount]$INFO[ListItem.LastPlayed, ($LOCALIZE[568]: ,)]</label2>
								<onclick>noop</onclick>
							</item>
							<item>
								<label>[UPPERCASE][B]$LOCALIZE[38018]:[/B][/UPPERCASE]</label>
								<label2>$INFO[ListItem.UserRating]</label2>
								<onclick>noop</onclick>
							</item>
							<item>
								<label>[UPPERCASE][B]$LOCALIZE[15311][/B][/UPPERCASE]</label>
								<label2>$INFO[ListItem.FilenameAndPath]</label2>
								<onclick>noop</onclick>
							</item>
						</content>
					</control>
				</control>
			</control>
		</control>
	</controls>
</window>
