<?xml version="1.0" encoding="UTF-8"?>
<window>
	<visible>Player.Seeking | Player.DisplayAfterSeek | Player.Paused | Player.Forwarding | Player.Rewinding</visible>
	<controls>
		<control type="group">
			<include>dialogeffect</include>
			<visible>![Window.IsVisible(InfoDialog) | Window.IsVisible(BusyDialog) | Window.IsVisible(SliderDialog) | Window.IsVisible(VolumeBar)]</visible>
			<posx>440</posx>
			<posy>0</posy>
			<control type="image">
				<posx>0</posx>
				<posy>0</posy>
				<width>400</width>
				<height>35</height>
				<texture border="16,0,16,0">popup-small.png</texture>
			</control>
			<control type="label">
				<description>Time Label</description>
				<posx>93</posx>
				<posy>4</posy>
				<width>90</width>
				<height>25</height>
				<font>font-18</font>
				<textcolor>white</textcolor>
				<shadowcolor>black</shadowcolor>
				<align>right</align>
				<aligny>center</aligny>
				<label>$VAR[DialogSeekBarTime]</label>
			</control>
			<control type="progress">
				<description>Progressbar Cache</description>
				<posx>100</posx>
				<posy>9</posy>
				<width>205</width>
				<height>15</height>
				<info>Player.ProgressCache</info>
				<midtexture border="10,0,10,0">ProgressCache.png</midtexture>
			</control>
			<control type="progress">
				<description>Progressbar</description>
				<posx>100</posx>
				<posy>9</posy>
				<width>205</width>
				<height>15</height>
				<info>Player.Progress</info>
				<visible>true</visible>
			</control>
			<control type="progress">
				<description>Player Caching Progress Bar</description>
				<posx>100</posx>
				<posy>9</posy>
				<width>205</width>
				<height>15</height>
				<midtexture border="10,0,10,0">ProgressBuffer.png</midtexture>
				<info>Player.CacheLevel</info>
				<visible>Player.Caching</visible>
			</control>
			<control type="slider" id="401">
				<description>Seek Slider</description>
				<posx>104</posx>
				<posy>12</posy>
				<width>198</width>
				<height>9</height>
				<texturesliderbar>seekslider.png</texturesliderbar>
				<textureslidernib>slider_nibFO.png</textureslidernib>
				<textureslidernibfocus>slider_nibFO.png</textureslidernibfocus>
				<visible>Player.Seeking</visible>
			</control>
			<control type="label">
				<description>Label</description>
				<posx>100</posx>
				<posy>3</posy>
				<width>205</width>
				<height>25</height>
				<align>center</align>
				<aligny>center</aligny>
				<font>font-15</font>
				<textcolor>white</textcolor>
				<shadowcolor>black</shadowcolor>
				<label>$VAR[DialogSeekBarLabel]</label>
			</control>
			<control type="label">
				<description>Duration Label</description>
				<posx>312</posx>
				<posy>4</posy>
				<width>90</width>
				<height>25</height>
				<font>font-18</font>
				<label>$INFO[Player.Duration]</label>
				<textcolor>white</textcolor>
				<shadowcolor>black</shadowcolor>
				<align>left</align>
				<aligny>center</aligny>
			</control>
		</control>
		<control type="group">
			<posx>1000</posx>
			<posy>500</posy>
			<animation effect="slide" start="280,0" end="0,0" time="300">WindowOpen</animation>
			<animation effect="slide" start="0,0" end="280,0" time="300" tween="quadratic" easing="in">WindowClose</animation>
			<animation effect="slide" start="0,0" end="280,0" time="300" tween="quadratic" easing="in">Hidden</animation>
			<include condition="Skin.HasSetting(ClearArt)">clearart-dialogseekbar</include>
			<visible>Player.Paused</visible>
			<control type="group">
				<posx>30</posx>
				<posy>-25</posy>
				<width>370</width>
				<height>190</height>
				<camera x="150" y="80"/>
				<animation effect="rotatey" start="0" end="30" condition="true" center="auto">Conditional</animation>
				<visible>[VideoPlayer.Content(Episodes) + [!Skin.HasSetting(ClearArt) | [IsEmpty(Control.GetLabel(7019)) + IsEmpty(Control.GetLabel(7020))] | Skin.HasSetting(Safemode) | substring(Player.FolderPath,pvr://) | substring(Player.FolderPath,http://) | substring(Player.FolderPath,https://) | substring(Player.FolderPath,htsp://)] + Window.IsVisible(FullscreenVideo) + !Window.IsVisible(FullscreenInfo) + !Window.IsVisible(VideoOSD)] | [VideoPlayer.Content(Movies) + [SubString(Player.FileNameAndPath,http,left) | SubString(Player.FileNameAndPath,mms,left) | SubString(Player.FileNameAndPath,rtmp,left)]]</visible>
				<control type="image">
					<posx>-52</posx>
					<posy>44</posy>
					<width>279</width>
					<height>157</height>
					<texture>$INFO[Player.Art(thumb)]</texture>
				</control>
				<control type="image">
					<posx>-100</posx>
					<posy>30</posy>
					<width>370</width>
					<height>190</height>
					<texture>movie-frame.png</texture>
				</control>
			</control>
			<control type="group">
				<posx>30</posx>
				<posy>-25</posy>
				<width>157</width>
				<height>206</height>
				<camera x="150" y="80"/>
				<animation effect="rotatey" start="0" end="30" condition="true" center="auto">Conditional</animation>
				<visible>VideoPlayer.Content(Movies) + Window.IsVisible(FullscreenVideo) + !Window.IsVisible(FullscreenInfo) + !Window.IsVisible(VideoOSD) + ![SubString(Player.FileNameAndPath,http,left) | SubString(Player.FileNameAndPath,mms,left) | SubString(Player.FileNameAndPath,rtmp,left)]</visible>
				<control type="image">
					<posx>138</posx>
					<posy>18</posy>
					<width>140</width>
					<height>200</height>
					<texture>$INFO[Player.Art(thumb)]</texture>
				</control>
				<control type="image">
					<posx>138</posx>
					<posy>0</posy>
					<width>150</width>
					<height>232</height>
					<texture fallback="case-sets.png">case$INFO[VideoPlayer.VideoResolution].png</texture>
					<visible>!Skin.HasSetting(HideMovieCase)</visible>
				</control>
			</control>
			<control type="group">
				<posx>30</posx>
				<posy>-30</posy>
				<width>228</width>
				<height>208</height>
				<camera x="150" y="80"/>
				<animation effect="rotatey" start="0" end="30" condition="true" center="auto">Conditional</animation>
				<control type="image">
					<posx>76</posx>
					<posy>16</posy>
					<width>200</width>
					<height>200</height>
					<texture>$INFO[MusicPlayer.Cover]</texture>
					<visible>Player.HasAudio + Window.IsVisible(Visualisation) + !Window.IsVisible(MusicOSD) + !Player.ShowInfo</visible>
				</control>
				<control type="image">
					<posx>44</posx>
					<posy>2</posy>
					<width>248</width>
					<height>228</height>
					<texture diffuse="cdcase-diffuse.png">cdcase.png</texture>
					<bordersize>10</bordersize>
					<bordertexture border="10">cdcase-shadow.png</bordertexture>
					<visible>Player.HasAudio + Window.IsVisible(Visualisation) + !Window.IsVisible(MusicOSD) + !Player.ShowInfo + !IsEmpty(MusicPlayer.cover) + !Skin.HasSetting(HideMusicCase)</visible>
				</control>
			</control>
		</control>
	</controls>
</window>
