<?xml version="1.0" encoding="UTF-8"?>
<window>
	<defaultcontrol always="true">11</defaultcontrol>
	<controls>
		<control type="image">
			<posx>0</posx>
			<posy>0</posy>
			<width>1280</width>
			<height>720</height>
			<texture>black.png</texture>
			<animation effect="fade" start="0" end="70" time="300">WindowOpen</animation>
			<animation effect="fade" start="70" end="0" time="300">WindowClose</animation>
		</control>
		<control type="group">
			<include>dialogeffect</include>
			<include>DialogFade3</include>
			<control type="button">
				<posx>1240</posx>
				<posy>20</posy>
				<width>20</width>
				<height>20</height>
				<texturefocus>close-window-focus.png</texturefocus>
				<texturenofocus>close-window-nofocus.png</texturenofocus>
				<onclick>Dialog.Close(mediasource)</onclick>
				<visible>Skin.HasSetting(TouchScreenMode)</visible>
			</control>
			<control type="label" id="2">
				<description>heading label</description>
				<posx>40</posx>
				<posy>15</posy>
				<width>1200</width>
				<height>30</height>
				<align>center</align>
				<aligny>center</aligny>
				<textcolor>blue</textcolor>
				<font>font-32</font>
				<label>-</label>
			</control>
			<control type="image">
				<posx>0</posx>
				<posy>54</posy>
				<width>1280</width>
				<height>2</height>
				<texture>separator.png</texture>
			</control>
			<control type="label">
				<description>path label</description>
				<posx>200</posx>
				<posy>85</posy>
				<width>880</width>
				<height>30</height>
				<align>left</align>
				<aligny>center</aligny>
				<font>font-20</font>
				<label>[B]$LOCALIZE[1021][/B]</label>
				<textcolor>lightblue</textcolor>
			</control>
			<control type="list" id="10">
				<posx>200</posx>
				<posy>120</posy>
				<width>880</width>
				<height>320</height>
				<onup>19</onup>
				<ondown>11</ondown>
				<onleft>10</onleft>
				<onright>61</onright>
				<pagecontrol>61</pagecontrol>
				<scrolltime>200</scrolltime>
				<itemlayout width="880" height="29">
					<control type="image">
						<posx>0</posx>
						<posy>0</posy>
						<width>880</width>
						<height>30</height>
						<texture border="7">list-nofocus.png</texture>
					</control>
					<control type="label">
						<posx>10</posx>
						<posy>0</posy>
						<width>860</width>
						<height>30</height>
						<font>font-20</font>
						<align>left</align>
						<aligny>center</aligny>
						<selectedcolor>blue</selectedcolor>
						<label>$INFO[ListItem.Label]</label>
					</control>
				</itemlayout>
				<focusedlayout width="880" height="29">
					<control type="image">
						<posx>0</posx>
						<posy>0</posy>
						<width>880</width>
						<height>30</height>
						<texture border="7">list-nofocus.png</texture>
					</control>
					<control type="image">
						<posx>0</posx>
						<posy>0</posy>
						<width>880</width>
						<height>30</height>
						<visible>Control.HasFocus(10)</visible>
						<texture border="7">list-focus2.png</texture>
						<include>ListFocusScroll12</include>
					</control>
					<control type="label">
						<posx>10</posx>
						<posy>0</posy>
						<width>860</width>
						<height>30</height>
						<font>font-20</font>
						<align>left</align>
						<aligny>center</aligny>
						<selectedcolor>blue</selectedcolor>
						<label>$INFO[ListItem.Label]</label>
					</control>
				</focusedlayout>
			</control>
			<control type="scrollbar" id="61">
				<posx>1090</posx>
				<posy>120</posy>
				<width>20</width>
				<height>322</height>
				<texturesliderbackground border="0,10,0,10">scrollbar-back.png</texturesliderbackground>
				<texturesliderbar border="0,10,0,10">scrollbar-front-nofocus.png</texturesliderbar>
				<texturesliderbarfocus border="0,10,0,10">scrollbar-front.png</texturesliderbarfocus>
				<textureslidernib>scrollbar-nib-nofocus.png</textureslidernib>
				<textureslidernibfocus>scrollbar-nib.png</textureslidernibfocus>
				<onleft>10</onleft>
				<onright>10</onright>
				<showonepage>false</showonepage>
				<orientation>vertical</orientation>
			</control>
			<control type="group" id="9000">
				<control type="button" id="11">
					<description>Browse Button</description>
					<posx>340</posx>
					<posy>475</posy>
					<width>200</width>
					<height>35</height>
					<align>center</align>
					<aligny>center</aligny>
					<texturefocus border="7">button-nofocus.png</texturefocus>
					<texturenofocus border="7">button-nofocus.png</texturenofocus>
					<label>1024</label>
					<onup>10</onup>
					<onleft>14</onleft>
					<onright>13</onright>
					<ondown>12</ondown>
				</control>
				<control type="button" id="13">
					<description>Add Path Button</description>
					<posx>540</posx>
					<posy>475</posy>
					<width>200</width>
					<height>35</height>
					<align>center</align>
					<aligny>center</aligny>
					<texturefocus border="7">button-nofocus.png</texturefocus>
					<texturenofocus border="7">button-nofocus.png</texturenofocus>
					<label>15019</label>
					<onup>10</onup>
					<onleft>11</onleft>
					<onright>14</onright>
					<ondown>12</ondown>
				</control>
				<control type="button" id="14">
					<description>Remove Path Button</description>
					<posx>740</posx>
					<posy>475</posy>
					<width>200</width>
					<height>35</height>
					<align>center</align>
					<aligny>center</aligny>
					<texturefocus border="7">button-nofocus.png</texturefocus>
					<texturenofocus border="7">button-nofocus.png</texturenofocus>
					<label>1210</label>
					<onup>10</onup>
					<onleft>13</onleft>
					<onright>11</onright>
					<ondown>12</ondown>
				</control>
				<control type="image">
					<posx>340</posx>
					<posy>475</posy>
					<width>200</width>
					<height>35</height>
					<texture border="7">button-focus.png</texture>
					<animation effect="slide" start="0,0" end="200,0" time="200" condition="Control.HasFocus(13)">Conditional</animation>
					<animation effect="slide" start="0,0" end="400,0" time="200" condition="Control.HasFocus(14)">Conditional</animation>
					<animation effect="fade" start="70" end="100" time="750" pulse="true" condition="true">Conditional</animation>
					<visible>Control.HasFocus(11) | Control.HasFocus(13) | Control.HasFocus(14)</visible>
				</control>
			</control>
			<control type="image">
				<posx>0</posx>
				<posy>528</posy>
				<width>1280</width>
				<height>2</height>
				<texture>separator.png</texture>
			</control>
			<control type="label">
				<description>Name label</description>
				<posx>200</posx>
				<posy>550</posy>
				<width>880</width>
				<height>30</height>
				<align>left</align>
				<aligny>center</aligny>
				<font>font-20</font>
				<label>[B]$LOCALIZE[1022][/B]</label>
				<textcolor>lightblue</textcolor>
			</control>
			<control type="edit" id="12">
				<description>Name Button</description>
				<posx>200</posx>
				<posy>585</posy>
				<width>880</width>
				<height>30</height>
				<align>left</align>
				<aligny>center</aligny>
				<label>-</label>
				<font>font-20</font>
				<texturefocus border="7">list-focus.png</texturefocus>
				<texturenofocus border="7">list-nofocus.png</texturenofocus>
				<onup>11</onup>
				<onleft>12</onleft>
				<onright>12</onright>
				<ondown>9001</ondown>
			</control>
			<control type="image">
				<posx>0</posx>
				<posy>645</posy>
				<width>1280</width>
				<height>2</height>
				<texture>separator.png</texture>
			</control>
			<control type="group" id="9001">
				<control type="button" id="18">
					<description>Ok Button</description>
					<posx>440</posx>
					<posy>665</posy>
					<width>200</width>
					<height>35</height>
					<align>center</align>
					<aligny>center</aligny>
					<texturefocus border="7">button-nofocus.png</texturefocus>
					<texturenofocus border="7">button-nofocus.png</texturenofocus>
					<label>186</label>
					<onup>12</onup>
					<onleft>20</onleft>
					<onright>19</onright>
					<ondown>10</ondown>
				</control>
				<control type="button" id="19">
					<description>Cancel Button</description>
					<posx>640</posx>
					<posy>665</posy>
					<width>200</width>
					<height>35</height>
					<align>center</align>
					<aligny>center</aligny>
					<texturefocus border="7">button-nofocus.png</texturefocus>
					<texturenofocus border="7">button-nofocus.png</texturenofocus>
					<label>222</label>
					<onup>12</onup>
					<onleft>18</onleft>
					<onright>20</onright>
					<ondown>10</ondown>
				</control>
				<control type="image">
					<posx>440</posx>
					<posy>665</posy>
					<width>200</width>
					<height>35</height>
					<texture border="7">button-focus.png</texture>
					<animation effect="slide" start="0,0" end="200,0" time="200" condition="Control.HasFocus(19)">Conditional</animation>
					<animation effect="fade" start="70" end="100" time="750" pulse="true" condition="true">Conditional</animation>
					<visible>Control.HasFocus(18) | Control.HasFocus(19)</visible>
				</control>
			</control>
		</control>
	</controls>
</window>
