<?xml version="1.0" encoding="UTF-8"?>
<window>
	<defaultcontrol>11</defaultcontrol>
	<include>dialogeffect</include>
	<coordinates>
		<posx>440</posx>
		<posy>0</posy>
	</coordinates>
	<controls>
		<control type="group">
			<visible>![Window.IsVisible(InfoDialog) | Window.IsVisible(VolumeBar)]</visible>
			<control type="image">
				<posx>0</posx>
				<posy>0</posy>
				<width>400</width>
				<height>35</height>
				<texture border="16,0,16,0">popup-small.png</texture>
			</control>
			<control type="label" id="10">
				<description>Dialog header</description>
				<posx>20</posx>
				<posy>0</posy>
				<width>180</width>
				<height>16</height>
				<align>left</align>
				<aligny>center</aligny>
				<font>font-15b</font>
				<textcolor>white</textcolor>
			</control>
			<control type="label" id="12">
				<description>Slider Value</description>
				<posx>380</posx>
				<posy>0</posy>
				<width>180</width>
				<height>16</height>
				<align>right</align>
				<aligny>center</aligny>
				<font>font-15b</font>
				<textcolor>white</textcolor>
			</control>
			<control type="slider" id="11">
				<description>Slider</description>
				<posx>20</posx>
				<posy>15</posy>
				<width>360</width>
				<height>16</height>
				<aligny>center</aligny>
				<texturefocus>-</texturefocus>
				<texturenofocus>-</texturenofocus>
				<texturesliderbar>osd_slider_bg_2.png</texturesliderbar>
				<textureslidernib>osd_slider_nibNF.png</textureslidernib>
				<textureslidernibfocus>osd_slider_nib.png</textureslidernibfocus>
				<onup>11</onup>
				<ondown>11</ondown>
				<onleft>11</onleft>
				<onright>11</onright>
			</control>
		</control>
	</controls>
</window>
