<?xml version="1.0" encoding="UTF-8"?>
<window>
	<include>dialogeffect</include>
	<coordinates>
		<posx>440</posx>
		<posy>0</posy>
	</coordinates>
	<controls>
		<control type="group">
			<visible>![Window.IsVisible(InfoDialog) | Window.IsVisible(BusyDialog) | Window.IsVisible(SliderDialog) | Window.IsVisible(VolumeBar) | Window.IsVisible(Seekbar) | Window.IsVisible(FullscreenVideo)]</visible>
			<control type="image">
				<posx>0</posx>
				<posy>0</posy>
				<width>400</width>
				<height>35</height>
				<texture border="16,0,16,0">popup-small.png</texture>
			</control>
			<control type="progress" id="32">
				<description>progress control</description>
				<posx>15</posx>
				<posy>9</posy>
				<width>370</width>
				<height>15</height>
			</control>
			<control type="label" id="30">
				<description>unused heading label</description>
				<posx>0</posx>
				<posy>0</posy>
				<width>0</width>
				<height>0</height>
				<font>-</font>
				<visible>false</visible>
			</control>
			<control type="label" id="31">
				<description>Current Title Label</description>
				<posx>0</posx>
				<posy>0</posy>
				<width>0</width>
				<height>0</height>
				<font>-</font>
				<visible>false</visible>
			</control>
			<control type="label">
				<posx>15</posx>
				<posy>3</posy>
				<width>370</width>
				<height>25</height>
				<label>$INFO[Control.GetLabel(31)]</label>
				<font>font-15b</font>
				<textcolor>white</textcolor>
				<shadowcolor>black</shadowcolor>
				<align>center</align>
				<aligny>center</aligny>
			</control>
		</control>
	</controls>
</window>
