<?xml version="1.0" encoding="UTF-8"?>
<window>
	<defaultcontrol always="true">11</defaultcontrol>
	<coordinates>
		<posx>240</posx>
		<posy>0</posy>
	</coordinates>
	<include>dialogeffect</include>
	<controls>
		<control type="group">
			<animation effect="fade" start="100" end="0" time="200" condition="Window.IsVisible(SliderDialog) | Window.IsVisible(pvrguideinfo)">conditional</animation>
			<control type="image">
				<description>background image</description>
				<posx>0</posx>
				<posy>0</posy>
				<width>800</width>
				<height>525</height>
				<texture border="17">panel.png</texture>
				<bordersize>11</bordersize>
			</control>
			<control type="button">
				<posx>744</posx>
				<posy>32</posy>
				<width>20</width>
				<height>20</height>
				<texturefocus>close-window-focus.png</texturefocus>
				<texturenofocus>close-window-nofocus.png</texturenofocus>
				<onclick>Dialog.Close(pvrosdguide)</onclick>
				<visible>Skin.HasSetting(TouchScreenMode)</visible>
			</control>
			<control type="label">
				<description>heading label</description>
				<posx>40</posx>
				<posy>40</posy>
				<width>720</width>
				<height>30</height>
				<align>center</align>
				<aligny>center</aligny>
				<font>font-32</font>
				<label>$LOCALIZE[19222] - $INFO[VideoPlayer.ChannelName]</label>
				<textcolor>blue</textcolor>
			</control>
			<control type="image">
				<posx>40</posx>
				<posy>78</posy>
				<width>720</width>
				<height>2</height>
				<texture>separator.png</texture>
			</control>
			<control type="list" id="11">
				<description>control area</description>
				<posx>45</posx>
				<posy>85</posy>
				<width>710</width>
				<height>380</height>
				<pagecontrol>60</pagecontrol>
				<onleft>60</onleft>
				<onright>60</onright>
				<ondown>11</ondown>
				<onup>11</onup>
				<itemlayout width="710" height="29">
					<control type="image">
						<posx>0</posx>
						<posy>0</posy>
						<width>710</width>
						<height>30</height>
						<texture border="7">list-nofocus.png</texture>
					</control>
					<control type="image">
						<posx>10</posx>
						<posy>0</posy>
						<width>30</width>
						<height>30</height>
						<texture>pvr_record.png</texture>
						<visible>ListItem.IsRecording</visible>
					</control>
					<control type="image">
						<posx>10</posx>
						<posy>0</posy>
						<width>30</width>
						<height>30</height>
						<texture>pvr_schedule.png</texture>
						<visible>ListItem.HasTimer</visible>
					</control>
					<control type="label">
						<posx>50</posx>
						<posy>0</posy>
						<width>500</width>
						<height>30</height>
						<font>font-20</font>
						<align>left</align>
						<aligny>center</aligny>
						<selectedcolor>blue</selectedcolor>
						<label>$INFO[ListItem.StartTime]</label>
					</control>
					<control type="label">
						<posx>200</posx>
						<posy>0</posy>
						<width>500</width>
						<height>30</height>
						<font>font-20</font>
						<align>right</align>
						<aligny>center</aligny>
						<selectedcolor>blue</selectedcolor>
						<label>$INFO[ListItem.Label]</label>
					</control>
				</itemlayout>
				<focusedlayout width="710" height="29">
					<control type="image">
						<posx>0</posx>
						<posy>0</posy>
						<width>710</width>
						<height>30</height>
						<texture border="7">list-nofocus.png</texture>
					</control>
					<control type="image">
						<posx>0</posx>
						<posy>0</posy>
						<width>710</width>
						<height>30</height>
						<texture border="7">list-focus.png</texture>
						<include>ListFocusScroll26</include>
						<visible>Control.HasFocus(11)</visible>
					</control>
					<control type="image">
						<posx>10</posx>
						<posy>0</posy>
						<width>30</width>
						<height>30</height>
						<texture>pvr_record.png</texture>
						<visible>ListItem.IsRecording</visible>
					</control>
					<control type="image">
						<posx>10</posx>
						<posy>0</posy>
						<width>30</width>
						<height>30</height>
						<texture>pvr_schedule.png</texture>
						<visible>ListItem.HasTimer</visible>
					</control>
					<control type="label">
						<posx>50</posx>
						<posy>0</posy>
						<width>500</width>
						<height>30</height>
						<font>font-20</font>
						<align>left</align>
						<aligny>center</aligny>
						<selectedcolor>blue</selectedcolor>
						<label>$INFO[ListItem.StartTime]</label>
					</control>
					<control type="label">
						<posx>200</posx>
						<posy>0</posy>
						<width>500</width>
						<height>30</height>
						<font>font-20</font>
						<align>right</align>
						<aligny>center</aligny>
						<selectedcolor>blue</selectedcolor>
						<label>$INFO[ListItem.Label]</label>
					</control>
				</focusedlayout>
			</control>
			<control type="label">
				<posx>50</posx>
				<posy>470</posy>
				<width>720</width>
				<height>20</height>
				<align>left</align>
				<aligny>center</aligny>
				<font>font-20</font>
				<label>$INFO[Container(11).ListItem.StartDate]</label>
				<textcolor>lightblue</textcolor>
			</control>
			<control type="spincontrol" id="60">
				<description>Next page button</description>
				<posx>684</posx>
				<posy>470</posy>
				<subtype>page</subtype>
				<font>font-19</font>
				<onleft>11</onleft>
				<onright>11</onright>
				<ondown>60</ondown>
				<onup>60</onup>
				<textcolor>white</textcolor>
				<showonepage>true</showonepage>
			</control>
		</control>
	</controls>
</window>
