<?xml version="1.0" encoding="UTF-8"?>
<window>
	<defaultcontrol always="true">7</defaultcontrol>
	<controls>
		<control type="image">
			<posx>0</posx>
			<posy>0</posy>
			<width>1280</width>
			<height>720</height>
			<texture>black.png</texture>
			<animation effect="fade" start="0" end="70" time="300">WindowOpen</animation>
			<animation effect="fade" start="70" end="0" time="300">WindowClose</animation>
		</control>
		<control type="group">
			<include>DialogFade5</include>
			<control type="image">
				<posx>0</posx>
				<posy>550</posy>
				<width>1280</width>
				<height>158</height>
				<texture border="10">underlay.png</texture>
			</control>
			<control type="image">
				<posx>8</posx>
				<posy>505</posy>
				<width>210</width>
				<height>210</height>
				<aspectratio scalediffuse="false">scale</aspectratio>
				<texture diffuse="thumb-diffuse.png" background="true">$INFO[Listitem.Icon]</texture>
				<bordersize>6</bordersize>
				<fadetime>IconCrossfadeTime</fadetime>
			</control>
		</control>
		<control type="group">
			<include>DialogFade5</include>
			<animation effect="fade" start="100" end="0" time="200" condition="Window.IsVisible(custom_DialogPlot.xml)">Conditional</animation>
			<control type="label">
				<posx>225</posx>
				<posy>572</posy>
				<width>860</width>
				<height>30</height>
				<font>font-30</font>
				<textcolor>blue</textcolor>
				<shadowcolor>black</shadowcolor>
				<align>left</align>
				<aligny>center</aligny>
				<label>[UPPERCASE]$INFO[ListItem.Title][/UPPERCASE]</label>
			</control>
			<control type="label">
				<posx>225</posx>
				<posy>603</posy>
				<width>1000</width>
				<height>20</height>
				<font>font-23</font>
				<textcolor>white</textcolor>
				<shadowcolor>black</shadowcolor>
				<align>left</align>
				<aligny>center</aligny>
				<label>[B]$INFO[ListItem.Date][/B]</label>
			</control>
			<control type="textbox">
				<description>Description Value</description>
				<posx>225</posx>
				<posy>625</posy>
				<width>1000</width>
				<height>65</height>
				<font>font-19</font>
				<align>justify</align>
				<textcolor>white</textcolor>
				<pagecontrol>61</pagecontrol>
				<label>$INFO[ListItem.Plot]</label>
				<autoscroll time="2000" delay="8000" repeat="5000">Skin.HasSetting(AutoScroll)</autoscroll>
				<animation effect="fade" time="200">Visible</animation>
				<animation effect="fade" time="200">Hidden</animation>
			</control>
		</control>
		<control type="group">
			<include>dialogeffect4</include>
			<animation effect="fade" start="100" end="0" time="200" condition="Window.IsVisible(custom_DialogPlot.xml)">Conditional</animation>
			<control type="button">
				<posx>1240</posx>
				<posy>20</posy>
				<width>20</width>
				<height>20</height>
				<texturefocus>close-window-focus.png</texturefocus>
				<texturenofocus>close-window-nofocus.png</texturenofocus>
				<onclick>Dialog.Close(pvrrecordinginfo)</onclick>
				<visible>Skin.HasSetting(TouchScreenMode)</visible>
			</control>
			<control type="label">
				<description>Title value</description>
				<posx>40</posx>
				<posy>45</posy>
				<width>1200</width>
				<height>30</height>
				<align>center</align>
				<aligny>center</aligny>
				<textcolor>blue</textcolor>
				<shadowcolor>black</shadowcolor>
				<label>$INFO[ListItem.Title]</label>
				<font>font-32</font>
			</control>
			<control type="image">
				<posx>40</posx>
				<posy>84</posy>
				<width>1200</width>
				<height>2</height>
				<texture>separator.png</texture>
			</control>
			<control type="group">
				<include>VisibleFadeEffect</include>
				<control type="list" id="49">
					<posx>80</posx>
					<posy>140</posy>
					<width>1200</width>
					<height>265</height>
					<onleft>49</onleft>
					<onright>49</onright>
					<onup>61</onup>
					<ondown>10</ondown>
					<pagecontrol>-</pagecontrol>
					<scrolltime>200</scrolltime>
					<itemlayout width="1200" height="29">
						<control type="image">
							<posx>0</posx>
							<posy>0</posy>
							<width>1166</width>
							<height>30</height>
							<texture border="7">list-nofocus.png</texture>
							<include>VisibleFadeEffect</include>
						</control>
						<control type="label">
							<posx>0</posx>
							<posy>0</posy>
							<width>160</width>
							<height>30</height>
							<font>font-20</font>
							<align>right</align>
							<aligny>center</aligny>
							<textcolor>lightblue</textcolor>
							<selectedcolor>white</selectedcolor>
							<label>$INFO[ListItem.Label]</label>
						</control>
						<control type="label">
							<posx>175</posx>
							<posy>0</posy>
							<width>980</width>
							<height>30</height>
							<font>font-20</font>
							<align>left</align>
							<aligny>center</aligny>
							<textcolor>white</textcolor>
							<selectedcolor>white</selectedcolor>
							<label>$INFO[ListItem.Label2]</label>
						</control>
					</itemlayout>
					<focusedlayout width="1200" height="29">
						<control type="image">
							<posx>0</posx>
							<posy>0</posy>
							<width>1166</width>
							<height>30</height>
							<texture border="7">list-nofocus.png</texture>
							<include>VisibleFadeEffect</include>
						</control>
						<control type="image">
							<posx>0</posx>
							<posy>0</posy>
							<width>1166</width>
							<height>30</height>
							<texture border="7">list-focus2.png</texture>
							<include>VisibleFadeEffect</include>
							<visible>Control.HasFocus(49)</visible>
							<include>ListFocusScroll22</include>
						</control>
						<control type="label">
							<posx>0</posx>
							<posy>0</posy>
							<width>160</width>
							<height>30</height>
							<font>font-20</font>
							<align>right</align>
							<aligny>center</aligny>
							<textcolor>lightblue</textcolor>
							<selectedcolor>white</selectedcolor>
							<label>$INFO[ListItem.Label]</label>
						</control>
						<control type="label">
							<posx>175</posx>
							<posy>0</posy>
							<width>980</width>
							<height>30</height>
							<font>font-20</font>
							<align>left</align>
							<aligny>center</aligny>
							<textcolor>white</textcolor>
							<selectedcolor>white</selectedcolor>
							<label>$INFO[ListItem.Label2]</label>
						</control>
					</focusedlayout>
					<content>
						<item>
							<label>[UPPERCASE][B]$LOCALIZE[556]:[/B][/UPPERCASE]</label>
							<label2>$INFO[ListItem.Title]</label2>
							<onclick>noop</onclick>
						</item>
						<item>
							<label>[UPPERCASE][B]$LOCALIZE[19148]:[/B][/UPPERCASE]</label>
							<label2>$INFO[ListItem.ChannelName]</label2>
							<onclick>noop</onclick>
						</item>
						<item>
							<label>[UPPERCASE][B]$LOCALIZE[180]:[/B][/UPPERCASE]</label>
							<label2>$INFO[ListItem.Duration]</label2>
							<onclick>noop</onclick>
						</item>
						<item>
							<label>[UPPERCASE][B]$LOCALIZE[552]:[/B][/UPPERCASE]</label>
							<label2>$INFO[ListItem.StartDate]</label2>
							<onclick>noop</onclick>
						</item>
						<item>
							<label>[UPPERCASE][B]$LOCALIZE[142][/B][/UPPERCASE]</label>
							<label2>$INFO[ListItem.StartTime]</label2>
							<onclick>noop</onclick>
						</item>
						<item>
							<label>[UPPERCASE][B]$LOCALIZE[135]:[/B][/UPPERCASE]</label>
							<label2>$INFO[ListItem.Genre]</label2>
							<onclick>noop</onclick>
						</item>
						<item>
							<label>[UPPERCASE][B]$LOCALIZE[203]:[/B][/UPPERCASE]</label>
							<label2>$INFO[ListItem.PlotOutline]</label2>
							<onclick>noop</onclick>
						</item>
					</content>
				</control>
			</control>
			<control type="spincontrol" id="61">
				<description>Next page button</description>
				<posx>1180</posx>
				<posy>699</posy>
				<subtype>page</subtype>
				<font>font-19</font>
				<onleft>1114</onleft>
				<onright>1114</onright>
				<ondown>49</ondown>
				<onup>7</onup>
				<textcolor>white</textcolor>
				<showonepage>true</showonepage>
			</control>
			<control type="button" id="1114">
				<posx>1250</posx>
				<posy>700</posy>
				<width>20</width>
				<height>20</height>
				<label>-</label>
				<font>-</font>
				<texturefocus>magnifier-small-focus.png</texturefocus>
				<texturenofocus>magnifier-small-nofocus.png</texturenofocus>
				<onleft>61</onleft>
				<onright>61</onright>
				<ondown>49</ondown>
				<onup>7</onup>
				<onclick condition="VideoPlayer.Content(LiveTV)">SetProperty(Transparency.EPGTitle,$ESCINFO[ListItem.Title],10000)</onclick>
				<onclick condition="VideoPlayer.Content(LiveTV)">SetProperty(Transparency.EPGDate,$ESCINFO[ListItem.Date],10000)</onclick>
				<onclick condition="VideoPlayer.Content(LiveTV)">SetProperty(Transparency.EPGPlot,$ESCINFO[ListItem.Plot],10000)</onclick>
				<onclick>ActivateWindow(1113)</onclick>
			</control>
			<control type="group" id="9000">
				<animation effect="slide" start="0,0" end="-100,0" time="0" condition="Control.IsVisible(4)">Conditional</animation>
				<animation effect="slide" start="0,0" end="-100,0" time="0" condition="Control.IsVisible(5)">Conditional</animation>
				<animation effect="slide" start="0,0" end="-100,0" time="0" condition="Control.IsVisible(7)">Conditional</animation>
				<animation effect="slide" start="0,0" end="-100,0" time="0" condition="Control.IsVisible(8)">Conditional</animation>
				<control type="button" id="7">
					<description>Ok button</description>
					<posx>540</posx>
					<posy>453</posy>
					<width>200</width>
					<height>35</height>
					<font>font-20</font>
					<textcolor>white</textcolor>
					<focusedcolor>white</focusedcolor>
					<shadowcolor>black</shadowcolor>
					<align>center</align>
					<aligny>center</aligny>
					<texturefocus border="7">button-nofocus.png</texturefocus>
					<texturenofocus border="7">button-nofocus.png</texturenofocus>
					<label>186</label>
					<onleft>8</onleft>
					<onright>6</onright>
					<onup>49</onup>
					<ondown>61</ondown>
				</control>
				<control type="button" id="6">
					<description>Record button</description>
					<posx>740</posx>
					<posy>453</posy>
					<width>200</width>
					<height>35</height>
					<font>font-20</font>
					<textcolor>white</textcolor>
					<focusedcolor>white</focusedcolor>
					<shadowcolor>black</shadowcolor>
					<align>center</align>
					<aligny>center</aligny>
					<texturefocus border="7">button-nofocus.png</texturefocus>
					<texturenofocus border="7">button-nofocus.png</texturenofocus>
					<label>-</label>
					<onleft>7</onleft>
					<onright>5</onright>
					<onup>49</onup>
					<ondown>61</ondown>
					<visible>Window.IsActive(PVRGuideInfo)</visible>
				</control>
				<control type="button" id="5">
					<description>Switch button</description>
					<posx>940</posx>
					<posy>453</posy>
					<width>200</width>
					<height>35</height>
					<font>font-20</font>
					<textcolor>white</textcolor>
					<focusedcolor>white</focusedcolor>
					<shadowcolor>black</shadowcolor>
					<align>center</align>
					<aligny>center</aligny>
					<texturefocus border="7">button-nofocus.png</texturefocus>
					<texturenofocus border="7">button-nofocus.png</texturenofocus>
					<label>19165</label>
					<onleft>6</onleft>
					<onright>4</onright>
					<onup>49</onup>
					<ondown>61</ondown>
					<visible>Window.IsActive(PVRGuideInfo)</visible>
				</control>
				<control type="button" id="4">
					<description>Similar button</description>
					<posx>1140</posx>
					<posy>453</posy>
					<width>200</width>
					<height>35</height>
					<font>font-20</font>
					<textcolor>white</textcolor>
					<focusedcolor>white</focusedcolor>
					<shadowcolor>black</shadowcolor>
					<align>center</align>
					<aligny>center</aligny>
					<texturefocus border="7">button-nofocus.png</texturefocus>
					<texturenofocus border="7">button-nofocus.png</texturenofocus>
					<label>19003</label>
					<onleft>5</onleft>
					<onright>8</onright>
					<onup>49</onup>
					<ondown>61</ondown>
					<visible>Window.IsActive(PVRGuideInfo)</visible>
				</control>
				<control type="button" id="8">
					<description>Play button</description>
					<posx>1340</posx>
					<posy>453</posy>
					<width>200</width>
					<height>35</height>
					<font>font-20</font>
					<textcolor>white</textcolor>
					<focusedcolor>white</focusedcolor>
					<shadowcolor>black</shadowcolor>
					<align>center</align>
					<aligny>center</aligny>
					<texturefocus border="7">button-nofocus.png</texturefocus>
					<texturenofocus border="7">button-nofocus.png</texturenofocus>
					<label>19687</label>
					<onleft>4</onleft>
					<onright>7</onright>
					<onup>49</onup>
					<ondown>61</ondown>
					<visible>Window.IsActive(PVRGuideInfo)</visible>
				</control>
				<control type="image">
					<posx>540</posx>
					<posy>453</posy>
					<width>200</width>
					<height>35</height>
					<texture border="7">button-focus.png</texture>
					<animation effect="slide" start="0,0" end="200,0" time="200" condition="Control.HasFocus(6)">Conditional</animation>
					<animation effect="slide" start="0,0" end="400,0" time="200" condition="Control.HasFocus(5)">Conditional</animation>
					<animation effect="slide" start="0,0" end="600,0" time="200" condition="Control.HasFocus(4)">Conditional</animation>
					<animation effect="slide" start="0,0" end="800,0" time="200" condition="Control.HasFocus(8)">Conditional</animation>
					<animation effect="fade" start="70" end="100" time="750" pulse="true" condition="true">Conditional</animation>
					<visible>Control.HasFocus(4) | Control.HasFocus(5) | Control.HasFocus(6) | Control.HasFocus(7) | Control.HasFocus(8)</visible>
				</control>
			</control>
		</control>
	</controls>
</window>
