<?xml version="1.0" encoding="UTF-8"?>
<window>
	<defaultcontrol always="true">5</defaultcontrol>
	<controls>
		<control type="image">
			<posx>0</posx>
			<posy>0</posy>
			<width>1280</width>
			<height>720</height>
			<texture>black.png</texture>
			<animation effect="fade" start="0" end="70" time="300">WindowOpen</animation>
			<animation effect="fade" start="70" end="0" time="300">WindowClose</animation>
			<animation effect="fade" start="100" end="0" time="300" condition="StringCompare(Window.Property(script.metadata.actors.isactive),1)">Conditional</animation>
			<visible>!Window.IsVisible(SongInformation)</visible>
		</control>
		<control type="group">
			<include>DialogFade</include>
			<control type="image">
				<posx>0</posx>
				<posy>560</posy>
				<width>1280</width>
				<height>148</height>
				<texture border="10">underlay.png</texture>
			</control>
			<control type="image">
				<posx>8</posx>
				<posy>505</posy>
				<width>210</width>
				<height>210</height>
				<aspectratio scalediffuse="false">scale</aspectratio>
				<texture diffuse="thumb-diffuse.png" background="true">$INFO[Listitem.Icon]</texture>
				<bordertexture>thumb-shadow.png</bordertexture>
				<bordersize>6</bordersize>
				<visible>Container.Content(Artists)</visible>
			</control>
			<control type="image">
				<posx>34</posx>
				<posy>499</posy>
				<width>208</width>
				<height>208</height>
				<texture>$INFO[ListItem.Icon]</texture>
				<visible>Container.Content(Albums)</visible>
			</control>
			<control type="image">
				<posx>12</posx>
				<posy>496</posy>
				<width>236</width>
				<height>214</height>
				<texture>cdcase.png</texture>
				<visible>Container.Content(Albums) + !Skin.HasSetting(HideMusicCase)</visible>
			</control>
			<control type="image">
				<posx>8</posx>
				<posy>492</posy>
				<width>245</width>
				<height>225</height>
				<texture>cdcase-shadow.png</texture>
				<visible>Container.Content(Albums) + !Skin.HasSetting(HideMusicCase)</visible>
			</control>
		</control>
		<control type="group">
			<include>dialogeffect4</include>
			<include>DialogFade</include>
			<animation effect="fade" start="100" end="0" time="200" condition="Window.IsVisible(custom_DialogPlot.xml)">Conditional</animation>
			<control type="button">
				<posx>1240</posx>
				<posy>20</posy>
				<width>20</width>
				<height>20</height>
				<texturefocus>close-window-focus.png</texturefocus>
				<texturenofocus>close-window-nofocus.png</texturenofocus>
				<onclick>Dialog.Close(musicinformation)</onclick>
				<visible>Skin.HasSetting(TouchScreenMode)</visible>
			</control>
			<control type="label">
				<description>Title value</description>
				<posx>40</posx>
				<posy>45</posy>
				<width>1200</width>
				<height>30</height>
				<align>center</align>
				<aligny>center</aligny>
				<textcolor>blue</textcolor>
				<shadowcolor>black</shadowcolor>
				<label>$VAR[DialogAlbumInfoTitle]</label>
				<font>font-32</font>
			</control>
			<control type="image">
				<posx>40</posx>
				<posy>84</posy>
				<width>1200</width>
				<height>2</height>
				<texture>separator.png</texture>
			</control>
			<control type="image">
				<posx>40</posx>
				<posy>415</posy>
				<width>1200</width>
				<height>2</height>
				<texture>separator.png</texture>
			</control>
			<control type="group" id="9001">
				<control type="group" id="9000">
					<posx>240</posx>
					<posy>420</posy>
					<animation effect="slide" start="0,0" end="-100,0" time="0" condition="Container.Content(Artists) + System.HasAddon(script.metadata.actors)">Conditional</animation>
					<control type="button" id="5">
						<description>Cast/Review</description>
						<posx>0</posx>
						<posy>33</posy>
						<width>200</width>
						<height>35</height>
						<font>font-20</font>
						<textcolor>white</textcolor>
						<focusedcolor>white</focusedcolor>
						<shadowcolor>black</shadowcolor>
						<align>center</align>
						<aligny>center</aligny>
						<texturefocus border="7">button-nofocus.png</texturefocus>
						<texturenofocus border="7">button-nofocus.png</texturenofocus>
						<label>206</label>
						<onleft>12</onleft>
						<onright>6</onright>
						<onup>49</onup>
						<ondown>50</ondown>
					</control>
					<control type="button" id="6">
						<description>Refresh</description>
						<posx>200</posx>
						<posy>33</posy>
						<width>200</width>
						<height>35</height>
						<font>font-20</font>
						<textcolor>white</textcolor>
						<focusedcolor>white</focusedcolor>
						<shadowcolor>black</shadowcolor>
						<align>center</align>
						<aligny>center</aligny>
						<texturefocus border="7">button-nofocus.png</texturefocus>
						<texturenofocus border="7">button-nofocus.png</texturenofocus>
						<label>184</label>
						<onleft>5</onleft>
						<onright>10</onright>
						<onup>49</onup>
						<ondown>50</ondown>
					</control>
					<control type="button" id="10">
						<description>Get Thumb</description>
						<posx>400</posx>
						<posy>33</posy>
						<width>200</width>
						<height>35</height>
						<font>font-20</font>
						<textcolor>white</textcolor>
						<focusedcolor>white</focusedcolor>
						<shadowcolor>black</shadowcolor>
						<align>center</align>
						<aligny>center</aligny>
						<texturefocus border="7">button-nofocus.png</texturefocus>
						<texturenofocus border="7">button-nofocus.png</texturenofocus>
						<label>13405</label>
						<onleft>6</onleft>
						<onright>12</onright>
						<onup>49</onup>
						<ondown>50</ondown>
					</control>
					<control type="button" id="12">
						<description>Get Fanart</description>
						<posx>600</posx>
						<posy>33</posy>
						<width>200</width>
						<height>35</height>
						<font>font-20</font>
						<textcolor>white</textcolor>
						<focusedcolor>white</focusedcolor>
						<shadowcolor>black</shadowcolor>
						<align>center</align>
						<aligny>center</aligny>
						<texturefocus border="7">button-nofocus.png</texturefocus>
						<texturenofocus border="7">button-nofocus.png</texturenofocus>
						<label>20413</label>
						<onleft>10</onleft>
						<onright>1245</onright>
						<onup>49</onup>
						<ondown>50</ondown>
					</control>
					<control type="button" id="1245">
						<description>Filmography</description>
						<posx>800</posx>
						<posy>33</posy>
						<width>200</width>
						<height>35</height>
						<font>font-20</font>
						<textcolor>white</textcolor>
						<focusedcolor>white</focusedcolor>
						<shadowcolor>black</shadowcolor>
						<align>center</align>
						<aligny>center</aligny>
						<texturefocus border="7">button-nofocus.png</texturefocus>
						<texturenofocus border="7">button-nofocus.png</texturenofocus>
						<label>20342</label>
						<onleft>12</onleft>
						<onright>5</onright>
						<onup>49</onup>
						<ondown>50</ondown>
						<onclick>RunScript(script.metadata.actors,$INFO[Listitem.Artist])</onclick>
						<visible>Container.Content(Artists) + System.HasAddon(script.metadata.actors)</visible>
					</control>
				</control>
			</control>
			<control type="image">
				<posx>240</posx>
				<posy>453</posy>
				<width>200</width>
				<height>35</height>
				<texture border="7">button-focus.png</texture>
				<animation effect="slide" start="0,0" end="200,0" time="200" condition="Control.HasFocus(6)">Conditional</animation>
				<animation effect="slide" start="0,0" end="400,0" time="200" condition="Control.HasFocus(10)">Conditional</animation>
				<animation effect="slide" start="0,0" end="600,0" time="200" condition="Control.HasFocus(12)">Conditional</animation>
				<animation effect="slide" start="0,0" end="800,0" time="200" condition="Control.HasFocus(1245)">Conditional</animation>
				<animation effect="slide" start="0,0" end="-100,0" time="0" condition="Container.Content(Artists) + System.HasAddon(script.metadata.actors)">Conditional</animation>
				<animation effect="fade" start="70" end="100" time="750" pulse="true" condition="true">Conditional</animation>
				<visible>Control.HasFocus(5) | Control.HasFocus(6) | Control.HasFocus(10) | Control.HasFocus(12) | Control.HasFocus(1245)</visible>
			</control>
			<control type="label">
				<posx>325</posx>
				<posy>530</posy>
				<width>800</width>
				<height>30</height>
				<font>font-20c</font>
				<textcolor>lightblue</textcolor>
				<align>center</align>
				<label>$VAR[DialogAlbumInfoLabel]</label>
				<visible>Container.Content(Artists) + !Control.IsVisible(50)</visible>
			</control>
			<control type="textbox" id="4">
				<description>textarea</description>
				<posx>225</posx>
				<posy>584</posy>
				<width>1015</width>
				<height>103</height>
				<font>font-19</font>
				<align>justify</align>
				<textcolor>white</textcolor>
				<shadowcolor>black</shadowcolor>
				<pagecontrol>61</pagecontrol>
				<autoscroll time="3000" delay="16000" repeat="5000">!Control.HasFocus(61) + Skin.HasSetting(AutoScroll)</autoscroll>
				<visible>Container.Content(Artists) + !Control.IsVisible(50)</visible>
			</control>
			<control type="textbox" id="4">
				<description>textarea</description>
				<posx>265</posx>
				<posy>584</posy>
				<width>975</width>
				<height>103</height>
				<font>font-19</font>
				<align>justify</align>
				<textcolor>white</textcolor>
				<shadowcolor>black</shadowcolor>
				<pagecontrol>61</pagecontrol>
				<autoscroll time="3000" delay="16000" repeat="5000">!Control.HasFocus(61) + Skin.HasSetting(AutoScroll)</autoscroll>
				<visible>Container.Content(Albums) + !Control.IsVisible(50)</visible>
			</control>
			<control type="label">
				<posx>345</posx>
				<posy>530</posy>
				<width>800</width>
				<height>30</height>
				<font>font-20</font>
				<textcolor>lightblue</textcolor>
				<align>center</align>
				<label>[B]$INFO[Container(50).Listitem.Label][/B]</label>
				<visible>Container.Content(Artists) + Control.HasFocus(50)</visible>
			</control>
			<control type="wraplist" id="50">
				<posx>227</posx>
				<posy>580</posy>
				<width>1035</width>
				<height>110</height>
				<onleft>50</onleft>
				<onright>50</onright>
				<onup>5</onup>
				<ondown>61</ondown>
				<viewtype label="">list</viewtype>
				<pagecontrol>61</pagecontrol>
				<scrolltime>200</scrolltime>
				<focusposition>4</focusposition>
				<orientation>horizontal</orientation>
				<hitrect x="670" y="565" w="140" h="135"/>
				<visible>Container.Content(Artists)</visible>
				<itemlayout width="115" height="110">
					<control type="image">
						<posx>16</posx>
						<posy>7</posy>
						<width>95</width>
						<height>95</height>
						<aspectratio>scale</aspectratio>
						<texture>$INFO[ListItem.Icon]</texture>
					</control>
					<control type="image">
						<posx>5</posx>
						<posy>5</posy>
						<width>109</width>
						<height>99</height>
						<texture>cdcase.png</texture>
						<visible>!Skin.HasSetting(HideMusicCase)</visible>
					</control>
				</itemlayout>
				<focusedlayout width="115" height="110">
					<control type="image">
						<posx>16</posx>
						<posy>7</posy>
						<width>95</width>
						<height>95</height>
						<aspectratio>scale</aspectratio>
						<texture>$INFO[ListItem.Icon]</texture>
						<animation effect="zoom" start="16,7,95,95" end="3,-8,124,124" time="100">focus</animation>
					</control>
					<control type="image">
						<posx>5</posx>
						<posy>5</posy>
						<width>109</width>
						<height>99</height>
						<texture>cdcase.png</texture>
						<animation effect="zoom" start="5,5,109,99" end="-11,-10,142,128" time="100">focus</animation>
						<visible>!Skin.HasSetting(HideMusicCase)</visible>
					</control>
				</focusedlayout>
			</control>
			<control type="panel" id="50">
				<posx>260</posx>
				<posy>575</posy>
				<width>980</width>
				<height>120</height>
				<onleft>50</onleft>
				<onright>50</onright>
				<onup>5</onup>
				<ondown>61</ondown>
				<viewtype label="">list</viewtype>
				<pagecontrol>61</pagecontrol>
				<scrolltime>200</scrolltime>
				<orientation>vertical</orientation>
				<visible>Container.Content(Albums)</visible>
				<itemlayout width="490" height="29">
					<control type="image">
						<posx>0</posx>
						<posy>0</posy>
						<width>490</width>
						<height>30</height>
						<texture border="7">button-nofocus.png</texture>
					</control>
					<control type="label">
						<posx>10</posx>
						<posy>0</posy>
						<width>460</width>
						<height>30</height>
						<font>font-20</font>
						<align>left</align>
						<aligny>center</aligny>
						<selectedcolor>white</selectedcolor>
						<label>[COLOR=blue][B]$INFO[ListItem.TrackNumber][/B][/COLOR] - $INFO[ListItem.Label]</label>
					</control>
					<control type="label">
						<posx>320</posx>
						<posy>0</posy>
						<width>150</width>
						<height>30</height>
						<font>font-20</font>
						<align>right</align>
						<aligny>center</aligny>
						<textcolor>lightblue</textcolor>
						<label>$INFO[ListItem.Duration]</label>
					</control>
				</itemlayout>
				<focusedlayout width="490" height="29">
					<control type="image">
						<posx>0</posx>
						<posy>0</posy>
						<width>490</width>
						<height>30</height>
						<visible>!Control.HasFocus(50)</visible>
						<texture border="7">button-nofocus.png</texture>
					</control>
					<control type="image">
						<posx>0</posx>
						<posy>0</posy>
						<width>490</width>
						<height>30</height>
						<visible>Control.HasFocus(50)</visible>
						<texture border="7">button-focus.png</texture>
					</control>
					<control type="label">
						<posx>10</posx>
						<posy>0</posy>
						<width>460</width>
						<height>30</height>
						<font>font-20</font>
						<align>left</align>
						<aligny>center</aligny>
						<selectedcolor>white</selectedcolor>
						<label>[COLOR=blue][B]$INFO[ListItem.TrackNumber][/B][/COLOR] - $INFO[ListItem.Label]</label>
					</control>
					<control type="label">
						<posx>320</posx>
						<posy>0</posy>
						<width>150</width>
						<height>30</height>
						<font>font-20</font>
						<align>right</align>
						<aligny>center</aligny>
						<textcolor>lightblue</textcolor>
						<label>$INFO[ListItem.Duration]</label>
					</control>
				</focusedlayout>
			</control>
			<control type="spincontrol" id="61">
				<description>Next page button</description>
				<posx>1180</posx>
				<posy>699</posy>
				<subtype>page</subtype>
				<font>font-19</font>
				<onleft>61</onleft>
				<onright>1112</onright>
				<ondown>5</ondown>
				<onup>50</onup>
				<textcolor>white</textcolor>
				<showonepage>true</showonepage>
			</control>
			<control type="button" id="1112">
				<posx>1250</posx>
				<posy>700</posy>
				<width>20</width>
				<height>20</height>
				<label>-</label>
				<font>-</font>
				<texturefocus>magnifier-small-focus.png</texturefocus>
				<texturenofocus>magnifier-small-nofocus.png</texturenofocus>
				<onleft>61</onleft>
				<onright>61</onright>
				<onup>11</onup>
				<ondown>5</ondown>
				<onclick>ActivateWindow(1113)</onclick>
			</control>
			<control type="group">
				<visible>Container.Content(Artists)</visible>
				<control type="group">
					<include>VisibleFadeEffect</include>
					<control type="list" id="49">
						<posx>80</posx>
						<posy>115</posy>
						<width>1200</width>
						<height>300</height>
						<onleft>49</onleft>
						<onright>49</onright>
						<onup>5</onup>
						<ondown>5</ondown>
						<pagecontrol>-</pagecontrol>
						<scrolltime>200</scrolltime>
						<itemlayout width="1200" height="29">
							<control type="image">
								<posx>0</posx>
								<posy>0</posy>
								<width>1166</width>
								<height>30</height>
								<texture border="7">list-nofocus.png</texture>
								<include>VisibleFadeEffect</include>
							</control>
							<control type="label">
								<posx>0</posx>
								<posy>0</posy>
								<width>160</width>
								<height>30</height>
								<font>font-20</font>
								<align>right</align>
								<aligny>center</aligny>
								<textcolor>lightblue</textcolor>
								<selectedcolor>white</selectedcolor>
								<label>$INFO[ListItem.Label]</label>
							</control>
							<control type="label">
								<posx>175</posx>
								<posy>0</posy>
								<width>980</width>
								<height>30</height>
								<font>font-20</font>
								<align>left</align>
								<aligny>center</aligny>
								<textcolor>white</textcolor>
								<selectedcolor>white</selectedcolor>
								<label>$INFO[ListItem.Label2]</label>
							</control>
						</itemlayout>
						<focusedlayout width="1200" height="29">
							<control type="image">
								<posx>0</posx>
								<posy>0</posy>
								<width>1166</width>
								<height>30</height>
								<texture border="7">list-nofocus.png</texture>
								<include>VisibleFadeEffect</include>
							</control>
							<control type="image">
								<posx>0</posx>
								<posy>0</posy>
								<width>1166</width>
								<height>30</height>
								<texture border="7">list-focus2.png</texture>
								<include>VisibleFadeEffect</include>
								<visible>Control.HasFocus(49)</visible>
								<include>ListFocusScroll22</include>
							</control>
							<control type="label">
								<posx>0</posx>
								<posy>0</posy>
								<width>160</width>
								<height>30</height>
								<font>font-20</font>
								<align>right</align>
								<aligny>center</aligny>
								<textcolor>lightblue</textcolor>
								<selectedcolor>white</selectedcolor>
								<label>$INFO[ListItem.Label]</label>
							</control>
							<control type="label">
								<posx>175</posx>
								<posy>0</posy>
								<width>980</width>
								<height>30</height>
								<font>font-20</font>
								<align>left</align>
								<aligny>center</aligny>
								<textcolor>white</textcolor>
								<selectedcolor>white</selectedcolor>
								<label>$INFO[ListItem.Label2]</label>
							</control>
						</focusedlayout>
						<content>
							<item>
								<label>[UPPERCASE][B]$LOCALIZE[515]:[/B][/UPPERCASE]</label>
								<label2>$INFO[ListItem.Property(Artist_Genre)]</label2>
								<onclick>noop</onclick>
							</item>
							<item>
								<label>[UPPERCASE][B]$LOCALIZE[175]:[/B][/UPPERCASE]</label>
								<label2>$INFO[ListItem.Property(Artist_Mood)]</label2>
								<onclick>noop</onclick>
							</item>
							<item>
								<label>[UPPERCASE][B]$LOCALIZE[176]:[/B][/UPPERCASE]</label>
								<label2>$INFO[ListItem.Property(Artist_Style)]</label2>
								<onclick>noop</onclick>
							</item>
							<item>
								<label>[UPPERCASE][B]$LOCALIZE[21892]:[/B][/UPPERCASE]</label>
								<label2>$INFO[ListItem.Property(Artist_Instrument)]</label2>
								<onclick>noop</onclick>
							</item>
							<item>
								<label>[UPPERCASE][B]$LOCALIZE[21893]:[/B][/UPPERCASE]</label>
								<label2>$INFO[ListItem.Property(Artist_Born)]</label2>
								<onclick>noop</onclick>
							</item>
							<item>
								<label>[UPPERCASE][B]$LOCALIZE[21897]:[/B][/UPPERCASE]</label>
								<label2>$INFO[ListItem.Property(Artist_Died)]</label2>
								<onclick>noop</onclick>
							</item>
							<item>
								<label>[UPPERCASE][B]$LOCALIZE[21894]:[/B][/UPPERCASE]</label>
								<label2>$INFO[ListItem.Property(Artist_Formed)]</label2>
								<onclick>noop</onclick>
							</item>
							<item>
								<label>[UPPERCASE][B]$LOCALIZE[21896]:[/B][/UPPERCASE]</label>
								<label2>$INFO[ListItem.Property(Artist_Disbanded)]</label2>
								<onclick>noop</onclick>
							</item>
							<item>
								<label>[UPPERCASE][B]$LOCALIZE[21898]:[/B][/UPPERCASE]</label>
								<label2>$INFO[ListItem.Property(Artist_YearsActive)]</label2>
								<onclick>noop</onclick>
							</item>
						</content>
					</control>
				</control>
			</control>
			<control type="group">
				<visible>Container.Content(Albums)</visible>
				<control type="group">
					<include>VisibleFadeEffect</include>
					<control type="list" id="49">
						<posx>80</posx>
						<posy>115</posy>
						<width>1200</width>
						<height>300</height>
						<onleft>49</onleft>
						<onright>49</onright>
						<onup>5</onup>
						<ondown>5</ondown>
						<pagecontrol>-</pagecontrol>
						<scrolltime>200</scrolltime>
						<itemlayout width="1200" height="29">
							<control type="image">
								<posx>0</posx>
								<posy>0</posy>
								<width>1166</width>
								<height>30</height>
								<texture border="7">list-nofocus.png</texture>
								<include>VisibleFadeEffect</include>
							</control>
							<control type="label">
								<posx>0</posx>
								<posy>0</posy>
								<width>160</width>
								<height>30</height>
								<font>font-20</font>
								<align>right</align>
								<aligny>center</aligny>
								<textcolor>lightblue</textcolor>
								<selectedcolor>white</selectedcolor>
								<label>$INFO[ListItem.Label]</label>
							</control>
							<control type="label">
								<posx>175</posx>
								<posy>0</posy>
								<width>980</width>
								<height>30</height>
								<font>font-20</font>
								<align>left</align>
								<aligny>center</aligny>
								<textcolor>white</textcolor>
								<selectedcolor>white</selectedcolor>
								<label>$INFO[ListItem.Label2]</label>
							</control>
						</itemlayout>
						<focusedlayout width="1200" height="29">
							<control type="image">
								<posx>0</posx>
								<posy>0</posy>
								<width>1166</width>
								<height>30</height>
								<texture border="7">list-nofocus.png</texture>
								<include>VisibleFadeEffect</include>
							</control>
							<control type="image">
								<posx>0</posx>
								<posy>0</posy>
								<width>1166</width>
								<height>30</height>
								<texture border="7">list-focus2.png</texture>
								<include>VisibleFadeEffect</include>
								<visible>Control.HasFocus(49)</visible>
								<include>ListFocusScroll22</include>
							</control>
							<control type="label">
								<posx>0</posx>
								<posy>0</posy>
								<width>160</width>
								<height>30</height>
								<font>font-20</font>
								<align>right</align>
								<aligny>center</aligny>
								<textcolor>lightblue</textcolor>
								<selectedcolor>white</selectedcolor>
								<label>$INFO[ListItem.Label]</label>
							</control>
							<control type="label">
								<posx>175</posx>
								<posy>0</posy>
								<width>980</width>
								<height>30</height>
								<font>font-20</font>
								<align>left</align>
								<aligny>center</aligny>
								<textcolor>white</textcolor>
								<selectedcolor>white</selectedcolor>
								<label>$INFO[ListItem.Label2]</label>
							</control>
						</focusedlayout>
						<content>
							<item>
								<label>[UPPERCASE][B]$LOCALIZE[557]:[/B][/UPPERCASE]</label>
								<label2>$INFO[ListItem.Artist]</label2>
								<onclick>noop</onclick>
							</item>
							<item>
								<label>[UPPERCASE][B]$LOCALIZE[515]:[/B][/UPPERCASE]</label>
								<label2>$INFO[ListItem.Genre]</label2>
								<onclick>noop</onclick>
							</item>
							<item>
								<label>[UPPERCASE][B]$LOCALIZE[21899]:[/B][/UPPERCASE]</label>
								<label2>$INFO[ListItem.Property(Album_Label)]</label2>
								<onclick>noop</onclick>
							</item>
							<item>
								<label>[UPPERCASE][B]$LOCALIZE[562]:[/B][/UPPERCASE]</label>
								<label2>$INFO[ListItem.Year]</label2>
								<onclick>noop</onclick>
							</item>
							<item>
								<label>[UPPERCASE][B]$LOCALIZE[563]:[/B][/UPPERCASE]</label>
								<label2>$INFO[ListItem.Property(Album_Rating)]</label2>
								<onclick>noop</onclick>
							</item>
							<item>
								<label>[UPPERCASE][B]$LOCALIZE[175]:[/B][/UPPERCASE]</label>
								<label2>$INFO[ListItem.Property(Album_Mood)]</label2>
								<onclick>noop</onclick>
							</item>
							<item>
								<label>[UPPERCASE][B]$LOCALIZE[176]:[/B][/UPPERCASE]</label>
								<label2>$INFO[ListItem.Property(Album_Style)]</label2>
								<onclick>noop</onclick>
							</item>
							<item>
								<label>[UPPERCASE][B]$LOCALIZE[21895]:[/B][/UPPERCASE]</label>
								<label2>$INFO[ListItem.Property(Album_Theme)]</label2>
								<onclick>noop</onclick>
							</item>
							<item>
								<label>[UPPERCASE][B]$LOCALIZE[146][/B][/UPPERCASE]</label>
								<label2>$INFO[ListItem.Property(Album_Type)]</label2>
								<onclick>noop</onclick>
							</item>
						</content>
					</control>
				</control>
			</control>
		</control>
	</controls>
</window>
