<?xml version="1.0" encoding="UTF-8"?>
<window>
	<defaultcontrol always="true">570</defaultcontrol>
	<views>570</views>
	<menucontrol>9000</menucontrol>
	<controls>
		<include condition="!Skin.HasSetting(HideVideoBackgrounds)">CommonVideoPlayingBackground</include>
		<control type="multiimage">
			<posx>0</posx>
			<posy>0</posy>
			<width>1280</width>
			<height>720</height>
			<imagepath fallback="special://skin/backgrounds/background-settings.jpg" background="true">$INFO[Skin.String(Custom_Back_Settings_Folder)]</imagepath>
			<aspectratio>scale</aspectratio>
			<timeperimage>5000</timeperimage>
			<randomize>true</randomize>
			<fadetime>2000</fadetime>
			<include condition="Skin.HasSetting(AnimateBackgrounds)">backgroundanimation</include>
			<visible>![Player.HasVideo + !Skin.HasSetting(HideVideoBackgrounds)]</visible>
		</control>
		<include condition="!Skin.HasSetting(HideVisBackgrounds)">CommonVisualizationBackground</include>
		<control type="group">
			<animation effect="slide" start="0,0" end="75,0" time="200" delay="200" tween="quadratic" easing="out" condition="Skin.HasSetting(WideSideMenuButtons) + !Control.HasFocus(90) + !ControlGroup(5).HasFocus">Conditional</animation>
			<control type="image">
				<posx>175</posx>
				<posy>110</posy>
				<width>932</width>
				<height>501</height>
				<texture diffuse="settings-button-diffuse.png">special://skin/backgrounds/settings.jpg</texture>
				<animation effect="zoom" start="530,309,220,130" end="175,110,932,501" time="300">WindowOpen</animation>
				<animation effect="zoom" start="175,110,932,501" end="530,309,220,130" time="300" delay="350">WindowClose</animation>
				<include>ContentFade</include>
				<visible>![Player.HasVideo + !Skin.HasSetting(HideVideoBackgrounds)]</visible>
			</control>
		</control>
		<control type="group">
			<include>ContentFade</include>
			<include>ContentPanel</include>
			<control type="list" id="570">
				<posx>200</posx>
				<posy>142</posy>
				<width>880</width>
				<height>455</height>
				<onleft>9000</onleft>
				<onright>60</onright>
				<onup>570</onup>
				<ondown>570</ondown>
				<viewtype label="535">list</viewtype>
				<pagecontrol>60</pagecontrol>
				<scrolltime>200</scrolltime>
				<itemlayout width="880" height="65">
					<control type="image">
						<posx>0</posx>
						<posy>0</posy>
						<width>880</width>
						<height>65</height>
						<texture border="7">list-nofocus.png</texture>
						<include>VisibleFadeEffect</include>
					</control>
					<control type="image">
						<posx>5</posx>
						<posy>5</posy>
						<width>55</width>
						<height>55</height>
						<texture>$INFO[ListItem.Icon]</texture>
					</control>
					<control type="label">
						<posx>70</posx>
						<posy>0</posy>
						<width>800</width>
						<height>30</height>
						<font>font-20</font>
						<textcolor>white</textcolor>
						<selectedcolor>blue</selectedcolor>
						<align>left</align>
						<aligny>center</aligny>
						<label>$INFO[ListItem.Label]</label>
					</control>
					<control type="label">
						<posx>70</posx>
						<posy>0</posy>
						<width>800</width>
						<height>30</height>
						<font>font-20</font>
						<textcolor>lightblue</textcolor>
						<selectedcolor>blue</selectedcolor>
						<align>right</align>
						<aligny>center</aligny>
						<label>$INFO[ListItem.Label2]</label>
					</control>
					<control type="textbox">
						<posx>70</posx>
						<posy>24</posy>
						<width>800</width>
						<height>36</height>
						<font>font-18</font>
						<selectedcolor>blue</selectedcolor>
						<align>right</align>
						<aligny>center</aligny>
						<label>$INFO[ListItem.Property(Event.Description)]</label>
					</control>
				</itemlayout>
				<focusedlayout width="880" height="65">
					<control type="image">
						<posx>0</posx>
						<posy>0</posy>
						<width>880</width>
						<height>65</height>
						<texture border="7">list-nofocus.png</texture>
						<include>VisibleFadeEffect</include>
					</control>
					<control type="image">
						<posx>0</posx>
						<posy>0</posy>
						<width>880</width>
						<height>65</height>
						<texture border="7">list-focus2.png</texture>
						<include>VisibleFadeEffect</include>
						<include>ListFocusScroll</include>
						<visible>Control.HasFocus(570)</visible>
					</control>
					<control type="image">
						<posx>5</posx>
						<posy>5</posy>
						<width>55</width>
						<height>55</height>
						<texture>$INFO[ListItem.Icon]</texture>
					</control>
					<control type="label">
						<posx>70</posx>
						<posy>0</posy>
						<width>800</width>
						<height>30</height>
						<font>font-20</font>
						<textcolor>white</textcolor>
						<selectedcolor>blue</selectedcolor>
						<align>left</align>
						<aligny>center</aligny>
						<label>$INFO[ListItem.Label]</label>
					</control>
					<control type="label">
						<posx>70</posx>
						<posy>0</posy>
						<width>800</width>
						<height>30</height>
						<font>font-20</font>
						<textcolor>lightblue</textcolor>
						<selectedcolor>blue</selectedcolor>
						<align>right</align>
						<aligny>center</aligny>
						<label>$INFO[ListItem.Label2]</label>
					</control>
					<control type="textbox">
						<posx>70</posx>
						<posy>20</posy>
						<width>800</width>
						<height>45</height>
						<font>font-18</font>
						<selectedcolor>blue</selectedcolor>
						<aligny>center</aligny>
						<label>$INFO[ListItem.Property(Event.Description)]</label>
					</control>
				</focusedlayout>
			</control>
			<include>AllViewCommonPageControls</include>
			<include>ScrollOffsetLabel</include>
			<animation effect="slide" start="0,0" end="75,0" time="200" delay="200" tween="quadratic" easing="out" condition="Skin.HasSetting(WideSideMenuButtons) + ControlGroup(9000).HasFocus">Conditional</animation>
			<animation effect="fade" start="0" end="100" time="350" delay="350">WindowOpen</animation>
			<animation effect="fade" start="100" end="0" time="350">WindowClose</animation>
		</control>
		<control type="group">
			<posy>23</posy>
			<include>ContentFade</include>
			<include>Window_OpenClose_Left_Panel_Animation</include>
			<include>CommonNowPlaying</include>
			<visible>![Skin.HasSetting(KioskMode) + !Player.HasMedia]</visible>
			<control type="grouplist" id="9000">
				<include condition="!Skin.HasSetting(WideSideMenuButtons)">Window_OpenClose_Left_Panel_Position_Normal</include>
				<include condition="Skin.HasSetting(WideSideMenuButtons)">Window_OpenClose_Left_Panel_Position_Wide</include>
				<include>SideMenuAnim</include>
				<onleft>570</onleft>
				<onright>570</onright>
				<itemgap>-1</itemgap>
				<control type="button" id="999">
					<description>Sort by button</description>
					<include>ButtonCommonValues</include>
					<label>103</label>
				</control>
				<control type="togglebutton" id="4">
					<description>Sort asc</description>
					<include>ButtonCommonValues</include>
					<include>ButtonToggleCommonValues</include>
					<label>$LOCALIZE[31412] $LOCALIZE[584]</label>
					<altlabel>$LOCALIZE[31412] $LOCALIZE[585]</altlabel>
				</control>
				<control type="button" id="21">
					<description>Level button</description>
					<include>ButtonCommonValues</include>
					<label>-</label>
					<visible>!Skin.HasSetting(KioskMode)</visible>
				</control>
				<control type="button" id="22">
					<description>Only show current level</description>
					<include>ButtonCommonValues</include>
					<label>-</label>
					<visible>!Skin.HasSetting(KioskMode)</visible>
				</control>
				<control type="button" id="20">
					<description>Clear button</description>
					<include>ButtonCommonValues</include>
					<label>192</label>
					<visible>!Skin.HasSetting(KioskMode)</visible>
				</control>
			</control>
		</control>
		<control type="group">
			<include>ContentFade</include>
			<include>Window_OpenClose_Header_Animation</include>
			<animation effect="slide" start="0,0" end="0,-55" time="300" tween="quadratic" easing="out" condition="Control.IsVisible(50)">Conditional</animation>
			<control type="image">
				<posx>0</posx>
				<posy>0</posy>
				<width>1280</width>
				<height>55</height>
				<texture border="1">Header.png</texture>
			</control>
			<control type="grouplist">
				<include>Breadcrumbs</include>
				<include>Breadcrumbs-Settings-Logging</include>
			</control>
		</control>
		<include condition="Skin.HasSetting(TouchScreenMode)">TouchScreenControls</include>
		<include condition="Skin.HasSetting(DebugMode)">debuginfo</include>
	</controls>
</window>
