<?xml version="1.0" encoding="UTF-8"?>
<window>
	<defaultcontrol>20</defaultcontrol>
	<controls>
		<include condition="!Skin.HasSetting(HideVideoBackgrounds)">CommonVideoPlayingBackground</include>
		<control type="multiimage">
			<posx>0</posx>
			<posy>0</posy>
			<width>1280</width>
			<height>720</height>
			<imagepath background="true">$INFO[Skin.String(Custom_Back_Settings_Folder)]</imagepath>
			<aspectratio>scale</aspectratio>
			<timeperimage>5000</timeperimage>
			<randomize>true</randomize>
			<fadetime>2000</fadetime>
			<visible>Skin.HasSetting(Enable_Custom_Back_Settings) + ![Player.HasVideo + !Skin.HasSetting(HideVideoBackgrounds)]</visible>
			<include condition="Skin.HasSetting(AnimateBackgrounds)">backgroundanimation</include>
		</control>
		<control type="image">
			<posx>0</posx>
			<posy>0</posy>
			<width>1280</width>
			<height>720</height>
			<texture>special://skin/backgrounds/background-settings.jpg</texture>
			<aspectratio>scale</aspectratio>
			<visible>!Skin.HasSetting(Enable_Custom_Back_Settings) + ![Player.HasVideo + !Skin.HasSetting(HideVideoBackgrounds)]</visible>
		</control>
		<include condition="!Skin.HasSetting(HideVisBackgrounds)">CommonVisualizationBackground</include>
		<control type="group">
			<include>Window_OpenClose_Right_Panel_Animation</include>
			<include>ContentFade</include>
			<include>ContentPanel2</include>
			<control type="group">
				<posy>45</posy>
				<control type="label" id="101">
					<description>current directory text label left</description>
					<posx>100</posx>
					<posy>80</posy>
					<width>470</width>
					<height>30</height>
					<font>font-23</font>
					<textcolor>blue</textcolor>
					<shadowcolor>black</shadowcolor>
					<scroll>true</scroll>
					<align>center</align>
					<aligny>center</aligny>
				</control>
				<control type="label" id="102">
					<description>current directory text label right</description>
					<posx>690</posx>
					<posy>80</posy>
					<width>470</width>
					<height>30</height>
					<font>font-23</font>
					<textcolor>blue</textcolor>
					<scroll>true</scroll>
					<align>center</align>
					<aligny>center</aligny>
				</control>
				<control type="image">
					<posx>90</posx>
					<posy>115</posy>
					<width>1100</width>
					<height>2</height>
					<texture>separator.png</texture>
				</control>
				<control type="list" id="20">
					<posx>125</posx>
					<posy>135</posy>
					<width>490</width>
					<height>436</height>
					<onleft>30</onleft>
					<onright>21</onright>
					<onup>20</onup>
					<ondown>20</ondown>
					<pagecontrol>30</pagecontrol>
					<scrolltime>200</scrolltime>
					<preloaditems>2</preloaditems>
					<itemlayout width="490" height="29">
						<control type="image">
							<posx>0</posx>
							<posy>0</posy>
							<width>490</width>
							<height>30</height>
							<texture border="7">list-nofocus.png</texture>
						</control>
						<control type="image">
							<posx>5</posx>
							<posy>6</posy>
							<width>20</width>
							<height>20</height>
							<texture background="true">$INFO[ListItem.Icon]</texture>
							<aspectratio>keep</aspectratio>
						</control>
						<control type="label">
							<posx>30</posx>
							<posy>0</posy>
							<width>445</width>
							<height>30</height>
							<font>font-20</font>
							<aligny>center</aligny>
							<selectedcolor>blue</selectedcolor>
							<textcolor>white</textcolor>
							<align>left</align>
							<label>$INFO[ListItem.Label]</label>
						</control>
						<control type="label">
							<posx>280</posx>
							<posy>0</posy>
							<width>200</width>
							<height>30</height>
							<font>font-20</font>
							<aligny>center</aligny>
							<selectedcolor>blue</selectedcolor>
							<textcolor>white</textcolor>
							<align>right</align>
							<label>$INFO[ListItem.Label2]</label>
						</control>
					</itemlayout>
					<focusedlayout width="490" height="29">
						<control type="image">
							<posx>0</posx>
							<posy>0</posy>
							<width>490</width>
							<height>30</height>
							<texture border="7">list-nofocus.png</texture>
						</control>
						<control type="image">
							<posx/>
							<posy>0</posy>
							<width>490</width>
							<height>30</height>
							<texture border="7">list-focus2.png</texture>
							<include>ListFocusScroll4</include>
							<visible>Control.HasFocus(20)</visible>
						</control>
						<control type="image">
							<posx>5</posx>
							<posy>6</posy>
							<width>20</width>
							<height>20</height>
							<texture background="true">$INFO[ListItem.Icon]</texture>
							<aspectratio>keep</aspectratio>
						</control>
						<control type="label">
							<posx>30</posx>
							<posy>0</posy>
							<width>445</width>
							<height>30</height>
							<font>font-20</font>
							<aligny>center</aligny>
							<selectedcolor>blue</selectedcolor>
							<textcolor>white</textcolor>
							<align>left</align>
							<label>$INFO[ListItem.Label]</label>
						</control>
						<control type="label">
							<posx>280</posx>
							<posy>0</posy>
							<width>200</width>
							<height>30</height>
							<font>font-20</font>
							<aligny>center</aligny>
							<selectedcolor>blue</selectedcolor>
							<textcolor>white</textcolor>
							<align>right</align>
							<label>$INFO[ListItem.Label2]</label>
						</control>
					</focusedlayout>
				</control>
				<control type="image">
					<posx>86</posx>
					<posy>600</posy>
					<width>1100</width>
					<height>2</height>
					<texture>separator.png</texture>
				</control>
				<control type="scrollbar" id="30">
					<posx>84</posx>
					<posy>132</posy>
					<width>20</width>
					<height>443</height>
					<texturesliderbackground border="0,10,0,10">scrollbar-back.png</texturesliderbackground>
					<texturesliderbar border="0,10,0,10">scrollbar-front-nofocus.png</texturesliderbar>
					<texturesliderbarfocus border="0,10,0,10">scrollbar-front.png</texturesliderbarfocus>
					<textureslidernib>scrollbar-nib-nofocus.png</textureslidernib>
					<textureslidernibfocus>scrollbar-nib.png</textureslidernibfocus>
					<onleft>31</onleft>
					<onright>20</onright>
					<ondown>20</ondown>
					<onup>20</onup>
					<showonepage>false</showonepage>
					<orientation>vertical</orientation>
				</control>
				<control type="image">
					<posx>650</posx>
					<posy>135</posy>
					<width>2</width>
					<height>442</height>
					<texture>separator.png</texture>
				</control>
				<control type="list" id="21">
					<posx>670</posx>
					<posy>135</posy>
					<width>490</width>
					<height>436</height>
					<onleft>20</onleft>
					<onright>31</onright>
					<onup>21</onup>
					<ondown>21</ondown>
					<pagecontrol>31</pagecontrol>
					<scrolltime>200</scrolltime>
					<preloaditems>2</preloaditems>
					<itemlayout width="490" height="29">
						<control type="image">
							<posx>0</posx>
							<posy>0</posy>
							<width>490</width>
							<height>30</height>
							<texture border="7">list-nofocus.png</texture>
						</control>
						<control type="image">
							<posx>5</posx>
							<posy>6</posy>
							<width>20</width>
							<height>20</height>
							<texture background="true">$INFO[ListItem.Icon]</texture>
							<aspectratio>keep</aspectratio>
						</control>
						<control type="label">
							<posx>30</posx>
							<posy>0</posy>
							<width>445</width>
							<height>30</height>
							<font>font-20</font>
							<aligny>center</aligny>
							<selectedcolor>blue</selectedcolor>
							<textcolor>white</textcolor>
							<align>left</align>
							<label>$INFO[ListItem.Label]</label>
						</control>
						<control type="label">
							<posx>280</posx>
							<posy>0</posy>
							<width>200</width>
							<height>30</height>
							<font>font-20</font>
							<aligny>center</aligny>
							<selectedcolor>blue</selectedcolor>
							<textcolor>white</textcolor>
							<align>right</align>
							<label>$INFO[ListItem.Label2]</label>
						</control>
					</itemlayout>
					<focusedlayout width="490" height="29">
						<control type="image">
							<posx>0</posx>
							<posy>0</posy>
							<width>490</width>
							<height>30</height>
							<texture border="7">list-nofocus.png</texture>
						</control>
						<control type="image">
							<posx>0</posx>
							<posy>0</posy>
							<width>490</width>
							<height>30</height>
							<texture border="7">list-focus2.png</texture>
							<include>ListFocusScroll5</include>
							<visible>Control.HasFocus(21)</visible>
						</control>
						<control type="image">
							<posx>5</posx>
							<posy>6</posy>
							<width>20</width>
							<height>20</height>
							<texture background="true">$INFO[ListItem.Icon]</texture>
							<aspectratio>keep</aspectratio>
						</control>
						<control type="label">
							<posx>30</posx>
							<posy>0</posy>
							<width>445</width>
							<height>30</height>
							<font>font-20</font>
							<aligny>center</aligny>
							<selectedcolor>blue</selectedcolor>
							<textcolor>white</textcolor>
							<align>left</align>
							<label>$INFO[ListItem.Label]</label>
						</control>
						<control type="label">
							<posx>280</posx>
							<posy>0</posy>
							<width>200</width>
							<height>30</height>
							<font>font-20</font>
							<aligny>center</aligny>
							<selectedcolor>blue</selectedcolor>
							<textcolor>white</textcolor>
							<align>right</align>
							<label>$INFO[ListItem.Label2]</label>
						</control>
					</focusedlayout>
				</control>
				<control type="scrollbar" id="31">
					<posx>1178</posx>
					<posy>132</posy>
					<width>20</width>
					<height>443</height>
					<texturesliderbackground border="0,10,0,10">scrollbar-back.png</texturesliderbackground>
					<texturesliderbar border="0,10,0,10">scrollbar-front-nofocus.png</texturesliderbar>
					<texturesliderbarfocus border="0,10,0,10">scrollbar-front.png</texturesliderbarfocus>
					<textureslidernib>scrollbar-nib-nofocus.png</textureslidernib>
					<textureslidernibfocus>scrollbar-nib.png</textureslidernibfocus>
					<onleft>21</onleft>
					<onright>30</onright>
					<ondown>21</ondown>
					<onup>21</onup>
					<showonepage>false</showonepage>
					<orientation>vertical</orientation>
				</control>
			</control>
		</control>
		<control type="group">
			<include>ContentFade</include>
			<include>Window_OpenClose_Header_Animation</include>
			<control type="image">
				<posx>0</posx>
				<posy>0</posy>
				<width>1280</width>
				<height>55</height>
				<texture border="1">Header.png</texture>
			</control>
			<control type="grouplist">
				<include>Breadcrumbs</include>
				<include>Breadcrumbs-Filemanager</include>
			</control>
			<include>CommonFileCount6</include>
			<include>CommonFileCount7</include>
		</control>
		<include condition="Skin.HasSetting(TouchScreenMode)">TouchScreenControlsHome</include>
	</controls>
</window>
