<?xml version="1.0" encoding="UTF-8"?>
<window>
	<defaultcontrol always="true">450</defaultcontrol>
	<controls>
		<control type="multiimage">
			<posx>0</posx>
			<posy>0</posy>
			<width>1280</width>
			<height>720</height>
			<imagepath fallback="special://skin/backgrounds/background-settings.jpg" background="true">$INFO[Skin.String(Custom_Back_Settings_Folder)]</imagepath>
			<aspectratio>scale</aspectratio>
			<timeperimage>5000</timeperimage>
			<randomize>true</randomize>
			<fadetime>2000</fadetime>
			<animation effect="fade" start="0" end="100" time="0">WindowOpen</animation>
			<animation effect="fade" start="100" end="0" time="0">WindowClose</animation>
			<include condition="Skin.HasSetting(AnimateBackgrounds)">backgroundanimation</include>
			<visible>Window.IsVisible(NetworkSetup) + Window.IsVisible(FileManager) + ![Player.HasVideo + !Skin.HasSetting(HideVideoBackgrounds)]</visible>
		</control>
		<control type="multiimage">
			<posx>0</posx>
			<posy>0</posy>
			<width>1280</width>
			<height>720</height>
			<imagepath fallback="special://skin/backgrounds/background-videos.jpg" background="true">$INFO[Skin.String(Custom_Back_Videos_Folder)]</imagepath>
			<aspectratio>scale</aspectratio>
			<timeperimage>5000</timeperimage>
			<randomize>true</randomize>
			<fadetime>2000</fadetime>
			<animation effect="fade" start="0" end="100" time="0">WindowOpen</animation>
			<animation effect="fade" start="100" end="0" time="0">WindowClose</animation>
			<include condition="Skin.HasSetting(AnimateBackgrounds)">backgroundanimation</include>
			<visible>Window.IsVisible(NetworkSetup) + Window.IsVisible(Videos) + ![Player.HasVideo + !Skin.HasSetting(HideVideoBackgrounds)]</visible>
		</control>
		<control type="multiimage">
			<posx>0</posx>
			<posy>0</posy>
			<width>1280</width>
			<height>720</height>
			<imagepath fallback="special://skin/backgrounds/background-music.jpg" background="true">$INFO[Skin.String(Custom_Back_Music_Folder)]</imagepath>
			<aspectratio>scale</aspectratio>
			<timeperimage>5000</timeperimage>
			<randomize>true</randomize>
			<fadetime>2000</fadetime>
			<animation effect="fade" start="0" end="100" time="0">WindowOpen</animation>
			<animation effect="fade" start="100" end="0" time="0">WindowClose</animation>
			<include condition="Skin.HasSetting(AnimateBackgrounds)">backgroundanimation</include>
			<visible>Window.IsVisible(NetworkSetup) + Window.IsVisible(Music) + ![Player.HasVideo + !Skin.HasSetting(HideVideoBackgrounds)]</visible>
		</control>
		<control type="multiimage">
			<posx>0</posx>
			<posy>0</posy>
			<width>1280</width>
			<height>720</height>
			<imagepath fallback="special://skin/backgrounds/background-pictures.jpg" background="true">$INFO[Skin.String(Custom_Back_Pictures_Folder)]</imagepath>
			<aspectratio>scale</aspectratio>
			<timeperimage>5000</timeperimage>
			<randomize>true</randomize>
			<fadetime>2000</fadetime>
			<animation effect="fade" start="0" end="100" time="0">WindowOpen</animation>
			<animation effect="fade" start="100" end="0" time="0">WindowClose</animation>
			<include condition="Skin.HasSetting(AnimateBackgrounds)">backgroundanimation</include>
			<visible>Window.IsVisible(NetworkSetup) + Window.IsVisible(Pictures) + ![Player.HasVideo + !Skin.HasSetting(HideVideoBackgrounds)]</visible>
		</control>
		<control type="image">
			<posx>0</posx>
			<posy>0</posy>
			<width>1280</width>
			<height>720</height>
			<texture>black.png</texture>
			<colordiffuse>B0000000</colordiffuse>
			<visible>Window.IsVisible(NetworkSetup) + ![Player.HasVideo + !Skin.HasSetting(HideVideoBackgrounds)]</visible>
		</control>
		<control type="image">
			<posx>0</posx>
			<posy>0</posy>
			<width>1280</width>
			<height>720</height>
			<texture>black.png</texture>
			<animation effect="fade" start="0" end="70" time="300">WindowOpen</animation>
			<animation effect="fade" start="70" end="0" time="300">WindowClose</animation>
			<visible>![Window.IsVisible(MediaSource) | Window.IsVisible(ProfileSettings) | Window.IsVisible(SongInformation) | Window.IsVisible(PictureInfo) | Window.IsVisible(MusicInformation) | Window.IsVisible(MovieInformation) | Window.IsVisible(TextViewer) | Window.IsVisible(AddonSettings) | Window.IsVisible(DialogPVRChannelManager.xml) | Window.IsVisible(script-XBMC_Lyrics-settings.xml)]</visible>
		</control>
		<control type="group">
			<include>dialogeffect</include>
			<control type="button">
				<posx>1240</posx>
				<posy>20</posy>
				<width>20</width>
				<height>20</height>
				<texturefocus>close-window-focus.png</texturefocus>
				<texturenofocus>close-window-nofocus.png</texturenofocus>
				<onclick>Dialog.Close(filebrowser)</onclick>
				<visible>Skin.HasSetting(TouchScreenMode)</visible>
			</control>
			<control type="label" id="411">
				<description>Heading label</description>
				<posx>40</posx>
				<posy>15</posy>
				<width>1200</width>
				<height>30</height>
				<align>center</align>
				<aligny>center</aligny>
				<textcolor>blue</textcolor>
				<font>font-32</font>
				<label>1023</label>
			</control>
			<control type="image">
				<posx>0</posx>
				<posy>54</posy>
				<width>1280</width>
				<height>2</height>
				<texture>separator.png</texture>
			</control>
			<control type="image">
				<posx>650</posx>
				<posy>100</posy>
				<width>1</width>
				<height>430</height>
				<texture>separator.png</texture>
			</control>
			<control type="image">
				<description>Current Icon image</description>
				<posx>685</posx>
				<posy>100</posy>
				<width>565</width>
				<height>420</height>
				<align>center</align>
				<aligny>center</aligny>
				<aspectratio>keep</aspectratio>
				<texture background="true">$INFO[ListItem.Icon]</texture>
				<fadetime>IconCrossfadeTime</fadetime>
			</control>
			<control type="image">
				<posx>0</posx>
				<posy>565</posy>
				<width>1280</width>
				<height>2</height>
				<texture>separator.png</texture>
			</control>
			<control type="label" id="412">
				<description>path label control</description>
				<posx>50</posx>
				<posy>575</posy>
				<width>800</width>
				<height>30</height>
				<aligny>center</aligny>
				<font>font-20</font>
				<textcolor>lightblue</textcolor>
				<haspath>true</haspath>
			</control>
			<include>CommonFileCount4</include>
			<include>CommonFileCount5</include>
			<control type="group" id="9000">
				<visible>!Window.IsVisible(NetworkSetup)</visible>
				<animation effect="slide" start="0,0" end="100,0" time="0" condition="Control.IsVisible(451)">Conditional</animation>
				<control type="button" id="413">
					<description>OK button</description>
					<posx>240</posx>
					<posy>647</posy>
					<width>200</width>
					<height>35</height>
					<font>font-20</font>
					<textcolor>white</textcolor>
					<focusedcolor>white</focusedcolor>
					<shadowcolor>black</shadowcolor>
					<align>center</align>
					<aligny>center</aligny>
					<label>186</label>
					<texturefocus border="7">button-nofocus.png</texturefocus>
					<texturenofocus border="7">button-nofocus.png</texturenofocus>
					<onleft>416</onleft>
					<onright>414</onright>
					<onup>450</onup>
					<ondown>61</ondown>
				</control>
				<control type="button" id="414">
					<description>Cancel button</description>
					<posx>440</posx>
					<posy>647</posy>
					<width>200</width>
					<height>35</height>
					<font>font-20</font>
					<textcolor>white</textcolor>
					<focusedcolor>white</focusedcolor>
					<shadowcolor>black</shadowcolor>
					<align>center</align>
					<aligny>center</aligny>
					<label>222</label>
					<texturefocus border="7">button-nofocus.png</texturefocus>
					<texturenofocus border="7">button-nofocus.png</texturenofocus>
					<onleft>413</onleft>
					<onright>415</onright>
					<onup>450</onup>
					<ondown>61</ondown>
				</control>
				<control type="button" id="415">
					<description>Create folder button</description>
					<posx>640</posx>
					<posy>647</posy>
					<width>200</width>
					<height>35</height>
					<font>font-20</font>
					<textcolor>white</textcolor>
					<focusedcolor>white</focusedcolor>
					<shadowcolor>black</shadowcolor>
					<align>center</align>
					<aligny>center</aligny>
					<label>119</label>
					<texturefocus border="7">button-nofocus.png</texturefocus>
					<texturenofocus border="7">button-nofocus.png</texturenofocus>
					<onleft>414</onleft>
					<onright>416</onright>
					<onup>450</onup>
					<ondown>61</ondown>
				</control>
				<control type="radiobutton" id="416">
					<description>Flip Image button</description>
					<posx>840</posx>
					<posy>647</posy>
					<width>200</width>
					<height>35</height>
					<font>font-20</font>
					<textcolor>white</textcolor>
					<focusedcolor>white</focusedcolor>
					<shadowcolor>black</shadowcolor>
					<align>center</align>
					<aligny>center</aligny>
					<label>749</label>
					<texturefocus border="7">button-nofocus.png</texturefocus>
					<texturenofocus border="7">button-nofocus.png</texturenofocus>
					<onleft>415</onleft>
					<onright>413</onright>
					<onup>450</onup>
					<ondown>61</ondown>
					<visible>Control.IsVisible(451)</visible>
				</control>
				<control type="image">
					<posx>240</posx>
					<posy>647</posy>
					<width>200</width>
					<height>35</height>
					<texture border="7">button-focus.png</texture>
					<animation effect="slide" start="0,0" end="200,0" time="200" condition="Control.HasFocus(414)">Conditional</animation>
					<animation effect="slide" start="0,0" end="400,0" time="200" condition="Control.HasFocus(415)">Conditional</animation>
					<animation effect="slide" start="0,0" end="600,0" time="200" condition="Control.HasFocus(416)">Conditional</animation>
					<animation effect="fade" start="70" end="100" time="750" pulse="true" condition="true">Conditional</animation>
					<visible>Control.HasFocus(413) | Control.HasFocus(414) | Control.HasFocus(415) | Control.HasFocus(416)</visible>
				</control>
			</control>
			<control type="group" id="9000">
				<animation effect="slide" start="0,0" end="100,0" time="0" condition="!Control.IsVisible(451)">Conditional</animation>
				<visible>Window.IsVisible(NetworkSetup)</visible>
				<control type="button" id="413">
					<description>OK button</description>
					<posx>240</posx>
					<posy>647</posy>
					<width>200</width>
					<height>35</height>
					<font>font-20</font>
					<textcolor>white</textcolor>
					<focusedcolor>white</focusedcolor>
					<shadowcolor>black</shadowcolor>
					<align>center</align>
					<aligny>center</aligny>
					<label>186</label>
					<texturefocus border="7">button-focus.png</texturefocus>
					<texturenofocus border="7">button-nofocus.png</texturenofocus>
					<onleft>416</onleft>
					<onright>414</onright>
					<onup>450</onup>
					<ondown>61</ondown>
				</control>
				<control type="button" id="414">
					<description>Cancel button</description>
					<posx>440</posx>
					<posy>647</posy>
					<width>200</width>
					<height>35</height>
					<font>font-20</font>
					<textcolor>white</textcolor>
					<focusedcolor>white</focusedcolor>
					<shadowcolor>black</shadowcolor>
					<align>center</align>
					<aligny>center</aligny>
					<label>222</label>
					<texturefocus border="7">button-focus.png</texturefocus>
					<texturenofocus border="7">button-nofocus.png</texturenofocus>
					<onleft>413</onleft>
					<onright>415</onright>
					<onup>450</onup>
					<ondown>61</ondown>
				</control>
				<control type="button" id="415">
					<description>Create folder button</description>
					<posx>640</posx>
					<posy>647</posy>
					<width>200</width>
					<height>35</height>
					<font>font-20</font>
					<textcolor>white</textcolor>
					<focusedcolor>white</focusedcolor>
					<shadowcolor>black</shadowcolor>
					<align>center</align>
					<aligny>center</aligny>
					<label>119</label>
					<texturefocus border="7">button-focus.png</texturefocus>
					<texturenofocus border="7">button-nofocus.png</texturenofocus>
					<onleft>414</onleft>
					<onright>416</onright>
					<onup>450</onup>
					<ondown>61</ondown>
				</control>
				<control type="radiobutton" id="416">
					<description>Flip Image button</description>
					<posx>840</posx>
					<posy>647</posy>
					<width>200</width>
					<height>35</height>
					<font>font-20</font>
					<textcolor>white</textcolor>
					<focusedcolor>white</focusedcolor>
					<shadowcolor>black</shadowcolor>
					<align>center</align>
					<aligny>center</aligny>
					<label>749</label>
					<texturefocus border="7">button-focus.png</texturefocus>
					<texturenofocus border="7">button-nofocus.png</texturenofocus>
					<onleft>415</onleft>
					<onright>413</onright>
					<onup>450</onup>
					<ondown>61</ondown>
					<visible>Control.IsVisible(451)</visible>
				</control>
			</control>
			<control type="list" id="450">
				<posx>40</posx>
				<posy>100</posy>
				<width>560</width>
				<height>420</height>
				<onleft>9000</onleft>
				<onright>60</onright>
				<onup>450</onup>
				<ondown>450</ondown>
				<pagecontrol>60</pagecontrol>
				<scrolltime>200</scrolltime>
				<preloaditems>2</preloaditems>
				<itemlayout width="560" height="35">
					<control type="image">
						<posx>0</posx>
						<posy>0</posy>
						<width>560</width>
						<height>35</height>
						<texture border="7">list-nofocus.png</texture>
					</control>
					<control type="image">
						<posx>10</posx>
						<posy>2</posy>
						<width>31</width>
						<height>31</height>
						<texture background="true">$INFO[ListItem.Icon]</texture>
						<aspectratio>keep</aspectratio>
					</control>
					<control type="label">
						<posx>45</posx>
						<posy>0</posy>
						<width>505</width>
						<height>35</height>
						<font>font-20</font>
						<align>left</align>
						<aligny>center</aligny>
						<selectedcolor>blue</selectedcolor>
						<label>$INFO[ListItem.Label]</label>
					</control>
				</itemlayout>
				<focusedlayout width="560" height="35">
					<control type="image">
						<posx>0</posx>
						<posy>0</posy>
						<width>560</width>
						<height>35</height>
						<texture border="7">list-nofocus.png</texture>
					</control>
					<control type="image">
						<posx>0</posx>
						<posy>0</posy>
						<width>560</width>
						<height>35</height>
						<visible>Control.HasFocus(450)</visible>
						<texture border="7">list-focus2.png</texture>
						<include>ListFocusScroll6</include>
					</control>
					<control type="image">
						<posx>10</posx>
						<posy>2</posy>
						<width>31</width>
						<height>31</height>
						<texture background="true">$INFO[ListItem.Icon]</texture>
						<aspectratio>keep</aspectratio>
					</control>
					<control type="label">
						<posx>45</posx>
						<posy>0</posy>
						<width>505</width>
						<height>35</height>
						<font>font-20</font>
						<align>left</align>
						<aligny>center</aligny>
						<selectedcolor>blue</selectedcolor>
						<label>$INFO[ListItem.Label]</label>
					</control>
				</focusedlayout>
			</control>
			<control type="scrollbar" id="60">
				<posx>615</posx>
				<posy>100</posy>
				<width>20</width>
				<height>422</height>
				<texturesliderbackground border="0,10,0,10">scrollbar-back.png</texturesliderbackground>
				<texturesliderbar border="0,10,0,10">scrollbar-front-nofocus.png</texturesliderbar>
				<texturesliderbarfocus border="0,10,0,10">scrollbar-front.png</texturesliderbarfocus>
				<textureslidernib>scrollbar-nib-nofocus.png</textureslidernib>
				<textureslidernibfocus>scrollbar-nib.png</textureslidernibfocus>
				<onleft>450</onleft>
				<onright>9000</onright>
				<showonepage>false</showonepage>
				<orientation>vertical</orientation>
				<visible>Control.IsVisible(450)</visible>
			</control>
			<control type="list" id="451">
				<posx>40</posx>
				<posy>100</posy>
				<width>560</width>
				<height>420</height>
				<onleft>9000</onleft>
				<onright>61</onright>
				<onup>451</onup>
				<ondown>451</ondown>
				<pagecontrol>61</pagecontrol>
				<scrolltime>200</scrolltime>
				<preloaditems>2</preloaditems>
				<itemlayout width="560" height="35">
					<control type="image">
						<posx>0</posx>
						<posy>0</posy>
						<width>560</width>
						<height>35</height>
						<texture border="7">list-nofocus.png</texture>
					</control>
					<control type="image">
						<posx>10</posx>
						<posy>2</posy>
						<width>31</width>
						<height>31</height>
						<texture background="true">$INFO[ListItem.Icon]</texture>
						<aspectratio>keep</aspectratio>
					</control>
					<control type="label">
						<posx>45</posx>
						<posy>0</posy>
						<width>505</width>
						<height>35</height>
						<font>font-20</font>
						<align>left</align>
						<aligny>center</aligny>
						<selectedcolor>blue</selectedcolor>
						<label>$INFO[ListItem.Label]</label>
					</control>
				</itemlayout>
				<focusedlayout width="560" height="35">
					<control type="image">
						<posx>0</posx>
						<posy>0</posy>
						<width>560</width>
						<height>35</height>
						<texture border="7">list-nofocus.png</texture>
					</control>
					<control type="image">
						<posx>0</posx>
						<posy>0</posy>
						<width>560</width>
						<height>35</height>
						<visible>Control.HasFocus(451)</visible>
						<texture border="7">list-focus2.png</texture>
						<include>ListFocusScroll7</include>
					</control>
					<control type="image">
						<posx>10</posx>
						<posy>2</posy>
						<width>31</width>
						<height>31</height>
						<texture background="true">$INFO[ListItem.Icon]</texture>
						<aspectratio>keep</aspectratio>
					</control>
					<control type="label">
						<posx>45</posx>
						<posy>0</posy>
						<width>505</width>
						<height>35</height>
						<font>font-20</font>
						<align>left</align>
						<aligny>center</aligny>
						<selectedcolor>blue</selectedcolor>
						<label>$INFO[ListItem.Label]</label>
					</control>
				</focusedlayout>
			</control>
			<control type="scrollbar" id="61">
				<posx>615</posx>
				<posy>100</posy>
				<width>20</width>
				<height>422</height>
				<texturesliderbackground border="0,10,0,10">scrollbar-back.png</texturesliderbackground>
				<texturesliderbar border="0,10,0,10">scrollbar-front-nofocus.png</texturesliderbar>
				<texturesliderbarfocus border="0,10,0,10">scrollbar-front.png</texturesliderbarfocus>
				<textureslidernib>scrollbar-nib-nofocus.png</textureslidernib>
				<textureslidernibfocus>scrollbar-nib.png</textureslidernibfocus>
				<onleft>451</onleft>
				<onright>9000</onright>
				<showonepage>false</showonepage>
				<orientation>vertical</orientation>
				<visible>Control.IsVisible(451)</visible>
			</control>
		</control>
	</controls>
</window>
