<?xml version="1.0" encoding="UTF-8"?>
<fonts>
	<fontset id="Default" idlock="31701">
	<!-- needed for OnScreen debug info -->
	 	<font>
			<name>font13</name>
			<filename>teen-normal.ttf</filename>
			<size>20</size>
		</font>
	<!-- end -->
		<font>
			<name>font-16d</name>
			<filename>digital-7.ttf</filename>
			<style>bold</style>
			<size>16</size>
		</font>
		<font>
			<name>font-15</name>
			<filename>teen-normal.ttf</filename>
			<size>15</size>
		</font>
		<font>
			<name>font-15b</name>
			<filename>teen-normal.ttf</filename>
			<style>bold</style>
			<size>15</size>
		</font>
		<font>
			<name>font-15c</name>
			<filename>teen-normal.ttf</filename>
			<size>15</size>
			<style>upper</style>
		</font>
		<font>
			<name>font-17</name>
			<filename>teen-normal.ttf</filename>
			<size>17</size>
		</font>
		<font>
			<name>font-18</name>
			<filename>teen-normal.ttf</filename>
			<size>18</size>
		</font>
		<font>
			<name>font-19</name>
			<filename>teen-normal.ttf</filename>
			<size>19</size>
		</font>
		<font>
			<name>font-20</name>
			<filename>teen-normal.ttf</filename>
			<size>20</size>
		</font>
		<font>
			<name>font-20b</name>
			<filename>teen-normal.ttf</filename>
			<size>20</size>
		</font>
		<font>
			<name>font-20bc</name>
			<filename>teen-normal.ttf</filename>
			<size>20</size>
			<style>upper bold</style>
			<aspect>0.84</aspect>
		</font>
		<font>
			<name>font-20c</name>
			<filename>teen-normal.ttf</filename>
			<size>20</size>
			<style>upper</style>
		</font>
		<font>
			<name>font-21</name>
			<filename>teen-normal.ttf</filename>
			<size>21</size>
		</font>
		<font>
			<name>font-22</name>
			<filename>teen-normal.ttf</filename>
			<size>22</size>
		</font>
		<font>
			<name>font-23</name>
			<filename>teen-normal.ttf</filename>
			<size>23</size>
		</font>
		<font>
			<name>font-23c</name>
			<filename>teen-normal.ttf</filename>
			<size>23</size>
			<style>upper</style>
		</font>
		<font>
			<name>font-24c</name>
			<filename>teen-normal.ttf</filename>
			<size>24</size>
			<aspect>0.80</aspect>
		</font>
		<font>
			<name>font-25</name>
			<filename>teen-normal.ttf</filename>
			<size>25</size>
		</font>
		<font>
			<name>font-25c</name>
			<filename>teen-normal.ttf</filename>
			<size>25</size>
			<style>upper</style>
		</font>
		<font>
			<name>font-28</name>
			<filename>teen-normal.ttf</filename>
			<size>28</size>
		</font>
		<font>
			<name>font-28c</name>
			<filename>teen-normal.ttf</filename>
			<size>28</size>
			<style>upper</style>
		</font>
		<font>
			<name>font-30</name>
			<filename>teen-normal.ttf</filename>
			<size>30</size>
			<style>bold</style>
		</font>
		<font>
			<name>font-30c</name>
			<filename>teen-normal.ttf</filename>
			<size>30</size>
			<style>upper bold</style>
		</font>
		<font>
			<name>font-32</name>
			<filename>teen-normal.ttf</filename>
			<size>32</size>
		</font>
		<font>
			<name>font-32c</name>
			<filename>teen-normal.ttf</filename>
			<size>32</size>
			<style>upper</style>
		</font>
		<font>
			<name>font-35</name>
			<filename>teen-normal.ttf</filename>
			<size>35</size>
		</font>
		<font>
			<name>font-38c</name>
			<filename>teen-normal.ttf</filename>
			<size>38</size>
			<style>upper</style>
			<aspect>0.85</aspect>
		</font>
		<font>
			<name>font-40</name>
			<filename>teen-normal.ttf</filename>
			<size>40</size>
		</font>
		<font>
			<name>font-80</name>
			<filename>teen-normal.ttf</filename>
			<size>80</size>
		</font>
		<font>
			<name>font-160</name>
			<filename>teen-normal.ttf</filename>
			<size>160</size>
		</font>
	</fontset>
	<fontset id="Arial" idlock="31702">
	<!-- needed for OnScreen debug info -->
	 	<font>
			<name>font13</name>
			<filename>arial.ttf</filename>
			<size>20</size>
		</font>
	<!-- end -->
	 	<font>
			<name>font-16d</name>
			<filename>digital-readout.ttf</filename>
			<style>bold</style>
			<size>16</size>
		</font>
		<font>
			<name>font-15</name>
			<filename>arial.ttf</filename>
			<size>15</size>
		</font>
		<font>
			<name>font-15b</name>
			<filename>arial.ttf</filename>
			<style>bold</style>
			<size>15</size>
		</font>
		<font>
			<name>font-15c</name>
			<filename>arial.ttf</filename>
			<size>12</size>
			<style>upper</style>
		</font>
		<font>
			<name>font-17</name>
			<filename>arial.ttf</filename>
			<size>17</size>
		</font>
		<font>
			<name>font-18</name>
			<filename>arial.ttf</filename>
			<size>18</size>
		</font>
		<font>
			<name>font-19</name>
			<filename>arial.ttf</filename>
			<size>19</size>
		</font>
		<font>
			<name>font-20</name>
			<filename>arial.ttf</filename>
			<size>20</size>
		</font>
		<font>
			<name>font-20b</name>
			<filename>arial.ttf</filename>
			<size>20</size>
		</font>
		<font>
			<name>font-20bc</name>
			<filename>arial.ttf</filename>
			<size>17</size>
			<style>upper bold</style>
			<aspect>0.84</aspect>
		</font>
		<font>
			<name>font-20c</name>
			<filename>arial.ttf</filename>
			<size>17</size>
			<style>upper</style>
		</font>
		<font>
			<name>font-21</name>
			<filename>arial.ttf</filename>
			<size>21</size>
		</font>
		<font>
			<name>font-22</name>
			<filename>arial.ttf</filename>
			<size>22</size>
		</font>
		<font>
			<name>font-23</name>
			<filename>arial.ttf</filename>
			<size>23</size>
		</font>
		<font>
			<name>font-23c</name>
			<filename>arial.ttf</filename>
			<size>20</size>
			<style>upper</style>
		</font>
		<font>
			<name>font-24c</name>
			<filename>arial.ttf</filename>
			<size>24</size>
			<style>upper</style>
			<aspect>0.84</aspect>
		</font>
		<font>
			<name>font-25</name>
			<filename>arial.ttf</filename>
			<size>25</size>
		</font>
		<font>
			<name>font-25c</name>
			<filename>arial.ttf</filename>
			<size>22</size>
			<style>upper</style>
		</font>
		<font>
			<name>font-28</name>
			<filename>arial.ttf</filename>
			<size>28</size>
		</font>
		<font>
			<name>font-28c</name>
			<filename>arial.ttf</filename>
			<size>25</size>
			<style>upper</style>
		</font>
		<font>
			<name>font-30</name>
			<filename>arial.ttf</filename>
			<size>30</size>
		</font>
		<font>
			<name>font-30c</name>
			<filename>arial.ttf</filename>
			<size>27</size>
			<style>upper</style>
		</font>
		<font>
			<name>font-32</name>
			<filename>arial.ttf</filename>
			<size>32</size>
		</font>
		<font>
			<name>font-32c</name>
			<filename>arial.ttf</filename>
			<size>29</size>
			<style>upper</style>
		</font>
		<font>
			<name>font-35</name>
			<filename>arial.ttf</filename>
			<size>35</size>
		</font>
		<font>
			<name>font-38c</name>
			<filename>arial.ttf</filename>
			<size>38</size>
			<style>upper</style>
			<aspect>0.85</aspect>
		</font>
		<font>
			<name>font-40</name>
			<filename>arial.ttf</filename>
			<size>40</size>
		</font>
		<font>
			<name>font-80</name>
			<filename>arial.ttf</filename>
			<size>80</size>
		</font>
		<font>
			<name>font-160</name>
			<filename>arial.ttf</filename>
			<size>160</size>
		</font>
	</fontset>
	<fontset id="Default Big" idlock="31703">
	<!-- needed for OnScreen debug info -->
	 	<font>
			<name>font13</name>
			<filename>teen-normal.ttf</filename>
			<size>24</size>
		</font>
	<!-- end -->
	 	<font>
			<name>font-16d</name>
			<filename>digital-readout.ttf</filename>
			<style>bold</style>
			<size>16</size>
		</font>
		<font>
			<name>font-15</name>
			<filename>teen-normal.ttf</filename>
			<size>19</size>
		</font>
		<font>
			<name>font-15b</name>
			<filename>teen-normal.ttf</filename>
			<style>bold</style>
			<size>19</size>
		</font>
		<font>
			<name>font-15c</name>
			<filename>teen-normal.ttf</filename>
			<size>19</size>
			<style>upper</style>
		</font>
		<font>
			<name>font-17</name>
			<filename>teen-normal.ttf</filename>
			<size>21</size>
		</font>
		<font>
			<name>font-18</name>
			<filename>teen-normal.ttf</filename>
			<size>22</size>
		</font>
		<font>
			<name>font-19</name>
			<filename>teen-normal.ttf</filename>
			<size>23</size>
		</font>
		<font>
			<name>font-20</name>
			<filename>teen-normal.ttf</filename>
			<size>24</size>
		</font>
		<font>
			<name>font-20b</name>
			<filename>teen-normal.ttf</filename>
			<size>24</size>
		</font>
		<font>
			<name>font-20bc</name>
			<filename>teen-normal.ttf</filename>
			<size>24</size>
			<style>upper bold</style>
			<aspect>0.84</aspect>
		</font>
		<font>
			<name>font-20c</name>
			<filename>teen-normal.ttf</filename>
			<size>24</size>
		</font>
		<font>
			<name>font-21</name>
			<filename>teen-normal.ttf</filename>
			<size>25</size>
		</font>
		<font>
			<name>font-22</name>
			<filename>teen-normal.ttf</filename>
			<size>26</size>
		</font>
		<font>
			<name>font-23</name>
			<filename>teen-normal.ttf</filename>
			<size>27</size>
		</font>
		<font>
			<name>font-23c</name>
			<filename>teen-normal.ttf</filename>
			<size>27</size>
			<style>upper</style>
		</font>
		<font>
			<name>font-24c</name>
			<filename>teen-normal.ttf</filename>
			<size>28</size>
			<style>upper</style>
			<aspect>0.84</aspect>
		</font>
		<font>
			<name>font-25</name>
			<filename>teen-normal.ttf</filename>
			<size>29</size>
		</font>
		<font>
			<name>font-25c</name>
			<filename>teen-normal.ttf</filename>
			<size>29</size>
			<style>upper</style>
		</font>
		<font>
			<name>font-28</name>
			<filename>teen-normal.ttf</filename>
			<size>32</size>
		</font>
		<font>
			<name>font-28c</name>
			<filename>teen-normal.ttf</filename>
			<size>32</size>
			<style>upper</style>
		</font>
		<font>
			<name>font-30</name>
			<filename>teen-normal.ttf</filename>
			<size>34</size>
		</font>
		<font>
			<name>font-30c</name>
			<filename>teen-normal.ttf</filename>
			<size>34</size>
			<style>upper</style>
		</font>
		<font>
			<name>font-32</name>
			<filename>teen-normal.ttf</filename>
			<size>36</size>
		</font>
		<font>
			<name>font-32c</name>
			<filename>teen-normal.ttf</filename>
			<size>36</size>
			<style>upper</style>
		</font>
		<font>
			<name>font-35</name>
			<filename>teen-normal.ttf</filename>
			<size>39</size>
		</font>
		<font>
			<name>font-38c</name>
			<filename>teen-normal.ttf</filename>
			<size>40</size>
			<style>upper</style>
			<aspect>0.85</aspect>
		</font>
		<font>
			<name>font-40</name>
			<filename>teen-normal.ttf</filename>
			<size>40</size>
		</font>
		<font>
			<name>font-80</name>
			<filename>teen-normal.ttf</filename>
			<size>80</size>
		</font>
		<font>
			<name>font-160</name>
			<filename>teen-normal.ttf</filename>
			<size>160</size>
		</font>
	</fontset>
	<fontset id="Arial Big" idlock="31704">
	<!-- needed for OnScreen debug info -->
	 	<font>
			<name>font13</name>
			<filename>arial.ttf</filename>
			<size>24</size>
		</font>
	<!-- end -->
	 	<font>
			<name>font-16d</name>
			<filename>digital-readout.ttf</filename>
			<style>bold</style>
			<size>16</size>
		</font>
		<font>
			<name>font-15</name>
			<filename>arial.ttf</filename>
			<size>19</size>
		</font>
		<font>
			<name>font-15b</name>
			<filename>arial.ttf</filename>
			<style>bold</style>
			<size>19</size>
		</font>
		<font>
			<name>font-15c</name>
			<filename>arial.ttf</filename>
			<size>19</size>
			<style>upper</style>
			<aspect>0.84</aspect>
		</font>
		<font>
			<name>font-17</name>
			<filename>arial.ttf</filename>
			<size>21</size>
		</font>
		<font>
			<name>font-18</name>
			<filename>arial.ttf</filename>
			<size>22</size>
		</font>
		<font>
			<name>font-19</name>
			<filename>arial.ttf</filename>
			<size>23</size>
		</font>
		<font>
			<name>font-20</name>
			<filename>arial.ttf</filename>
			<size>24</size>
		</font>
		<font>
			<name>font-20b</name>
			<filename>arial.ttf</filename>
			<size>24</size>
		</font>
		<font>
			<name>font-20bc</name>
			<filename>arial.ttf</filename>
			<size>24</size>
			<style>upper bold</style>
			<aspect>0.84</aspect>
		</font>
		<font>
			<name>font-20c</name>
			<filename>arial.ttf</filename>
			<size>24</size>
			<style>upper</style>
			<aspect>0.84</aspect>
		</font>
		<font>
			<name>font-23</name>
			<filename>arial.ttf</filename>
			<size>27</size>
		</font>
		<font>
			<name>font-21</name>
			<filename>arial.ttf</filename>
			<size>25</size>
		</font>
		<font>
			<name>font-22</name>
			<filename>arial.ttf</filename>
			<size>26</size>
		</font>
		<font>
			<name>font-23c</name>
			<filename>arial.ttf</filename>
			<size>27</size>
			<style>upper</style>
			<aspect>0.84</aspect>
		</font>
		<font>
			<name>font-24c</name>
			<filename>arial.ttf</filename>
			<size>28</size>
			<style>upper</style>
			<aspect>0.84</aspect>
		</font>
		<font>
			<name>font-25</name>
			<filename>arial.ttf</filename>
			<size>29</size>
		</font>
		<font>
			<name>font-25c</name>
			<filename>arial.ttf</filename>
			<size>29</size>
			<style>upper</style>
			<aspect>0.84</aspect>
		</font>
		<font>
			<name>font-28</name>
			<filename>arial.ttf</filename>
			<size>32</size>
		</font>
		<font>
			<name>font-28c</name>
			<filename>arial.ttf</filename>
			<size>32</size>
			<style>upper</style>
			<aspect>0.84</aspect>
		</font>
		<font>
			<name>font-30</name>
			<filename>arial.ttf</filename>
			<size>34</size>
		</font>
		<font>
			<name>font-30c</name>
			<filename>arial.ttf</filename>
			<size>34</size>
			<style>upper</style>
			<aspect>0.84</aspect>
		</font>
		<font>
			<name>font-32</name>
			<filename>arial.ttf</filename>
			<size>36</size>
		</font>
		<font>
			<name>font-32c</name>
			<filename>arial.ttf</filename>
			<size>36</size>
			<style>upper</style>
			<aspect>0.84</aspect>
		</font>
		<font>
			<name>font-35</name>
			<filename>arial.ttf</filename>
			<size>39</size>
		</font>
		<font>
			<name>font-38c</name>
			<filename>arial.ttf</filename>
			<size>40</size>
			<style>upper</style>
			<aspect>0.85</aspect>
		</font>
		<font>
			<name>font-40</name>
			<filename>arial.ttf</filename>
			<size>40</size>
		</font>
		<font>
			<name>font-80</name>
			<filename>arial.ttf</filename>
			<size>80</size>
		</font>
		<font>
			<name>font-160</name>
			<filename>arial.ttf</filename>
			<size>160</size>
		</font>
	</fontset>
</fonts>
