<?xml version="1.0" encoding="UTF-8"?>
<includes>
	<include name="RecentMoviesList">
		<item>
			<label>$INFO[Window.Property(RecentMovie.1.Title)]</label>
			<label2>$INFO[Window.Property(RecentMovie.1.Year)]</label2>
			<thumb>$INFO[Window.Property(RecentMovie.1.Art(poster))]</thumb>
			<property name="FanartImage">$INFO[Window.Property(RecentMovie.1.Art(fanart))]</property>
			<onclick>$INFO[Window.Property(RecentMovie.1.Play)]</onclick>
		</item>
		<item>
			<label>$INFO[Window.Property(RecentMovie.2.Title)]</label>
			<label2>$INFO[Window.Property(RecentMovie.2.Year)]</label2>
			<thumb>$INFO[Window.Property(RecentMovie.2.Art(poster))]</thumb>
			<property name="FanartImage">$INFO[Window.Property(RecentMovie.2.Art(fanart))]</property>
			<onclick>$INFO[Window.Property(RecentMovie.2.Play)]</onclick>
		</item>
		<item>
			<label>$INFO[Window.Property(RecentMovie.3.Title)]</label>
			<label2>$INFO[Window.Property(RecentMovie.3.Year)]</label2>
			<thumb>$INFO[Window.Property(RecentMovie.3.Art(poster))]</thumb>
			<property name="FanartImage">$INFO[Window.Property(RecentMovie.3.Art(fanart))]</property>
			<onclick>$INFO[Window.Property(RecentMovie.3.Play)]</onclick>
		</item>
		<item>
			<label>$INFO[Window.Property(RecentMovie.4.Title)]</label>
			<label2>$INFO[Window.Property(RecentMovie.4.Year)]</label2>
			<thumb>$INFO[Window.Property(RecentMovie.4.Art(poster))]</thumb>
			<property name="FanartImage">$INFO[Window.Property(RecentMovie.4.Art(fanart))]</property>
			<onclick>$INFO[Window.Property(RecentMovie.4.Play)]</onclick>
		</item>
		<item>
			<label>$INFO[Window.Property(RecentMovie.5.Title)]</label>
			<label2>$INFO[Window.Property(RecentMovie.5.Year)]</label2>
			<thumb>$INFO[Window.Property(RecentMovie.5.Art(poster))]</thumb>
			<property name="FanartImage">$INFO[Window.Property(RecentMovie.5.Art(fanart))]</property>
			<onclick>$INFO[Window.Property(RecentMovie.5.Play)]</onclick>
		</item>
		<item>
			<label>$INFO[Window.Property(RecentMovie.6.Title)]</label>
			<label2>$INFO[Window.Property(RecentMovie.6.Year)]</label2>
			<thumb>$INFO[Window.Property(RecentMovie.6.Art(poster))]</thumb>
			<property name="FanartImage">$INFO[Window.Property(RecentMovie.6.Art(fanart))]</property>
			<onclick>$INFO[Window.Property(RecentMovie.6.Play)]</onclick>
		</item>
		<item>
			<label>$INFO[Window.Property(RecentMovie.7.Title)]</label>
			<label2>$INFO[Window.Property(RecentMovie.7.Year)]</label2>
			<thumb>$INFO[Window.Property(RecentMovie.7.Art(poster))]</thumb>
			<property name="FanartImage">$INFO[Window.Property(RecentMovie.7.Art(fanart))]</property>
			<onclick>$INFO[Window.Property(RecentMovie.7.Play)]</onclick>
		</item>
		<item>
			<label>$INFO[Window.Property(RecentMovie.8.Title)]</label>
			<label2>$INFO[Window.Property(RecentMovie.8.Year)]</label2>
			<thumb>$INFO[Window.Property(RecentMovie.8.Art(poster))]</thumb>
			<property name="FanartImage">$INFO[Window.Property(RecentMovie.8.Art(fanart))]</property>
			<onclick>$INFO[Window.Property(RecentMovie.8.Play)]</onclick>
		</item>
		<item>
			<label>$INFO[Window.Property(RecentMovie.9.Title)]</label>
			<label2>$INFO[Window.Property(RecentMovie.9.Year)]</label2>
			<thumb>$INFO[Window.Property(RecentMovie.9.Art(poster))]</thumb>
			<property name="FanartImage">$INFO[Window.Property(RecentMovie.9.Art(fanart))]</property>
			<onclick>$INFO[Window.Property(RecentMovie.9.Play)]</onclick>
		</item>
		<item>
			<label>$INFO[Window.Property(RecentMovie.10.Title)]</label>
			<label2>$INFO[Window.Property(RecentMovie.10.Year)]</label2>
			<thumb>$INFO[Window.Property(RecentMovie.10.Art(poster))]</thumb>
			<property name="FanartImage">$INFO[Window.Property(RecentMovie.10.Art(fanart))]</property>
			<onclick>$INFO[Window.Property(RecentMovie.10.Play)]</onclick>
		</item>
	</include>
	<include name="RandomMoviesList">
		<item>
			<label>$INFO[Window.Property(RandomMovie.1.Title)]</label>
			<label2>$INFO[Window.Property(RandomMovie.1.Year)]</label2>
			<thumb>$INFO[Window.Property(RandomMovie.1.Art(poster))]</thumb>
			<property name="FanartImage">$INFO[Window.Property(RandomMovie.1.Art(fanart))]</property>
			<onclick>$INFO[Window.Property(RandomMovie.1.Play)]</onclick>
		</item>
		<item>
			<label>$INFO[Window.Property(RandomMovie.2.Title)]</label>
			<label2>$INFO[Window.Property(RandomMovie.2.Year)]</label2>
			<thumb>$INFO[Window.Property(RandomMovie.2.Art(poster))]</thumb>
			<property name="FanartImage">$INFO[Window.Property(RandomMovie.2.Art(fanart))]</property>
			<onclick>$INFO[Window.Property(RandomMovie.2.Play)]</onclick>
		</item>
		<item>
			<label>$INFO[Window.Property(RandomMovie.3.Title)]</label>
			<label2>$INFO[Window.Property(RandomMovie.3.Year)]</label2>
			<thumb>$INFO[Window.Property(RandomMovie.3.Art(poster))]</thumb>
			<property name="FanartImage">$INFO[Window.Property(RandomMovie.3.Art(fanart))]</property>
			<onclick>$INFO[Window.Property(RandomMovie.3.Play)]</onclick>
		</item>
		<item>
			<label>$INFO[Window.Property(RandomMovie.4.Title)]</label>
			<label2>$INFO[Window.Property(RandomMovie.4.Year)]</label2>
			<thumb>$INFO[Window.Property(RandomMovie.4.Art(poster))]</thumb>
			<property name="FanartImage">$INFO[Window.Property(RandomMovie.4.Art(fanart))]</property>
			<onclick>$INFO[Window.Property(RandomMovie.4.Play)]</onclick>
		</item>
		<item>
			<label>$INFO[Window.Property(RandomMovie.5.Title)]</label>
			<label2>$INFO[Window.Property(RandomMovie.5.Year)]</label2>
			<thumb>$INFO[Window.Property(RandomMovie.5.Art(poster))]</thumb>
			<property name="FanartImage">$INFO[Window.Property(RandomMovie.5.Art(fanart))]</property>
			<onclick>$INFO[Window.Property(RandomMovie.5.Play)]</onclick>
		</item>
		<item>
			<label>$INFO[Window.Property(RandomMovie.6.Title)]</label>
			<label2>$INFO[Window.Property(RandomMovie.6.Year)]</label2>
			<thumb>$INFO[Window.Property(RandomMovie.6.Art(poster))]</thumb>
			<property name="FanartImage">$INFO[Window.Property(RandomMovie.6.Art(fanart))]</property>
			<onclick>$INFO[Window.Property(RandomMovie.6.Play)]</onclick>
		</item>
		<item>
			<label>$INFO[Window.Property(RandomMovie.7.Title)]</label>
			<label2>$INFO[Window.Property(RandomMovie.7.Year)]</label2>
			<thumb>$INFO[Window.Property(RandomMovie.7.Art(poster))]</thumb>
			<property name="FanartImage">$INFO[Window.Property(RandomMovie.7.Art(fanart))]</property>
			<onclick>$INFO[Window.Property(RandomMovie.7.Play)]</onclick>
		</item>
		<item>
			<label>$INFO[Window.Property(RandomMovie.8.Title)]</label>
			<label2>$INFO[Window.Property(RandomMovie.8.Year)]</label2>
			<thumb>$INFO[Window.Property(RandomMovie.8.Art(poster))]</thumb>
			<property name="FanartImage">$INFO[Window.Property(RandomMovie.8.Art(fanart))]</property>
			<onclick>$INFO[Window.Property(RandomMovie.8.Play)]</onclick>
		</item>
		<item>
			<label>$INFO[Window.Property(RandomMovie.9.Title)]</label>
			<label2>$INFO[Window.Property(RandomMovie.9.Year)]</label2>
			<thumb>$INFO[Window.Property(RandomMovie.9.Art(poster))]</thumb>
			<property name="FanartImage">$INFO[Window.Property(RandomMovie.9.Art(fanart))]</property>
			<onclick>$INFO[Window.Property(RandomMovie.9.Play)]</onclick>
		</item>
		<item>
			<label>$INFO[Window.Property(RandomMovie.10.Title)]</label>
			<label2>$INFO[Window.Property(RandomMovie.10.Year)]</label2>
			<thumb>$INFO[Window.Property(RandomMovie.10.Art(poster))]</thumb>
			<property name="FanartImage">$INFO[Window.Property(RandomMovie.10.Art(fanart))]</property>
			<onclick>$INFO[Window.Property(RandomMovie.10.Play)]</onclick>
		</item>
	</include>
	<include name="RecommendedMoviesList">
		<item>
			<label>$INFO[Window.Property(RecommendedMovie.1.Title)]</label>
			<label2>$INFO[Window.Property(RecommendedMovie.1.Year)]</label2>
			<thumb>$INFO[Window.Property(RecommendedMovie.1.Art(poster))]</thumb>
			<property name="FanartImage">$INFO[Window.Property(RecommendedMovie.1.Art(fanart))]</property>
			<onclick>$INFO[Window.Property(RecommendedMovie.1.Play)]</onclick>
			<visible>!IsEmpty(Window.Property(RecommendedMovie.1.Title))</visible>
		</item>
		<item>
			<label>$INFO[Window.Property(RecommendedMovie.2.Title)]</label>
			<label2>$INFO[Window.Property(RecommendedMovie.2.Year)]</label2>
			<thumb>$INFO[Window.Property(RecommendedMovie.2.Art(poster))]</thumb>
			<property name="FanartImage">$INFO[Window.Property(RecommendedMovie.2.Art(fanart))]</property>
			<onclick>$INFO[Window.Property(RecommendedMovie.2.Play)]</onclick>
			<visible>!IsEmpty(Window.Property(RecommendedMovie.2.Title))</visible>
		</item>
		<item>
			<label>$INFO[Window.Property(RecommendedMovie.3.Title)]</label>
			<label2>$INFO[Window.Property(RecommendedMovie.3.Year)]</label2>
			<thumb>$INFO[Window.Property(RecommendedMovie.3.Art(poster))]</thumb>
			<property name="FanartImage">$INFO[Window.Property(RecommendedMovie.3.Art(fanart))]</property>
			<onclick>$INFO[Window.Property(RecommendedMovie.3.Play)]</onclick>
			<visible>!IsEmpty(Window.Property(RecommendedMovie.3.Title))</visible>
		</item>
		<item>
			<label>$INFO[Window.Property(RecommendedMovie.4.Title)]</label>
			<label2>$INFO[Window.Property(RecommendedMovie.4.Year)]</label2>
			<thumb>$INFO[Window.Property(RecommendedMovie.4.Art(poster))]</thumb>
			<property name="FanartImage">$INFO[Window.Property(RecommendedMovie.4.Art(fanart))]</property>
			<onclick>$INFO[Window.Property(RecommendedMovie.4.Play)]</onclick>
			<visible>!IsEmpty(Window.Property(RecommendedMovie.4.Title))</visible>
		</item>
		<item>
			<label>$INFO[Window.Property(RecommendedMovie.5.Title)]</label>
			<label2>$INFO[Window.Property(RecommendedMovie.5.Year)]</label2>
			<thumb>$INFO[Window.Property(RecommendedMovie.5.Art(poster))]</thumb>
			<property name="FanartImage">$INFO[Window.Property(RecommendedMovie.5.Art(fanart))]</property>
			<onclick>$INFO[Window.Property(RecommendedMovie.5.Play)]</onclick>
			<visible>!IsEmpty(Window.Property(RecommendedMovie.5.Title))</visible>
		</item>
		<item>
			<label>$INFO[Window.Property(RecommendedMovie.6.Title)]</label>
			<label2>$INFO[Window.Property(RecommendedMovie.6.Year)]</label2>
			<thumb>$INFO[Window.Property(RecommendedMovie.6.Art(poster))]</thumb>
			<property name="FanartImage">$INFO[Window.Property(RecommendedMovie.6.Art(fanart))]</property>
			<onclick>$INFO[Window.Property(RecommendedMovie.6.Play)]</onclick>
			<visible>!IsEmpty(Window.Property(RecommendedMovie.6.Title))</visible>
		</item>
		<item>
			<label>$INFO[Window.Property(RecommendedMovie.7.Title)]</label>
			<label2>$INFO[Window.Property(RecommendedMovie.7.Year)]</label2>
			<thumb>$INFO[Window.Property(RecommendedMovie.7.Art(poster))]</thumb>
			<property name="FanartImage">$INFO[Window.Property(RecommendedMovie.7.Art(fanart))]</property>
			<onclick>$INFO[Window.Property(RecommendedMovie.7.Play)]</onclick>
			<visible>!IsEmpty(Window.Property(RecommendedMovie.7.Title))</visible>
		</item>
		<item>
			<label>$INFO[Window.Property(RecommendedMovie.8.Title)]</label>
			<label2>$INFO[Window.Property(RecommendedMovie.8.Year)]</label2>
			<thumb>$INFO[Window.Property(RecommendedMovie.8.Art(poster))]</thumb>
			<property name="FanartImage">$INFO[Window.Property(RecommendedMovie.8.Art(fanart))]</property>
			<onclick>$INFO[Window.Property(RecommendedMovie.8.Play)]</onclick>
			<visible>!IsEmpty(Window.Property(RecommendedMovie.8.Title))</visible>
		</item>
		<item>
			<label>$INFO[Window.Property(RecommendedMovie.9.Title)]</label>
			<label2>$INFO[Window.Property(RecommendedMovie.9.Year)]</label2>
			<thumb>$INFO[Window.Property(RecommendedMovie.9.Art(poster))]</thumb>
			<property name="FanartImage">$INFO[Window.Property(RecommendedMovie.9.Art(fanart))]</property>
			<onclick>$INFO[Window.Property(RecommendedMovie.9.Play)]</onclick>
			<visible>!IsEmpty(Window.Property(RecommendedMovie.9.Title))</visible>
		</item>
		<item>
			<label>$INFO[Window.Property(RecommendedMovie.10.Title)]</label>
			<label2>$INFO[Window.Property(RecommendedMovie.10.Year)]</label2>
			<thumb>$INFO[Window.Property(RecommendedMovie.10.Art(poster))]</thumb>
			<property name="FanartImage">$INFO[Window.Property(RecommendedMovie.10.Art(fanart))]</property>
			<onclick>$INFO[Window.Property(RecommendedMovie.10.Play)]</onclick>
			<visible>!IsEmpty(Window.Property(RecommendedMovie.10.Title))</visible>
		</item>
	</include>
	<include name="RecentEpisodesList">
		<item>
			<label>$INFO[Window.Property(RecentEpisode.1.TVShowTitle)]</label>
			<label2>$INFO[Window.Property(RecentEpisode.1.EpisodeNo),, - ]$INFO[Window.Property(RecentEpisode.1.Title)]</label2>
			<thumb>$INFO[Window.Property(RecentEpisode.1.Art(thumb))]</thumb>
			<property name="FanartImage">$INFO[Window.Property(RecentEpisode.1.Art(tvshow.fanart))]</property>
			<onclick>$INFO[Window.Property(RecentEpisode.1.Play)]</onclick>
		</item>
		<item>
			<label>$INFO[Window.Property(RecentEpisode.2.TVShowTitle)]</label>
			<label2>$INFO[Window.Property(RecentEpisode.2.EpisodeNo),, - ]$INFO[Window.Property(RecentEpisode.2.Title)]</label2>
			<thumb>$INFO[Window.Property(RecentEpisode.2.Art(thumb))]</thumb>
			<property name="FanartImage">$INFO[Window.Property(RecentEpisode.2.Art(tvshow.fanart))]</property>
			<onclick>$INFO[Window.Property(RecentEpisode.2.Play)]</onclick>
		</item>
		<item>
			<label>$INFO[Window.Property(RecentEpisode.3.TVShowTitle)]</label>
			<label2>$INFO[Window.Property(RecentEpisode.3.EpisodeNo),, - ]$INFO[Window.Property(RecentEpisode.3.Title)]</label2>
			<thumb>$INFO[Window.Property(RecentEpisode.3.Art(thumb))]</thumb>
			<property name="FanartImage">$INFO[Window.Property(RecentEpisode.3.Art(tvshow.fanart))]</property>
			<onclick>$INFO[Window.Property(RecentEpisode.3.Play)]</onclick>
		</item>
		<item>
			<label>$INFO[Window.Property(RecentEpisode.4.TVShowTitle)]</label>
			<label2>$INFO[Window.Property(RecentEpisode.4.EpisodeNo),, - ]$INFO[Window.Property(RecentEpisode.4.Title)]</label2>
			<thumb>$INFO[Window.Property(RecentEpisode.4.Art(thumb))]</thumb>
			<property name="FanartImage">$INFO[Window.Property(RecentEpisode.4.Art(tvshow.fanart))]</property>
			<onclick>$INFO[Window.Property(RecentEpisode.4.Play)]</onclick>
		</item>
		<item>
			<label>$INFO[Window.Property(RecentEpisode.5.TVShowTitle)]</label>
			<label2>$INFO[Window.Property(RecentEpisode.5.EpisodeNo),, - ]$INFO[Window.Property(RecentEpisode.5.Title)]</label2>
			<thumb>$INFO[Window.Property(RecentEpisode.5.Art(thumb))]</thumb>
			<property name="FanartImage">$INFO[Window.Property(RecentEpisode.5.Art(tvshow.fanart))]</property>
			<onclick>$INFO[Window.Property(RecentEpisode.5.Play)]</onclick>
		</item>
		<item>
			<label>$INFO[Window.Property(RecentEpisode.6.TVShowTitle)]</label>
			<label2>$INFO[Window.Property(RecentEpisode.6.EpisodeNo),, - ]$INFO[Window.Property(RecentEpisode.6.Title)]</label2>
			<thumb>$INFO[Window.Property(RecentEpisode.6.Art(thumb))]</thumb>
			<property name="FanartImage">$INFO[Window.Property(RecentEpisode.6.Art(tvshow.fanart))]</property>
			<onclick>$INFO[Window.Property(RecentEpisode.6.Play)]</onclick>
		</item>
		<item>
			<label>$INFO[Window.Property(RecentEpisode.7.TVShowTitle)]</label>
			<label2>$INFO[Window.Property(RecentEpisode.7.EpisodeNo),, - ]$INFO[Window.Property(RecentEpisode.7.Title)]</label2>
			<thumb>$INFO[Window.Property(RecentEpisode.7.Art(thumb))]</thumb>
			<property name="FanartImage">$INFO[Window.Property(RecentEpisode.7.Art(tvshow.fanart))]</property>
			<onclick>$INFO[Window.Property(RecentEpisode.7.Play)]</onclick>
		</item>
		<item>
			<label>$INFO[Window.Property(RecentEpisode.8.TVShowTitle)]</label>
			<label2>$INFO[Window.Property(RecentEpisode.8.EpisodeNo),, - ]$INFO[Window.Property(RecentEpisode.8.Title)]</label2>
			<thumb>$INFO[Window.Property(RecentEpisode.8.Art(thumb))]</thumb>
			<property name="FanartImage">$INFO[Window.Property(RecentEpisode.8.Art(tvshow.fanart))]</property>
			<onclick>$INFO[Window.Property(RecentEpisode.8.Play)]</onclick>
		</item>
		<item>
			<label>$INFO[Window.Property(RecentEpisode.9.TVShowTitle)]</label>
			<label2>$INFO[Window.Property(RecentEpisode.9.EpisodeNo),, - ]$INFO[Window.Property(RecentEpisode.9.Title)]</label2>
			<thumb>$INFO[Window.Property(RecentEpisode.9.Art(thumb))]</thumb>
			<property name="FanartImage">$INFO[Window.Property(RecentEpisode.9.Art(tvshow.fanart))]</property>
			<onclick>$INFO[Window.Property(RecentEpisode.9.Play)]</onclick>
		</item>
		<item>
			<label>$INFO[Window.Property(RecentEpisode.10.TVShowTitle)]</label>
			<label2>$INFO[Window.Property(RecentEpisode.10.EpisodeNo),, - ]$INFO[Window.Property(RecentEpisode.10.Title)]</label2>
			<thumb>$INFO[Window.Property(RecentEpisode.10.Art(thumb))]</thumb>
			<property name="FanartImage">$INFO[Window.Property(RecentEpisode.10.Art(tvshow.fanart))]</property>
			<onclick>$INFO[Window.Property(RecentEpisode.10.Play)]</onclick>
		</item>
	</include>
	<include name="RandomEpisodesList">
		<item>
			<label>$INFO[Window.Property(RandomEpisode.1.TVShowTitle)]</label>
			<label2>$INFO[Window.Property(RandomEpisode.1.EpisodeNo),, - ]$INFO[Window.Property(RandomEpisode.1.Title)]</label2>
			<thumb>$INFO[Window.Property(RandomEpisode.1.Art(thumb))]</thumb>
			<property name="FanartImage">$INFO[Window.Property(RandomEpisode.1.Art(tvshow.fanart))]</property>
			<onclick>$INFO[Window.Property(RandomEpisode.1.Play)]</onclick>
		</item>
		<item>
			<label>$INFO[Window.Property(RandomEpisode.2.TVShowTitle)]</label>
			<label2>$INFO[Window.Property(RandomEpisode.2.EpisodeNo),, - ]$INFO[Window.Property(RandomEpisode.2.Title)]</label2>
			<thumb>$INFO[Window.Property(RandomEpisode.2.Art(thumb))]</thumb>
			<property name="FanartImage">$INFO[Window.Property(RandomEpisode.2.Art(tvshow.fanart))]</property>
			<onclick>$INFO[Window.Property(RandomEpisode.2.Play)]</onclick>
		</item>
		<item>
			<label>$INFO[Window.Property(RandomEpisode.3.TVShowTitle)]</label>
			<label2>$INFO[Window.Property(RandomEpisode.3.EpisodeNo),, - ]$INFO[Window.Property(RandomEpisode.3.Title)]</label2>
			<thumb>$INFO[Window.Property(RandomEpisode.3.Art(thumb))]</thumb>
			<property name="FanartImage">$INFO[Window.Property(RandomEpisode.3.Art(tvshow.fanart))]</property>
			<onclick>$INFO[Window.Property(RandomEpisode.3.Play)]</onclick>
		</item>
		<item>
			<label>$INFO[Window.Property(RandomEpisode.4.TVShowTitle)]</label>
			<label2>$INFO[Window.Property(RandomEpisode.4.EpisodeNo),, - ]$INFO[Window.Property(RandomEpisode.4.Title)]</label2>
			<thumb>$INFO[Window.Property(RandomEpisode.4.Art(thumb))]</thumb>
			<property name="FanartImage">$INFO[Window.Property(RandomEpisode.4.Art(tvshow.fanart))]</property>
			<onclick>$INFO[Window.Property(RandomEpisode.4.Play)]</onclick>
		</item>
		<item>
			<label>$INFO[Window.Property(RandomEpisode.5.TVShowTitle)]</label>
			<label2>$INFO[Window.Property(RandomEpisode.5.EpisodeNo),, - ]$INFO[Window.Property(RandomEpisode.5.Title)]</label2>
			<thumb>$INFO[Window.Property(RandomEpisode.5.Art(thumb))]</thumb>
			<property name="FanartImage">$INFO[Window.Property(RandomEpisode.5.Art(tvshow.fanart))]</property>
			<onclick>$INFO[Window.Property(RandomEpisode.5.Play)]</onclick>
		</item>
		<item>
			<label>$INFO[Window.Property(RandomEpisode.6.TVShowTitle)]</label>
			<label2>$INFO[Window.Property(RandomEpisode.6.EpisodeNo),, - ]$INFO[Window.Property(RandomEpisode.6.Title)]</label2>
			<thumb>$INFO[Window.Property(RandomEpisode.6.Art(thumb))]</thumb>
			<property name="FanartImage">$INFO[Window.Property(RandomEpisode.6.Art(tvshow.fanart))]</property>
			<onclick>$INFO[Window.Property(RandomEpisode.6.Play)]</onclick>
		</item>
		<item>
			<label>$INFO[Window.Property(RandomEpisode.7.TVShowTitle)]</label>
			<label2>$INFO[Window.Property(RandomEpisode.7.EpisodeNo),, - ]$INFO[Window.Property(RandomEpisode.7.Title)]</label2>
			<thumb>$INFO[Window.Property(RandomEpisode.7.Art(thumb))]</thumb>
			<property name="FanartImage">$INFO[Window.Property(RandomEpisode.7.Art(tvshow.fanart))]</property>
			<onclick>$INFO[Window.Property(RandomEpisode.7.Play)]</onclick>
		</item>
		<item>
			<label>$INFO[Window.Property(RandomEpisode.8.TVShowTitle)]</label>
			<label2>$INFO[Window.Property(RandomEpisode.8.EpisodeNo),, - ]$INFO[Window.Property(RandomEpisode.8.Title)]</label2>
			<thumb>$INFO[Window.Property(RandomEpisode.8.Art(thumb))]</thumb>
			<property name="FanartImage">$INFO[Window.Property(RandomEpisode.8.Art(tvshow.fanart))]</property>
			<onclick>$INFO[Window.Property(RandomEpisode.8.Play)]</onclick>
		</item>
		<item>
			<label>$INFO[Window.Property(RandomEpisode.9.TVShowTitle)]</label>
			<label2>$INFO[Window.Property(RandomEpisode.9.EpisodeNo),, - ]$INFO[Window.Property(RandomEpisode.9.Title)]</label2>
			<thumb>$INFO[Window.Property(RandomEpisode.9.Art(thumb))]</thumb>
			<property name="FanartImage">$INFO[Window.Property(RandomEpisode.9.Art(tvshow.fanart))]</property>
			<onclick>$INFO[Window.Property(RandomEpisode.9.Play)]</onclick>
		</item>
		<item>
			<label>$INFO[Window.Property(RandomEpisode.10.TVShowTitle)]</label>
			<label2>$INFO[Window.Property(RandomEpisode.10.EpisodeNo),, - ]$INFO[Window.Property(RandomEpisode.10.Title)]</label2>
			<thumb>$INFO[Window.Property(RandomEpisode.10.Art(thumb))]</thumb>
			<property name="FanartImage">$INFO[Window.Property(RandomEpisode.10.Art(tvshow.fanart))]</property>
			<onclick>$INFO[Window.Property(RandomEpisode.10.Play)]</onclick>
		</item>
	</include>
	<include name="RecommendedEpisodesList">
		<item>
			<label>$INFO[Window.Property(RecommendedEpisode.1.TVShowTitle)]</label>
			<label2>$INFO[Window.Property(RecommendedEpisode.1.EpisodeNo),, - ]$INFO[Window.Property(RecommendedEpisode.1.Title)]</label2>
			<thumb>$INFO[Window.Property(RecommendedEpisode.1.Art(thumb))]</thumb>
			<property name="FanartImage">$INFO[Window.Property(RecommendedEpisode.1.Art(tvshow.fanart))]</property>
			<onclick>$INFO[Window.Property(RecommendedEpisode.1.Play)]</onclick>
			<visible>!IsEmpty(Window.Property(RecommendedEpisode.1.Title))</visible>
		</item>
		<item>
			<label>$INFO[Window.Property(RecommendedEpisode.2.TVShowTitle)]</label>
			<label2>$INFO[Window.Property(RecommendedEpisode.2.EpisodeNo),, - ]$INFO[Window.Property(RecommendedEpisode.2.Title)]</label2>
			<thumb>$INFO[Window.Property(RecommendedEpisode.2.Art(thumb))]</thumb>
			<property name="FanartImage">$INFO[Window.Property(RecommendedEpisode.2.Art(tvshow.fanart))]</property>
			<onclick>$INFO[Window.Property(RecommendedEpisode.2.Play)]</onclick>
			<visible>!IsEmpty(Window.Property(RecommendedEpisode.2.Title))</visible>
		</item>
		<item>
			<label>$INFO[Window.Property(RecommendedEpisode.3.TVShowTitle)]</label>
			<label2>$INFO[Window.Property(RecommendedEpisode.3.EpisodeNo),, - ]$INFO[Window.Property(RecommendedEpisode.3.Title)]</label2>
			<thumb>$INFO[Window.Property(RecommendedEpisode.3.Art(thumb))]</thumb>
			<property name="FanartImage">$INFO[Window.Property(RecommendedEpisode.3.Art(tvshow.fanart))]</property>
			<onclick>$INFO[Window.Property(RecommendedEpisode.3.Play)]</onclick>
			<visible>!IsEmpty(Window.Property(RecommendedEpisode.3.Title))</visible>
		</item>
		<item>
			<label>$INFO[Window.Property(RecommendedEpisode.4.TVShowTitle)]</label>
			<label2>$INFO[Window.Property(RecommendedEpisode.4.EpisodeNo),, - ]$INFO[Window.Property(RecommendedEpisode.4.Title)]</label2>
			<thumb>$INFO[Window.Property(RecommendedEpisode.4.Art(thumb))]</thumb>
			<property name="FanartImage">$INFO[Window.Property(RecommendedEpisode.4.Art(tvshow.fanart))]</property>
			<onclick>$INFO[Window.Property(RecommendedEpisode.4.Play)]</onclick>
			<visible>!IsEmpty(Window.Property(RecommendedEpisode.4.Title))</visible>
		</item>
		<item>
			<label>$INFO[Window.Property(RecommendedEpisode.5.TVShowTitle)]</label>
			<label2>$INFO[Window.Property(RecommendedEpisode.5.EpisodeNo),, - ]$INFO[Window.Property(RecommendedEpisode.5.Title)]</label2>
			<thumb>$INFO[Window.Property(RecommendedEpisode.5.Art(thumb))]</thumb>
			<property name="FanartImage">$INFO[Window.Property(RecommendedEpisode.5.Art(tvshow.fanart))]</property>
			<onclick>$INFO[Window.Property(RecommendedEpisode.5.Play)]</onclick>
			<visible>!IsEmpty(Window.Property(RecommendedEpisode.5.Title))</visible>
		</item>
		<item>
			<label>$INFO[Window.Property(RecommendedEpisode.6.TVShowTitle)]</label>
			<label2>$INFO[Window.Property(RecommendedEpisode.6.EpisodeNo),, - ]$INFO[Window.Property(RecommendedEpisode.6.Title)]</label2>
			<thumb>$INFO[Window.Property(RecommendedEpisode.6.Art(thumb))]</thumb>
			<property name="FanartImage">$INFO[Window.Property(RecommendedEpisode.6.Art(tvshow.fanart))]</property>
			<onclick>$INFO[Window.Property(RecommendedEpisode.6.Play)]</onclick>
			<visible>!IsEmpty(Window.Property(RecommendedEpisode.6.Title))</visible>
		</item>
		<item>
			<label>$INFO[Window.Property(RecommendedEpisode.7.TVShowTitle)]</label>
			<label2>$INFO[Window.Property(RecommendedEpisode.7.EpisodeNo),, - ]$INFO[Window.Property(RecommendedEpisode.7.Title)]</label2>
			<thumb>$INFO[Window.Property(RecommendedEpisode.7.Art(thumb))]</thumb>
			<property name="FanartImage">$INFO[Window.Property(RecommendedEpisode.7.Art(tvshow.fanart))]</property>
			<onclick>$INFO[Window.Property(RecommendedEpisode.7.Play)]</onclick>
			<visible>!IsEmpty(Window.Property(RecommendedEpisode.7.Title))</visible>
		</item>
		<item>
			<label>$INFO[Window.Property(RecommendedEpisode.8.TVShowTitle)]</label>
			<label2>$INFO[Window.Property(RecommendedEpisode.8.EpisodeNo),, - ]$INFO[Window.Property(RecommendedEpisode.8.Title)]</label2>
			<thumb>$INFO[Window.Property(RecommendedEpisode.8.Art(thumb))]</thumb>
			<property name="FanartImage">$INFO[Window.Property(RecommendedEpisode.8.Art(tvshow.fanart))]</property>
			<onclick>$INFO[Window.Property(RecommendedEpisode.8.Play)]</onclick>
			<visible>!IsEmpty(Window.Property(RecommendedEpisode.8.Title))</visible>
		</item>
		<item>
			<label>$INFO[Window.Property(RecommendedEpisode.9.TVShowTitle)]</label>
			<label2>$INFO[Window.Property(RecommendedEpisode.9.EpisodeNo),, - ]$INFO[Window.Property(RecommendedEpisode.9.Title)]</label2>
			<thumb>$INFO[Window.Property(RecommendedEpisode.9.Art(thumb))]</thumb>
			<property name="FanartImage">$INFO[Window.Property(RecommendedEpisode.9.Art(tvshow.fanart))]</property>
			<onclick>$INFO[Window.Property(RecommendedEpisode.9.Play)]</onclick>
			<visible>!IsEmpty(Window.Property(RecommendedEpisode.9.Title))</visible>
		</item>
		<item>
			<label>$INFO[Window.Property(RecommendedEpisode.10.TVShowTitle)]</label>
			<label2>$INFO[Window.Property(RecommendedEpisode.10.EpisodeNo),, - ]$INFO[Window.Property(RecommendedEpisode.10.Title)]</label2>
			<thumb>$INFO[Window.Property(RecommendedEpisode.10.Art(thumb))]</thumb>
			<property name="FanartImage">$INFO[Window.Property(RecommendedEpisode.10.Art(tvshow.fanart))]</property>
			<onclick>$INFO[Window.Property(RecommendedEpisode.10.Play)]</onclick>
			<visible>!IsEmpty(Window.Property(RecommendedEpisode.10.Title))</visible>
		</item>
	</include>
	<include name="RecentMusicVideosList">
		<item>
			<label>$INFO[Window.Property(RecentMusicVideo.1.Artist)]</label>
			<label2>$INFO[Window.Property(RecentMusicVideo.1.Title)]</label2>
			<thumb>$INFO[Window.Property(RecentMusicVideo.1.Art(thumb))]</thumb>
			<property name="FanartImage">$INFO[Window.Property(RecentMusicVideo.1.Art(fanart))]</property>
			<onclick>$INFO[Window.Property(RecentMusicVideo.1.Play)]</onclick>
		</item>
		<item>
			<label>$INFO[Window.Property(RecentMusicVideo.2.Artist)]</label>
			<label2>$INFO[Window.Property(RecentMusicVideo.2.Title)]</label2>
			<thumb>$INFO[Window.Property(RecentMusicVideo.2.Art(thumb))]</thumb>
			<property name="FanartImage">$INFO[Window.Property(RecentMusicVideo.2.Art(fanart))]</property>
			<onclick>$INFO[Window.Property(RecentMusicVideo.2.Play)]</onclick>
		</item>
		<item>
			<label>$INFO[Window.Property(RecentMusicVideo.3.Artist)]</label>
			<label2>$INFO[Window.Property(RecentMusicVideo.3.Title)]</label2>
			<thumb>$INFO[Window.Property(RecentMusicVideo.3.Art(thumb))]</thumb>
			<property name="FanartImage">$INFO[Window.Property(RecentMusicVideo.3.Art(fanart))]</property>
			<onclick>$INFO[Window.Property(RecentMusicVideo.3.Play)]</onclick>
		</item>
		<item>
			<label>$INFO[Window.Property(RecentMusicVideo.4.Artist)]</label>
			<label2>$INFO[Window.Property(RecentMusicVideo.4.Title)]</label2>
			<thumb>$INFO[Window.Property(RecentMusicVideo.4.Art(thumb))]</thumb>
			<property name="FanartImage">$INFO[Window.Property(RecentMusicVideo.4.Art(fanart))]</property>
			<onclick>$INFO[Window.Property(RecentMusicVideo.4.Play)]</onclick>
		</item>
		<item>
			<label>$INFO[Window.Property(RecentMusicVideo.5.Artist)]</label>
			<label2>$INFO[Window.Property(RecentMusicVideo.5.Title)]</label2>
			<thumb>$INFO[Window.Property(RecentMusicVideo.5.Art(thumb))]</thumb>
			<property name="FanartImage">$INFO[Window.Property(RecentMusicVideo.5.Art(fanart))]</property>
			<onclick>$INFO[Window.Property(RecentMusicVideo.5.Play)]</onclick>
		</item>
		<item>
			<label>$INFO[Window.Property(RecentMusicVideo.6.Artist)]</label>
			<label2>$INFO[Window.Property(RecentMusicVideo.6.Title)]</label2>
			<thumb>$INFO[Window.Property(RecentMusicVideo.6.Art(thumb))]</thumb>
			<property name="FanartImage">$INFO[Window.Property(RecentMusicVideo.6.Art(fanart))]</property>
			<onclick>$INFO[Window.Property(RecentMusicVideo.6.Play)]</onclick>
		</item>
		<item>
			<label>$INFO[Window.Property(RecentMusicVideo.7.Artist)]</label>
			<label2>$INFO[Window.Property(RecentMusicVideo.7.Title)]</label2>
			<thumb>$INFO[Window.Property(RecentMusicVideo.7.Art(thumb))]</thumb>
			<property name="FanartImage">$INFO[Window.Property(RecentMusicVideo.7.Art(fanart))]</property>
			<onclick>$INFO[Window.Property(RecentMusicVideo.7.Play)]</onclick>
		</item>
		<item>
			<label>$INFO[Window.Property(RecentMusicVideo.8.Artist)]</label>
			<label2>$INFO[Window.Property(RecentMusicVideo.8.Title)]</label2>
			<thumb>$INFO[Window.Property(RecentMusicVideo.8.Art(thumb))]</thumb>
			<property name="FanartImage">$INFO[Window.Property(RecentMusicVideo.8.Art(fanart))]</property>
			<onclick>$INFO[Window.Property(RecentMusicVideo.8.Play)]</onclick>
		</item>
		<item>
			<label>$INFO[Window.Property(RecentMusicVideo.9.Artist)]</label>
			<label2>$INFO[Window.Property(RecentMusicVideo.9.Title)]</label2>
			<thumb>$INFO[Window.Property(RecentMusicVideo.9.Art(thumb))]</thumb>
			<property name="FanartImage">$INFO[Window.Property(RecentMusicVideo.9.Art(fanart))]</property>
			<onclick>$INFO[Window.Property(RecentMusicVideo.9.Play)]</onclick>
		</item>
		<item>
			<label>$INFO[Window.Property(RecentMusicVideo.10.Artist)]</label>
			<label2>$INFO[Window.Property(RecentMusicVideo.10.Title)]</label2>
			<thumb>$INFO[Window.Property(RecentMusicVideo.10.Art(thumb))]</thumb>
			<property name="FanartImage">$INFO[Window.Property(RecentMusicVideo.10.Art(fanart))]</property>
			<onclick>$INFO[Window.Property(RecentMusicVideo.10.Play)]</onclick>
		</item>
	</include>
	<include name="RandomMusicVideosList">
		<item>
			<label>$INFO[Window.Property(RandomMusicVideo.1.Artist)]</label>
			<label2>$INFO[Window.Property(RandomMusicVideo.1.Title)]</label2>
			<thumb>$INFO[Window.Property(RandomMusicVideo.1.Art(thumb))]</thumb>
			<property name="FanartImage">$INFO[Window.Property(RandomMusicVideo.1.Art(fanart))]</property>
			<onclick>$INFO[Window.Property(RandomMusicVideo.1.Play)]</onclick>
		</item>
		<item>
			<label>$INFO[Window.Property(RandomMusicVideo.2.Artist)]</label>
			<label2>$INFO[Window.Property(RandomMusicVideo.2.Title)]</label2>
			<thumb>$INFO[Window.Property(RandomMusicVideo.2.Art(thumb))]</thumb>
			<property name="FanartImage">$INFO[Window.Property(RandomMusicVideo.2.Art(fanart))]</property>
			<onclick>$INFO[Window.Property(RandomMusicVideo.2.Play)]</onclick>
		</item>
		<item>
			<label>$INFO[Window.Property(RandomMusicVideo.3.Artist)]</label>
			<label2>$INFO[Window.Property(RandomMusicVideo.3.Title)]</label2>
			<thumb>$INFO[Window.Property(RandomMusicVideo.3.Art(thumb))]</thumb>
			<property name="FanartImage">$INFO[Window.Property(RandomMusicVideo.3.Art(fanart))]</property>
			<onclick>$INFO[Window.Property(RandomMusicVideo.3.Play)]</onclick>
		</item>
		<item>
			<label>$INFO[Window.Property(RandomMusicVideo.4.Artist)]</label>
			<label2>$INFO[Window.Property(RandomMusicVideo.4.Title)]</label2>
			<thumb>$INFO[Window.Property(RandomMusicVideo.4.Art(thumb))]</thumb>
			<property name="FanartImage">$INFO[Window.Property(RandomMusicVideo.4.Art(fanart))]</property>
			<onclick>$INFO[Window.Property(RandomMusicVideo.4.Play)]</onclick>
		</item>
		<item>
			<label>$INFO[Window.Property(RandomMusicVideo.5.Artist)]</label>
			<label2>$INFO[Window.Property(RandomMusicVideo.5.Title)]</label2>
			<thumb>$INFO[Window.Property(RandomMusicVideo.5.Art(thumb))]</thumb>
			<property name="FanartImage">$INFO[Window.Property(RandomMusicVideo.5.Art(fanart))]</property>
			<onclick>$INFO[Window.Property(RandomMusicVideo.5.Play)]</onclick>
		</item>
		<item>
			<label>$INFO[Window.Property(RandomMusicVideo.6.Artist)]</label>
			<label2>$INFO[Window.Property(RandomMusicVideo.6.Title)]</label2>
			<thumb>$INFO[Window.Property(RandomMusicVideo.6.Art(thumb))]</thumb>
			<property name="FanartImage">$INFO[Window.Property(RandomMusicVideo.6.Art(fanart))]</property>
			<onclick>$INFO[Window.Property(RandomMusicVideo.6.Play)]</onclick>
		</item>
		<item>
			<label>$INFO[Window.Property(RandomMusicVideo.7.Artist)]</label>
			<label2>$INFO[Window.Property(RandomMusicVideo.7.Title)]</label2>
			<thumb>$INFO[Window.Property(RandomMusicVideo.7.Art(thumb))]</thumb>
			<property name="FanartImage">$INFO[Window.Property(RandomMusicVideo.7.Art(fanart))]</property>
			<onclick>$INFO[Window.Property(RandomMusicVideo.7.Play)]</onclick>
		</item>
		<item>
			<label>$INFO[Window.Property(RandomMusicVideo.8.Artist)]</label>
			<label2>$INFO[Window.Property(RandomMusicVideo.8.Title)]</label2>
			<thumb>$INFO[Window.Property(RandomMusicVideo.8.Art(thumb))]</thumb>
			<property name="FanartImage">$INFO[Window.Property(RandomMusicVideo.8.Art(fanart))]</property>
			<onclick>$INFO[Window.Property(RandomMusicVideo.8.Play)]</onclick>
		</item>
		<item>
			<label>$INFO[Window.Property(RandomMusicVideo.9.Artist)]</label>
			<label2>$INFO[Window.Property(RandomMusicVideo.9.Title)]</label2>
			<thumb>$INFO[Window.Property(RandomMusicVideo.9.Art(thumb))]</thumb>
			<property name="FanartImage">$INFO[Window.Property(RandomMusicVideo.9.Art(fanart))]</property>
			<onclick>$INFO[Window.Property(RandomMusicVideo.9.Play)]</onclick>
		</item>
		<item>
			<label>$INFO[Window.Property(RandomMusicVideo.10.Artist)]</label>
			<label2>$INFO[Window.Property(RandomMusicVideo.10.Title)]</label2>
			<thumb>$INFO[Window.Property(RandomMusicVideo.10.Art(thumb))]</thumb>
			<property name="FanartImage">$INFO[Window.Property(RandomMusicVideo.10.Art(fanart))]</property>
			<onclick>$INFO[Window.Property(RandomMusicVideo.10.Play)]</onclick>
		</item>
	</include>
	<include name="RecommendedMusicVideosList">
		<item>
			<label>$INFO[Window.Property(RecommendedMusicVideo.1.Artist)]</label>
			<label2>$INFO[Window.Property(RecommendedMusicVideo.1.Title)]</label2>
			<thumb>$INFO[Window.Property(RecommendedMusicVideo.1.Art(thumb))]</thumb>
			<property name="FanartImage">$INFO[Window.Property(RecommendedMusicVideo.1.Art(fanart))]</property>
			<onclick>$INFO[Window.Property(RecommendedMusicVideo.1.Play)]</onclick>
		</item>
		<item>
			<label>$INFO[Window.Property(RecommendedMusicVideo.2.Artist)]</label>
			<label2>$INFO[Window.Property(RecommendedMusicVideo.2.Title)]</label2>
			<thumb>$INFO[Window.Property(RecommendedMusicVideo.2.Art(thumb))]</thumb>
			<property name="FanartImage">$INFO[Window.Property(RecommendedMusicVideo.2.Art(fanart))]</property>
			<onclick>$INFO[Window.Property(RecommendedMusicVideo.2.Play)]</onclick>
		</item>
		<item>
			<label>$INFO[Window.Property(RecommendedMusicVideo.3.Artist)]</label>
			<label2>$INFO[Window.Property(RecommendedMusicVideo.3.Title)]</label2>
			<thumb>$INFO[Window.Property(RecommendedMusicVideo.3.Art(thumb))]</thumb>
			<property name="FanartImage">$INFO[Window.Property(RecommendedMusicVideo.3.Art(fanart))]</property>
			<onclick>$INFO[Window.Property(RecommendedMusicVideo.3.Play)]</onclick>
		</item>
		<item>
			<label>$INFO[Window.Property(RecommendedMusicVideo.4.Artist)]</label>
			<label2>$INFO[Window.Property(RecommendedMusicVideo.4.Title)]</label2>
			<thumb>$INFO[Window.Property(RecommendedMusicVideo.4.Art(thumb))]</thumb>
			<property name="FanartImage">$INFO[Window.Property(RecommendedMusicVideo.4.Art(fanart))]</property>
			<onclick>$INFO[Window.Property(RecommendedMusicVideo.4.Play)]</onclick>
		</item>
		<item>
			<label>$INFO[Window.Property(RecommendedMusicVideo.5.Artist)]</label>
			<label2>$INFO[Window.Property(RecommendedMusicVideo.5.Title)]</label2>
			<thumb>$INFO[Window.Property(RecommendedMusicVideo.5.Art(thumb))]</thumb>
			<property name="FanartImage">$INFO[Window.Property(RecommendedMusicVideo.5.Art(fanart))]</property>
			<onclick>$INFO[Window.Property(RecommendedMusicVideo.5.Play)]</onclick>
		</item>
		<item>
			<label>$INFO[Window.Property(RecommendedMusicVideo.6.Artist)]</label>
			<label2>$INFO[Window.Property(RecommendedMusicVideo.6.Title)]</label2>
			<thumb>$INFO[Window.Property(RecommendedMusicVideo.6.Art(thumb))]</thumb>
			<property name="FanartImage">$INFO[Window.Property(RecommendedMusicVideo.6.Art(fanart))]</property>
			<onclick>$INFO[Window.Property(RecommendedMusicVideo.6.Play)]</onclick>
		</item>
		<item>
			<label>$INFO[Window.Property(RecommendedMusicVideo.7.Artist)]</label>
			<label2>$INFO[Window.Property(RecommendedMusicVideo.7.Title)]</label2>
			<thumb>$INFO[Window.Property(RecommendedMusicVideo.7.Art(thumb))]</thumb>
			<property name="FanartImage">$INFO[Window.Property(RecommendedMusicVideo.7.Art(fanart))]</property>
			<onclick>$INFO[Window.Property(RecommendedMusicVideo.7.Play)]</onclick>
		</item>
		<item>
			<label>$INFO[Window.Property(RecommendedMusicVideo.8.Artist)]</label>
			<label2>$INFO[Window.Property(RecommendedMusicVideo.8.Title)]</label2>
			<thumb>$INFO[Window.Property(RecommendedMusicVideo.8.Art(thumb))]</thumb>
			<property name="FanartImage">$INFO[Window.Property(RecommendedMusicVideo.8.Art(fanart))]</property>
			<onclick>$INFO[Window.Property(RecommendedMusicVideo.8.Play)]</onclick>
		</item>
		<item>
			<label>$INFO[Window.Property(RecommendedMusicVideo.9.Artist)]</label>
			<label2>$INFO[Window.Property(RecommendedMusicVideo.9.Title)]</label2>
			<thumb>$INFO[Window.Property(RecommendedMusicVideo.9.Art(thumb))]</thumb>
			<property name="FanartImage">$INFO[Window.Property(RecommendedMusicVideo.9.Art(fanart))]</property>
			<onclick>$INFO[Window.Property(RecommendedMusicVideo.9.Play)]</onclick>
		</item>
		<item>
			<label>$INFO[Window.Property(RecommendedMusicVideo.10.Artist)]</label>
			<label2>$INFO[Window.Property(RecommendedMusicVideo.10.Title)]</label2>
			<thumb>$INFO[Window.Property(RecommendedMusicVideo.10.Art(thumb))]</thumb>
			<property name="FanartImage">$INFO[Window.Property(RecommendedMusicVideo.10.Art(fanart))]</property>
			<onclick>$INFO[Window.Property(RecommendedMusicVideo.10.Play)]</onclick>
		</item>
	</include>
	<include name="RecentAlbumsList">
		<item>
			<label>$INFO[Window.Property(RecentAlbum.1.Artist)]</label>
			<label2>$INFO[Window.Property(RecentAlbum.1.Title)]</label2>
			<thumb>$INFO[Window.Property(RecentAlbum.1.Art(thumb))]</thumb>
			<property name="FanartImage">$INFO[Window.Property(RecentAlbum.1.Art(fanart))]</property>
			<onclick>$INFO[Window.Property(RecentAlbum.1.Play)]</onclick>
		</item>
		<item>
			<label>$INFO[Window.Property(RecentAlbum.2.Artist)]</label>
			<label2>$INFO[Window.Property(RecentAlbum.2.Title)]</label2>
			<thumb>$INFO[Window.Property(RecentAlbum.2.Art(thumb))]</thumb>
			<property name="FanartImage">$INFO[Window.Property(RecentAlbum.2.Art(fanart))]</property>
			<onclick>$INFO[Window.Property(RecentAlbum.2.Play)]</onclick>
		</item>
		<item>
			<label>$INFO[Window.Property(RecentAlbum.3.Artist)]</label>
			<label2>$INFO[Window.Property(RecentAlbum.3.Title)]</label2>
			<thumb>$INFO[Window.Property(RecentAlbum.3.Art(thumb))]</thumb>
			<property name="FanartImage">$INFO[Window.Property(RecentAlbum.3.Art(fanart))]</property>
			<onclick>$INFO[Window.Property(RecentAlbum.3.Play)]</onclick>
		</item>
		<item>
			<label>$INFO[Window.Property(RecentAlbum.4.Artist)]</label>
			<label2>$INFO[Window.Property(RecentAlbum.4.Title)]</label2>
			<thumb>$INFO[Window.Property(RecentAlbum.4.Art(thumb))]</thumb>
			<property name="FanartImage">$INFO[Window.Property(RecentAlbum.4.Art(fanart))]</property>
			<onclick>$INFO[Window.Property(RecentAlbum.4.Play)]</onclick>
		</item>
		<item>
			<label>$INFO[Window.Property(RecentAlbum.5.Artist)]</label>
			<label2>$INFO[Window.Property(RecentAlbum.5.Title)]</label2>
			<thumb>$INFO[Window.Property(RecentAlbum.5.Art(thumb))]</thumb>
			<property name="FanartImage">$INFO[Window.Property(RecentAlbum.5.Art(fanart))]</property>
			<onclick>$INFO[Window.Property(RecentAlbum.5.Play)]</onclick>
		</item>
		<item>
			<label>$INFO[Window.Property(RecentAlbum.6.Artist)]</label>
			<label2>$INFO[Window.Property(RecentAlbum.6.Title)]</label2>
			<thumb>$INFO[Window.Property(RecentAlbum.6.Art(thumb))]</thumb>
			<property name="FanartImage">$INFO[Window.Property(RecentAlbum.6.Art(fanart))]</property>
			<onclick>$INFO[Window.Property(RecentAlbum.6.Play)]</onclick>
		</item>
		<item>
			<label>$INFO[Window.Property(RecentAlbum.7.Artist)]</label>
			<label2>$INFO[Window.Property(RecentAlbum.7.Title)]</label2>
			<thumb>$INFO[Window.Property(RecentAlbum.7.Art(thumb))]</thumb>
			<property name="FanartImage">$INFO[Window.Property(RecentAlbum.7.Art(fanart))]</property>
			<onclick>$INFO[Window.Property(RecentAlbum.7.Play)]</onclick>
		</item>
		<item>
			<label>$INFO[Window.Property(RecentAlbum.8.Artist)]</label>
			<label2>$INFO[Window.Property(RecentAlbum.8.Title)]</label2>
			<thumb>$INFO[Window.Property(RecentAlbum.8.Art(thumb))]</thumb>
			<property name="FanartImage">$INFO[Window.Property(RecentAlbum.8.Art(fanart))]</property>
			<onclick>$INFO[Window.Property(RecentAlbum.8.Play)]</onclick>
		</item>
		<item>
			<label>$INFO[Window.Property(RecentAlbum.9.Artist)]</label>
			<label2>$INFO[Window.Property(RecentAlbum.9.Title)]</label2>
			<thumb>$INFO[Window.Property(RecentAlbum.9.Art(thumb))]</thumb>
			<property name="FanartImage">$INFO[Window.Property(RecentAlbum.9.Art(fanart))]</property>
			<onclick>$INFO[Window.Property(RecentAlbum.9.Play)]</onclick>
		</item>
		<item>
			<label>$INFO[Window.Property(RecentAlbum.10.Artist)]</label>
			<label2>$INFO[Window.Property(RecentAlbum.10.Title)]</label2>
			<thumb>$INFO[Window.Property(RecentAlbum.10.Art(thumb))]</thumb>
			<property name="FanartImage">$INFO[Window.Property(RecentAlbum.10.Art(fanart))]</property>
			<onclick>$INFO[Window.Property(RecentAlbum.10.Play)]</onclick>
		</item>
	</include>
	<include name="RandomAlbumsList">
		<item>
			<label>$INFO[Window.Property(RandomAlbum.1.Artist)]</label>
			<label2>$INFO[Window.Property(RandomAlbum.1.Title)]</label2>
			<thumb>$INFO[Window.Property(RandomAlbum.1.Art(thumb))]</thumb>
			<property name="FanartImage">$INFO[Window.Property(RandomAlbum.1.Art(fanart))]</property>
			<onclick>$INFO[Window.Property(RandomAlbum.1.Play)]</onclick>
		</item>
		<item>
			<label>$INFO[Window.Property(RandomAlbum.2.Artist)]</label>
			<label2>$INFO[Window.Property(RandomAlbum.2.Title)]</label2>
			<thumb>$INFO[Window.Property(RandomAlbum.2.Art(thumb))]</thumb>
			<property name="FanartImage">$INFO[Window.Property(RandomAlbum.2.Art(fanart))]</property>
			<onclick>$INFO[Window.Property(RandomAlbum.2.Play)]</onclick>
		</item>
		<item>
			<label>$INFO[Window.Property(RandomAlbum.3.Artist)]</label>
			<label2>$INFO[Window.Property(RandomAlbum.3.Title)]</label2>
			<thumb>$INFO[Window.Property(RandomAlbum.3.Art(thumb))]</thumb>
			<property name="FanartImage">$INFO[Window.Property(RandomAlbum.3.Art(fanart))]</property>
			<onclick>$INFO[Window.Property(RandomAlbum.3.Play)]</onclick>
		</item>
		<item>
			<label>$INFO[Window.Property(RandomAlbum.4.Artist)]</label>
			<label2>$INFO[Window.Property(RandomAlbum.4.Title)]</label2>
			<thumb>$INFO[Window.Property(RandomAlbum.4.Art(thumb))]</thumb>
			<property name="FanartImage">$INFO[Window.Property(RandomAlbum.4.Art(fanart))]</property>
			<onclick>$INFO[Window.Property(RandomAlbum.4.Play)]</onclick>
		</item>
		<item>
			<label>$INFO[Window.Property(RandomAlbum.5.Artist)]</label>
			<label2>$INFO[Window.Property(RandomAlbum.5.Title)]</label2>
			<thumb>$INFO[Window.Property(RandomAlbum.5.Art(thumb))]</thumb>
			<property name="FanartImage">$INFO[Window.Property(RandomAlbum.5.Art(fanart))]</property>
			<onclick>$INFO[Window.Property(RandomAlbum.5.Play)]</onclick>
		</item>
		<item>
			<label>$INFO[Window.Property(RandomAlbum.6.Artist)]</label>
			<label2>$INFO[Window.Property(RandomAlbum.6.Title)]</label2>
			<thumb>$INFO[Window.Property(RandomAlbum.6.Art(thumb))]</thumb>
			<property name="FanartImage">$INFO[Window.Property(RandomAlbum.6.Art(fanart))]</property>
			<onclick>$INFO[Window.Property(RandomAlbum.6.Play)]</onclick>
		</item>
		<item>
			<label>$INFO[Window.Property(RandomAlbum.7.Artist)]</label>
			<label2>$INFO[Window.Property(RandomAlbum.7.Title)]</label2>
			<thumb>$INFO[Window.Property(RandomAlbum.7.Art(thumb))]</thumb>
			<property name="FanartImage">$INFO[Window.Property(RandomAlbum.7.Art(fanart))]</property>
			<onclick>$INFO[Window.Property(RandomAlbum.7.Play)]</onclick>
		</item>
		<item>
			<label>$INFO[Window.Property(RandomAlbum.8.Artist)]</label>
			<label2>$INFO[Window.Property(RandomAlbum.8.Title)]</label2>
			<thumb>$INFO[Window.Property(RandomAlbum.8.Art(thumb))]</thumb>
			<property name="FanartImage">$INFO[Window.Property(RandomAlbum.8.Art(fanart))]</property>
			<onclick>$INFO[Window.Property(RandomAlbum.8.Play)]</onclick>
		</item>
		<item>
			<label>$INFO[Window.Property(RandomAlbum.9.Artist)]</label>
			<label2>$INFO[Window.Property(RandomAlbum.9.Title)]</label2>
			<thumb>$INFO[Window.Property(RandomAlbum.9.Art(thumb))]</thumb>
			<property name="FanartImage">$INFO[Window.Property(RandomAlbum.9.Art(fanart))]</property>
			<onclick>$INFO[Window.Property(RandomAlbum.9.Play)]</onclick>
		</item>
		<item>
			<label>$INFO[Window.Property(RandomAlbum.10.Artist)]</label>
			<label2>$INFO[Window.Property(RandomAlbum.10.Title)]</label2>
			<thumb>$INFO[Window.Property(RandomAlbum.10.Art(thumb))]</thumb>
			<property name="FanartImage">$INFO[Window.Property(RandomAlbum.10.Art(fanart))]</property>
			<onclick>$INFO[Window.Property(RandomAlbum.10.Play)]</onclick>
		</item>
	</include>
	<include name="RecommendedAlbumsList">
		<item>
			<label>$INFO[Window.Property(RecommendedAlbum.1.Artist)]</label>
			<label2>$INFO[Window.Property(RecommendedAlbum.1.Title)]</label2>
			<thumb>$INFO[Window.Property(RecommendedAlbum.1.Art(thumb))]</thumb>
			<property name="FanartImage">$INFO[Window.Property(RecommendedAlbum.1.Art(fanart))]</property>
			<onclick>$INFO[Window.Property(RecommendedAlbum.1.Play)]</onclick>
			<visible>!IsEmpty(Window.Property(RecommendedAlbum.1.Title))</visible>
		</item>
		<item>
			<label>$INFO[Window.Property(RecommendedAlbum.2.Artist)]</label>
			<label2>$INFO[Window.Property(RecommendedAlbum.2.Title)]</label2>
			<thumb>$INFO[Window.Property(RecommendedAlbum.2.Art(thumb))]</thumb>
			<property name="FanartImage">$INFO[Window.Property(RecommendedAlbum.2.Art(fanart))]</property>
			<onclick>$INFO[Window.Property(RecommendedAlbum.2.Play)]</onclick>
			<visible>!IsEmpty(Window.Property(RecommendedAlbum.2.Title))</visible>
		</item>
		<item>
			<label>$INFO[Window.Property(RecommendedAlbum.3.Artist)]</label>
			<label2>$INFO[Window.Property(RecommendedAlbum.3.Title)]</label2>
			<thumb>$INFO[Window.Property(RecommendedAlbum.3.Art(thumb))]</thumb>
			<property name="FanartImage">$INFO[Window.Property(RecommendedAlbum.3.Art(fanart))]</property>
			<onclick>$INFO[Window.Property(RecommendedAlbum.3.Play)]</onclick>
			<visible>!IsEmpty(Window.Property(RecommendedAlbum.3.Title))</visible>
		</item>
		<item>
			<label>$INFO[Window.Property(RecommendedAlbum.4.Artist)]</label>
			<label2>$INFO[Window.Property(RecommendedAlbum.4.Title)]</label2>
			<thumb>$INFO[Window.Property(RecommendedAlbum.4.Art(thumb))]</thumb>
			<property name="FanartImage">$INFO[Window.Property(RecommendedAlbum.4.Art(fanart))]</property>
			<onclick>$INFO[Window.Property(RecommendedAlbum.4.Play)]</onclick>
			<visible>!IsEmpty(Window.Property(RecommendedAlbum.4.Title))</visible>
		</item>
		<item>
			<label>$INFO[Window.Property(RecommendedAlbum.5.Artist)]</label>
			<label2>$INFO[Window.Property(RecommendedAlbum.5.Title)]</label2>
			<thumb>$INFO[Window.Property(RecommendedAlbum.5.Art(thumb))]</thumb>
			<property name="FanartImage">$INFO[Window.Property(RecommendedAlbum.5.Art(fanart))]</property>
			<onclick>$INFO[Window.Property(RecommendedAlbum.5.Play)]</onclick>
			<visible>!IsEmpty(Window.Property(RecommendedAlbum.5.Title))</visible>
		</item>
		<item>
			<label>$INFO[Window.Property(RecommendedAlbum.6.Artist)]</label>
			<label2>$INFO[Window.Property(RecommendedAlbum.6.Title)]</label2>
			<thumb>$INFO[Window.Property(RecommendedAlbum.6.Art(thumb))]</thumb>
			<property name="FanartImage">$INFO[Window.Property(RecommendedAlbum.6.Art(fanart))]</property>
			<onclick>$INFO[Window.Property(RecommendedAlbum.6.Play)]</onclick>
			<visible>!IsEmpty(Window.Property(RecommendedAlbum.6.Title))</visible>
		</item>
		<item>
			<label>$INFO[Window.Property(RecommendedAlbum.7.Artist)]</label>
			<label2>$INFO[Window.Property(RecommendedAlbum.7.Title)]</label2>
			<thumb>$INFO[Window.Property(RecommendedAlbum.7.Art(thumb))]</thumb>
			<property name="FanartImage">$INFO[Window.Property(RecommendedAlbum.7.Art(fanart))]</property>
			<onclick>$INFO[Window.Property(RecommendedAlbum.7.Play)]</onclick>
			<visible>!IsEmpty(Window.Property(RecommendedAlbum.7.Title))</visible>
		</item>
		<item>
			<label>$INFO[Window.Property(RecommendedAlbum.8.Artist)]</label>
			<label2>$INFO[Window.Property(RecommendedAlbum.8.Title)]</label2>
			<thumb>$INFO[Window.Property(RecommendedAlbum.8.Art(thumb))]</thumb>
			<property name="FanartImage">$INFO[Window.Property(RecommendedAlbum.8.Art(fanart))]</property>
			<onclick>$INFO[Window.Property(RecommendedAlbum.8.Play)]</onclick>
			<visible>!IsEmpty(Window.Property(RecommendedAlbum.8.Title))</visible>
		</item>
		<item>
			<label>$INFO[Window.Property(RecommendedAlbum.9.Artist)]</label>
			<label2>$INFO[Window.Property(RecommendedAlbum.9.Title)]</label2>
			<thumb>$INFO[Window.Property(RecommendedAlbum.9.Art(thumb))]</thumb>
			<property name="FanartImage">$INFO[Window.Property(RecommendedAlbum.9.Art(fanart))]</property>
			<onclick>$INFO[Window.Property(RecommendedAlbum.9.Play)]</onclick>
			<visible>!IsEmpty(Window.Property(RecommendedAlbum.9.Title))</visible>
		</item>
		<item>
			<label>$INFO[Window.Property(RecommendedAlbum.10.Artist)]</label>
			<label2>$INFO[Window.Property(RecommendedAlbum.10.Title)]</label2>
			<thumb>$INFO[Window.Property(RecommendedAlbum.10.Art(thumb))]</thumb>
			<property name="FanartImage">$INFO[Window.Property(RecommendedAlbum.10.Art(fanart))]</property>
			<onclick>$INFO[Window.Property(RecommendedAlbum.10.Play)]</onclick>
			<visible>!IsEmpty(Window.Property(RecommendedAlbum.10.Title))</visible>
		</item>
	</include>
</includes>
