<?xml version="1.0" encoding="UTF-8"?>
<includes>
	<include name="MusicMediaFlags">
		<control type="group">
			<posx>770</posx>
			<posy>630</posy>
			<width>103</width>
			<height>76</height>
		<!-- Audio Codec (ListItem) -->
			<control type="image">
				<posx>0</posx>
				<posy>0</posy>
				<width>103</width>
				<height>76</height>
				<animation effect="zoom" start="0" end="65" time="0" condition="Control.IsVisible(56) | Control.IsVisible(592)">Conditional</animation>
				<texture fallback="mediaflag-audiocodec.png">$VAR[IncludesMediaFlagsMusic]</texture>
				<visible>Container.Content(Songs) + ![Window.IsVisible(MusicPlaylist) + Player.HasAudio] + !stringcompare(ListItem.Label,..)</visible>
			</control>
		<!-- Audio Codec (MusicPlayer) -->
			<control type="image">
				<posx>0</posx>
				<posy>0</posy>
				<width>103</width>
				<height>76</height>
				<animation effect="zoom" start="0" end="65" time="0" condition="Control.IsVisible(56) | Control.IsVisible(592)">Conditional</animation>
				<texture fallback="mediaflag-audiocodec.png">$VAR[IncludesMediaFlagsMusicPlayer]</texture>
				<visible>Window.IsVisible(MusicPlaylist)</visible>
			</control>
		<!-- Record Label -->
			<control type="image">
				<posx>0</posx>
				<posy>0</posy>
				<width>103</width>
				<height>76</height>
				<texture>mediaflag.png</texture>
				<animation effect="zoom" start="0" end="65" time="0" condition="Control.IsVisible(56) | Control.IsVisible(592)">Conditional</animation>
				<visible>Container.Content(Albums) + !stringcompare(ListItem.Label,..)</visible>
			</control>
			<control type="image">
				<posx>10</posx>
				<posy>10</posy>
				<width>83</width>
				<height>56</height>
				<animation effect="zoom" start="0" end="65" time="0" condition="Control.IsVisible(56) | Control.IsVisible(592)">Conditional</animation>
				<animation effect="slide" start="0,0" end="1,1" time="0" condition="Control.IsVisible(56) | Control.IsVisible(592)">Conditional</animation>
				<texture fallback="mediaflag-recordlabel.png">$VAR[IncludesMediaFlagsRecorLabel]</texture>
				<fadetime>IconCrossfadeTime</fadetime>
				<visible>Container.Content(Albums) + !stringcompare(ListItem.Label,..)</visible>
			</control>
		</control>
	</include>
</includes>
