<?xml version="1.0" encoding="UTF-8"?>
<includes>
	<include name="VideoMediaFlags">
		<visible>!stringcompare(ListItem.Label,..) + !SubString(ListItem.Path,videodb://movies/sets/,left)</visible>
		<control type="image">
			<posx>0</posx>
			<posy>0</posy>
			<width>64</width>
			<height>48</height>
			<texture fallback="mediaflag-resolution.png">flags/movies/resolution/$INFO[ListItem.VideoResolution,,.png]</texture>
		</control>
		<control type="image">
			<posx>68</posx>
			<posy>0</posy>
			<width>64</width>
			<height>48</height>
			<texture fallback="mediaflag-aspectratio.png">flags/movies/aspectratio/$INFO[ListItem.VideoAspect,,.png]</texture>
		</control>
		<control type="image">
			<posx>136</posx>
			<posy>0</posy>
			<width>64</width>
			<height>48</height>
			<texture fallback="mediaflag-videocodec.png">flags/movies/videocodec/$INFO[ListItem.VideoCodec,,.png]</texture>
		</control>
		<control type="image">
			<posx>204</posx>
			<posy>0</posy>
			<width>64</width>
			<height>48</height>
			<texture fallback="mediaflag-audiocodec.png">$VAR[IncludesMediaFlagsVideoAudioCodec]</texture>
		</control>
		<control type="image">
			<posx>272</posx>
			<posy>0</posy>
			<width>64</width>
			<height>48</height>
			<texture fallback="mediaflag-source.png">$VAR[IncludesMediaFlagsVideoSource]</texture>
		</control>
		<control type="image">
			<posx>340</posx>
			<posy>0</posy>
			<width>64</width>
			<height>48</height>
			<texture>$VAR[IncludesMediaFlagsVideoSubtitles]</texture>
		</control>
		<control type="image">
			<posx>408</posx>
			<posy>0</posy>
			<width>64</width>
			<height>48</height>
			<texture fallback="mediaflag-rating.png">$VAR[IncludesMediaFlagsVideoRating]</texture>
		</control>
		<control type="image">
			<posx>476</posx>
			<posy>0</posy>
			<width>64</width>
			<height>48</height>
			<texture>mediaflag.png</texture>
			<visible>![Container.Content(Movies) + [Control.IsVisible(50) | Control.IsVisible(592)] + !Window.IsVisible(MovieInformation)] + !Control.IsVisible(57) + !Window.IsVisible(VideoPlaylist) + !stringcompare(ListItem.Label,..)</visible>
		</control>
		<control type="image">
			<posx>484</posx>
			<posy>6</posy>
			<width>52</width>
			<height>35</height>
			<texture fallback="mediaflag-studio.png">$VAR[IncludesMediaFlagsVideoStudio]</texture>
			<fadetime>IconCrossfadeTime</fadetime>
			<visible>[[Container.Content(Movies) + ![[Control.IsVisible(50) | Control.IsVisible(592)] + !Window.IsVisible(MovieInformation)] + !Control.IsVisible(57)] | [!Container.Content(Movies) + !Window.IsVisible(VideoPlaylist)]]  + !stringcompare(ListItem.Label,..)</visible>
		</control>
	</include>
	<include name="MovieStudioFlag">
		<visible>!stringcompare(ListItem.Label,..) + !SubString(ListItem.Path,videodb://movies/sets/,left)</visible>
		<control type="image">
			<posx>751</posx>
			<posy>622</posy>
			<width>115</width>
			<height>85</height>
			<texture>mediaflag.png</texture>
			<animation effect="zoom" start="0" end="80" time="0" condition="Control.IsVisible(592)">Conditional</animation>
			<visible>!stringcompare(ListItem.Label,..)</visible>
		</control>
		<control type="image">
			<posx>762</posx>
			<posy>633</posy>
			<width>93</width>
			<height>63</height>
			<texture fallback="mediaflag-studio.png">$VAR[IncludesMediaFlagsVideoStudioBig]</texture>
			<animation effect="zoom" start="0" end="80" time="0" condition="Control.IsVisible(592) | Control.IsVisible(598)">Conditional</animation>
			<animation effect="slide" start="0,0" end="1,1" time="0" condition="Control.IsVisible(592) | Control.IsVisible(598)">Conditional</animation>
			<fadetime>IconCrossfadeTime</fadetime>
		</control>
	</include>
</includes>
