<?xml version="1.0" encoding="UTF-8"?>
<includes>
	<include name="FullScreenMusicMediaFlags">
		<control type="group">
			<posx>354</posx>
			<posy>156</posy>
			<width>132</width>
			<height>48</height>
			<animation effect="fade" start="0" end="100" time="100" delay="200">Visible</animation>
			<visible>!Window.IsVisible(MusicOSD) + Player.HasMedia</visible>
		<!-- Audio Codec -->
			<control type="image">
				<posx>0</posx>
				<posy>0</posy>
				<width>64</width>
				<height>48</height>
				<texture fallback="mediaflag-audiocodec.png">flags/music/audiocodec/$INFO[MusicPlayer.Codec,,.png]</texture>
			</control>
		<!-- Record Label -->
			<control type="image">
				<posx>68</posx>
				<posy>0</posy>
				<width>64</width>
				<height>48</height>
				<texture>mediaflag.png</texture>
			</control>
			<control type="image">
				<posx>74</posx>
				<posy>6</posy>
				<width>52</width>
				<height>35</height>
				<texture fallback="mediaflag-recordlabel.png">$VAR[IncludesMediaFlagsRecorLabelFullScreen]</texture>
				<fadetime>IconCrossfadeTime</fadetime>
			</control>
		</control>
	</include>
</includes>
