<?xml version="1.0" encoding="UTF-8"?>
<includes>
	<include name="FullScreenVideoMediaFlags">
		<control type="image">
			<posx>0</posx>
			<posy>0</posy>
			<width>53</width>
			<height>40</height>
			<texture fallback="mediaflag-resolution.png">flags/movies/resolution/$INFO[VideoPlayer.VideoResolution,,.png]</texture>
		</control>
		<control type="image">
			<posx>50</posx>
			<posy>0</posy>
			<width>53</width>
			<height>40</height>
			<texture fallback="mediaflag-aspectratio.png">flags/movies/aspectratio/$INFO[VideoPlayer.VideoAspect,,.png]</texture>
		</control>
		<control type="image">
			<posx>100</posx>
			<posy>0</posy>
			<width>53</width>
			<height>40</height>
			<texture fallback="mediaflag-videocodec.png">flags/movies/videocodec/$INFO[VideoPlayer.VideoCodec,,.png]</texture>
		</control>
		<control type="image">
			<posx>150</posx>
			<posy>0</posy>
			<width>53</width>
			<height>40</height>
			<texture fallback="mediaflag-audiocodec.png">$VAR[IncludesMediaFlagsVideoFullScreenAudioCodec]</texture>
		</control>
		<control type="image">
			<posx>200</posx>
			<posy>0</posy>
			<width>53</width>
			<height>40</height>
			<texture fallback="mediaflag-rating.png">$VAR[IncludesMediaFlagsVideoFullScreenRating]</texture>
		</control>
		<control type="image">
			<posx>250</posx>
			<posy>0</posy>
			<width>53</width>
			<height>40</height>
			<texture>mediaflag.png</texture>
		</control>
		<control type="image">
			<posx>255</posx>
			<posy>5</posy>
			<width>43</width>
			<height>30</height>
			<texture fallback="mediaflag-studio.png">$VAR[IncludesMediaFlagsVideoFullScreenStudio]</texture>
			<fadetime>IconCrossfadeTime</fadetime>
		</control>
	</include>
</includes>
