<?xml version="1.0" encoding="UTF-8"?>
<includes>
	<include name="cdwall-musicvisualisation">
		<control type="group">
			<posx>-35</posx>
			<posy>-15</posy>
			<animation effect="fade" start="100" end="20" time="0" condition="![Window.IsVisible(Home) + Skin.HasSetting(HideVisBackground)] + ![StringCompare(Visualisation.Name,waveform) | StringCompare(Visualisation.Name,spectrum) | IsEmpty(Visualisation.Name)] + !Skin.HasSetting(Vis-Visualization)">Conditional</animation>
			<include condition="Skin.HasSetting(Vis-Animation)">backgroundanimation</include>
			<visible>Player.HasAudio + Skin.HasSetting(Vis-CDWall) + ![substring(Player.FolderPath,pvr://) | substring(Player.FolderPath,http://) | substring(Player.FolderPath,https://) | substring(Player.FolderPath,htsp://)]</visible>
			<control type="multiimage">
				<posx>0</posx>
				<posy>0</posy>
				<width>150</width>
				<height>150</height>
				<aspectratio>stretch</aspectratio>
				<imagepath background="true">$INFO[Skin.String(CDWall_Folder_Path)]</imagepath>
				<timeperimage>6300</timeperimage>
				<fadetime>500</fadetime>
				<randomize>true</randomize>
			</control>
			<control type="multiimage">
				<posx>150</posx>
				<posy>0</posy>
				<width>150</width>
				<height>150</height>
				<aspectratio>stretch</aspectratio>
				<imagepath background="true">$INFO[Skin.String(CDWall_Folder_Path)]</imagepath>
				<timeperimage>7700</timeperimage>
				<fadetime>500</fadetime>
				<randomize>true</randomize>
			</control>
			<control type="multiimage">
				<posx>300</posx>
				<posy>0</posy>
				<width>150</width>
				<height>150</height>
				<aspectratio>stretch</aspectratio>
				<imagepath background="true">$INFO[Skin.String(CDWall_Folder_Path)]</imagepath>
				<timeperimage>8000</timeperimage>
				<fadetime>500</fadetime>
				<randomize>true</randomize>
			</control>
			<control type="multiimage">
				<posx>450</posx>
				<posy>0</posy>
				<width>150</width>
				<height>150</height>
				<aspectratio>stretch</aspectratio>
				<imagepath background="true">$INFO[Skin.String(CDWall_Folder_Path)]</imagepath>
				<timeperimage>6000</timeperimage>
				<fadetime>500</fadetime>
				<randomize>true</randomize>
			</control>
			<control type="multiimage">
				<posx>600</posx>
				<posy>0</posy>
				<width>150</width>
				<height>150</height>
				<aspectratio>stretch</aspectratio>
				<imagepath background="true">$INFO[Skin.String(CDWall_Folder_Path)]</imagepath>
				<timeperimage>4000</timeperimage>
				<fadetime>500</fadetime>
				<randomize>true</randomize>
			</control>
			<control type="multiimage">
				<posx>750</posx>
				<posy>0</posy>
				<width>150</width>
				<height>150</height>
				<aspectratio>stretch</aspectratio>
				<imagepath background="true">$INFO[Skin.String(CDWall_Folder_Path)]</imagepath>
				<timeperimage>5500</timeperimage>
				<fadetime>500</fadetime>
				<randomize>true</randomize>
			</control>
			<control type="multiimage">
				<posx>900</posx>
				<posy>0</posy>
				<width>150</width>
				<height>150</height>
				<aspectratio>stretch</aspectratio>
				<imagepath background="true">$INFO[Skin.String(CDWall_Folder_Path)]</imagepath>
				<timeperimage>5000</timeperimage>
				<fadetime>500</fadetime>
				<randomize>true</randomize>
			</control>
			<control type="multiimage">
				<posx>1050</posx>
				<posy>0</posy>
				<width>150</width>
				<height>150</height>
				<aspectratio>stretch</aspectratio>
				<imagepath background="true">$INFO[Skin.String(CDWall_Folder_Path)]</imagepath>
				<timeperimage>6200</timeperimage>
				<fadetime>500</fadetime>
				<randomize>true</randomize>
			</control>
			<control type="multiimage">
				<posx>1200</posx>
				<posy>0</posy>
				<width>150</width>
				<height>150</height>
				<aspectratio>stretch</aspectratio>
				<imagepath background="true">$INFO[Skin.String(CDWall_Folder_Path)]</imagepath>
				<timeperimage>6600</timeperimage>
				<fadetime>500</fadetime>
				<randomize>true</randomize>
			</control>
			<control type="multiimage">
				<posx>0</posx>
				<posy>150</posy>
				<width>150</width>
				<height>150</height>
				<aspectratio>stretch</aspectratio>
				<imagepath background="true">$INFO[Skin.String(CDWall_Folder_Path)]</imagepath>
				<timeperimage>6500</timeperimage>
				<fadetime>500</fadetime>
				<randomize>true</randomize>
			</control>
			<control type="multiimage">
				<posx>150</posx>
				<posy>150</posy>
				<width>150</width>
				<height>150</height>
				<aspectratio>stretch</aspectratio>
				<imagepath background="true">$INFO[Skin.String(CDWall_Folder_Path)]</imagepath>
				<timeperimage>7200</timeperimage>
				<fadetime>500</fadetime>
				<randomize>true</randomize>
			</control>
			<control type="multiimage">
				<posx>300</posx>
				<posy>150</posy>
				<width>150</width>
				<height>150</height>
				<aspectratio>stretch</aspectratio>
				<imagepath background="true">$INFO[Skin.String(CDWall_Folder_Path)]</imagepath>
				<timeperimage>5100</timeperimage>
				<fadetime>500</fadetime>
				<randomize>true</randomize>
			</control>
			<control type="multiimage">
				<posx>450</posx>
				<posy>150</posy>
				<width>150</width>
				<height>150</height>
				<aspectratio>stretch</aspectratio>
				<imagepath background="true">$INFO[Skin.String(CDWall_Folder_Path)]</imagepath>
				<timeperimage>5200</timeperimage>
				<fadetime>500</fadetime>
				<randomize>true</randomize>
			</control>
			<control type="multiimage">
				<posx>600</posx>
				<posy>150</posy>
				<width>150</width>
				<height>150</height>
				<aspectratio>stretch</aspectratio>
				<imagepath background="true">$INFO[Skin.String(CDWall_Folder_Path)]</imagepath>
				<timeperimage>4100</timeperimage>
				<fadetime>500</fadetime>
				<randomize>true</randomize>
			</control>
			<control type="multiimage">
				<posx>750</posx>
				<posy>150</posy>
				<width>150</width>
				<height>150</height>
				<aspectratio>stretch</aspectratio>
				<imagepath background="true">$INFO[Skin.String(CDWall_Folder_Path)]</imagepath>
				<timeperimage>5700</timeperimage>
				<fadetime>500</fadetime>
				<randomize>true</randomize>
			</control>
			<control type="multiimage">
				<posx>900</posx>
				<posy>150</posy>
				<width>150</width>
				<height>150</height>
				<aspectratio>stretch</aspectratio>
				<imagepath background="true">$INFO[Skin.String(CDWall_Folder_Path)]</imagepath>
				<timeperimage>4400</timeperimage>
				<fadetime>500</fadetime>
				<randomize>true</randomize>
			</control>
			<control type="multiimage">
				<posx>1050</posx>
				<posy>150</posy>
				<width>150</width>
				<height>150</height>
				<aspectratio>stretch</aspectratio>
				<imagepath background="true">$INFO[Skin.String(CDWall_Folder_Path)]</imagepath>
				<timeperimage>6800</timeperimage>
				<fadetime>500</fadetime>
				<randomize>true</randomize>
			</control>
			<control type="multiimage">
				<posx>1200</posx>
				<posy>150</posy>
				<width>150</width>
				<height>150</height>
				<aspectratio>stretch</aspectratio>
				<imagepath background="true">$INFO[Skin.String(CDWall_Folder_Path)]</imagepath>
				<timeperimage>7800</timeperimage>
				<fadetime>500</fadetime>
				<randomize>true</randomize>
			</control>
			<control type="multiimage">
				<posx>0</posx>
				<posy>300</posy>
				<width>150</width>
				<height>150</height>
				<aspectratio>stretch</aspectratio>
				<imagepath background="true">$INFO[Skin.String(CDWall_Folder_Path)]</imagepath>
				<timeperimage>8100</timeperimage>
				<fadetime>500</fadetime>
				<randomize>true</randomize>
			</control>
			<control type="multiimage">
				<posx>150</posx>
				<posy>300</posy>
				<width>150</width>
				<height>150</height>
				<aspectratio>stretch</aspectratio>
				<imagepath background="true">$INFO[Skin.String(CDWall_Folder_Path)]</imagepath>
				<timeperimage>4900</timeperimage>
				<fadetime>500</fadetime>
				<randomize>true</randomize>
			</control>
			<control type="multiimage">
				<posx>300</posx>
				<posy>300</posy>
				<width>150</width>
				<height>150</height>
				<aspectratio>stretch</aspectratio>
				<imagepath background="true">$INFO[Skin.String(CDWall_Folder_Path)]</imagepath>
				<timeperimage>5300</timeperimage>
				<fadetime>500</fadetime>
				<randomize>true</randomize>
			</control>
			<control type="multiimage">
				<posx>450</posx>
				<posy>300</posy>
				<width>150</width>
				<height>150</height>
				<aspectratio>stretch</aspectratio>
				<imagepath background="true">$INFO[Skin.String(CDWall_Folder_Path)]</imagepath>
				<timeperimage>4500</timeperimage>
				<fadetime>500</fadetime>
				<randomize>true</randomize>
			</control>
			<control type="multiimage">
				<posx>600</posx>
				<posy>300</posy>
				<width>150</width>
				<height>150</height>
				<aspectratio>stretch</aspectratio>
				<imagepath background="true">$INFO[Skin.String(CDWall_Folder_Path)]</imagepath>
				<timeperimage>7000</timeperimage>
				<fadetime>500</fadetime>
				<randomize>true</randomize>
			</control>
			<control type="multiimage">
				<posx>750</posx>
				<posy>300</posy>
				<width>150</width>
				<height>150</height>
				<aspectratio>stretch</aspectratio>
				<imagepath background="true">$INFO[Skin.String(CDWall_Folder_Path)]</imagepath>
				<timeperimage>6400</timeperimage>
				<fadetime>500</fadetime>
				<randomize>true</randomize>
			</control>
			<control type="multiimage">
				<posx>900</posx>
				<posy>300</posy>
				<width>150</width>
				<height>150</height>
				<aspectratio>stretch</aspectratio>
				<imagepath background="true">$INFO[Skin.String(CDWall_Folder_Path)]</imagepath>
				<timeperimage>8300</timeperimage>
				<fadetime>500</fadetime>
				<randomize>true</randomize>
			</control>
			<control type="multiimage">
				<posx>1050</posx>
				<posy>300</posy>
				<width>150</width>
				<height>150</height>
				<aspectratio>stretch</aspectratio>
				<imagepath background="true">$INFO[Skin.String(CDWall_Folder_Path)]</imagepath>
				<timeperimage>7500</timeperimage>
				<fadetime>500</fadetime>
				<randomize>true</randomize>
			</control>
			<control type="multiimage">
				<posx>1200</posx>
				<posy>300</posy>
				<width>150</width>
				<height>150</height>
				<aspectratio>stretch</aspectratio>
				<imagepath background="true">$INFO[Skin.String(CDWall_Folder_Path)]</imagepath>
				<timeperimage>6900</timeperimage>
				<fadetime>500</fadetime>
				<randomize>true</randomize>
			</control>
			<control type="multiimage">
				<posx>0</posx>
				<posy>450</posy>
				<width>150</width>
				<height>150</height>
				<aspectratio>stretch</aspectratio>
				<imagepath background="true">$INFO[Skin.String(CDWall_Folder_Path)]</imagepath>
				<timeperimage>4200</timeperimage>
				<fadetime>500</fadetime>
				<randomize>true</randomize>
			</control>
			<control type="multiimage">
				<posx>150</posx>
				<posy>450</posy>
				<width>150</width>
				<height>150</height>
				<aspectratio>stretch</aspectratio>
				<imagepath background="true">$INFO[Skin.String(CDWall_Folder_Path)]</imagepath>
				<timeperimage>5800</timeperimage>
				<fadetime>500</fadetime>
				<randomize>true</randomize>
			</control>
			<control type="multiimage">
				<posx>300</posx>
				<posy>450</posy>
				<width>150</width>
				<height>150</height>
				<aspectratio>stretch</aspectratio>
				<imagepath background="true">$INFO[Skin.String(CDWall_Folder_Path)]</imagepath>
				<timeperimage>5600</timeperimage>
				<fadetime>500</fadetime>
				<randomize>true</randomize>
			</control>
			<control type="multiimage">
				<posx>450</posx>
				<posy>450</posy>
				<width>150</width>
				<height>150</height>
				<aspectratio>stretch</aspectratio>
				<imagepath background="true">$INFO[Skin.String(CDWall_Folder_Path)]</imagepath>
				<timeperimage>7300</timeperimage>
				<fadetime>500</fadetime>
				<randomize>true</randomize>
			</control>
			<control type="multiimage">
				<posx>600</posx>
				<posy>450</posy>
				<width>150</width>
				<height>150</height>
				<aspectratio>stretch</aspectratio>
				<imagepath background="true">$INFO[Skin.String(CDWall_Folder_Path)]</imagepath>
				<timeperimage>4700</timeperimage>
				<fadetime>500</fadetime>
				<randomize>true</randomize>
			</control>
			<control type="multiimage">
				<posx>750</posx>
				<posy>450</posy>
				<width>150</width>
				<height>150</height>
				<aspectratio>stretch</aspectratio>
				<imagepath background="true">$INFO[Skin.String(CDWall_Folder_Path)]</imagepath>
				<timeperimage>4800</timeperimage>
				<fadetime>500</fadetime>
				<randomize>true</randomize>
			</control>
			<control type="multiimage">
				<posx>900</posx>
				<posy>450</posy>
				<width>150</width>
				<height>150</height>
				<aspectratio>stretch</aspectratio>
				<imagepath background="true">$INFO[Skin.String(CDWall_Folder_Path)]</imagepath>
				<timeperimage>5400</timeperimage>
				<fadetime>500</fadetime>
				<randomize>true</randomize>
			</control>
			<control type="multiimage">
				<posx>1050</posx>
				<posy>450</posy>
				<width>150</width>
				<height>150</height>
				<aspectratio>stretch</aspectratio>
				<imagepath background="true">$INFO[Skin.String(CDWall_Folder_Path)]</imagepath>
				<timeperimage>7100</timeperimage>
				<fadetime>500</fadetime>
				<randomize>true</randomize>
			</control>
			<control type="multiimage">
				<posx>1200</posx>
				<posy>450</posy>
				<width>150</width>
				<height>150</height>
				<aspectratio>stretch</aspectratio>
				<imagepath background="true">$INFO[Skin.String(CDWall_Folder_Path)]</imagepath>
				<timeperimage>5200</timeperimage>
				<fadetime>500</fadetime>
				<randomize>true</randomize>
			</control>
			<control type="multiimage">
				<posx>0</posx>
				<posy>600</posy>
				<width>150</width>
				<height>150</height>
				<aspectratio>stretch</aspectratio>
				<imagepath background="true">$INFO[Skin.String(CDWall_Folder_Path)]</imagepath>
				<timeperimage>7600</timeperimage>
				<fadetime>500</fadetime>
				<randomize>true</randomize>
			</control>
			<control type="multiimage">
				<posx>150</posx>
				<posy>600</posy>
				<width>150</width>
				<height>150</height>
				<aspectratio>stretch</aspectratio>
				<imagepath background="true">$INFO[Skin.String(CDWall_Folder_Path)]</imagepath>
				<timeperimage>4300</timeperimage>
				<fadetime>500</fadetime>
				<randomize>true</randomize>
			</control>
			<control type="multiimage">
				<posx>300</posx>
				<posy>600</posy>
				<width>150</width>
				<height>150</height>
				<aspectratio>stretch</aspectratio>
				<imagepath background="true">$INFO[Skin.String(CDWall_Folder_Path)]</imagepath>
				<timeperimage>5900</timeperimage>
				<fadetime>500</fadetime>
				<randomize>true</randomize>
			</control>
			<control type="multiimage">
				<posx>450</posx>
				<posy>600</posy>
				<width>150</width>
				<height>150</height>
				<aspectratio>stretch</aspectratio>
				<imagepath background="true">$INFO[Skin.String(CDWall_Folder_Path)]</imagepath>
				<timeperimage>6100</timeperimage>
				<fadetime>500</fadetime>
				<randomize>true</randomize>
			</control>
			<control type="multiimage">
				<posx>600</posx>
				<posy>600</posy>
				<width>150</width>
				<height>150</height>
				<aspectratio>stretch</aspectratio>
				<imagepath background="true">$INFO[Skin.String(CDWall_Folder_Path)]</imagepath>
				<timeperimage>8200</timeperimage>
				<fadetime>500</fadetime>
				<randomize>true</randomize>
			</control>
			<control type="multiimage">
				<posx>750</posx>
				<posy>600</posy>
				<width>150</width>
				<height>150</height>
				<aspectratio>stretch</aspectratio>
				<imagepath background="true">$INFO[Skin.String(CDWall_Folder_Path)]</imagepath>
				<timeperimage>6700</timeperimage>
				<fadetime>500</fadetime>
				<randomize>true</randomize>
			</control>
			<control type="multiimage">
				<posx>900</posx>
				<posy>600</posy>
				<width>150</width>
				<height>150</height>
				<aspectratio>stretch</aspectratio>
				<imagepath background="true">$INFO[Skin.String(CDWall_Folder_Path)]</imagepath>
				<timeperimage>4600</timeperimage>
				<fadetime>500</fadetime>
				<randomize>true</randomize>
			</control>
			<control type="multiimage">
				<posx>1050</posx>
				<posy>600</posy>
				<width>150</width>
				<height>150</height>
				<aspectratio>stretch</aspectratio>
				<imagepath background="true">$INFO[Skin.String(CDWall_Folder_Path)]</imagepath>
				<timeperimage>7900</timeperimage>
				<fadetime>500</fadetime>
				<randomize>true</randomize>
			</control>
			<control type="multiimage">
				<posx>1200</posx>
				<posy>600</posy>
				<width>150</width>
				<height>150</height>
				<aspectratio>stretch</aspectratio>
				<imagepath background="true">$INFO[Skin.String(CDWall_Folder_Path)]</imagepath>
				<timeperimage>7400</timeperimage>
				<fadetime>500</fadetime>
				<randomize>true</randomize>
			</control>
		</control>
		<control type="image">
			<posx>0</posx>
			<posy>0</posy>
			<width>1280</width>
			<height>720</height>
			<texture background="true">cdwall-grid.png</texture>
			<include condition="Skin.HasSetting(Vis-Animation)">backgroundanimation</include>
			<animation effect="fade" start="100" end="20" time="0" condition="![Window.IsVisible(Home) + Skin.HasSetting(HideVisBackground)] + ![StringCompare(Visualisation.Name,waveform) | StringCompare(Visualisation.Name,spectrum) | IsEmpty(Visualisation.Name)] + !Skin.HasSetting(Vis-Visualization)">Conditional</animation>
			<visible>Player.HasAudio + Skin.HasSetting(Vis-CDWall) + ![Window.IsVisible(Home) + Skin.HasSetting(HideVisBackground)] + ![substring(Player.FolderPath,pvr://) | substring(Player.FolderPath,http://) | substring(Player.FolderPath,https://) | substring(Player.FolderPath,htsp://)]</visible>
		</control>
	</include>
</includes>
