<?xml version="1.0" encoding="UTF-8"?>
<window>
	<defaultcontrol>5</defaultcontrol>
	<controls>
		<control type="group">
			<control type="image">
				<posx>0</posx>
				<posy>0</posy>
				<width>1280</width>
				<height>720</height>
				<texture>black.png</texture>
				<animation effect="fade" start="0" end="70" time="300">WindowOpen</animation>
				<animation effect="fade" start="70" end="0" time="300">WindowClose</animation>
				<visible>!Window.IsVisible(ProfileSettings)</visible>
			</control>
			<control type="button">
				<posx>1240</posx>
				<posy>20</posy>
				<width>20</width>
				<height>20</height>
				<texturefocus>close-window-focus.png</texturefocus>
				<texturenofocus>close-window-nofocus.png</texturenofocus>
				<onclick>Dialog.Close(locksettings)</onclick>
				<visible>Skin.HasSetting(TouchScreenMode)</visible>
			</control>
			<control type="label" id="2">
				<description>heading label</description>
				<posx>40</posx>
				<posy>15</posy>
				<width>1200</width>
				<height>30</height>
				<align>center</align>
				<aligny>center</aligny>
				<textcolor>blue</textcolor>
				<label>-</label>
				<visible>!Window.IsVisible(ProfileSettings)</visible>
			</control>
			<control type="image">
				<posx>0</posx>
				<posy>54</posy>
				<width>1280</width>
				<height>2</height>
				<texture>separator.png</texture>
				<visible>!Window.IsVisible(ProfileSettings)</visible>
			</control>
			<control type="grouplist" id="5">
				<description>control area</description>
				<posx>200</posx>
				<posy>296</posy>
				<width>880</width>
				<height>210</height>
				<itemgap>0</itemgap>
				<pagecontrol>60</pagecontrol>
				<onleft>5</onleft>
				<onright>60</onright>
				<onup>28</onup>
				<ondown>28</ondown>
				<animation effect="slide" start="0,0" end="0,-100" time="0" condition="Window.IsVisible(SettingsCategory.xml)">conditional</animation>
			</control>
			<control type="scrollbar" id="60">
				<posx>1090</posx>
				<posy>296</posy>
				<width>20</width>
				<height>210</height>
				<texturesliderbackground border="0,10,0,10">scrollbar-back.png</texturesliderbackground>
				<texturesliderbar border="0,10,0,10">scrollbar-front-nofocus.png</texturesliderbar>
				<texturesliderbarfocus border="0,10,0,10">scrollbar-front.png</texturesliderbarfocus>
				<textureslidernib>scrollbar-nib-nofocus.png</textureslidernib>
				<textureslidernibfocus>scrollbar-nib.png</textureslidernibfocus>
				<onleft>5</onleft>
				<onright>5</onright>
				<showonepage>false</showonepage>
				<orientation>vertical</orientation>
				<animation effect="slide" start="0,0" end="0,-100" time="0" condition="Window.IsVisible(SettingsCategory.xml)">conditional</animation>
			</control>
			<control type="button" id="7">
				<description>Default Button</description>
				<posx>0</posx>
				<posy>0</posy>
				<height>30</height>
				<font>font-20</font>
				<textcolor>white</textcolor>
				<textoffsetx>7</textoffsetx>
				<texturefocus border="7">list-focus.png</texturefocus>
				<texturenofocus border="7">list-nofocus.png</texturenofocus>
			</control>
			<control type="radiobutton" id="8">
				<description>Default RadioButton</description>
				<posx>0</posx>
				<posy>0</posy>
				<height>30</height>
				<font>font-20</font>
				<textcolor>white</textcolor>
				<texturefocus border="7">list-focus.png</texturefocus>
				<texturenofocus border="7">list-nofocus.png</texturenofocus>
				<textoffsetx>7</textoffsetx>
			</control>
			<control type="spincontrolex" id="9">
				<description>Default SpinControlex</description>
				<posx>0</posx>
				<posy>0</posy>
				<height>30</height>
				<texturefocus border="7">list-focus.png</texturefocus>
				<texturenofocus border="7">list-nofocus.png</texturenofocus>
				<font>font-20</font>
				<textcolor>white</textcolor>
				<disabledcolor>disabled</disabledcolor>
				<textoffsetx>7</textoffsetx>
				<aligny>center</aligny>
				<reverse>yes</reverse>
			</control>
			<control type="label" id="14">
				<description>Default Label</description>
				<posx>0</posx>
				<posy>0</posy>
				<height>30</height>
				<font>font-20</font>
				<textcolor>white</textcolor>
				<align>center</align>
			</control>
			<control type="image">
				<posx>0</posx>
				<posy>560</posy>
				<width>1280</width>
				<height>2</height>
				<texture>separator.png</texture>
				<visible>!Window.IsVisible(ProfileSettings)</visible>
			</control>
			<control type="button" id="28">
				<description>Ok Button</description>
				<posx>440</posx>
				<posy>575</posy>
				<width>200</width>
				<height>35</height>
				<align>center</align>
				<aligny>center</aligny>
				<texturefocus border="7">button-nofocus.png</texturefocus>
				<texturenofocus border="7">button-nofocus.png</texturenofocus>
				<label>186</label>
				<onleft>29</onleft>
				<onright>29</onright>
				<onup>5</onup>
				<ondown>5</ondown>
			</control>
			<control type="button" id="29">
				<description>Cancel Button</description>
				<posx>640</posx>
				<posy>575</posy>
				<width>200</width>
				<height>35</height>
				<align>center</align>
				<aligny>center</aligny>
				<texturefocus border="7">button-nofocus.png</texturefocus>
				<texturenofocus border="7">button-nofocus.png</texturenofocus>
				<label>222</label>
				<onleft>28</onleft>
				<onright>28</onright>
				<onup>5</onup>
				<ondown>5</ondown>
			</control>
			<control type="image">
				<posx>440</posx>
				<posy>575</posy>
				<width>200</width>
				<height>35</height>
				<texture border="7">button-focus.png</texture>
				<animation effect="slide" start="0,0" end="200,0" time="200" condition="Control.HasFocus(29)">Conditional</animation>
				<animation effect="fade" start="70" end="100" time="750" pulse="true" condition="true">Conditional</animation>
				<visible>Control.HasFocus(28) | Control.HasFocus(29)</visible>
			</control>
		</control>
	</controls>
</window>
