<?xml version="1.0" encoding="UTF-8"?>
<window>
	<defaultcontrol always="true">52</defaultcontrol>
	<controls>
		<control type="multiimage">
			<posx>0</posx>
			<posy>0</posy>
			<width>1280</width>
			<height>720</height>
			<imagepath fallback="special://skin/backgrounds/background-login.jpg" background="true">$INFO[Skin.String(Custom_Back_Login_Folder)]</imagepath>
			<aspectratio>scale</aspectratio>
			<timeperimage>5000</timeperimage>
			<randomize>true</randomize>
			<fadetime>2000</fadetime>
			<include condition="Skin.HasSetting(AnimateBackgrounds)">backgroundanimation</include>
		</control>
		<control type="group">
			<include>ContentFade</include>
			<control type="group">
				<include>Window_OpenClose_Animation</include>
				<control type="image">
					<posx>240</posx>
					<posy>141</posy>
					<width>800</width>
					<height>52</height>
					<texture border="20">settings-header.png</texture>
				</control>
				<control type="label">
					<posx>240</posx>
					<posy>152</posy>
					<width>800</width>
					<height>30</height>
					<font>font-32c</font>
					<textcolor>white</textcolor>
					<shadowcolor>black</shadowcolor>
					<align>center</align>
					<aligny>center</aligny>
					<label>[UPPERCASE][B]$LOCALIZE[31046][/B][/UPPERCASE]</label>
				</control>
			</control>
			<control type="image">
				<posx>0</posx>
				<posy>185</posy>
				<width>1280</width>
				<height>420</height>
				<texture diffuse="underlay-diffuse.png" border="0,10,0,10">underlay.png</texture>
				<include>Window_OpenClose_Animation</include>
			</control>
			<control type="fixedlist" id="52">
				<posx>0</posx>
				<posy>265</posy>
				<width>1280</width>
				<height>335</height>
				<onleft>52</onleft>
				<onright>52</onright>
				<onup>20</onup>
				<ondown>20</ondown>
				<viewtype label="536">list</viewtype>
				<pagecontrol>61</pagecontrol>
				<scrolltime>200</scrolltime>
				<preloaditems>2</preloaditems>
				<focusposition>2</focusposition>
				<orientation>horizontal</orientation>
				<hitrect x="512" y="260" w="256" h="256"/>
				<itemlayout width="256" height="310">

					<control type="image">
						<posx>13</posx>
						<posy>13</posy>
						<width>230</width>
						<height>230</height>
						<texture diffuse="thumb-diffuse.png" background="true">$INFO[ListItem.Icon]</texture>
						<aspectratio scalediffuse="false">scale</aspectratio>
					</control>
					<control type="image">
						<posx>0</posx>
						<posy>0</posy>
						<width>256</width>
						<height>256</height>
						<texture border="25">settings-button-nofocus.png</texture>
					</control>
					<control type="label">
						<posx>23</posx>
						<posy>193</posy>
						<width>210</width>
						<height>28</height>
						<font>font-25</font>
						<textcolor>white</textcolor>
						<align>center</align>
						<aligny>center</aligny>
						<label>[B]$INFO[ListItem.label][/B]</label>
					</control>
				</itemlayout>
				<focusedlayout width="256" height="310">
					<control type="image">
						<posx>13</posx>
						<posy>13</posy>
						<width>230</width>
						<height>230</height>
						<texture diffuse="thumb-diffuse.png" background="true">$INFO[ListItem.Icon]</texture>
						<aspectratio scalediffuse="false">scale</aspectratio>
						<animation reversible="false" effect="zoom" start="100" end="115" center="auto" time="200">focus</animation>
						<animation reversible="false" effect="zoom" start="115" end="100" center="auto" time="200">unfocus</animation>
					</control>
					<control type="image">
						<posx>0</posx>
						<posy>0</posy>
						<width>256</width>
						<height>256</height>
						<texture border="25">settings-button-focus.png</texture>
					</control>
					<control type="label">
						<posx>23</posx>
						<posy>193</posy>
						<width>210</width>
						<height>28</height>
						<font>font-25</font>
						<textcolor>white</textcolor>
						<align>center</align>
						<aligny>center</aligny>
						<label>[B]$INFO[ListItem.label][/B]</label>
					</control>
				</focusedlayout>
			</control>
			<control type="group">
				<include>Window_OpenClose_Footer_Animation</include>
				<control type="image">
					<posx>0</posx>
					<posy>74r</posy>
					<width>1280</width>
					<height>74</height>
					<texture flipy="true" border="1">Header.png</texture>
				</control>
				<control type="label">
					<posx>40</posx>
					<posy>682</posy>
					<height>30</height>
					<width>1200</width>
					<font>font-20</font>
					<textcolor>white</textcolor>
					<align>center</align>
					<aligny>center</aligny>
					<label>[B]$INFO[ListItem.label2][/B]</label>
				</control>
			</control>
			<control type="group">
				<include>Window_OpenClose_Header_Animation</include>
				<control type="image">
					<posx>0</posx>
					<posy>0</posy>
					<width>1280</width>
					<height>55</height>
					<texture border="1">Header.png</texture>
				</control>
				<control type="grouplist">
					<posx>719</posx>
					<posy>0</posy>
					<width>529</width>
					<height>30</height>
					<align>right</align>
					<orientation>horizontal</orientation>
					<itemgap>0</itemgap>
					<control type="label">
						<description>date label</description>
						<width min="10" max="400">auto</width>
						<height>30</height>
						<aligny>center</aligny>
						<font>font-20</font>
						<textcolor>white</textcolor>
						<label>$INFO[System.Date]</label>
					</control>
					<control type="image">
						<width>29</width>
						<height>30</height>
						<texture>dot.png</texture>
					</control>
					<control type="label">
						<description>time label</description>
						<width min="10" max="100">auto</width>
						<height>30</height>
						<aligny>center</aligny>
						<font>font-20</font>
						<textcolor>white</textcolor>
						<label>$INFO[System.Time]</label>
					</control>
					<control type="image">
						<width>29</width>
						<height>30</height>
						<texture>dot.png</texture>
					</control>
				</control>
				<control type="button" id="20">
					<description>Power push button</description>
					<posx>1248</posx>
					<posy>7</posy>
					<width>20</width>
					<height>20</height>
					<label>-</label>
					<font>-</font>
					<onclick>ActivateWindow(ShutdownMenu)</onclick>
					<texturefocus>-</texturefocus>
					<texturenofocus>-</texturenofocus>
					<pulseonselect>true</pulseonselect>
					<onleft>52</onleft>
					<onright>52</onright>
					<onup>52</onup>
					<ondown>52</ondown>
				</control>
				<control type="image">
					<posx>1248</posx>
					<posy>7</posy>
					<width>20</width>
					<height>20</height>
					<aspectratio>keep</aspectratio>
					<texture>$VAR[HomePowerButton]</texture>
					<animation effect="rotate" start="0" end="-360" center="auto" time="800" condition="Control.HasFocus(20)">Conditional</animation>
				</control>
			</control>
		</control>
	</controls>
</window>
