<?xml version="1.0" encoding="UTF-8"?>
<window>
	<controls>
		<control type="visualisation" id="2">
			<description>visualisation</description>
			<posx>0</posx>
			<posy>0</posy>
			<width>1280</width>
			<height>720</height>
			<visible>Player.HasAudio + !Skin.HasSetting(Vis-Visualization) + ![StringCompare(Visualisation.Name,waveform) | StringCompare(Visualisation.Name,spectrum)]</visible>
		</control>
		<control type="multiimage">
			<posx>0</posx>
			<posy>0</posy>
			<width>1280</width>
			<height>720</height>
			<imagepath fallback="special://skin/backgrounds/background-music.jpg" background="true">$VAR[ArtistSlide]</imagepath>
			<aspectratio>keep</aspectratio>
			<timeperimage>5000</timeperimage>
			<fadetime>2000</fadetime>
			<randomize>true</randomize>
			<animation effect="fade" start="100" end="20" time="0" condition="![StringCompare(Visualisation.Name,waveform) | StringCompare(Visualisation.Name,spectrum) | IsEmpty(Visualisation.Name)] + !Skin.HasSetting(Vis-Visualization)">Conditional</animation>
			<animation effect="fade" start="0" end="100" time="1000">Visible</animation>
			<animation effect="fade" start="100" end="0" time="1000">Hidden</animation>
			<include condition="Skin.HasSetting(Vis-Animation)">backgroundanimation2</include>
			<visible>Player.HasAudio + Skin.HasSetting(Vis-ArtistSlide)</visible>
		</control>
		<include>fanartslideshow-musicvisualisation</include>
		<control type="multiimage">
			<description>fallback texture if no fanart is available</description>
			<posx>0</posx>
			<posy>0</posy>
			<width>1280</width>
			<height>720</height>
			<timeperimage>5000</timeperimage>
			<randomize>true</randomize>
			<fadetime>2000</fadetime>
			<imagepath fallback="special://skin/backgrounds/background-music.jpg" background="true">$INFO[Skin.String(Custom_Back_Music_Folder)]</imagepath>
			<aspectratio>scale</aspectratio>
			<include condition="Skin.HasSetting(Vis-Animation)">backgroundanimation2</include>
			<animation effect="fade" start="100" end="20" time="0" condition="![StringCompare(Visualisation.Name,waveform) | StringCompare(Visualisation.Name,spectrum) | IsEmpty(Visualisation.Name)] + !Skin.HasSetting(Vis-Visualization)">Conditional</animation>
			<visible>Player.HasAudio + [!Skin.HasSetting(Vis-Fanart) | [Skin.HasSetting(Vis-Slideshow) + IsEmpty(Control.GetLabel(6101))]] + IsEmpty(MusicPlayer.Property(Fanart_Image))</visible>
		</control>
		<control type="image">
			<posx>0</posx>
			<posy>0</posy>
			<width>1280</width>
			<height>720</height>
			<texture background="true">$INFO[MusicPlayer.Property(Fanart_Image)]</texture>
			<aspectratio>scale</aspectratio>
			<fadetime>FanartCrossfadeTime</fadetime>
			<include>VisibleFadeEffect</include>
			<include condition="Skin.HasSetting(Vis-Animation)">backgroundanimation2</include>
			<animation effect="fade" start="100" end="20" time="0" condition="![StringCompare(Visualisation.Name,waveform) | StringCompare(Visualisation.Name,spectrum) | IsEmpty(Visualisation.Name)] + !Skin.HasSetting(Vis-Visualization)">Conditional</animation>
			<visible>Player.HasAudio + [!Skin.HasSetting(Vis-Fanart) | [Skin.HasSetting(Vis-Slideshow) + IsEmpty(Control.GetLabel(6101))]]</visible>
		</control>
		<include>cdwall-musicvisualisation</include>
		<include condition="Skin.HasSetting(ArtistLogo)">logo-artists-visualisation</include>
		<control type="visualisation" id="2">
			<description>visualisation</description>
			<posx>0</posx>
			<posy>0</posy>
			<width>1280</width>
			<height>720</height>
			<visible>Player.HasAudio + !Skin.HasSetting(Vis-Visualization) + [StringCompare(Visualisation.Name,waveform) | StringCompare(Visualisation.Name,spectrum)]</visible>
		</control>
		<control type="group">
			<visible>Skin.HasSetting(Vis-ScrollTitles)</visible>
			<control type="group">
				<control type="label">
					<posx>20</posx>
					<posy>440</posy>
					<width>600</width>
					<height>80</height>
					<label>$INFO[MusicPlayer.Time]</label>
					<textcolor>99FFFFFF</textcolor>
					<font>font-160</font>
					<angle>90</angle>
					<include>VisibleFadeEffect</include>
				</control>
				<animation effect="fade" time="1500">Visible</animation>
				<animation effect="fade" time="1500">Hidden</animation>
				<visible>!IntegerGreaterThan(System.Time(ss),21)</visible>
				<control type="group">
					<posx>0</posx>
					<posy>0</posy>
					<width>1280</width>
					<height>720</height>
					<control type="label">
						<posx>0</posx>
						<posy>500</posy>
						<width>1350</width>
						<height>80</height>
						<include>MusicPlayerTitle</include>
						<scrollspeed>60</scrollspeed>
					</control>
					<control type="label">
						<posx>0</posx>
						<posy>600</posy>
						<width>1350</width>
						<height>35</height>
						<include>MusicPlayerArtist</include>
						<scrollspeed>100</scrollspeed>
					</control>
					<control type="label">
						<posx>0</posx>
						<posy>600</posy>
						<width>1350</width>
						<height>32</height>
						<include>MusicPlayerAlbum</include>
						<scrollspeed>80</scrollspeed>
					</control>
				</control>
			</control>
			<control type="group">
				<control type="label">
					<posx>300</posx>
					<posy>0</posy>
					<width>600</width>
					<height>80</height>
					<label>$INFO[MusicPlayer.Time]</label>
					<textcolor>99FFFFFF</textcolor>
					<font>font-160</font>
					<angle>300</angle>
					<include>VisibleFadeEffect</include>
				</control>
				<animation effect="fade" time="1500">Visible</animation>
				<animation effect="fade" time="1500">Hidden</animation>
				<visible>IntegerGreaterThan(System.Time(ss),19) + !IntegerGreaterThan(System.Time(ss),41)</visible>
				<control type="group">
					<posx>0</posx>
					<posy>0</posy>
					<width>1280</width>
					<height>720</height>
					<animation effect="rotate" start="0" end="30" center="640,360" time="0" condition="true">Conditional</animation>
					<control type="label">
						<posx>-200</posx>
						<posy>280</posy>
						<width>1680</width>
						<height>80</height>
						<include>MusicPlayerTitle</include>
						<scrollspeed>80</scrollspeed>
					</control>
					<control type="label">
						<posx>0</posx>
						<posy>400</posy>
						<width>1350</width>
						<height>35</height>
						<include>MusicPlayerArtist</include>
						<scrollspeed>60</scrollspeed>
					</control>
					<control type="label">
						<posx>0</posx>
						<posy>450</posy>
						<width>1350</width>
						<height>32</height>
						<include>MusicPlayerAlbum</include>
						<scrollspeed>100</scrollspeed>
					</control>
				</control>
			</control>
			<control type="group">
				<control type="label">
					<posx>560</posx>
					<posy>20</posy>
					<width>600</width>
					<height>80</height>
					<label>$INFO[MusicPlayer.Time]</label>
					<textcolor>99FFFFFF</textcolor>
					<font>font-160</font>
					<include>VisibleFadeEffect</include>
				</control>
				<animation effect="fade" time="1500">Visible</animation>
				<animation effect="fade" time="1500">Hidden</animation>
				<visible>IntegerGreaterThan(System.Time(ss),39) | !IntegerGreaterThan(System.Time(ss),01)</visible>
				<control type="group">
					<posx>0</posx>
					<posy>0</posy>
					<width>1280</width>
					<height>720</height>
					<animation effect="rotate" start="0" end="90" center="640,360" time="0" condition="true">Conditional</animation>
					<control type="label">
						<posx>0</posx>
						<posy>690</posy>
						<width>1350</width>
						<height>80</height>
						<include>MusicPlayerTitle</include>
						<scrollspeed>100</scrollspeed>
					</control>
					<control type="label">
						<posx>0</posx>
						<posy>800</posy>
						<width>1350</width>
						<height>35</height>
						<include>MusicPlayerArtist</include>
						<scrollspeed>80</scrollspeed>
					</control>
					<control type="label">
						<posx>0</posx>
						<posy>700</posy>
						<width>1350</width>
						<height>32</height>
						<include>MusicPlayerAlbum</include>
						<scrollspeed>60</scrollspeed>
					</control>
				</control>
			</control>
			<control type="group">
				<include>ContentFade</include>
				<control type="group">
					<visible>Player.ShowCodec + !Window.IsVisible(script-XBMC_Lyrics-main.xml)</visible>
					<include>VisibleFadeEffect</include>
					<control type="image">
						<description>media info background image</description>
						<posx>0</posx>
						<posy>5</posy>
						<width>1280</width>
						<height>110</height>
						<texture border="0,11,0,11">underlay4.png</texture>
					</control>
					<control type="label">
						<description>row 1 label</description>
						<posx>50</posx>
						<posy>25</posy>
						<label>-</label>
						<align>left</align>
						<label>$LOCALIZE[445] | $INFO[musicplayer.Codec,Codec: ,]$INFO[musicplayer.Bitrate, - Bitrate: ,kbps]$INFO[musicplayer.bitspersample, - Bits: ,bit]$INFO[musicplayer.Samplerate, - Freq.: ,kHz]$INFO[musicplayer.Channels, - Channels: ]</label>
						<font>font-19</font>
					</control>
					<control type="label">
						<description>Unlocked row 2 label</description>
						<posx>50</posx>
						<posy>50</posy>
						<label>-</label>
						<align>left</align>
						<label>$LOCALIZE[131] | fps: $INFO[System.FPS] - $LOCALIZE[250] - $INFO[Visualisation.Name]</label>
						<font>font-19</font>
					</control>
					<control type="label">
						<description>row 3 label</description>
						<posx>50</posx>
						<posy>75</posy>
						<label>-</label>
						<align>left</align>
						<label>$LOCALIZE[13388] | $INFO[Visualisation.Preset]</label>
						<font>font-19</font>
					</control>
				</control>
			</control>
		</control>
		<control type="group">
			<include>ContentFade</include>
			<control type="group">
				<visible>Player.ShowCodec + !Window.IsVisible(script-XBMC_Lyrics-main.xml)</visible>
				<include>VisibleFadeEffect</include>
				<control type="image">
					<description>media info background image</description>
					<posx>0</posx>
					<posy>5</posy>
					<width>1280</width>
					<height>110</height>
					<texture border="0,11,0,11">underlay4.png</texture>
				</control>
				<control type="label">
					<description>row 1 label</description>
					<posx>50</posx>
					<posy>25</posy>
					<label>-</label>
					<align>left</align>
					<label>$LOCALIZE[445] | $INFO[musicplayer.Codec,Codec: ,]$INFO[musicplayer.Bitrate, - Bitrate: ,kbps]$INFO[musicplayer.bitspersample, - Bits: ,bit]$INFO[musicplayer.Samplerate, - Freq.: ,kHz]$INFO[musicplayer.Channels, - Channels: ]</label>
					<font>font-19</font>
				</control>
				<control type="label">
					<description>Unlocked row 2 label</description>
					<posx>50</posx>
					<posy>50</posy>
					<label>-</label>
					<align>left</align>
					<label>$LOCALIZE[131] | fps: $INFO[System.FPS] - $LOCALIZE[250] - $INFO[Visualisation.Name]</label>
					<font>font-19</font>
				</control>
				<control type="label">
					<description>row 3 label</description>
					<posx>50</posx>
					<posy>75</posy>
					<label>-</label>
					<align>left</align>
					<label>$LOCALIZE[13388] | $INFO[Visualisation.Preset]</label>
					<font>font-19</font>
				</control>
			</control>
			<control type="textbox">
				<description>textarea</description>
				<posx>100</posx>
				<posy>-156</posy>
				<width>1080</width>
				<height>720</height>
				<font>font-80</font>
				<align>center</align>
				<textcolor>AFFFFFFF</textcolor>
				<shadowcolor>A0000000</shadowcolor>
				<autoscroll time="2000" delay="0" repeat="7500">true</autoscroll>
				<label>$VAR[MusicVisualisation]</label>
				<animation effect="fade" start="100" end="0" time="400">Hidden</animation>
				<animation effect="fade" start="100" end="0" time="1500">WindowClose</animation>
				<animation effect="slide" start="0,0" end="0,156" time="300" condition="!Player.ShowInfo + !Window.IsVisible(MusicOSD)">Conditional</animation>
				<visible>Skin.HasSetting(Music_OSD_Info)</visible>
			</control>
			<control type="group">
				<posx>0</posx>
				<posy>520</posy>
				<animation effect="slide" start="0,180" end="0,0" time="300">Visible</animation>
				<animation effect="slide" start="0,0" end="0,180" time="300">Hidden</animation>
				<animation effect="slide" start="0,180" end="0,0" time="300">WindowOpen</animation>
				<animation effect="slide" start="0,0" end="0,180" time="300" delay="1200">WindowClose</animation>
				<visible>Player.ShowInfo | Window.IsVisible(MusicOSD)</visible>
				<control type="image">
					<description>media info background image</description>
					<posx>-28</posx>
					<posy>32</posy>
					<width>1336</width>
					<height>222</height>
					<texture border="17">panel.png</texture>
					<bordersize>11</bordersize>
				</control>
				<control type="button">
					<posx>1258</posx>
					<posy>62</posy>
					<width>20</width>
					<height>20</height>
					<texturefocus>close-window-focus.png</texturefocus>
					<texturenofocus>close-window-nofocus.png</texturenofocus>
					<onclick>FullScreen</onclick>
					<visible>Skin.HasSetting(TouchScreenMode) + !Window.IsVisible(MusicOSD)</visible>
				</control>
				<control type="label">
					<posx>360</posx>
					<posy>58</posy>
					<width>665</width>
					<height>25</height>
					<label>$INFO[MusicPlayer.Artist]</label>
					<align>left</align>
					<aligny>center</aligny>
					<font>font-23</font>
					<textcolor>blue</textcolor>
				</control>
				<control type="label">
					<posx>360</posx>
					<posy>84</posy>
					<width>725</width>
					<height>25</height>
					<label>$INFO[MusicPlayer.Title]</label>
					<align>left</align>
					<aligny>center</aligny>
					<font>font-32</font>
					<textcolor>lightblue</textcolor>
				</control>
				<control type="label">
					<posx>360</posx>
					<posy>110</posy>
					<width>775</width>
					<height>25</height>
					<label>$INFO[MusicPlayer.Album]</label>
					<align>left</align>
					<aligny>center</aligny>
					<font>font-20</font>
				</control>
				<control type="label">
					<description>System Time Label</description>
					<posx>1255</posx>
					<posy>58</posy>
					<width>200</width>
					<height>25</height>
					<textcolor>blue</textcolor>
					<label>$INFO[System.Time]</label>
					<align>right</align>
					<aligny>center</aligny>
					<font>font-23</font>
				</control>
				<control type="image">
					<description>Rating image</description>
					<posx>1020</posx>
					<posy>55</posy>
					<width>125</width>
					<height>25</height>
					<texture>$INFO[Player.StarRating]</texture>
					<aspectratio align="right">keep</aspectratio>
				</control>
				<control type="label">
					<posx>1215</posx>
					<posy>82</posy>
					<width>80</width>
					<height>15</height>
					<label>[B]$INFO[MusicPlayer.samplerate][/B]</label>
					<align>right</align>
					<aligny>center</aligny>
					<font>font-15</font>
					<textcolor>white</textcolor>
				</control>
				<control type="label">
					<posx>1215</posx>
					<posy>96</posy>
					<width>80</width>
					<height>15</height>
					<label>[B]$INFO[MusicPlayer.bitrate][/B]</label>
					<align>right</align>
					<aligny>center</aligny>
					<font>font-15</font>
					<textcolor>white</textcolor>
				</control>
				<control type="label">
					<posx>1255</posx>
					<posy>82</posy>
					<width>50</width>
					<height>15</height>
					<label>[B]kHz[/B]</label>
					<align>right</align>
					<aligny>center</aligny>
					<font>font-15</font>
					<textcolor>lightblue</textcolor>
					<visible>!IsEmpty(MusicPlayer.samplerate)</visible>
				</control>
				<control type="label">
					<posx>1255</posx>
					<posy>96</posy>
					<width>50</width>
					<height>15</height>
					<label>[B]kbps[/B]</label>
					<align>right</align>
					<aligny>center</aligny>
					<font>font-15</font>
					<textcolor>lightblue</textcolor>
					<visible>!IsEmpty(MusicPlayer.bitrate)</visible>
				</control>
				<control type="label">
					<description>Playlist Pos No</description>
					<posx>1255</posx>
					<posy>110</posy>
					<width>500</width>
					<height>25</height>
					<textcolor>white</textcolor>
					<label>$INFO[musicplayer.Playlistposition,$LOCALIZE[554]: ]$INFO[musicplayer.Playlistlength, / ]</label>
					<align>right</align>
					<aligny>center</aligny>
					<font>font-20</font>
					<visible>!MusicPartyMode.Enabled</visible>
				</control>
				<control type="label">
					<description>Party Mode Label</description>
					<posx>1255</posx>
					<posy>110</posy>
					<width>500</width>
					<height>25</height>
					<textcolor>white</textcolor>
					<label>589</label>
					<align>right</align>
					<font>font-20</font>
					<visible>MusicPartyMode.Enabled</visible>
				</control>
				<control type="label">
					<description>time label</description>
					<posx>360</posx>
					<posy>134</posy>
					<width>280</width>
					<height>25</height>
					<label>$INFO[MusicPlayer.Time]</label>
					<align>left</align>
					<aligny>center</aligny>
					<font>font-20</font>
					<textcolor>lightblue</textcolor>
				</control>
				<control type="progress">
					<description>Progressbar</description>
					<posx>441</posx>
					<posy>140</posy>
					<width>730</width>
					<height>15</height>
					<info>Player.Progress</info>
				</control>
				<control type="slider" id="888">
					<description>Slider</description>
					<posx>441</posx>
					<posy>140</posy>
					<width>730</width>
					<height>15</height>
					<action>seek</action>
				</control>
				<control type="label">
					<description>time label</description>
					<posx>1255</posx>
					<posy>134</posy>
					<width>280</width>
					<height>25</height>
					<label>$INFO[Player.Duration]</label>
					<align>right</align>
					<aligny>center</aligny>
					<font>font-20</font>
					<textcolor>lightblue</textcolor>
				</control>
				<include condition="!Skin.HasSetting(Enable_Music_Media_Flags)">FullScreenMusicMediaFlags</include>
				<control type="label">
					<posx>1255</posx>
					<posy>164</posy>
					<width>700</width>
					<height>25</height>
					<label>$LOCALIZE[19031] : $INFO[MusicPlayer.offset(1).Artist,, - ]$INFO[MusicPlayer.offset(1).Title]</label>
					<align>right</align>
					<aligny>center</aligny>
					<font>font-20</font>
					<textcolor>lightgrey</textcolor>
					<animation effect="fade" start="0" end="100" time="100" delay="200">Visible</animation>
					<visible>MusicPlayer.HasNext + !Window.IsVisible(MusicOSD)</visible>
				</control>
			</control>
			<control type="group">
				<posx>0</posx>
				<posy>520</posy>
				<visible>Player.ShowInfo | Window.IsVisible(MusicOSD)</visible>
				<animation effect="slide" start="-320,0" end="0,0" time="300">Visible</animation>
				<animation effect="slide" start="0,0" end="-320,0" time="300">Hidden</animation>
				<animation effect="slide" start="-320,0" end="0,0" time="300">WindowOpen</animation>
				<animation effect="slide" start="0,0" end="-320,0" time="300" delay="1200">WindowClose</animation>
				<include condition="!Skin.HasSetting(CDArt)">cdart-musicvisualisation</include>
				<control type="image">
					<description>default cd image</description>
					<posx>35</posx>
					<posy>-4</posy>
					<width>200</width>
					<height>200</height>
					<texture diffuse="disc_mask.png">disc.png</texture>
					<aspectratio>keep</aspectratio>
					<include>cdartspin</include>
					<visible>Skin.HasSetting(CDArt)</visible>
				</control>
				<control type="image">
					<description>cover image</description>
					<posx>32</posx>
					<posy>-4</posy>
					<width>200</width>
					<height>200</height>
					<texture>$INFO[MusicPlayer.Cover]</texture>
					<animation effect="fade" start="100" end="0" time="8000">Hidden</animation>
					<visible>Player.HasAudio</visible>
				</control>
				<control type="image">
					<posx>10</posx>
					<posy>-7</posy>
					<width>229</width>
					<height>207</height>
					<texture>cdcase.png</texture>
					<visible>!Skin.HasSetting(HideMusicCase)</visible>
				</control>
			</control>
		</control>
		<include condition="Skin.HasSetting(DebugMode)">debuginfomusicplayer</include>
	</controls>
</window>
