<?xml version="1.0" encoding="UTF-8"?>
<window>
	<defaultcontrol always="true">403</defaultcontrol>
	<include>dialogeffect7</include>
	<visible>[System.HasMediaDVD | Player.HasMedia] + Window.IsActive(PlayerControls) + !Window.IsActive(FullscreenVideo) + !Window.IsActive(Visualisation)</visible>
	<coordinates>
		<posx>375</posx>
		<posy>155</posy>
	</coordinates>
	<controls>
		<control type="image">
			<posx>0</posx>
			<posy>265</posy>
			<width>530</width>
			<height>100</height>
			<texture border="32">dialog.png</texture>
		</control>
		<control type="image">
			<posx>0</posx>
			<posy>92</posy>
			<width>530</width>
			<height>226</height>
			<texture border="32">dialog.png</texture>
		</control>
		<control type="button">
			<posx>476</posx>
			<posy>122</posy>
			<width>20</width>
			<height>20</height>
			<texturefocus>close-window-focus.png</texturefocus>
			<texturenofocus>close-window-nofocus.png</texturenofocus>
			<onclick>Dialog.Close(playercontrols)</onclick>
			<visible>Skin.HasSetting(TouchScreenMode)</visible>
		</control>
		<control type="label">
			<posx>220</posx>
			<posy>122</posy>
			<width>280</width>
			<height>30</height>
			<label>13350</label>
			<align>left</align>
			<aligny>center</aligny>
			<font>font-30</font>
			<textcolor>blue</textcolor>
			<shadowcolor>black</shadowcolor>
		</control>
		<control type="group">
			<posx>0</posx>
			<posy>127</posy>
			<visible>Player.HasVideo</visible>
			<control type="videowindow">
				<posx>34</posx>
				<posy>0</posy>
				<width>173</width>
				<height>156</height>
				<visible>!Window.IsVisible(FullScreenVideo)</visible>
			</control>
			<control type="label">
				<posx>220</posx>
				<posy>30</posy>
				<width>280</width>
				<height>20</height>
				<label>$INFO[VideoPlayer.Title]</label>
				<align>left</align>
				<aligny>center</aligny>
				<font>font-20</font>
				<textcolor>lightblue</textcolor>
				<shadowcolor>black</shadowcolor>
			</control>
			<control type="label">
				<posx>220</posx>
				<posy>55</posy>
				<width>280</width>
				<height>20</height>
				<label>$VAR[PlayerControlsLabel]</label>
				<align>left</align>
				<aligny>center</aligny>
				<font>font-20</font>
				<textcolor>blue</textcolor>
				<shadowcolor>black</shadowcolor>
			</control>
			<control type="label">
				<posx>220</posx>
				<posy>80</posy>
				<width>280</width>
				<height>20</height>
				<label>$INFO[VideoPlayer.Year]</label>
				<align>left</align>
				<aligny>center</aligny>
				<font>font-20</font>
				<textcolor>white</textcolor>
				<shadowcolor>black</shadowcolor>
			</control>
			<control type="grouplist">
				<posx>220</posx>
				<posy>110</posy>
				<width>285</width>
				<height>30</height>
				<orientation>horizontal</orientation>
				<control type="label">
					<width min="10" max="96">auto</width>
					<height>12</height>
					<label>$INFO[VideoPlayer.Time]</label>
					<aligny>center</aligny>
					<font>font-17</font>
					<textcolor>lightblue</textcolor>
					<shadowcolor>black</shadowcolor>
				</control>
				<control type="group">
					<width>120</width>
					<height>15</height>
					<control type="progress">
						<description>Progressbar Cache</description>
						<posx>0</posx>
						<posy>0</posy>
						<width>120</width>
						<height>15</height>
						<info>Player.ProgressCache</info>
						<midtexture border="10,0,10,0">ProgressCache.png</midtexture>
					</control>
					<control type="progress">
						<description>Progressbar</description>
						<posx>0</posx>
						<posy>0</posy>
						<width>120</width>
						<height>15</height>
						<info>Player.Progress</info>
					</control>
					<control type="slider" id="888">
						<description>Slider</description>
						<posx>0</posx>
						<posy>0</posy>
						<width>120</width>
						<height>15</height>
						<action>seek</action>
					</control>
				</control>
				<control type="label">
					<width min="10" max="96">auto</width>
					<height>12</height>
					<label>$INFO[VideoPlayer.Duration]</label>
					<aligny>center</aligny>
					<font>font-17</font>
					<textcolor>lightblue</textcolor>
					<shadowcolor>black</shadowcolor>
				</control>
			</control>
		</control>
		<control type="group">
			<posx>0</posx>
			<posy>127</posy>
			<visible>Player.HasAudio</visible>
			<control type="image">
				<posx>52</posx>
				<posy>3</posy>
				<width>150</width>
				<height>150</height>
				<texture>$INFO[MusicPlayer.Cover]</texture>
			</control>
			<control type="image">
				<posx>34</posx>
				<posy>0</posy>
				<width>173</width>
				<height>156</height>
				<texture>cdcase.png</texture>
			</control>
			<control type="label">
				<posx>220</posx>
				<posy>60</posy>
				<width>280</width>
				<height>20</height>
				<label>$INFO[MusicPlayer.Artist]</label>
				<align>left</align>
				<aligny>center</aligny>
				<font>font-20</font>
				<textcolor>blue</textcolor>
				<shadowcolor>black</shadowcolor>
			</control>
			<control type="label">
				<posx>220</posx>
				<posy>85</posy>
				<width>280</width>
				<height>20</height>
				<label>$INFO[MusicPlayer.Title]</label>
				<align>left</align>
				<aligny>center</aligny>
				<font>font-20</font>
				<textcolor>lightblue</textcolor>
				<shadowcolor>black</shadowcolor>
			</control>
			<control type="label">
				<posx>220</posx>
				<posy>110</posy>
				<width>280</width>
				<height>20</height>
				<label>$INFO[MusicPlayer.Album]</label>
				<align>left</align>
				<aligny>center</aligny>
				<font>font-20</font>
				<textcolor>white</textcolor>
				<shadowcolor>black</shadowcolor>
			</control>
			<control type="grouplist">
				<posx>220</posx>
				<posy>140</posy>
				<width>285</width>
				<height>30</height>
				<orientation>horizontal</orientation>
				<control type="label">
					<width min="10" max="96">auto</width>
					<height>12</height>
					<label>$INFO[MusicPlayer.Time]</label>
					<aligny>center</aligny>
					<font>font-17</font>
					<textcolor>lightblue</textcolor>
					<shadowcolor>black</shadowcolor>
				</control>
				<control type="group">
					<width>120</width>
					<height>15</height>
					<control type="progress">
						<description>Progressbar</description>
						<posx>0</posx>
						<posy>0</posy>
						<width>120</width>
						<height>15</height>
						<info>Player.Progress</info>
					</control>
					<control type="slider" id="888">
						<description>Slider</description>
						<posx>0</posx>
						<posy>0</posy>
						<width>120</width>
						<height>15</height>
						<action>seek</action>
					</control>
				</control>
				<control type="label">
					<width min="10" max="96">auto</width>
					<height>12</height>
					<label>$INFO[MusicPlayer.Duration]</label>
					<aligny>center</aligny>
					<font>font-17</font>
					<textcolor>lightblue</textcolor>
					<shadowcolor>black</shadowcolor>
				</control>
			</control>
		</control>
		<control type="group">
			<posx>84</posx>
			<posy>295</posy>
			<width>400</width>
			<height>40</height>
			<animation effect="slide" start="0,0" end="-20,0" time="0" condition="System.HasMediaDVD">Conditional</animation>
			<control type="button" id="400">
				<posx>0</posx>
				<posy>0</posy>
				<width>40</width>
				<height>40</height>
				<texturefocus>osdplayer-previous-focus.png</texturefocus>
				<texturenofocus>osdplayer-previous-nofocus.png</texturenofocus>
				<onleft>409</onleft>
				<onright>401</onright>
				<onup>400</onup>
				<ondown>400</ondown>
				<onclick>PlayerControl(Previous)</onclick>
			</control>
			<control type="button" id="401">
				<posx>40</posx>
				<posy>0</posy>
				<width>40</width>
				<height>40</height>
				<texturefocus>osdplayer-rewind-focus.png</texturefocus>
				<texturenofocus>osdplayer-rewind-nofocus.png</texturenofocus>
				<onleft>400</onleft>
				<onright>402</onright>
				<onup>401</onup>
				<ondown>401</ondown>
				<onclick>PlayerControl(Rewind)</onclick>
			</control>
			<control type="button" id="402">
				<posx>80</posx>
				<posy>0</posy>
				<width>40</width>
				<height>40</height>
				<texturefocus>osdplayer-stop-focus.png</texturefocus>
				<texturenofocus>osdplayer-stop-nofocus.png</texturenofocus>
				<onleft>401</onleft>
				<onright>403</onright>
				<onup>402</onup>
				<ondown>402</ondown>
				<onclick>PlayerControl(Stop)</onclick>
			</control>
			<control type="togglebutton" id="403">
				<posx>120</posx>
				<posy>0</posy>
				<width>40</width>
				<height>40</height>
				<texturefocus>osdplayer-pause-focus.png</texturefocus>
				<texturenofocus>osdplayer-pause-nofocus.png</texturenofocus>
				<usealttexture>Player.Paused | Player.Forwarding | Player.Rewinding</usealttexture>
				<alttexturefocus>osdplayer-play-focus.png</alttexturefocus>
				<alttexturenofocus>osdplayer-play-nofocus.png</alttexturenofocus>
				<onleft>402</onleft>
				<onright>404</onright>
				<onup>403</onup>
				<ondown>403</ondown>
				<onclick>PlayerControl(Play)</onclick>
			</control>
			<control type="button" id="404">
				<posx>160</posx>
				<posy>0</posy>
				<width>40</width>
				<height>40</height>
				<texturefocus>osdplayer-forward-focus.png</texturefocus>
				<texturenofocus>osdplayer-forward-nofocus.png</texturenofocus>
				<onleft>403</onleft>
				<onright>405</onright>
				<onup>404</onup>
				<ondown>404</ondown>
				<onclick>PlayerControl(Forward)</onclick>
			</control>
			<control type="button" id="405">
				<posx>200</posx>
				<posy>0</posy>
				<width>40</width>
				<height>40</height>
				<texturefocus>osdplayer-next-focus.png</texturefocus>
				<texturenofocus>osdplayer-next-nofocus.png</texturenofocus>
				<onleft>404</onleft>
				<onright>406</onright>
				<onup>405</onup>
				<ondown>405</ondown>
				<onclick>PlayerControl(Next)</onclick>
			</control>
			<control type="button" id="406">
				<posx>240</posx>
				<posy>0</posy>
				<width>40</width>
				<height>40</height>
				<texturefocus>-</texturefocus>
				<texturenofocus>-</texturenofocus>
				<onclick>PlayerControl(Repeat)</onclick>
				<onleft>405</onleft>
				<onright>407</onright>
				<onup>406</onup>
				<ondown>406</ondown>
			</control>
			<control type="image">
				<posx>240</posx>
				<posy>0</posy>
				<width>40</width>
				<height>40</height>
				<texture>osdplayer-repeat-nofocus.png</texture>
				<visible>!Playlist.IsRepeat + !Playlist.IsRepeatOne + !Control.HasFocus(406)</visible>
			</control>
			<control type="image">
				<posx>240</posx>
				<posy>0</posy>
				<width>40</width>
				<height>40</height>
				<texture>osdplayer-repeat-focus.png</texture>
				<visible>!Playlist.IsRepeat + !Playlist.IsRepeatOne + Control.HasFocus(406)</visible>
			</control>
			<control type="image">
				<posx>240</posx>
				<posy>0</posy>
				<width>40</width>
				<height>40</height>
				<texture>osdplayer-repeatone-nofocus.png</texture>
				<visible>Playlist.IsRepeatOne + !Control.HasFocus(406)</visible>
			</control>
			<control type="image">
				<posx>240</posx>
				<posy>0</posy>
				<width>40</width>
				<height>40</height>
				<texture>osdplayer-repeatone-focus.png</texture>
				<visible>Playlist.IsRepeatOne + Control.HasFocus(406)</visible>
			</control>
			<control type="image">
				<posx>240</posx>
				<posy>0</posy>
				<width>40</width>
				<height>40</height>
				<texture>osdplayer-repeatall-nofocus.png</texture>
				<visible>Playlist.IsRepeat + !Control.HasFocus(406)</visible>
			</control>
			<control type="image">
				<posx>240</posx>
				<posy>0</posy>
				<width>40</width>
				<height>40</height>
				<texture>osdplayer-repeatall-focus.png</texture>
				<visible>Playlist.IsRepeat + Control.HasFocus(406)</visible>
			</control>
			<control type="togglebutton" id="407">
				<posx>280</posx>
				<posy>0</posy>
				<width>40</width>
				<height>40</height>
				<texturefocus>osdplayer-random-focus.png</texturefocus>
				<texturenofocus>osdplayer-random-nofocus.png</texturenofocus>
				<usealttexture>Playlist.IsRandom</usealttexture>
				<alttexturefocus>osdplayer-randomselected-focus.png</alttexturefocus>
				<alttexturenofocus>osdplayer-randomselected-nofocus.png</alttexturenofocus>
				<onclick>PlayerControl(Random)</onclick>
				<onleft>406</onleft>
				<onright>408</onright>
				<onup>407</onup>
				<ondown>407</ondown>
			</control>
			<control type="button" id="408">
				<posx>320</posx>
				<posy>0</posy>
				<width>40</width>
				<height>40</height>
				<texturefocus>osdplayer-fullscreen-focus.png</texturefocus>
				<texturenofocus>osdplayer-fullscreen-nofocus.png</texturenofocus>
				<onleft>407</onleft>
				<onright>409</onright>
				<onup>408</onup>
				<ondown>408</ondown>
				<onclick>Close</onclick>
				<onclick>FullScreen</onclick>
			</control>
			<control type="button" id="409">
				<posx>360</posx>
				<posy>0</posy>
				<width>40</width>
				<height>40</height>
				<texturefocus>osdplayer-disc-focus.png</texturefocus>
				<texturenofocus>osdplayer-disc-nofocus.png</texturenofocus>
				<onleft>408</onleft>
				<onright>400</onright>
				<onup>409</onup>
				<ondown>409</ondown>
				<onclick>PlayDVD()</onclick>
				<visible>System.HasMediaDVD</visible>
			</control>
		</control>
	</controls>
</window>
