<?xml version="1.0" encoding="UTF-8"?>
<window>
	<controls>
		<control type="image">
			<posx>0</posx>
			<posy>0</posy>
			<width>1280</width>
			<height>720</height>
			<texture>black.png</texture>
			<animation effect="fade" start="0" end="70" time="300">WindowOpen</animation>
			<animation effect="fade" start="70" end="0" time="300">WindowClose</animation>
		</control>
		<control type="group">
			<include>DialogFade</include>
			<control type="button">
				<posx>1240</posx>
				<posy>20</posy>
				<width>20</width>
				<height>20</height>
				<texturefocus>close-window-focus.png</texturefocus>
				<texturenofocus>close-window-nofocus.png</texturenofocus>
				<onclick>Dialog.Close(profilesettings)</onclick>
				<visible>Skin.HasSetting(TouchScreenMode)</visible>
			</control>
			<control type="label" id="2">
				<description>heading label</description>
				<posx>40</posx>
				<posy>15</posy>
				<width>1200</width>
				<height>30</height>
				<align>center</align>
				<aligny>center</aligny>
				<textcolor>blue</textcolor>
				<label>-</label>
			</control>
			<control type="image">
				<posx>0</posx>
				<posy>54</posy>
				<width>1280</width>
				<height>2</height>
				<texture>separator.png</texture>
			</control>
			<control type="grouplist" id="5">
				<description>control area</description>
				<posx>200</posx>
				<posy>115</posy>
				<width>880</width>
				<height>180</height>
				<itemgap>0</itemgap>
				<pagecontrol>60</pagecontrol>
				<onleft>5</onleft>
				<onright>60</onright>
				<onup>28</onup>
				<ondown>28</ondown>
			</control>
			<control type="scrollbar" id="60">
				<posx>1090</posx>
				<posy>115</posy>
				<width>20</width>
				<height>180</height>
				<texturesliderbackground border="0,10,0,10">scrollbar-back.png</texturesliderbackground>
				<texturesliderbar border="0,10,0,10">scrollbar-front-nofocus.png</texturesliderbar>
				<texturesliderbarfocus border="0,10,0,10">scrollbar-front.png</texturesliderbarfocus>
				<textureslidernib>scrollbar-nib-nofocus.png</textureslidernib>
				<textureslidernibfocus>scrollbar-nib.png</textureslidernibfocus>
				<onleft>5</onleft>
				<onright>5</onright>
				<showonepage>false</showonepage>
				<orientation>vertical</orientation>
			</control>
			<control type="button" id="7">
				<description>Default Button</description>
				<height>30</height>
				<font>font-20</font>
				<textcolor>lightgrey</textcolor>
				<focusedcolor>white</focusedcolor>
				<texturefocus border="7">list-focus.png</texturefocus>
				<texturenofocus border="7">list-nofocus.png</texturenofocus>
			</control>
			<control type="radiobutton" id="8">
				<description>Default RadioButton</description>
				<height>30</height>
				<font>font-20</font>
				<textcolor>lightgrey</textcolor>
				<focusedcolor>white</focusedcolor>
				<texturefocus border="7">list-focus.png</texturefocus>
				<texturenofocus border="7">list-nofocus.png</texturenofocus>
			</control>
			<control type="spincontrolex" id="9">
				<description>Default spincontrolex</description>
				<height>30</height>
				<texturefocus border="7">list-focus.png</texturefocus>
				<texturenofocus border="7">list-nofocus.png</texturenofocus>
				<font>font-20</font>
				<textcolor>lightgrey</textcolor>
				<focusedcolor>white</focusedcolor>
				<reverse>yes</reverse>
			</control>
			<control type="label" id="14">
				<description>Default Label</description>
				<height>30</height>
				<font>font-20</font>
				<textcolor>lightgrey</textcolor>
				<align>center</align>
			</control>
			<control type="image">
				<posx>0</posx>
				<posy>560</posy>
				<width>1280</width>
				<height>2</height>
				<texture>separator.png</texture>
			</control>
			<control type="group">
				<visible>!Window.IsVisible(LockSettings)</visible>
				<control type="button" id="28">
					<description>Ok Button</description>
					<posx>440</posx>
					<posy>575</posy>
					<width>200</width>
					<height>35</height>
					<align>center</align>
					<aligny>center</aligny>
					<texturefocus border="7">button-nofocus.png</texturefocus>
					<texturenofocus border="7">button-nofocus.png</texturenofocus>
					<label>186</label>
					<onleft>29</onleft>
					<onright>29</onright>
					<onup>5</onup>
					<ondown>5</ondown>
				</control>
				<control type="button" id="29">
					<description>Cancel Button</description>
					<posx>640</posx>
					<posy>575</posy>
					<width>200</width>
					<height>35</height>
					<align>center</align>
					<aligny>center</aligny>
					<texturefocus border="7">button-nofocus.png</texturefocus>
					<texturenofocus border="7">button-nofocus.png</texturenofocus>
					<label>222</label>
					<onleft>28</onleft>
					<onright>28</onright>
					<onup>5</onup>
					<ondown>5</ondown>
				</control>
				<control type="image">
					<posx>440</posx>
					<posy>575</posy>
					<width>200</width>
					<height>35</height>
					<texture border="7">button-focus.png</texture>
					<animation effect="slide" start="0,0" end="200,0" time="200" condition="Control.HasFocus(29)">Conditional</animation>
					<animation effect="fade" start="70" end="100" time="750" pulse="true" condition="true">Conditional</animation>
					<visible>Control.HasFocus(28) | Control.HasFocus(29)</visible>
				</control>
			</control>
			<control type="image">
				<posx>0</posx>
				<posy>617</posy>
				<width>1280</width>
				<height>85</height>
				<texture border="10">underlay.png</texture>
			</control>
			<control type="image" id="101">
				<description>profile image</description>
				<posx>10</posx>
				<posy>535</posy>
				<width>175</width>
				<height>175</height>
				<aspectratio scalediffuse="true" aligny="center">keep</aspectratio>
				<texture diffuse="thumb-diffuse.png">unknown-user.png</texture>
				<bordertexture>thumb-shadow.png</bordertexture>
				<bordersize>4</bordersize>
			</control>
			<control type="label">
				<description>profile name label</description>
				<posx>200</posx>
				<posy>630</posy>
				<width>460</width>
				<align>left</align>
				<font>font-23</font>
				<textcolor>lightblue</textcolor>
				<label>$LOCALIZE[20093]: </label>
			</control>
			<control type="label" id="102">
				<description>profile name Value</description>
				<posx>420</posx>
				<posy>630</posy>
				<width>460</width>
				<align>left</align>
				<font>font-23</font>
				<textcolor>white</textcolor>
			</control>
			<control type="label">
				<description>profile directory label</description>
				<posx>200</posx>
				<posy>660</posy>
				<width>460</width>
				<align>left</align>
				<font>font-23</font>
				<textcolor>lightblue</textcolor>
				<label>$LOCALIZE[20070]: </label>
			</control>
			<control type="label" id="103">
				<description>profile directory Value</description>
				<posx>420</posx>
				<posy>660</posy>
				<width>460</width>
				<align>left</align>
				<font>font-23</font>
				<textcolor>white</textcolor>
			</control>
		</control>
	</controls>
</window>
