<?xml version="1.0" encoding="UTF-8"?>
<window>
	<defaultcontrol always="false">101</defaultcontrol>
	<coordinates>
		<posx>240</posx>
		<posy>20</posy>
	</coordinates>
	<include>dialogeffect</include>
	<controls>
		<control type="group">
			<include>DialogFade4</include>
			<control type="image">
				<posx>0</posx>
				<posy>0</posy>
				<width>800</width>
				<height>525</height>
				<texture border="17">panel.png</texture>
				<bordersize>11</bordersize>
			</control>
			<control type="button">
				<posx>744</posx>
				<posy>32</posy>
				<width>20</width>
				<height>20</height>
				<texturefocus>close-window-focus.png</texturefocus>
				<texturenofocus>close-window-nofocus.png</texturenofocus>
				<onclick>PreviousMenu</onclick>
				<visible>Skin.HasSetting(TouchScreenMode)</visible>
			</control>
			<control type="label">
				<description>heading label</description>
				<posx>40</posx>
				<posy>40</posy>
				<width>720</width>
				<height>30</height>
				<label>$ADDON[script.cu.lrclyrics 32199]</label>
				<align>center</align>
				<aligny>center</aligny>
				<font>font-32</font>
				<textcolor>blue</textcolor>
			</control>
			<control type="label" id="200">
				<description>Scraper Label</description>
				<visible>false</visible>
			</control>
			<control type="image">
				<posx>40</posx>
				<posy>78</posy>
				<width>720</width>
				<height>2</height>
				<texture>separator.png</texture>
			</control>
			<control type="list" id="110">
				<posx>45</posx>
				<posy>90</posy>
				<width>710</width>
				<height>380</height>
				<onleft>111</onleft>
				<onright>111</onright>
				<onup>110</onup>
				<ondown>110</ondown>
				<pagecontrol>111</pagecontrol>
				<scrolltime>200</scrolltime>
				<itemlayout width="710" height="29">
					<control type="image">
						<posx>0</posx>
						<posy>0</posy>
						<width>710</width>
						<height>30</height>
						<texture border="7">list-nofocus.png</texture>
					</control>
					<control type="label">
						<posx>0</posx>
						<posy>0</posy>
						<width>690</width>
						<height>30</height>
						<font>font-20</font>
						<aligny>center</aligny>
						<align>center</align>
						<selectedcolor>blue</selectedcolor>
						<label>$INFO[ListItem.Label]</label>
					</control>
				</itemlayout>
				<focusedlayout width="710" height="29">
					<control type="image">
						<posx>0</posx>
						<posy>0</posy>
						<width>710</width>
						<height>30</height>
						<texture border="7">list-nofocus.png</texture>
					</control>
					<control type="image">
						<posx>0</posx>
						<posy>0</posy>
						<width>710</width>
						<height>30</height>
						<visible>Control.HasFocus(110)</visible>
						<texture border="7">list-focus2.png</texture>
						<include>ListFocusScroll15</include>
					</control>
					<control type="label">
						<posx>0</posx>
						<posy>0</posy>
						<width>690</width>
						<height>30</height>
						<font>font-20</font>
						<aligny>center</aligny>
						<align>center</align>
						<shadowcolor>black</shadowcolor>
						<textcolor>white</textcolor>
						<selectedcolor>blue</selectedcolor>
						<label>$INFO[ListItem.Label]</label>
					</control>
				</focusedlayout>
			</control>
			<control type="spincontrol" id="111">
				<description>Next page button</description>
				<posx>690</posx>
				<posy>475</posy>
				<subtype>page</subtype>
				<font>font-20</font>
				<onleft>110</onleft>
				<onright>110</onright>
				<ondown>110</ondown>
				<onup>110</onup>
				<textcolor>white</textcolor>
				<showonepage>false</showonepage>
				<visible>Control.IsVisible(110)</visible>
			</control>
			<control type="list" id="120">
				<posx>45</posx>
				<posy>120</posy>
				<width>710</width>
				<height>350</height>
				<onleft>121</onleft>
				<onright>121</onright>
				<onup>120</onup>
				<ondown>120</ondown>
				<pagecontrol>121</pagecontrol>
				<scrolltime>200</scrolltime>
				<animation effect="slide" start="0,0" end="20,0" time="0" condition="!Control.IsVisible(121)">Conditional</animation>
				<itemlayout width="710" height="29">
					<control type="image">
						<posx>0</posx>
						<posy>0</posy>
						<width>710</width>
						<height>30</height>
						<texture border="7">list-nofocus.png</texture>
					</control>
					<control type="label">
						<posx>10</posx>
						<posy>0</posy>
						<width>690</width>
						<height>30</height>
						<font>font-20</font>
						<align>left</align>
						<aligny>center</aligny>
						<selectedcolor>blue</selectedcolor>
						<label>$INFO[ListItem.Label]</label>
					</control>
				</itemlayout>
				<focusedlayout width="710" height="29">
					<control type="image">
						<posx>0</posx>
						<posy>0</posy>
						<width>710</width>
						<height>30</height>
						<texture border="7">list-nofocus.png</texture>
					</control>
					<control type="image">
						<posx>0</posx>
						<posy>0</posy>
						<width>710</width>
						<height>30</height>
						<visible>Control.HasFocus(120)</visible>
						<texture border="7">list-focus2.png</texture>
						<include>ListFocusScroll10</include>
					</control>
					<control type="label">
						<posx>10</posx>
						<posy>0</posy>
						<width>690</width>
						<height>30</height>
						<font>font-20</font>
						<align>left</align>
						<aligny>center</aligny>
						<selectedcolor>blue</selectedcolor>
						<label>$INFO[ListItem.Label]</label>
					</control>
				</focusedlayout>
			</control>
			<control type="spincontrol" id="121">
				<description>Next page button</description>
				<posx>690</posx>
				<posy>475</posy>
				<subtype>page</subtype>
				<font>font-20</font>
				<onleft>120</onleft>
				<onright>120</onright>
				<ondown>120</ondown>
				<onup>120</onup>
				<textcolor>white</textcolor>
				<showonepage>false</showonepage>
				<visible>Control.IsVisible(120)</visible>
			</control>
		</control>
	</controls>
</window>
