<?xml version="1.0" encoding="UTF-8"?>
<window>
	<controls>
		<include condition="!Skin.HasSetting(HideVideoBackgrounds)">CommonVideoPlayingBackground</include>
		<control type="multiimage">
			<posx>0</posx>
			<posy>0</posy>
			<width>1280</width>
			<height>720</height>
			<imagepath fallback="special://skin/backgrounds/background-tv.jpg" background="true">$INFO[Skin.String(Custom_Back_TV_Folder)]</imagepath>
			<aspectratio>scale</aspectratio>
			<timeperimage>5000</timeperimage>
			<randomize>true</randomize>
			<fadetime>2000</fadetime>
			<include condition="Skin.HasSetting(AnimateBackgrounds)">backgroundanimation</include>
			<visible>![Player.HasVideo + !Skin.HasSetting(HideVideoBackgrounds)]</visible>
		</control>
		<control type="image">
			<posx>0</posx>
			<posy>0</posy>
			<width>1280</width>
			<height>720</height>
			<texture background="true">$VAR[NextAiredFanart]</texture>
			<aspectratio>scale</aspectratio>
			<fadetime>FanartCrossfadeTime</fadetime>
			<include>VisibleFadeEffect</include>
			<include condition="Skin.HasSetting(AnimateFanart)">backgroundanimation</include>
			<visible>!IsEmpty(Window(Home).Property(TVGuide.BackgroundFanart))</visible>
		</control>
		<control type="image">
			<posx>0</posx>
			<posy>0</posy>
			<width>1280</width>
			<height>720</height>
			<texture>black.png</texture>
			<colordiffuse>7FFFFFFF</colordiffuse>
		</control>
		<include condition="!Skin.HasSetting(HideVisBackgrounds)">CommonVisualizationBackground</include>
		<control type="group">
			<description>monday</description>
			<include>Window_OpenClose_Left_Animation</include>
			<posx>30</posx>
			<posy>60</posy>
			<control type="image">
				<posx>-1</posx>
				<posy>0</posy>
				<width>100</width>
				<height>630</height>
				<texture border="2">epg-0.png</texture>
				<colordiffuse>5FFFFFFF</colordiffuse>
			</control>
			<control type="image">
				<posx>-1</posx>
				<posy>0</posy>
				<width>948</width>
				<height>91</height>
				<texture border="2">epg-0.png</texture>
				<colordiffuse>4FFFFFFF</colordiffuse>
			</control>
			<control type="image">
				<posx>-1</posx>
				<posy>0</posy>
				<width>948</width>
				<height>91</height>
				<texture border="2">epg-112.png</texture>
				<colordiffuse>4FFFFFFF</colordiffuse>
				<visible>StringCompare(System.Date(ddd),$LOCALIZE[41])</visible>
			</control>
			<control type="label">
				<posx>90</posx>
				<posy>0</posy>
				<width>100</width>
				<height>30</height>
				<label>[B]$LOCALIZE[41][/B]</label>
				<font>font-32c</font>
				<align>right</align>
			</control>
			<control type="list" id="200">
				<posx>98</posx>
				<posy>0</posy>
				<width>850</width>
				<height>90</height>
				<orientation>horizontal</orientation>
				<onleft>200</onleft>
				<onright>200</onright>
				<onup>206</onup>
				<ondown>201</ondown>
				<itemlayout width="170" height="90">
					<include>NextAiredList</include>
				</itemlayout>
				<focusedlayout width="170" height="90">
					<control type="image">
						<posx>-1</posx>
						<posy>0</posy>
						<width>170</width>
						<height>90</height>
						<texture border="2">epg-112.png</texture>
						<colordiffuse>9FFFFFFF</colordiffuse>
						<visible>Control.HasFocus(200)</visible>
					</control>
					<include>NextAiredList</include>
				</focusedlayout>
			</control>
		</control>
		<control type="group">
			<description>tuesday</description>
			<include>Window_OpenClose_Right_Animation</include>
			<posx>30</posx>
			<posy>150</posy>
			<control type="image">
				<posx>-1</posx>
				<posy>0</posy>
				<width>948</width>
				<height>91</height>
				<texture border="2">epg-0.png</texture>
				<colordiffuse>AFFFFFFF</colordiffuse>
			</control>
			<control type="image">
				<posx>-1</posx>
				<posy>0</posy>
				<width>948</width>
				<height>91</height>
				<texture border="2">epg-112.png</texture>
				<colordiffuse>4FFFFFFF</colordiffuse>
				<visible>StringCompare(System.Date(ddd),$LOCALIZE[42])</visible>
			</control>
			<control type="image">
				<posx>0</posx>
				<posy>0</posy>
				<width>946</width>
				<height>1</height>
				<texture>white.png</texture>
				<colordiffuse>AFFFFFFF</colordiffuse>
			</control>
			<control type="label">
				<posx>90</posx>
				<posy>0</posy>
				<width>100</width>
				<height>30</height>
				<label>[B]$LOCALIZE[42][/B]</label>
				<font>font-32c</font>
				<align>right</align>
			</control>
			<control type="list" id="201">
				<posx>98</posx>
				<posy>0</posy>
				<width>850</width>
				<height>90</height>
				<orientation>horizontal</orientation>
				<onleft>201</onleft>
				<onright>201</onright>
				<onup>200</onup>
				<ondown>202</ondown>
				<itemlayout width="170" height="90">
					<include>NextAiredList</include>
				</itemlayout>
				<focusedlayout width="170" height="90">
					<control type="image">
						<posx>-1</posx>
						<posy>0</posy>
						<width>170</width>
						<height>90</height>
						<texture border="2">epg-112.png</texture>
						<colordiffuse>9FFFFFFF</colordiffuse>
						<visible>Control.HasFocus(201)</visible>
					</control>
					<include>NextAiredList</include>
				</focusedlayout>
			</control>
		</control>
		<control type="group">
			<description>wednesday</description>
			<include>Window_OpenClose_Left_Animation</include>
			<posx>30</posx>
			<posy>240</posy>
			<control type="image">
				<posx>-1</posx>
				<posy>0</posy>
				<width>948</width>
				<height>91</height>
				<texture border="2">epg-0.png</texture>
				<colordiffuse>4FFFFFFF</colordiffuse>
			</control>
			<control type="image">
				<posx>-1</posx>
				<posy>0</posy>
				<width>948</width>
				<height>91</height>
				<texture border="2">epg-112.png</texture>
				<colordiffuse>4FFFFFFF</colordiffuse>
				<visible>StringCompare(System.Date(ddd),$LOCALIZE[43])</visible>
			</control>
			<control type="image">
				<posx>0</posx>
				<posy>0</posy>
				<width>946</width>
				<height>1</height>
				<texture>white.png</texture>
				<colordiffuse>AFFFFFFF</colordiffuse>
			</control>
			<control type="label">
				<posx>90</posx>
				<posy>0</posy>
				<width>100</width>
				<height>30</height>
				<label>[B]$LOCALIZE[43][/B]</label>
				<font>font-32c</font>
				<align>right</align>
			</control>
			<control type="list" id="202">
				<posx>98</posx>
				<posy>0</posy>
				<width>850</width>
				<height>90</height>
				<orientation>horizontal</orientation>
				<onleft>202</onleft>
				<onright>202</onright>
				<onup>201</onup>
				<ondown>203</ondown>
				<itemlayout width="170" height="90">
					<include>NextAiredList</include>
				</itemlayout>
				<focusedlayout width="170" height="90">
					<control type="image">
						<posx>-1</posx>
						<posy>0</posy>
						<width>170</width>
						<height>90</height>
						<texture border="2">epg-112.png</texture>
						<colordiffuse>9FFFFFFF</colordiffuse>
						<visible>Control.HasFocus(202)</visible>
					</control>
					<include>NextAiredList</include>
				</focusedlayout>
			</control>
		</control>
		<control type="group">
			<description>thursday</description>
			<include>Window_OpenClose_Right_Animation</include>
			<posx>30</posx>
			<posy>330</posy>
			<control type="image">
				<posx>-1</posx>
				<posy>0</posy>
				<width>948</width>
				<height>91</height>
				<texture border="2">epg-0.png</texture>
				<colordiffuse>AFFFFFFF</colordiffuse>
			</control>
			<control type="image">
				<posx>-1</posx>
				<posy>0</posy>
				<width>948</width>
				<height>91</height>
				<texture border="2">epg-112.png</texture>
				<colordiffuse>4FFFFFFF</colordiffuse>
				<visible>StringCompare(System.Date(ddd),$LOCALIZE[44])</visible>
			</control>
			<control type="image">
				<posx>0</posx>
				<posy>0</posy>
				<width>946</width>
				<height>1</height>
				<texture>white.png</texture>
				<colordiffuse>AFFFFFFF</colordiffuse>
			</control>
			<control type="label">
				<posx>90</posx>
				<posy>0</posy>
				<width>100</width>
				<height>30</height>
				<label>[B]$LOCALIZE[44][/B]</label>
				<font>font-32c</font>
				<align>right</align>
			</control>
			<control type="list" id="203">
				<posx>98</posx>
				<posy>0</posy>
				<width>850</width>
				<height>90</height>
				<orientation>horizontal</orientation>
				<onleft>203</onleft>
				<onright>203</onright>
				<onup>202</onup>
				<ondown>204</ondown>
				<itemlayout width="170" height="90">
					<include>NextAiredList</include>
				</itemlayout>
				<focusedlayout width="170" height="90">
					<control type="image">
						<posx>-1</posx>
						<posy>0</posy>
						<width>170</width>
						<height>90</height>
						<texture border="2">epg-112.png</texture>
						<colordiffuse>9FFFFFFF</colordiffuse>
						<visible>Control.HasFocus(203)</visible>
					</control>
					<include>NextAiredList</include>
				</focusedlayout>
			</control>
		</control>
		<control type="group">
			<description>friday</description>
			<include>Window_OpenClose_Left_Animation</include>
			<posx>30</posx>
			<posy>420</posy>
			<control type="image">
				<posx>-1</posx>
				<posy>0</posy>
				<width>948</width>
				<height>91</height>
				<texture border="2">epg-0.png</texture>
				<colordiffuse>4FFFFFFF</colordiffuse>
			</control>
			<control type="image">
				<posx>-1</posx>
				<posy>0</posy>
				<width>948</width>
				<height>91</height>
				<texture border="2">epg-112.png</texture>
				<colordiffuse>4FFFFFFF</colordiffuse>
				<visible>StringCompare(System.Date(ddd),$LOCALIZE[45])</visible>
			</control>
			<control type="image">
				<posx>0</posx>
				<posy>0</posy>
				<width>946</width>
				<height>1</height>
				<texture>white.png</texture>
				<colordiffuse>AFFFFFFF</colordiffuse>
			</control>
			<control type="label">
				<posx>90</posx>
				<posy>0</posy>
				<width>100</width>
				<height>30</height>
				<label>[B]$LOCALIZE[45][/B]</label>
				<font>font-32c</font>
				<align>right</align>
			</control>
			<control type="list" id="204">
				<posx>98</posx>
				<posy>0</posy>
				<width>850</width>
				<height>90</height>
				<orientation>horizontal</orientation>
				<onleft>204</onleft>
				<onright>204</onright>
				<onup>203</onup>
				<ondown>205</ondown>
				<itemlayout width="170" height="90">
					<include>NextAiredList</include>
				</itemlayout>
				<focusedlayout width="170" height="90">
					<control type="image">
						<posx>-1</posx>
						<posy>0</posy>
						<width>170</width>
						<height>90</height>
						<texture border="2">epg-112.png</texture>
						<colordiffuse>9FFFFFFF</colordiffuse>
						<visible>Control.HasFocus(204)</visible>
					</control>
					<include>NextAiredList</include>
				</focusedlayout>
			</control>
		</control>
		<control type="group">
			<description>saturday</description>
			<include>Window_OpenClose_Right_Animation</include>
			<posx>30</posx>
			<posy>510</posy>
			<control type="image">
				<posx>-1</posx>
				<posy>0</posy>
				<width>948</width>
				<height>91</height>
				<texture border="2">epg-0.png</texture>
				<colordiffuse>AFFFFFFF</colordiffuse>
			</control>
			<control type="image">
				<posx>-1</posx>
				<posy>0</posy>
				<width>948</width>
				<height>91</height>
				<texture border="2">epg-112.png</texture>
				<colordiffuse>4FFFFFFF</colordiffuse>
				<visible>StringCompare(System.Date(ddd),$LOCALIZE[46])</visible>
			</control>
			<control type="image">
				<posx>0</posx>
				<posy>0</posy>
				<width>946</width>
				<height>1</height>
				<texture>white.png</texture>
				<colordiffuse>AFFFFFFF</colordiffuse>
			</control>
			<control type="label">
				<posx>90</posx>
				<posy>0</posy>
				<width>100</width>
				<height>30</height>
				<label>[B]$LOCALIZE[46][/B]</label>
				<font>font-32c</font>
				<align>right</align>
			</control>
			<control type="list" id="205">
				<posx>98</posx>
				<posy>0</posy>
				<width>850</width>
				<height>90</height>
				<orientation>horizontal</orientation>
				<onleft>205</onleft>
				<onright>205</onright>
				<onup>204</onup>
				<ondown>206</ondown>
				<itemlayout width="170" height="90">
					<include>NextAiredList</include>
				</itemlayout>
				<focusedlayout width="170" height="90">
					<control type="image">
						<posx>-1</posx>
						<posy>0</posy>
						<width>170</width>
						<height>90</height>
						<texture border="2">epg-112.png</texture>
						<colordiffuse>9FFFFFFF</colordiffuse>
						<visible>Control.HasFocus(205)</visible>
					</control>
					<include>NextAiredList</include>
				</focusedlayout>
			</control>
		</control>
		<control type="group">
			<description>sunday</description>
			<include>Window_OpenClose_Left_Animation</include>
			<posx>30</posx>
			<posy>600</posy>
			<control type="image">
				<posx>-1</posx>
				<posy>0</posy>
				<width>948</width>
				<height>91</height>
				<texture border="2">epg-0.png</texture>
				<colordiffuse>4FFFFFFF</colordiffuse>
			</control>
			<control type="image">
				<posx>-1</posx>
				<posy>0</posy>
				<width>948</width>
				<height>91</height>
				<texture border="2">epg-112.png</texture>
				<colordiffuse>4FFFFFFF</colordiffuse>
				<visible>StringCompare(System.Date(ddd),$LOCALIZE[47])</visible>
			</control>
			<control type="image">
				<posx>0</posx>
				<posy>0</posy>
				<width>946</width>
				<height>1</height>
				<texture>white.png</texture>
				<colordiffuse>AFFFFFFF</colordiffuse>
			</control>
			<control type="label">
				<posx>90</posx>
				<posy>0</posy>
				<width>100</width>
				<height>30</height>
				<label>[B]$LOCALIZE[47][/B]</label>
				<font>font-32c</font>
				<align>right</align>
			</control>
			<control type="list" id="206">
				<posx>98</posx>
				<posy>0</posy>
				<width>850</width>
				<height>90</height>
				<orientation>horizontal</orientation>
				<onleft>206</onleft>
				<onright>206</onright>
				<onup>205</onup>
				<ondown>200</ondown>
				<itemlayout width="170" height="90">
					<include>NextAiredList</include>
				</itemlayout>
				<focusedlayout width="170" height="90">
					<control type="image">
						<posx>-1</posx>
						<posy>0</posy>
						<width>170</width>
						<height>90</height>
						<texture border="2">epg-112.png</texture>
						<colordiffuse>9FFFFFFF</colordiffuse>
						<visible>Control.HasFocus(206)</visible>
					</control>
					<include>NextAiredList</include>
				</focusedlayout>
			</control>
		</control>
		<control type="group">
			<description>description</description>
			<animation effect="fade" start="0" end="100" time="300" delay="300">WindowOpen</animation>
			<animation effect="fade" start="100" end="0" time="200">WindowClose</animation>
			<posx>984</posx>
			<posy>60</posy>
			<control type="image">
				<posx>0</posx>
				<posy>0</posy>
				<width>266</width>
				<height>630</height>
				<texture border="2">epg-0.png</texture>
				<colordiffuse>4F000000</colordiffuse>
			</control>
			<control type="image">
				<posx>0</posx>
				<posy>0</posy>
				<width>266</width>
				<height>90</height>
				<texture border="2">epg-112.png</texture>
				<colordiffuse>AFFFFFFF</colordiffuse>
			</control>
			<control type="image">
				<posx>0</posx>
				<posy>540</posy>
				<width>266</width>
				<height>90</height>
				<texture border="2">epg-112.png</texture>
				<colordiffuse>AFFFFFFF</colordiffuse>
				<animation effect="rotate" start="0" end="180" center="auto" time="0" condition="true">Conditional</animation>
			</control>
			<control type="group">
				<control type="label">
					<posx>2</posx>
					<posy>6</posy>
					<width>260</width>
					<height>84</height>
					<label>$VAR[NextAiredLabel1]</label>
					<font>font-28c</font>
					<align>center</align>
					<aligny>center</aligny>
					<wrapmultiline>true</wrapmultiline>
				</control>
				<control type="image">
					<posx>78</posx>
					<posy>100</posy>
					<width>110</width>
					<height>160</height>
					<texture>$VAR[NextAiredImage1]</texture>
					<visible>IsEmpty(Window(Home).Property(TVGuide.PreviewThumbs)) + [StringCompare(Window(Home).Property(TVGuide.ThumbType),0) | StringCompare(Window(Home).Property(TVGuide.ThumbType),2)]</visible>
				</control>
				<control type="image">
					<posx>11</posx>
					<posy>140</posy>
					<width>244</width>
					<height>45</height>
					<texture>$VAR[NextAiredImage5]</texture>
					<visible>IsEmpty(Window(Home).Property(TVGuide.PreviewThumbs)) + StringCompare(Window(Home).Property(TVGuide.ThumbType),1)</visible>
				</control>
				<control type="image">
					<posx>11</posx>
					<posy>100</posy>
					<width>244</width>
					<height>160</height>
					<aspectratio>keep</aspectratio>
					<texture>$VAR[NextAiredImage2]</texture>
					<visible>!IsEmpty(Window(Home).Property(TVGuide.PreviewThumbs))</visible>
				</control>
				<control type="label">
					<posx>2</posx>
					<posy>210</posy>
					<width>260</width>
					<height>90</height>
					<label>$VAR[NextAiredLabel2]</label>
					<font>font-30</font>
					<align>center</align>
					<aligny>center</aligny>
					<wrapmultiline>true</wrapmultiline>
					<animation effect="slide" start="0,0" end="0,54" center="auto" time="0" condition="!IsEmpty(Window(Home).Property(TVGuide.PreviewThumbs)) | StringCompare(Window(Home).Property(TVGuide.ThumbType),0) | StringCompare(Window(Home).Property(TVGuide.ThumbType),2)">Conditional</animation>
				</control>
				<control type="label">
					<posx>2</posx>
					<posy>300</posy>
					<width>260</width>
					<height>20</height>
					<label>$VAR[NextAiredLabel3]</label>
					<font>font-20</font>
					<align>center</align>
					<aligny>center</aligny>
					<wrapmultiline>true</wrapmultiline>
					<animation effect="slide" start="0,0" end="0,58" center="auto" time="0" condition="!IsEmpty(Window(Home).Property(TVGuide.PreviewThumbs)) | StringCompare(Window(Home).Property(TVGuide.ThumbType),0) | StringCompare(Window(Home).Property(TVGuide.ThumbType),2)">Conditional</animation>
				</control>
				<control type="label">
					<posx>2</posx>
					<posy>320</posy>
					<width>260</width>
					<height>20</height>
					<label>$VAR[NextAiredLabel4]</label>
					<font>font-20</font>
					<align>center</align>
					<aligny>center</aligny>
					<wrapmultiline>true</wrapmultiline>
					<animation effect="slide" start="0,0" end="0,58" center="auto" time="0" condition="!IsEmpty(Window(Home).Property(TVGuide.PreviewThumbs)) | StringCompare(Window(Home).Property(TVGuide.ThumbType),0) | StringCompare(Window(Home).Property(TVGuide.ThumbType),2)">Conditional</animation>
				</control>
				<control type="label">
					<posx>2</posx>
					<posy>380</posy>
					<width>260</width>
					<height>20</height>
					<label>$VAR[NextAiredLabel5]</label>
					<font>font-20</font>
					<align>center</align>
					<aligny>center</aligny>
					<wrapmultiline>true</wrapmultiline>
					<animation effect="slide" start="0,0" end="0,18" center="auto" time="0" condition="!IsEmpty(Window(Home).Property(TVGuide.PreviewThumbs)) | StringCompare(Window(Home).Property(TVGuide.ThumbType),0) | StringCompare(Window(Home).Property(TVGuide.ThumbType),2)">Conditional</animation>
				</control>
				<control type="label">
					<posx>2</posx>
					<posy>400</posy>
					<width>260</width>
					<height>20</height>
					<label>$VAR[NextAiredLabel6]</label>
					<font>font-20</font>
					<align>center</align>
					<aligny>center</aligny>
					<wrapmultiline>true</wrapmultiline>
					<animation effect="slide" start="0,0" end="0,18" center="auto" time="0" condition="!IsEmpty(Window(Home).Property(TVGuide.PreviewThumbs)) | StringCompare(Window(Home).Property(TVGuide.ThumbType),0) | StringCompare(Window(Home).Property(TVGuide.ThumbType),2)">Conditional</animation>
				</control>
				<control type="label">
					<posx>2</posx>
					<posy>420</posy>
					<width>260</width>
					<height>23</height>
					<label>$VAR[NextAiredLabel7]</label>
					<font>font-23</font>
					<align>center</align>
					<aligny>center</aligny>
					<wrapmultiline>true</wrapmultiline>
					<animation effect="slide" start="0,0" end="0,18" center="auto" time="0" condition="!IsEmpty(Window(Home).Property(TVGuide.PreviewThumbs)) | StringCompare(Window(Home).Property(TVGuide.ThumbType),0) | StringCompare(Window(Home).Property(TVGuide.ThumbType),2)">Conditional</animation>
				</control>
				<control type="image">
					<posx>11</posx>
					<posy>446</posy>
					<width>200</width>
					<height>78</height>
					<texture>$VAR[NextAiredImage3]</texture>
					<animation effect="slide" start="0,0" end="0,14" center="auto" time="0" condition="!IsEmpty(Window(Home).Property(TVGuide.PreviewThumbs)) | StringCompare(Window(Home).Property(TVGuide.ThumbType),0) | StringCompare(Window(Home).Property(TVGuide.ThumbType),2)">Conditional</animation>
				</control>
				<control type="image">
					<posx>220</posx>
					<posy>496</posy>
					<width>42</width>
					<height>28</height>
					<texture>$VAR[NextAiredImage4]</texture>
					<animation effect="slide" start="0,0" end="0,14" center="auto" time="0" condition="!IsEmpty(Window(Home).Property(TVGuide.PreviewThumbs)) | StringCompare(Window(Home).Property(TVGuide.ThumbType),0) | StringCompare(Window(Home).Property(TVGuide.ThumbType),2)">Conditional</animation>
				</control>
			</control>
			<control type="label">
				<posx>2</posx>
				<posy>562</posy>
				<width>260</width>
				<height>20</height>
				<label>[B]$LOCALIZE[31185]: $INFO[Window(Home).Property(NextAired.Total)][/B]</label>
				<font>font-20c</font>
				<align>center</align>
			</control>
			<control type="label">
				<posx>2</posx>
				<posy>590</posy>
				<width>260</width>
				<height>20</height>
				<label>[B]$LOCALIZE[31186]: $INFO[Window(Home).Property(NextAired.TodayTotal)][/B]</label>
				<font>font-20c</font>
				<align>center</align>
			</control>
		</control>
		<control type="group">
			<include>Window_OpenClose_Header_Animation</include>
			<control type="image">
				<posx>0</posx>
				<posy>0</posy>
				<width>1280</width>
				<height>55</height>
				<texture border="1">Header.png</texture>
			</control>
			<control type="grouplist">
				<include>Breadcrumbs</include>
				<include>Breadcrumbs-TVGuide</include>
			</control>
		</control>
		<include condition="Skin.HasSetting(TouchScreenMode)">TouchScreenControls</include>
		<include condition="Skin.HasSetting(DebugMode)">debuginfo</include>
		<control type="button" id="8">
			<posx>-10</posx>
			<posy>-10</posy>
			<width>1</width>
			<height>1</height>
			<label>-</label>
			<texturenofocus>-</texturenofocus>
			<texturefocus>-</texturefocus>
		</control>
	</controls>
</window>
