<?xml version="1.0" encoding="UTF-8"?>
<window>
	<defaultcontrol always="true">2</defaultcontrol>
	<menucontrol>9000</menucontrol>
	<controls>
		<include condition="!Skin.HasSetting(HideVideoBackgrounds)">CommonVideoPlayingBackground</include>
		<control type="multiimage">
			<posx>0</posx>
			<posy>0</posy>
			<width>1280</width>
			<height>720</height>
			<imagepath fallback="special://skin/backgrounds/background-settings.jpg" background="true">$INFO[Skin.String(Custom_Back_Settings_Folder)]</imagepath>
			<aspectratio>scale</aspectratio>
			<timeperimage>5000</timeperimage>
			<randomize>true</randomize>
			<fadetime>2000</fadetime>
			<include condition="Skin.HasSetting(AnimateBackgrounds)">backgroundanimation</include>
			<visible>![Player.HasVideo + !Skin.HasSetting(HideVideoBackgrounds)]</visible>
		</control>
		<control type="image">
			<posx>175</posx>
			<posy>110</posy>
			<width>932</width>
			<height>501</height>
			<texture diffuse="settings-button-diffuse.png">special://skin/backgrounds/background-login.jpg</texture>
			<animation effect="zoom" start="530,309,220,130" end="175,110,932,501" time="300">WindowOpen</animation>
			<animation effect="zoom" start="175,110,932,501" end="530,309,220,130" time="300" delay="350">WindowClose</animation>
			<animation effect="slide" start="0,0" end="75,0" time="200" delay="200" tween="quadratic" easing="out" condition="Skin.HasSetting(WideSideMenuButtons) + ControlGroup(9000).HasFocus">Conditional</animation>
			<include>ContentFade</include>
			<visible>![Player.HasVideo + !Skin.HasSetting(HideVideoBackgrounds)]</visible>
		</control>
		<include condition="!Skin.HasSetting(HideVisBackgrounds)">CommonVisualizationBackground</include>
		<control type="group">
			<include>ContentFade</include>
			<include>ContentPanel</include>
			<animation effect="slide" start="0,0" end="75,0" time="200" delay="200" tween="quadratic" easing="out" condition="Skin.HasSetting(WideSideMenuButtons) + ControlGroup(9000).HasFocus">Conditional</animation>
			<animation effect="fade" start="0" end="100" time="350" delay="350">WindowOpen</animation>
			<animation effect="fade" start="100" end="0" time="350">WindowClose</animation>
			<control type="panel" id="2">
				<posx>200</posx>
				<posy>135</posy>
				<width>880</width>
				<height>340</height>
				<onleft>9000</onleft>
				<onright>60</onright>
				<onup>53</onup>
				<ondown>53</ondown>
				<viewtype label="21371">list</viewtype>
				<pagecontrol>60</pagecontrol>
				<scrolltime>200</scrolltime>
				<preloaditems>2</preloaditems>
				<itemlayout width="220" height="170">
					<control type="image">
						<posx>37</posx>
						<posy>0</posy>
						<width>145</width>
						<height>145</height>
						<aspectratio scalediffuse="false">scale</aspectratio>
						<texture diffuse="thumb-diffuse.png" fallback="unknown-user.png" background="true">$INFO[Listitem.Icon]</texture>
						<bordertexture border="7">thumb-nofocus.png</bordertexture>
						<bordersize>7</bordersize>
					</control>
					<control type="label">
						<posx>26</posx>
						<posy>145</posy>
						<width>178</width>
						<height>25</height>
						<font>font-20</font>
						<textcolor>white</textcolor>
						<selectedcolor>blue</selectedcolor>
						<align>center</align>
						<aligny>center</aligny>
						<label>$INFO[ListItem.Label]</label>
					</control>
				</itemlayout>
				<focusedlayout width="220" height="170">
					<control type="image">
						<posx>37</posx>
						<posy>0</posy>
						<width>145</width>
						<height>145</height>
						<aspectratio scalediffuse="false">scale</aspectratio>
						<texture diffuse="thumb-diffuse.png" fallback="unknown-user.png" background="true">$INFO[Listitem.Icon]</texture>
						<bordertexture border="7">thumb-focus.png</bordertexture>
						<bordersize>7</bordersize>
						<animation type="focus">
							<effect type="slide" start="0,0" end="0,-10" time="200"/>
							<effect type="zoom" start="100" end="117" center="auto" time="200"/>
						</animation>
						<animation type="unfocus">
							<effect type="slide" start="0,-10" end="0,0" time="200"/>
							<effect type="zoom" start="117" end="100" center="auto" time="200"/>
						</animation>
					</control>
					<control type="label">
						<posx>26</posx>
						<posy>145</posy>
						<width>178</width>
						<height>25</height>
						<font>font-20</font>
						<textcolor>blue</textcolor>
						<selectedcolor>darkblue</selectedcolor>
						<align>center</align>
						<aligny>center</aligny>
						<label>$INFO[ListItem.Label]</label>
					</control>
				</focusedlayout>
			</control>
			<control type="scrollbar" id="60">
				<posx>1083</posx>
				<posy>132</posy>
				<width>20</width>
				<height>342</height>
				<texturesliderbackground border="0,10,0,10">scrollbar-back.png</texturesliderbackground>
				<texturesliderbar border="0,10,0,10">scrollbar-front-nofocus.png</texturesliderbar>
				<texturesliderbarfocus border="0,10,0,10">scrollbar-front.png</texturesliderbarfocus>
				<textureslidernib>scrollbar-nib-nofocus.png</textureslidernib>
				<textureslidernibfocus>scrollbar-nib.png</textureslidernibfocus>
				<onleft>2</onleft>
				<onright>9000</onright>
				<showonepage>false</showonepage>
				<orientation>vertical</orientation>
			</control>
			<control type="image">
				<posx>200</posx>
				<posy>495</posy>
				<width>880</width>
				<height>2</height>
				<texture>separator.png</texture>
			</control>
			<control type="image">
				<posx>200</posx>
				<posy>505</posy>
				<width>95</width>
				<height>95</height>
				<aspectratio>keep</aspectratio>
				<texture diffuse="thumb-diffuse.png">$INFO[Container(2).Listitem.Icon]</texture>
			</control>
			<control type="label">
				<posx>200</posx>
				<posy>520</posy>
				<width>880</width>
				<height>30</height>
				<font>font-25</font>
				<textcolor>white</textcolor>
				<align>center</align>
				<aligny>bottom</aligny>
				<label>$INFO[Container(2).ListItem.Label,[COLOR=blue]$LOCALIZE[20093] : [/COLOR]]</label>
			</control>
			<control type="label">
				<posx>200</posx>
				<posy>554</posy>
				<width>880</width>
				<height>30</height>
				<font>font-25</font>
				<textcolor>white</textcolor>
				<align>center</align>
				<aligny>bottom</aligny>
				<label>$INFO[Container(2).ListItem.Label2,[COLOR=blue]$LOCALIZE[31047] : [/COLOR]]</label>
			</control>
		</control>
		<control type="group" id="9000">
			<posy>23</posy>
			<include>ContentFade</include>
			<include>Window_OpenClose_Left_Panel_Animation</include>
			<include>CommonNowPlaying</include>
			<control type="group" id="9000">
				<include condition="!Skin.HasSetting(WideSideMenuButtons)">Window_OpenClose_Left_Panel_Position_Normal</include>
				<include condition="Skin.HasSetting(WideSideMenuButtons)">Window_OpenClose_Left_Panel_Position_Wide</include>
				<include>SideMenuAnim</include>
				<control type="radiobutton" id="4">
					<description>Enable Login screen</description>
					<posx>0</posx>
					<posy>0</posy>
					<include>ButtonCommonValues</include>
					<label>20096</label>
					<onup>5</onup>
					<ondown>5</ondown>
					<onleft>2</onleft>
					<onright>2</onright>
					<onback>SetFocus(2)</onback>
				</control>
				<control type="button" id="5">
					<description>Auto Login screen</description>
					<posx>0</posx>
					<posy>46</posy>
					<include>ButtonCommonValues</include>
					<label>$LOCALIZE[33084]</label>
					<onup>4</onup>
					<ondown>4</ondown>
					<onleft>2</onleft>
					<onright>2</onright>
					<onback>SetFocus(2)</onback>
					<enable>!System.HasLoginScreen</enable>
				</control>
				<control type="label">
					<description>Auto Login screen</description>
					<posx>10</posx>
					<posy>75</posy>
					<width>163</width>
					<height>47</height>
					<textcolor>white</textcolor>
					<font>font-15</font>
					<label>$INFO[System.ProfileAutoLogin]</label>
					<visible>!System.HasLoginScreen</visible>
				</control>
			</control>
		</control>
		<control type="group">
			<include>ContentFade</include>
			<include>Window_OpenClose_Header_Animation</include>
			<control type="image">
				<posx>0</posx>
				<posy>0</posy>
				<width>1280</width>
				<height>55</height>
				<texture border="1">Header.png</texture>
			</control>
			<include>CommonFileCount10</include>
			<control type="grouplist">
				<include>Breadcrumbs</include>
				<include>Breadcrumbs-Settings-Profile</include>
			</control>
		</control>
		<include condition="Skin.HasSetting(TouchScreenMode)">TouchScreenControls</include>
	</controls>
</window>
