<?xml version="1.0" encoding="UTF-8"?>
<window>
	<defaultcontrol>8</defaultcontrol>
	<controls>
		<control type="videowindow" id="20">
			<description>videowindow</description>
			<posx>0</posx>
			<posy>0</posy>
			<width>1280</width>
			<height>720</height>
		</control>
		<control type="mover" id="8">
			<description>top left mover</description>
			<posx>0</posx>
			<posy>0</posy>
			<width>128</width>
			<height>128</height>
			<texturefocus>calibrate-topleft-focus.png</texturefocus>
			<texturenofocus>calibrate-topleft.png</texturenofocus>
		</control>
		<control type="mover" id="9">
			<description>right bottom mover</description>
			<posx>1152</posx>
			<posy>592</posy>
			<width>128</width>
			<height>128</height>
			<texturefocus>calibrate-bottomright-focus.png</texturefocus>
			<texturenofocus>calibrate-bottomright.png</texturenofocus>
		</control>
		<control type="mover" id="10">
			<description>subtitle position mover</description>
			<posx>348</posx>
			<posy>650</posy>
			<width>584</width>
			<height>128</height>
			<texturefocus>calibrate-subtitles-focus.png</texturefocus>
			<texturenofocus>calibrate-subtitles.png</texturenofocus>
		</control>
		<control type="resize" id="11">
			<description>pixel aspect ratio box</description>
			<posx>512</posx>
			<posy>232</posy>
			<width>256</width>
			<height>256</height>
			<texturefocus>calibrate-pixelratio-focus.png</texturefocus>
			<texturenofocus>calibrate-pixelratio.png</texturenofocus>
		</control>
		<control type="group">
			<posx>40</posx>
			<posy>60</posy>
			<control type="label" id="2">
				<description>coordinates label</description>
				<posx>0</posx>
				<posy>10</posy>
				<width>1200</width>
				<height>25</height>
				<label>-</label>
				<align>center</align>
				<font>font-23</font>
			</control>
			<control type="label" id="3">
				<description>help information</description>
				<posx>0</posx>
				<posy>40</posy>
				<width>1200</width>
				<height>25</height>
				<label>-</label>
				<align>center</align>
				<font>font-23</font>
			</control>
		</control>
		<include condition="Skin.HasSetting(TouchScreenMode)">TouchScreenControls</include>
	</controls>
</window>
