<?xml version="1.0" encoding="UTF-8"?>
<window>
	<defaultcontrol>3</defaultcontrol>
	<menucontrol>9000</menucontrol>
	<controls>
		<include condition="!Skin.HasSetting(HideVideoBackgrounds)">CommonVideoPlayingBackground</include>
		<control type="multiimage">
			<posx>0</posx>
			<posy>0</posy>
			<width>1280</width>
			<height>720</height>
			<imagepath fallback="special://skin/backgrounds/background-settings.jpg" background="true">$INFO[Skin.String(Custom_Back_Settings_Folder)]</imagepath>
			<aspectratio>scale</aspectratio>
			<timeperimage>5000</timeperimage>
			<randomize>true</randomize>
			<fadetime>2000</fadetime>
			<include condition="Skin.HasSetting(AnimateBackgrounds)">backgroundanimation</include>
			<visible>![Player.HasVideo + !Skin.HasSetting(HideVideoBackgrounds)]</visible>
		</control>
		<include condition="!Skin.HasSetting(HideVisBackgrounds)">CommonVisualizationBackground</include>
		<control type="group">
			<animation effect="slide" start="0,0" end="75,0" time="200" delay="200" tween="quadratic" easing="out" condition="Skin.HasSetting(WideSideMenuButtons) + !Control.HasFocus(90) + !ControlGroup(5).HasFocus">Conditional</animation>
			<control type="image">
				<posx>175</posx>
				<posy>110</posy>
				<width>932</width>
				<height>501</height>
				<texture diffuse="settings-button-diffuse.png">special://skin/backgrounds/videos.jpg</texture>
				<animation effect="zoom" start="530,309,220,130" end="175,110,932,501" time="300">WindowOpen</animation>
				<animation effect="zoom" start="175,110,932,501" end="530,309,220,130" time="300" delay="350">WindowClose</animation>
				<include>ContentFade</include>
				<visible>Window.IsVisible(VideosSettings) + ![Player.HasVideo + !Skin.HasSetting(HideVideoBackgrounds)]</visible>
			</control>
			<control type="image">
				<posx>175</posx>
				<posy>110</posy>
				<width>932</width>
				<height>501</height>
				<texture diffuse="settings-button-diffuse.png">special://skin/backgrounds/tv.jpg</texture>
				<animation effect="zoom" start="530,309,220,130" end="175,110,932,501" time="300">WindowOpen</animation>
				<animation effect="zoom" start="175,110,932,501" end="530,309,220,130" time="300" delay="350">WindowClose</animation>
				<include>ContentFade</include>
				<visible>Window.IsVisible(PVRSettings) + ![Player.HasVideo + !Skin.HasSetting(HideVideoBackgrounds)]</visible>
			</control>
			<control type="image">
				<posx>175</posx>
				<posy>110</posy>
				<width>932</width>
				<height>501</height>
				<texture diffuse="settings-button-diffuse.png">special://skin/backgrounds/music.jpg</texture>
				<animation effect="zoom" start="530,309,220,130" end="175,110,932,501" time="300">WindowOpen</animation>
				<animation effect="zoom" start="175,110,932,501" end="530,309,220,130" time="300" delay="350">WindowClose</animation>
				<include>ContentFade</include>
				<visible>Window.IsVisible(MusicSettings) + ![Player.HasVideo + !Skin.HasSetting(HideVideoBackgrounds)]</visible>
			</control>
			<control type="image">
				<posx>175</posx>
				<posy>110</posy>
				<width>932</width>
				<height>501</height>
				<texture diffuse="settings-button-diffuse.png">special://skin/backgrounds/pictures.jpg</texture>
				<animation effect="zoom" start="530,309,220,130" end="175,110,932,501" time="300">WindowOpen</animation>
				<animation effect="zoom" start="175,110,932,501" end="530,309,220,130" time="300" delay="350">WindowClose</animation>
				<include>ContentFade</include>
				<visible>Window.IsVisible(PicturesSettings) + ![Player.HasVideo + !Skin.HasSetting(HideVideoBackgrounds)]</visible>
			</control>
			<control type="image">
				<posx>175</posx>
				<posy>110</posy>
				<width>932</width>
				<height>501</height>
				<texture diffuse="settings-button-diffuse.png">special://skin/backgrounds/weather.jpg</texture>
				<animation effect="zoom" start="530,309,220,130" end="175,110,932,501" time="300">WindowOpen</animation>
				<animation effect="zoom" start="175,110,932,501" end="530,309,220,130" time="300" delay="350">WindowClose</animation>
				<include>ContentFade</include>
				<visible>Window.IsVisible(WeatherSettings) + ![Player.HasVideo + !Skin.HasSetting(HideVideoBackgrounds)]</visible>
			</control>
			<control type="image">
				<posx>175</posx>
				<posy>110</posy>
				<width>932</width>
				<height>501</height>
				<texture diffuse="settings-button-diffuse.png">special://skin/backgrounds/settings.jpg</texture>
				<animation effect="zoom" start="530,309,220,130" end="175,110,932,501" time="300">WindowOpen</animation>
				<animation effect="zoom" start="175,110,932,501" end="530,309,220,130" time="300" delay="350">WindowClose</animation>
				<include>ContentFade</include>
				<visible>Window.IsVisible(SystemSettings) + ![Player.HasVideo + !Skin.HasSetting(HideVideoBackgrounds)]</visible>
			</control>
			<control type="image">
				<posx>175</posx>
				<posy>110</posy>
				<width>932</width>
				<height>501</height>
				<texture diffuse="settings-button-diffuse.png">special://skin/backgrounds/network.jpg</texture>
				<animation effect="zoom" start="530,309,220,130" end="175,110,932,501" time="300">WindowOpen</animation>
				<animation effect="zoom" start="175,110,932,501" end="530,309,220,130" time="300" delay="350">WindowClose</animation>
				<include>ContentFade</include>
				<visible>Window.IsVisible(NetworkSettings) + ![Player.HasVideo + !Skin.HasSetting(HideVideoBackgrounds)]</visible>
			</control>
			<control type="image">
				<posx>175</posx>
				<posy>110</posy>
				<width>932</width>
				<height>501</height>
				<texture diffuse="settings-button-diffuse.png">special://skin/backgrounds/appearance.jpg</texture>
				<animation effect="zoom" start="530,309,220,130" end="175,110,932,501" time="300">WindowOpen</animation>
				<animation effect="zoom" start="175,110,932,501" end="530,309,220,130" time="300" delay="350">WindowClose</animation>
				<include>ContentFade</include>
				<visible>Window.IsVisible(AppearanceSettings) + ![Player.HasVideo + !Skin.HasSetting(HideVideoBackgrounds)]</visible>
			</control>
		</control>
		<control type="group">
			<include>ContentFade</include>
			<include>ContentPanel</include>
			<animation effect="fade" start="0" end="100" time="350" delay="350">WindowOpen</animation>
			<animation effect="fade" start="100" end="0" time="350">WindowClose</animation>
			<control type="image">
				<posx>200</posx>
				<posy>45</posy>
				<width>880</width>
				<height>65</height>
				<texture diffuse="underlay5-diffuse.png" border="0,10,0,10">underlay4.png</texture>
			</control>
			<control type="button" id="20">
				<posx>-10</posx>
				<posy>-10</posy>
				<width>1</width>
				<height>1</height>
				<visible>false</visible>
			</control>
			<control type="button" id="99">
				<posx>440</posx>
				<posy>60</posy>
				<width>400</width>
				<height>35</height>
				<label>$LOCALIZE[31100] $INFO[Control.GetLabel(20)]</label>
				<font>font-23</font>
				<textcolor>white</textcolor>
				<focusedcolor>white</focusedcolor>
				<align>center</align>
				<texturenofocus border="7">button-nofocus.png</texturenofocus>
				<texturefocus border="7">button-focus.png</texturefocus>
				<onup>5</onup>
				<ondown>5</ondown>
				<onclick>settingslevelchange</onclick>
			</control>
			<control type="grouplist" id="5">
				<description>control area</description>
				<posx>200</posx>
				<posy>135</posy>
				<width>880</width>
				<height>455</height>
				<itemgap>-1</itemgap>
				<pagecontrol>90</pagecontrol>
				<onleft>3</onleft>
				<onright>90</onright>
				<onup>99</onup>
				<ondown>5</ondown>
			</control>
			<control type="scrollbar" id="90">
				<posx>1083</posx>
				<posy>130</posy>
				<width>20</width>
				<height>473</height>
				<texturesliderbackground border="0,10,0,10">scrollbar-back.png</texturesliderbackground>
				<texturesliderbar border="0,10,0,10">scrollbar-front-nofocus.png</texturesliderbar>
				<texturesliderbarfocus border="0,10,0,10">scrollbar-front.png</texturesliderbarfocus>
				<textureslidernib>scrollbar-nib-nofocus.png</textureslidernib>
				<textureslidernibfocus>scrollbar-nib.png</textureslidernibfocus>
				<onleft>5</onleft>
				<onright>3</onright>
				<showonepage>false</showonepage>
				<orientation>vertical</orientation>
			</control>
			<animation effect="slide" start="0,0" end="75,0" time="200" delay="200" tween="quadratic" easing="out" condition="Skin.HasSetting(WideSideMenuButtons) + !Control.HasFocus(90) + !ControlGroup(5).HasFocus">Conditional</animation>
		</control>
		<control type="group">
			<posy>23</posy>
			<include>ContentFade</include>
			<include>Window_OpenClose_Left_Panel_Animation</include>
			<control type="group">
				<include condition="!Skin.HasSetting(WideSideMenuButtons)">Window_OpenClose_Left_Panel_Position_Normal</include>
				<include condition="Skin.HasSetting(WideSideMenuButtons)">Window_OpenClose_Left_Panel_Position_Wide</include>
				<include>SideMenuAnim3</include>
				<control type="image">
					<posx>0</posx>
					<posy>-16</posy>
					<height>16</height>
					<texture border="0,0,10,0">shadow-top2.png</texture>
					<include condition="!Skin.HasSetting(WideSideMenuButtons)">ButtonCommonValuesNormal</include>
					<include condition="Skin.HasSetting(WideSideMenuButtons)">ButtonCommonValuesWide</include>
				</control>
			</control>
		</control>
		<control type="group">
			<posy>23</posy>
			<include>ContentFade</include>
			<include>Window_OpenClose_Left_Panel_Animation</include>
			<include condition="!Skin.HasSetting(WideSideMenuButtons)">Window_OpenClose_Left_Panel_Position_Normal</include>
			<include condition="Skin.HasSetting(WideSideMenuButtons)">Window_OpenClose_Left_Panel_Position_Wide</include>
			<include>SideMenuAnim3</include>
			<control type="grouplist" id="3">
				<description>button area</description>
				<posx>0</posx>
				<posy>110</posy>
				<width>250</width>
				<height>450</height>
				<itemgap>-1</itemgap>
				<onleft>5</onleft>
				<onright>5</onright>
				<onup>3</onup>
				<ondown>3</ondown>
			</control>
		</control>
		<control type="togglebutton" id="10">
			<description>Default Category Button</description>
			<include>ButtonCommonValues</include>
			<onback>SetFocus(5)</onback>
			<usealttexture>false</usealttexture>
		</control>
		<control type="button" id="7">
			<description>Default Button</description>
			<posx>0</posx>
			<posy>0</posy>
			<height>35</height>
			<font>font-20</font>
			<textcolor>white</textcolor>
			<focusedcolor>white</focusedcolor>
			<texturefocus border="7">list-focus.png</texturefocus>
			<texturenofocus border="7">list-nofocus.png</texturenofocus>
		</control>
		<control type="radiobutton" id="8">
			<description>Default RadioButton</description>
			<posx>0</posx>
			<posy>0</posy>
			<height>35</height>
			<font>font-20</font>
			<textcolor>white</textcolor>
			<focusedcolor>white</focusedcolor>
			<texturefocus border="7">list-focus.png</texturefocus>
			<texturenofocus border="7">list-nofocus.png</texturenofocus>
		</control>
		<control type="spincontrolex" id="9">
			<description>Default SpinControlex</description>
			<posx>0</posx>
			<posy>0</posy>
			<height>35</height>
			<font>font-20</font>
			<textcolor>white</textcolor>
			<focusedcolor>white</focusedcolor>
			<texturefocus border="7">list-focus.png</texturefocus>
			<texturenofocus border="7">list-nofocus.png</texturenofocus>
			<aligny>center</aligny>
			<reverse>yes</reverse>
		</control>
		<control type="sliderex" id="13">
			<description>Default Sliderex</description>
			<posx>0</posx>
			<posy>0</posy>
			<height>35</height>
			<font>font-20</font>
			<textcolor>white</textcolor>
			<focusedcolor>white</focusedcolor>
			<texturefocus border="7">list-focus.png</texturefocus>
			<texturenofocus border="7">list-nofocus.png</texturenofocus>
		</control>
		<control type="label" id="14">
			<description>Default Label</description>
			<posx>0</posx>
			<posy>0</posy>
			<height>35</height>
			<font>font-20</font>
			<textcolor>white</textcolor>
			<align>center</align>
		</control>
		<control type="image" id="11">
			<description>separator image</description>
			<height>2</height>
			<texture>separator.png</texture>
		</control>
		<control type="group">
			<include>ContentFade</include>
			<include>Window_OpenClose_Settings_Bottom_Animation</include>
			<control type="image">
				<posx>240</posx>
				<posy>640</posy>
				<width>800</width>
				<height>100</height>
				<texture diffuse="underlay-diffuse.png" border="0,10,0,10">underlay4.png</texture>
			</control>
			<control type="textbox" id="6">
				<posx>240</posx>
				<posy>654</posy>
				<width>800</width>
				<height>64</height>
				<align>center</align>
				<textcolor>white</textcolor>
				<shadowcolor>black</shadowcolor>
				<font>font-20</font>
				<include>VisibleFadeEffect</include>
				<autoscroll time="2000" delay="8000" repeat="5000">Skin.HasSetting(AutoScroll)</autoscroll>
				<visible>ControlGroup(5).HasFocus()</visible>
			</control>
		</control>
		<control type="group">
			<include>ContentFade</include>
			<include>Window_OpenClose_Header_Animation</include>
			<control type="image">
				<posx>0</posx>
				<posy>0</posy>
				<width>1280</width>
				<height>55</height>
				<texture border="1">Header.png</texture>
			</control>
			<control type="label" id="2">
				<description>Fake Label so we can pass it's value down to the one below</description>
				<posx>0</posx>
				<posy>0</posy>
				<width>0</width>
				<height>0</height>
				<font>-</font>
				<visible>false</visible>
			</control>
			<control type="grouplist">
				<include>Breadcrumbs</include>
				<include>Breadcrumbs-Settings-Catagory</include>
			</control>
		</control>
		<include condition="Skin.HasSetting(TouchScreenMode)">TouchScreenControls</include>
	</controls>
</window>
