<?xml version="1.0" encoding="UTF-8"?>
<window>
	<defaultcontrol>95</defaultcontrol>
	<menucontrol>9000</menucontrol>
	<controls>
		<include condition="!Skin.HasSetting(HideVideoBackgrounds)">CommonVideoPlayingBackground</include>
		<control type="multiimage">
			<posx>0</posx>
			<posy>0</posy>
			<width>1280</width>
			<height>720</height>
			<imagepath fallback="special://skin/backgrounds/background-settings.jpg" background="true">$INFO[Skin.String(Custom_Back_Settings_Folder)]</imagepath>
			<aspectratio>scale</aspectratio>
			<timeperimage>5000</timeperimage>
			<randomize>true</randomize>
			<fadetime>2000</fadetime>
			<include condition="Skin.HasSetting(AnimateBackgrounds)">backgroundanimation</include>
			<visible>![Player.HasVideo + !Skin.HasSetting(HideVideoBackgrounds)]</visible>
		</control>
		<include condition="!Skin.HasSetting(HideVisBackgrounds)">CommonVisualizationBackground</include>
		<control type="button" id="5999">
			<description>fake button to steal focus</description>
			<onleft>9000</onleft>
			<onright>9000</onright>
			<texturefocus>-</texturefocus>
			<texturenofocus>-</texturenofocus>
			<onclick>noop</onclick>
		</control>
		<control type="image">
			<posx>175</posx>
			<posy>110</posy>
			<width>932</width>
			<height>501</height>
			<texture diffuse="settings-button-diffuse.png">special://skin/backgrounds/systeminfo.jpg</texture>
			<animation effect="zoom" start="530,309,220,130" end="175,110,932,501" time="300">WindowOpen</animation>
			<animation effect="zoom" start="175,110,932,501" end="530,309,220,130" time="300" delay="350">WindowClose</animation>
			<animation effect="slide" start="0,0" end="75,0" time="200" delay="200" tween="quadratic" easing="out" condition="Skin.HasSetting(WideSideMenuButtons) + ControlGroup(9000).HasFocus">Conditional</animation>
			<include>ContentFade</include>
			<visible>![Player.HasVideo + !Skin.HasSetting(HideVideoBackgrounds)]</visible>
		</control>
		<control type="group">
			<include>ContentPanel</include>
			<include>ContentFade</include>
			<animation effect="slide" start="0,0" end="75,0" time="200" delay="200" tween="quadratic" easing="out" condition="Skin.HasSetting(WideSideMenuButtons) + ControlGroup(9000).HasFocus">Conditional</animation>
			<animation effect="fade" start="0" end="100" time="350" delay="350">WindowOpen</animation>
			<animation effect="fade" start="100" end="0" time="350">WindowClose</animation>
			<control type="label" id="40">
				<description>fake filter text label</description>
				<posx>200</posx>
				<posy>135</posy>
				<width>880</width>
				<height>30</height>
				<align>center</align>
				<aligny>center</aligny>
				<label>-</label>
				<textcolor>blue</textcolor>
				<font>font-32</font>
			</control>
			<control type="image">
				<posx>200</posx>
				<posy>175</posy>
				<width>880</width>
				<height>2</height>
				<texture>separator.png</texture>
			</control>
			<control type="group">
				<posx>200</posx>
				<posy>200</posy>
				<control type="label" id="2">
					<description>Label 2</description>
					<posx>0</posx>
					<posy>0</posy>
					<width>880</width>
					<label>-</label>
					<font>font-20</font>
				</control>
				<control type="label" id="3">
					<description>Label 3</description>
					<posx>0</posx>
					<posy>35</posy>
					<width>880</width>
					<label>-</label>
					<font>font-20</font>
				</control>
				<control type="label" id="4">
					<description>Label 4</description>
					<posx>0</posx>
					<posy>70</posy>
					<width>880</width>
					<label>-</label>
					<font>font-20</font>
				</control>
				<control type="label" id="5">
					<description>Label 5</description>
					<posx>0</posx>
					<posy>105</posy>
					<width>880</width>
					<label>-</label>
					<font>font-20</font>
				</control>
				<control type="label" id="6">
					<description>Label 6</description>
					<posx>0</posx>
					<posy>140</posy>
					<width>880</width>
					<label>-</label>
					<font>font-20</font>
				</control>
				<control type="label" id="7">
					<description>Label 7</description>
					<posx>0</posx>
					<posy>175</posy>
					<width>880</width>
					<label>-</label>
					<font>font-20</font>
				</control>
				<control type="label" id="8">
					<description>Label 8</description>
					<posx>0</posx>
					<posy>210</posy>
					<width>880</width>
					<label>-</label>
					<font>font-20</font>
				</control>
				<control type="label" id="9">
					<description>Label 9</description>
					<posx>0</posx>
					<posy>245</posy>
					<width>880</width>
					<label>-</label>
					<font>font-20</font>
				</control>
				<control type="label" id="10">
					<description>Label 10</description>
					<posx>0</posx>
					<posy>280</posy>
					<width>880</width>
					<label>-</label>
					<font>font-20</font>
				</control>
				<control type="label" id="11">
					<description>Label 11</description>
					<posx>0</posx>
					<posy>315</posy>
					<width>880</width>
					<label>-</label>
					<font>font-20</font>
				</control>
				<control type="label" id="52">
					<description>Kodi Build Version</description>
					<posx>0</posx>
					<posy>350</posy>
					<width>880</width>
					<label>144</label>
					<textcolor>blue</textcolor>
					<shadowcolor>black</shadowcolor>
					<font>font-20</font>
				</control>
				<control type="label">
					<description>Transparency! Version</description>
					<posx>0</posx>
					<posy>370</posy>
					<width>880</width>
					<label>$INFO[System.AddonTitle(skin.transparency)]  $INFO[System.AddonVersion(skin.transparency)]</label>
					<textcolor>blue</textcolor>
					<shadowcolor>black</shadowcolor>
					<font>font-20</font>
				</control>
			</control>
		</control>
		<control type="group">
			<posy>23</posy>
			<include>Window_OpenClose_Left_Panel_Animation</include>
			<include>CommonNowPlaying</include>
			<include>ContentFade</include>
			<control type="image">
				<posx>-250</posx>
				<posy>94</posy>
				<height>16</height>
				<texture border="0,0,10,0">shadow-top2.png</texture>
				<animation effect="slide" start="0,0" end="250,0" time="400" tween="quadratic" easing="out" condition="ControlGroup(9000).HasFocus">Conditional</animation>
				<include condition="!Skin.HasSetting(WideSideMenuButtons)">ButtonCommonValuesNormal</include>
				<include condition="Skin.HasSetting(WideSideMenuButtons)">ButtonCommonValuesWide</include>
			</control>
			<control type="grouplist" id="9000">
				<include condition="!Skin.HasSetting(WideSideMenuButtons)">Window_OpenClose_Left_Panel_Position_Normal</include>
				<include condition="Skin.HasSetting(WideSideMenuButtons)">Window_OpenClose_Left_Panel_Position_Wide</include>
				<include>SideMenuAnim2</include>
				<onleft>5999</onleft>
				<onright>5999</onright>
				<itemgap>-1</itemgap>
				<onup>9000</onup>
				<ondown>9000</ondown>
				<control type="button" id="95">
					<description>Button Default Values</description>
					<include>ButtonCommonValues</include>
					<label>20037</label>
					<onback>SetFocus(5999)</onback>
				</control>
				<control type="button" id="94">
					<description>Button Storage</description>
					<include>ButtonCommonValues</include>
					<label>13277</label>
					<onback>SetFocus(5999)</onback>
				</control>
				<control type="button" id="96">
					<description>Button Network</description>
					<include>ButtonCommonValues</include>
					<label>13279</label>
					<onback>SetFocus(5999)</onback>
				</control>
				<control type="button" id="97">
					<description>Button Video</description>
					<include>ButtonCommonValues</include>
					<label>13280</label>
					<onback>SetFocus(5999)</onback>
				</control>
				<control type="button" id="98">
					<description>Button Hardware</description>
					<include>ButtonCommonValues</include>
					<label>13281</label>
					<onback>SetFocus(5999)</onback>
				</control>
				<control type="button" id="99">
					<description>Button PVR</description>
					<include>ButtonCommonValues</include>
					<label>19191</label>
					<onback>SetFocus(5999)</onback>
				</control>
			</control>
		</control>
		<control type="group">
			<include>Window_OpenClose_Header_Animation</include>
			<control type="image">
				<posx>0</posx>
				<posy>0</posy>
				<width>1280</width>
				<height>55</height>
				<texture border="1">Header.png</texture>
			</control>
			<control type="grouplist">
				<include>Breadcrumbs</include>
				<include>Breadcrumbs-Settings-SystemInfo</include>
			</control>
		</control>
		<include condition="Skin.HasSetting(TouchScreenMode)">TouchScreenControls</include>
	</controls>
</window>
