<?xml version="1.0" encoding="UTF-8"?>
<window>
	<defaultcontrol always="true">22</defaultcontrol>
	<include>dialogeffect</include>
	<controls>
		<control type="image">
			<posx>0</posx>
			<posy>0</posy>
			<width>1280</width>
			<height>720</height>
			<texture>black.png</texture>
			<animation effect="fade" start="0" end="70" time="300">WindowOpen</animation>
			<animation effect="fade" start="70" end="0" time="300">WindowClose</animation>
		</control>
		<control type="group">
			<control type="button">
				<posx>1240</posx>
				<posy>20</posy>
				<width>20</width>
				<height>20</height>
				<texturefocus>close-window-focus.png</texturefocus>
				<texturenofocus>close-window-nofocus.png</texturenofocus>
				<onclick>Dialog.Close(smartplaylisteditor)</onclick>
				<visible>Skin.HasSetting(TouchScreenMode) + !Window.IsVisible(smartplaylistrule)</visible>
			</control>
			<control type="label" id="2">
				<description>heading label</description>
				<posx>40</posx>
				<posy>15</posy>
				<width>1200</width>
				<height>30</height>
				<align>center</align>
				<aligny>center</aligny>
				<textcolor>blue</textcolor>
				<font>font-32</font>
				<label>-</label>
			</control>
			<control type="image">
				<posx>0</posx>
				<posy>54</posy>
				<width>1280</width>
				<height>2</height>
				<texture>separator.png</texture>
			</control>
			<control type="spincontrolex" id="22">
				<description>Set Playlist type</description>
				<posx>200</posx>
				<posy>70</posy>
				<width>880</width>
				<height>30</height>
				<label>467</label>
				<font>font-20</font>
				<texturefocus border="7">list-focus.png</texturefocus>
				<texturenofocus border="7">list-nofocus.png</texturenofocus>
				<onright>22</onright>
				<onleft>22</onleft>
				<onup>20</onup>
				<ondown>12</ondown>
			</control>
			<control type="label">
				<description>Name Label</description>
				<posx>200</posx>
				<posy>110</posy>
				<width>880</width>
				<height>30</height>
				<font>font-20c</font>
				<label>[UPPERCASE][B]$LOCALIZE[21433] :[/B][/UPPERCASE]</label>
				<textcolor>lightblue</textcolor>
			</control>
			<control type="edit" id="12">
				<description>Name Entry</description>
				<posx>200</posx>
				<posy>130</posy>
				<width>880</width>
				<height>30</height>
				<textwidth>880</textwidth>
				<font>font-20</font>
				<aligny>center</aligny>
				<texturefocus border="7">list-focus.png</texturefocus>
				<texturenofocus border="7">list-nofocus.png</texturenofocus>
				<label>-</label>
				<onup>22</onup>
				<onleft>12</onleft>
				<onright>12</onright>
				<ondown>10</ondown>
			</control>
			<control type="label">
				<description>rules label</description>
				<posx>200</posx>
				<posy>165</posy>
				<width>880</width>
				<height>30</height>
				<align>left</align>
				<font>font-20c</font>
				<label>[UPPERCASE][B]$LOCALIZE[21434] :[/B][/UPPERCASE]</label>
				<textcolor>lightblue</textcolor>
			</control>
			<control type="list" id="10">
				<description>Rules List Control</description>
				<posx>200</posx>
				<posy>185</posy>
				<width>880</width>
				<height>86</height>
				<onup>12</onup>
				<ondown>13</ondown>
				<onleft>14</onleft>
				<onright>60</onright>
				<pagecontrol>60</pagecontrol>
				<itemlayout width="880" height="29">
					<control type="image">
						<posx>0</posx>
						<posy>0</posy>
						<width>880</width>
						<height>30</height>
						<texture border="7">list-nofocus.png</texture>
					</control>
					<control type="label">
						<posx>10</posx>
						<posy>0</posy>
						<width>880</width>
						<height>30</height>
						<aligny>center</aligny>
						<label>$INFO[ListItem.Label]</label>
						<selectedcolor>blue</selectedcolor>
						<font>font-20</font>
					</control>
				</itemlayout>
				<focusedlayout width="880" height="29">
					<control type="image">
						<posx>0</posx>
						<posy>0</posy>
						<width>880</width>
						<height>30</height>
						<texture border="7">list-nofocus.png</texture>
					</control>
					<control type="image">
						<posx>0</posx>
						<posy>0</posy>
						<width>880</width>
						<height>30</height>
						<texture border="7">list-focus2.png</texture>
						<visible>Control.HasFocus(10)</visible>
						<include>ListFocusScroll12</include>
					</control>
					<control type="label">
						<posx>10</posx>
						<posy>0</posy>
						<width>880</width>
						<height>30</height>
						<aligny>center</aligny>
						<label>$INFO[ListItem.Label]</label>
						<selectedcolor>blue</selectedcolor>
						<font>font-20</font>
					</control>
				</focusedlayout>
			</control>
			<control type="scrollbar" id="60">
				<posx>1090</posx>
				<posy>185</posy>
				<width>20</width>
				<height>86</height>
				<texturesliderbackground border="0,10,0,10">scrollbar-back.png</texturesliderbackground>
				<texturesliderbar border="0,10,0,10">scrollbar-front-nofocus.png</texturesliderbar>
				<texturesliderbarfocus border="0,10,0,10">scrollbar-front.png</texturesliderbarfocus>
				<textureslidernib>scrollbar-nib-nofocus.png</textureslidernib>
				<textureslidernibfocus>scrollbar-nib.png</textureslidernibfocus>
				<onleft>10</onleft>
				<onright>15</onright>
				<showonepage>false</showonepage>
				<orientation>vertical</orientation>
			</control>
			<control type="group" id="9000">
				<animation effect="fade" start="100" end="0" time="200" condition="Window.IsVisible(SmartPlaylistRule)">Conditional</animation>
				<control type="button" id="13">
					<description>Add Rule Button</description>
					<posx>340</posx>
					<posy>430</posy>
					<height>35</height>
					<width>200</width>
					<label>15019</label>
					<align>center</align>
					<aligny>center</aligny>
					<texturefocus border="7">button-nofocus.png</texturefocus>
					<texturenofocus border="7">button-nofocus.png</texturenofocus>
					<onup>10</onup>
					<onleft>15</onleft>
					<onright>14</onright>
					<ondown>16</ondown>
				</control>
				<control type="button" id="14">
					<description>Remove Rule Button</description>
					<posx>540</posx>
					<posy>430</posy>
					<height>35</height>
					<width>200</width>
					<label>1210</label>
					<align>center</align>
					<aligny>center</aligny>
					<texturefocus border="7">button-nofocus.png</texturefocus>
					<texturenofocus border="7">button-nofocus.png</texturenofocus>
					<onup>10</onup>
					<onleft>13</onleft>
					<onright>15</onright>
					<ondown>16</ondown>
				</control>
				<control type="button" id="15">
					<description>Edit Rule Button</description>
					<posx>740</posx>
					<posy>430</posy>
					<height>35</height>
					<width>200</width>
					<label>21435</label>
					<align>center</align>
					<aligny>center</aligny>
					<texturefocus border="7">button-nofocus.png</texturefocus>
					<texturenofocus border="7">button-nofocus.png</texturenofocus>
					<onup>10</onup>
					<onleft>14</onleft>
					<onright>13</onright>
					<ondown>16</ondown>
				</control>
			</control>
			<control type="image">
				<posx>340</posx>
				<posy>430</posy>
				<height>35</height>
				<width>200</width>
				<texture border="7">button-focus.png</texture>
				<animation effect="slide" start="0,0" end="200,0" time="100" condition="Control.HasFocus(14)">Conditional</animation>
				<animation effect="slide" start="0,0" end="400,0" time="100" condition="Control.HasFocus(15)">Conditional</animation>
				<animation effect="fade" start="70" end="100" time="750" pulse="true" condition="true">Conditional</animation>
				<visible>!Window.IsVisible(SmartPlaylistRule) + [Control.HasFocus(13) | Control.HasFocus(15) | Control.HasFocus(14)]</visible>
			</control>
			<control type="spincontrolex" id="16">
				<posx>200</posx>
				<posy>475</posy>
				<width>880</width>
				<height>30</height>
				<label>21424</label>
				<font>font-20</font>
				<texturefocus border="7">list-focus.png</texturefocus>
				<texturenofocus border="7">list-nofocus.png</texturenofocus>
				<onright>16</onright>
				<onleft>16</onleft>
				<onup>13</onup>
				<ondown>17</ondown>
			</control>
			<control type="spincontrolex" id="17">
				<posx>200</posx>
				<posy>505</posy>
				<width>880</width>
				<height>30</height>
				<label>21427</label>
				<font>font-20</font>
				<texturefocus border="7">list-focus.png</texturefocus>
				<texturenofocus border="7">list-nofocus.png</texturenofocus>
				<onright>17</onright>
				<onleft>17</onleft>
				<onup>16</onup>
				<ondown>18</ondown>
			</control>
			<control type="spincontrolex" id="18">
				<posx>200</posx>
				<posy>535</posy>
				<width>880</width>
				<height>30</height>
				<label>21429</label>
				<font>font-20</font>
				<texturefocus border="7">list-focus.png</texturefocus>
				<texturenofocus border="7">list-nofocus.png</texturenofocus>
				<onright>18</onright>
				<onleft>18</onleft>
				<onup>17</onup>
				<ondown>800</ondown>
			</control>
			<control type="image">
				<posx>200</posx>
				<posy>565</posy>
				<width>880</width>
				<height>30</height>
				<texture border="7">list-nofocus.png</texture>
				<visible>![Control.HasFocus(19) | Control.HasFocus(800) | Control.HasFocus(801)]</visible>
			</control>
			<control type="image">
				<posx>200</posx>
				<posy>565</posy>
				<width>880</width>
				<height>30</height>
				<texture border="7">list-focus.png</texture>
				<animation effect="fade" start="70" end="100" time="750" pulse="true" condition="Control.HasFocus(19) | Control.HasFocus(800) | Control.HasFocus(801)">Conditional</animation>
				<visible>Control.HasFocus(19) | Control.HasFocus(800) | Control.HasFocus(801)</visible>
			</control>
			<control type="togglebutton" id="19">
				<posx>200</posx>
				<posy>565</posy>
				<width>880</width>
				<height>30</height>
				<font>font-20</font>
				<align>right</align>
				<aligny>center</aligny>
				<textoffsetx>81</textoffsetx>
				<texturefocus>-</texturefocus>
				<texturenofocus>-</texturenofocus>
				<alttexturefocus>-</alttexturefocus>
				<alttexturenofocus>-</alttexturenofocus>
				<label>21431</label>
				<altlabel>21430</altlabel>
				<onright>19</onright>
				<onleft>19</onleft>
				<onup>18</onup>
				<ondown>23</ondown>
				<onfocus>SetFocus(800)</onfocus>
			</control>
			<control type="label">
				<description>Sort Label</description>
				<posx>208</posx>
				<posy>569</posy>
				<width>880</width>
				<height>30</height>
				<align>left</align>
				<font>font-20</font>
				<label>580</label>
			</control>
			<control type="button" id="800">
				<description>Sort Down Button</description>
				<posx>1008</posx>
				<posy>569</posy>
				<width>32</width>
				<height>22</height>
				<label>-</label>
				<texturefocus>scroll-down-focus-2.png</texturefocus>
				<texturenofocus>scroll-down-2.png</texturenofocus>
				<onup>18</onup>
				<onleft>801</onleft>
				<onright>801</onright>
				<ondown>23</ondown>
				<onclick>SendClick(136,19)</onclick>
			</control>
			<control type="button" id="801">
				<description>Sort Up Button</description>
				<posx>1040</posx>
				<posy>569</posy>
				<width>32</width>
				<height>22</height>
				<label>-</label>
				<texturefocus>scroll-up-focus-2.png</texturefocus>
				<texturenofocus>scroll-up-2.png</texturenofocus>
				<onup>18</onup>
				<onleft>800</onleft>
				<onright>800</onright>
				<ondown>23</ondown>
				<onclick>SendClick(136,19)</onclick>
			</control>
			<control type="spincontrolex" id="23">
				<posx>200</posx>
				<posy>595</posy>
				<width>880</width>
				<height>30</height>
				<label>21458</label>
				<font>font-20</font>
				<texturefocus border="7">list-focus.png</texturefocus>
				<texturenofocus border="7">list-nofocus.png</texturenofocus>
				<onright>17</onright>
				<onleft>17</onleft>
				<onup>19</onup>
				<ondown>24</ondown>
			</control>
			<control type="radiobutton" id="24">
				<posx>200</posx>
				<posy>625</posy>
				<width>880</width>
				<height>30</height>
				<label>21459</label>
				<font>font-20</font>
				<texturefocus border="7">list-focus.png</texturefocus>
				<texturenofocus border="7">list-nofocus.png</texturenofocus>
				<onright>17</onright>
				<onleft>17</onleft>
				<onup>23</onup>
				<ondown>20</ondown>
			</control>
			<control type="image">
				<posx>0</posx>
				<posy>660</posy>
				<width>1280</width>
				<height>2</height>
				<texture>separator.png</texture>
			</control>
			<control type="group" id="9001">
				<control type="button" id="20">
					<description>Ok Button</description>
					<posx>441</posx>
					<posy>674</posy>
					<width>200</width>
					<height>35</height>
					<align>center</align>
					<aligny>center</aligny>
					<texturefocus border="7">button-nofocus.png</texturefocus>
					<texturenofocus border="7">button-nofocus.png</texturenofocus>
					<label>186</label>
					<onup>24</onup>
					<onleft>21</onleft>
					<onright>21</onright>
					<ondown>12</ondown>
				</control>
				<control type="button" id="21">
					<description>Cancel Button</description>
					<posx>640</posx>
					<posy>674</posy>
					<width>200</width>
					<height>35</height>
					<align>center</align>
					<aligny>center</aligny>
					<texturefocus border="7">button-nofocus.png</texturefocus>
					<texturenofocus border="7">button-nofocus.png</texturenofocus>
					<label>222</label>
					<onup>24</onup>
					<onleft>20</onleft>
					<onright>20</onright>
					<ondown>12</ondown>
				</control>
			</control>
			<control type="image">
				<posx>440</posx>
				<posy>674</posy>
				<height>35</height>
				<width>200</width>
				<texture border="7">button-focus.png</texture>
				<animation effect="slide" start="0,0" end="200,0" time="100" condition="Control.HasFocus(21)">Conditional</animation>
				<animation effect="fade" start="70" end="100" time="750" pulse="true" condition="true">Conditional</animation>
				<visible>Control.HasFocus(20) | Control.HasFocus(21)</visible>
			</control>
		</control>
	</controls>
</window>
