<?xml version="1.0" encoding="UTF-8"?>
<window>
	<defaultcontrol always="true">15</defaultcontrol>
	<include>dialogeffect</include>
	<controls>
		<control type="button">
			<posx>1240</posx>
			<posy>20</posy>
			<width>20</width>
			<height>20</height>
			<texturefocus>close-window-focus.png</texturefocus>
			<texturenofocus>close-window-nofocus.png</texturenofocus>
			<onclick>Dialog.Close(smartplaylistrule)</onclick>
			<visible>Skin.HasSetting(TouchScreenMode)</visible>
		</control>
		<control type="group">
			<posy>-60</posy>
			<control type="label">
				<description>Rule match label</description>
				<posx>200</posx>
				<posy>350</posy>
				<width>880</width>
				<height>30</height>
				<font>font-20c</font>
				<label>[UPPERCASE][B]$LOCALIZE[21422] :[/B][/UPPERCASE]</label>
				<textcolor>lightblue</textcolor>
			</control>
			<control type="group" id="9001">
				<control type="spincontrolex" id="15">
					<description>Rule Field</description>
					<posx>200</posx>
					<posy>370</posy>
					<width>880</width>
					<height>35</height>
					<font>font-20</font>
					<texturefocus border="7">list-focus.png</texturefocus>
					<texturenofocus border="7">list-nofocus.png</texturenofocus>
					<onright>15</onright>
					<onleft>15</onleft>
					<onup>18</onup>
					<ondown>16</ondown>
				</control>
				<control type="spincontrolex" id="16">
					<description>Rule operator</description>
					<posx>200</posx>
					<posy>405</posy>
					<width>880</width>
					<height>35</height>
					<font>font-20</font>
					<texturefocus border="7">list-focus.png</texturefocus>
					<texturenofocus border="7">list-nofocus.png</texturenofocus>
					<onright>16</onright>
					<onleft>16</onleft>
					<onup>15</onup>
					<ondown>17</ondown>
				</control>
			</control>
			<control type="edit" id="17">
				<description>Value Button</description>
				<posx>200</posx>
				<posy>440</posy>
				<width>880</width>
				<height>35</height>
				<font>font-20</font>
				<textoffsetx>12</textoffsetx>
				<textwidth>255</textwidth>
				<aligny>center</aligny>
				<texturefocus border="7">list-focus.png</texturefocus>
				<texturenofocus border="7">list-nofocus.png</texturenofocus>
				<label>-</label>
				<onup>16</onup>
				<onleft>17</onleft>
				<onright>17</onright>
				<ondown>18</ondown>
			</control>
			<control type="group" id="9000">
				<control type="button" id="18">
					<description>Ok Button</description>
					<posx>340</posx>
					<posy>490</posy>
					<width>200</width>
					<height>35</height>
					<align>center</align>
					<aligny>center</aligny>
					<texturefocus border="7">button-nofocus.png</texturefocus>
					<texturenofocus border="7">button-nofocus.png</texturenofocus>
					<label>186</label>
					<onup>17</onup>
					<onleft>19</onleft>
					<onright>20</onright>
					<ondown>15</ondown>
				</control>
				<control type="button" id="20">
					<description>Browse Button</description>
					<posx>540</posx>
					<posy>490</posy>
					<width>200</width>
					<height>35</height>
					<align>center</align>
					<aligny>center</aligny>
					<texturefocus border="7">button-nofocus.png</texturefocus>
					<texturenofocus border="7">button-nofocus.png</texturenofocus>
					<label>1024</label>
					<font>font-20</font>
					<onup>17</onup>
					<onleft>18</onleft>
					<onright>19</onright>
					<ondown>15</ondown>
				</control>
				<control type="button" id="19">
					<description>Cancel Button</description>
					<posx>740</posx>
					<posy>490</posy>
					<width>200</width>
					<height>35</height>
					<align>center</align>
					<aligny>center</aligny>
					<texturefocus border="7">button-nofocus.png</texturefocus>
					<texturenofocus border="7">button-nofocus.png</texturenofocus>
					<label>222</label>
					<onup>17</onup>
					<onleft>20</onleft>
					<onright>18</onright>
					<ondown>15</ondown>
				</control>
			</control>
			<control type="image">
				<posx>340</posx>
				<posy>490</posy>
				<height>35</height>
				<width>200</width>
				<texture border="7">button-focus.png</texture>
				<animation effect="slide" start="0,0" end="200,0" time="100" condition="Control.HasFocus(20)">Conditional</animation>
				<animation effect="slide" start="0,0" end="400,0" time="100" condition="Control.HasFocus(19)">Conditional</animation>
				<animation effect="fade" start="70" end="100" time="750" pulse="true" condition="true">Conditional</animation>
				<visible>Control.HasFocus(20) | Control.HasFocus(18) | Control.HasFocus(19)</visible>
			</control>
		</control>
	</controls>
</window>
