<?xml version="1.0" encoding="UTF-8"?>
<window>
	<defaultcontrol always="true">903</defaultcontrol>
	<controls>
		<control type="group">
			<include>ContentFade</include>
			<animation effect="fade" start="100" end="0" time="200" condition="Window.IsVisible(SliderDialog)">conditional</animation>
			<visible>Player.HasMedia</visible>
			<control type="group">
				<posy>520</posy>
				<animation effect="slide" start="0,230" end="0,0" time="300" condition="!Window.IsVisible(FullscreenInfo)">WindowOpen</animation>
				<animation effect="slide" start="0,0" end="0,230" time="300" condition="!Window.IsVisible(FullscreenInfo)">WindowClose</animation>
				<control type="image">
					<description>media info background image</description>
					<posx>-28</posx>
					<posy>32</posy>
					<width>1336</width>
					<height>222</height>
					<texture border="17">panel.png</texture>
					<bordersize>11</bordersize>
				</control>
				<control type="button">
					<posx>1258</posx>
					<posy>62</posy>
					<width>20</width>
					<height>20</height>
					<texturefocus>close-window-focus.png</texturefocus>
					<texturenofocus>close-window-nofocus.png</texturenofocus>
					<onclick>Dialog.Close(videoosd)</onclick>
					<visible>Skin.HasSetting(TouchScreenMode)</visible>
				</control>
				<control type="label">
					<posx>325</posx>
					<posy>58</posy>
					<width>710</width>
					<height>25</height>
					<label>$VAR[DialogFullScreenInfoLabel1]</label>
					<align>left</align>
					<aligny>center</aligny>
					<font>font-20</font>
					<textcolor>blue</textcolor>
				</control>
				<control type="label">
					<posx>325</posx>
					<posy>84</posy>
					<width>925</width>
					<height>25</height>
					<label>$INFO[VideoPlayer.Title]</label>
					<align>left</align>
					<aligny>center</aligny>
					<font>font-32</font>
					<textcolor>lightblue</textcolor>
				</control>
				<control type="label">
					<posx>325</posx>
					<posy>110</posy>
					<width>625</width>
					<height>25</height>
					<label>$VAR[DialogFullScreenInfoLabel2]</label>
					<align>left</align>
					<aligny>center</aligny>
					<font>font-20</font>
					<textcolor>white</textcolor>
				</control>
				<control type="label">
					<description>System Time Label</description>
					<posx>1255</posx>
					<posy>58</posy>
					<width>200</width>
					<height>25</height>
					<textcolor>blue</textcolor>
					<label>$INFO[System.Time]</label>
					<align>right</align>
					<aligny>center</aligny>
					<font>font-23</font>
				</control>
				<control type="label">
					<description>Video End Time</description>
					<posx>1255</posx>
					<posy>110</posy>
					<width>300</width>
					<height>25</height>
					<textcolor>white</textcolor>
					<label>$LOCALIZE[31050]: $INFO[Player.FinishTime]</label>
					<align>right</align>
					<aligny>center</aligny>
					<font>font-20</font>
				</control>
				<control type="label">
					<description>time label</description>
					<posx>325</posx>
					<posy>134</posy>
					<width>280</width>
					<height>25</height>
					<textcolor>lightblue</textcolor>
					<label>$INFO[VideoPlayer.Time]</label>
					<align>left</align>
					<aligny>center</aligny>
					<font>font-20</font>
				</control>
				<control type="progress">
					<description>Progressbar Cache</description>
					<posx>420</posx>
					<posy>140</posy>
					<width>741</width>
					<height>15</height>
					<info>Player.ProgressCache</info>
					<midtexture border="10,0,10,0">ProgressCache.png</midtexture>
				</control>
				<control type="progress">
					<description>Progressbar</description>
					<posx>420</posx>
					<posy>140</posy>
					<width>741</width>
					<height>15</height>
					<info>Player.Progress</info>
				</control>
				<control type="slider" id="888">
					<description>Slider</description>
					<posx>420</posx>
					<posy>140</posy>
					<width>741</width>
					<height>15</height>
					<action>seek</action>
				</control>
				<control type="label">
					<description>time label</description>
					<posx>1255</posx>
					<posy>134</posy>
					<width>280</width>
					<height>25</height>
					<textcolor>lightblue</textcolor>
					<label>$INFO[Player.Duration]</label>
					<align>right</align>
					<aligny>center</aligny>
					<font>font-20</font>
				</control>
			</control>
			<control type="group">
				<control type="grouplist">
					<posx>322</posx>
					<posy>678</posy>
					<animation effect="slide" start="0,230" end="0,0" time="300" condition="!Window.IsVisible(FullscreenInfo)">WindowOpen</animation>
					<animation effect="slide" start="0,0" end="0,230" time="300" condition="!Window.IsVisible(FullscreenInfo)">WindowClose</animation>
					<animation effect="fade" start="100" end="0" time="200" condition="Window.IsVisible(SliderDialog)">conditional</animation>
					<itemgap>0</itemgap>
					<orientation>horizontal</orientation>
					<onup>60</onup>
					<onleft>919</onleft>
					<onright>911</onright>
					<control type="button" id="901">
						<width>40</width>
						<height>40</height>
						<label>-</label>
						<font>-</font>
						<texturefocus>osdplayer-previous-focus.png</texturefocus>
						<texturenofocus>osdplayer-previous-nofocus.png</texturenofocus>
						<onclick>PlayerControl(Previous)</onclick>
					</control>
					<control type="button" id="902">
						<width>40</width>
						<height>40</height>
						<label>-</label>
						<font>-</font>
						<texturefocus>osdplayer-rewind-focus.png</texturefocus>
						<texturenofocus>osdplayer-rewind-nofocus.png</texturenofocus>
						<onclick>PlayerControl(Rewind)</onclick>
					</control>
					<control type="togglebutton" id="903">
						<width>40</width>
						<height>40</height>
						<label>-</label>
						<font>-</font>
						<texturefocus>osdplayer-pause-focus.png</texturefocus>
						<texturenofocus>osdplayer-pause-nofocus.png</texturenofocus>
						<usealttexture>Player.Paused | Player.Forwarding | Player.Rewinding</usealttexture>
						<alttexturefocus>osdplayer-play-focus.png</alttexturefocus>
						<alttexturenofocus>osdplayer-play-nofocus.png</alttexturenofocus>
						<onclick>PlayerControl(Play)</onclick>
					</control>
					<control type="button" id="904">
						<width>40</width>
						<height>40</height>
						<label>-</label>
						<font>-</font>
						<texturefocus>osdplayer-forward-focus.png</texturefocus>
						<texturenofocus>osdplayer-forward-nofocus.png</texturenofocus>
						<onclick>PlayerControl(Forward)</onclick>
					</control>
					<control type="button" id="905">
						<width>40</width>
						<height>40</height>
						<label>-</label>
						<font>-</font>
						<texturefocus>osdplayer-next-focus.png</texturefocus>
						<texturenofocus>osdplayer-next-nofocus.png</texturenofocus>
						<onclick>PlayerControl(Next)</onclick>
					</control>
					<control type="button" id="906">
						<width>40</width>
						<height>40</height>
						<label>-</label>
						<font>-</font>
						<texturefocus>osdplayer-stop-focus.png</texturefocus>
						<texturenofocus>osdplayer-stop-nofocus.png</texturenofocus>
						<onclick>PlayerControl(Stop)</onclick>
					</control>
					<control type="group" id="999">
						<width>40</width>
						<height>40</height>
						<control type="button" id="907">
							<posx>0</posx>
							<posy>0</posy>
							<width>40</width>
							<height>40</height>
							<label>-</label>
							<font>-</font>
							<texturefocus>-</texturefocus>
							<texturenofocus>-</texturenofocus>
							<onleft>906</onleft>
							<onright>908</onright>
							<onclick>PlayerControl(Repeat)</onclick>
						</control>
						<control type="image">
							<posx>0</posx>
							<posy>0</posy>
							<width>40</width>
							<height>40</height>
							<texture>osdplayer-repeat-nofocus.png</texture>
							<visible>!Playlist.IsRepeat + !Playlist.IsRepeatOne + !Control.HasFocus(907)</visible>
						</control>
						<control type="image">
							<posx>0</posx>
							<posy>0</posy>
							<width>40</width>
							<height>40</height>
							<texture>osdplayer-repeat-focus.png</texture>
							<visible>!Playlist.IsRepeat + !Playlist.IsRepeatOne + Control.HasFocus(907)</visible>
						</control>
						<control type="image">
							<posx>0</posx>
							<posy>0</posy>
							<width>40</width>
							<height>40</height>
							<texture>osdplayer-repeatone-nofocus.png</texture>
							<visible>Playlist.IsRepeatOne + !Control.HasFocus(907)</visible>
						</control>
						<control type="image">
							<posx>0</posx>
							<posy>0</posy>
							<width>40</width>
							<height>40</height>
							<texture>osdplayer-repeatone-focus.png</texture>
							<visible>Playlist.IsRepeatOne + Control.HasFocus(907)</visible>
						</control>
						<control type="image">
							<posx>0</posx>
							<posy>0</posy>
							<width>40</width>
							<height>40</height>
							<texture>osdplayer-repeatall-nofocus.png</texture>
							<visible>Playlist.IsRepeat + !Control.HasFocus(907)</visible>
						</control>
						<control type="image">
							<posx>0</posx>
							<posy>0</posy>
							<width>40</width>
							<height>40</height>
							<texture>osdplayer-repeatall-focus.png</texture>
							<visible>Playlist.IsRepeat + Control.HasFocus(907)</visible>
						</control>
					</control>
					<control type="togglebutton" id="908">
						<width>40</width>
						<height>40</height>
						<label>-</label>
						<font>-</font>
						<texturefocus>osdplayer-random-focus.png</texturefocus>
						<texturenofocus>osdplayer-random-nofocus.png</texturenofocus>
						<usealttexture>Playlist.IsRandom</usealttexture>
						<alttexturefocus>osdplayer-randomselected-focus.png</alttexturefocus>
						<alttexturenofocus>osdplayer-randomselected-nofocus.png</alttexturenofocus>
						<onclick>PlayerControl(Random)</onclick>
					</control>
					<control type="button" id="909">
						<width>40</width>
						<height>40</height>
						<label>-</label>
						<font>-</font>
						<texturefocus>osdplayer-record-focus.png</texturefocus>
						<texturenofocus>osdplayer-record-nofocus.png</texturenofocus>
						<onclick>PlayerControl(record)</onclick>
						<visible>Player.CanRecord + !Player.Recording</visible>
					</control>
					<control type="button" id="910">
						<width>40</width>
						<height>40</height>
						<label>-</label>
						<font>-</font>
						<texturefocus>osdplayer-recordrecording-focus.png</texturefocus>
						<texturenofocus>osdplayer-recordrecording-nofocus.png</texturenofocus>
						<onclick>PlayerControl(record)</onclick>
						<visible>Player.CanRecord + Player.Recording</visible>
					</control>
				</control>
				<control type="grouplist">
					<posx>862</posx>
					<posy>678</posy>
					<width>400</width>
					<animation effect="slide" start="0,230" end="0,0" time="300" condition="!Window.IsVisible(FullscreenInfo)">WindowOpen</animation>
					<animation effect="slide" start="0,0" end="0,230" time="300" condition="!Window.IsVisible(FullscreenInfo)">WindowClose</animation>
					<animation effect="fade" start="100" end="0" time="200" condition="Window.IsVisible(SliderDialog)">conditional</animation>
					<itemgap>0</itemgap>
					<orientation>horizontal</orientation>
					<align>right</align>
					<onleft>910</onleft>
					<onright>901</onright>
					<control type="button" id="911">
						<description>Channels Menu</description>
						<width>40</width>
						<height>40</height>
						<label>-</label>
						<font>-</font>
						<texturenofocus>osd-channels-nofocus.png</texturenofocus>
						<texturefocus>osd-channels-focus.png</texturefocus>
						<onclick>ActivateWindow(PVROSDChannels)</onclick>
						<visible>VideoPlayer.Content(LiveTV)</visible>
					</control>
					<control type="button" id="912">
						<description>EPG Menu</description>
						<width>40</width>
						<height>40</height>
						<label>-</label>
						<font>-</font>
						<texturenofocus>osd-epg-nofocus.png</texturenofocus>
						<texturefocus>osd-epg-focus.png</texturefocus>
						<onclick>ActivateWindow(PVROSDGuide)</onclick>
						<visible>VideoPlayer.Content(LiveTV)</visible>
					</control>
					<control type="button" id="921">
						<description>3D Menu</description>
						<width>40</width>
						<height>40</height>
						<label>-</label>
						<font>-</font>
						<texturenofocus>osd-3d-nofocus.png</texturenofocus>
						<texturefocus>osd-3d-focus.png</texturefocus>
						<onclick>ActivateWindow(1116)</onclick>
						<visible>VideoPlayer.IsStereoscopic</visible>
					</control>
					<control type="button" id="913">
						<description>Audio Menu</description>
						<width>40</width>
						<height>40</height>
						<label>-</label>
						<font>-</font>
						<texturenofocus>osd-audio-nofocus.png</texturenofocus>
						<texturefocus>osd-audio-focus.png</texturefocus>
						<onclick>ActivateWindow(OSDAudioSettings)</onclick>
						<visible>!Skin.HasSetting(KioskMode)</visible>
					</control>
					<control type="button" id="914">
						<description>Video Menu</description>
						<width>40</width>
						<height>40</height>
						<label>-</label>
						<font>-</font>
						<texturenofocus>osd-video-nofocus.png</texturenofocus>
						<texturefocus>osd-video-focus.png</texturefocus>
						<onclick>ActivateWindow(OSDVideoSettings)</onclick>
						<visible>!Skin.HasSetting(KioskMode)</visible>
					</control>
					<control type="button" id="915">
						<description>Bookmarks Menu</description>
						<width>40</width>
						<height>40</height>
						<label>-</label>
						<font>-</font>
						<texturenofocus>osd-bookmark-nofocus.png</texturenofocus>
						<texturefocus>osd-bookmark-focus.png</texturefocus>
						<onclick>ActivateWindow(VideoBookmarks)</onclick>
					</control>
					<control type="button" id="916">
						<description>Subtitles button</description>
						<width>40</width>
						<height>40</height>
						<label>-</label>
						<font>-</font>
						<texturenofocus>osd-subs-nofocus.png</texturenofocus>
						<texturefocus>osd-subs-focus.png</texturefocus>
						<onclick>ActivateWindow(SubtitleSearch)</onclick>
					</control>
					<control type="button" id="917">
						<description>DVD menu button</description>
						<width>40</width>
						<height>40</height>
						<label>-</label>
						<font>-</font>
						<texturenofocus>osd-dvd-nofocus.png</texturenofocus>
						<texturefocus>osd-dvd-focus.png</texturefocus>
						<onclick>PlayerControl(ShowVideoMenu)</onclick>
						<visible>VideoPlayer.HasMenu</visible>
					</control>
					<control type="button" id="918">
						<description>Teletext button</description>
						<width>40</width>
						<height>40</height>
						<label>-</label>
						<font>-</font>
						<texturefocus>osd-teletext-focus.png</texturefocus>
						<texturenofocus>osd-teletext-nofocus.png</texturenofocus>
						<onclick>ActivateWindow(Teletext)</onclick>
						<visible>VideoPlayer.HasTeletext</visible>
					</control>
					<control type="button" id="919">
						<description>Info button</description>
						<width>40</width>
						<height>40</height>
						<label>-</label>
						<font>-</font>
						<texturefocus>osd-info-focus.png</texturefocus>
						<texturenofocus>osd-info-nofocus.png</texturenofocus>
						<onclick>Skin.ToggleSetting(VideoOSDInfo)</onclick>
					</control>
				</control>
			</control>
			<control type="group">
				<posy>385</posy>
				<visible>Skin.HasSetting(VideoOSDInfo)</visible>
				<animation effect="fade" time="400">VisibleChange</animation>
				<animation effect="fade" start="100" end="0" time="400">WindowClose</animation>
				<control type="image">
					<description>media info background image</description>
					<posx>300</posx>
					<posy>-95</posy>
					<width>980</width>
					<height>270</height>
					<texture diffuse="underlay-diffuse.png" border="0,11,0,11">underlay3.png</texture>
				</control>
				<control type="textbox">
					<description>Plot</description>
					<posx>385</posx>
					<posy>-63</posy>
					<width>805</width>
					<height>213</height>
					<font>font-20</font>
					<align>justify</align>
					<textcolor>white</textcolor>
					<pagecontrol>60</pagecontrol>
					<label>$INFO[VideoPlayer.Plot]</label>
					<autoscroll time="2000" delay="16000" repeat="5000">Skin.HasSetting(AutoScroll)</autoscroll>
				</control>
				<control type="scrollbar" id="60">
					<posx>1215</posx>
					<posy>-82</posy>
					<width>20</width>
					<height>245</height>
					<texturesliderbackground border="0,10,0,10">scrollbar-back.png</texturesliderbackground>
					<texturesliderbar border="0,10,0,10">scrollbar-front-nofocus.png</texturesliderbar>
					<texturesliderbarfocus border="0,10,0,10">scrollbar-front.png</texturesliderbarfocus>
					<textureslidernib>scrollbar-nib-nofocus.png</textureslidernib>
					<textureslidernibfocus>scrollbar-nib.png</textureslidernibfocus>
					<onup>60</onup>
					<ondown>60</ondown>
					<onleft>919</onleft>
					<onright>919</onright>
					<showonepage>false</showonepage>
					<orientation>vertical</orientation>
				</control>
			</control>
			<control type="group">
				<posx>0</posx>
				<posy>380</posy>
				<animation effect="slide" start="-280,0" end="0,0" time="300" condition="!Window.IsVisible(FullscreenInfo)">WindowOpen</animation>
				<animation effect="slide" start="0,0" end="-280,0" time="300" condition="!Window.IsVisible(FullscreenInfo)">WindowClose</animation>
				<include condition="Skin.HasSetting(ClearArt) + VideoPlayer.Content(Episodes)">clearart-dialogfullscreeninfo</include>
				<control type="image">
					<description>cover image</description>
					<posx>10</posx>
					<posy>183</posy>
					<width>279</width>
					<height>157</height>
					<aspectratio align="center" aligny="center" scalediffuse="true">keep</aspectratio>
					<texture diffuse="video-diffuse.png">$INFO[Player.Art(thumb)]</texture>
					<visible>VideoPlayer.Content(Episodes) + [!Skin.HasSetting(ClearArt) | [IsEmpty(Control.GetLabel(7017)) + IsEmpty(Control.GetLabel(7018))] | Skin.HasSetting(Safemode) | substring(Player.FolderPath,pvr://) | substring(Player.FolderPath,http://) | substring(Player.FolderPath,https://) | substring(Player.FolderPath,htsp://)]</visible>
				</control>
				<control type="image">
					<description>cover image</description>
					<posx>10</posx>
					<posy>183</posy>
					<width>279</width>
					<height>157</height>
					<aspectratio align="center" aligny="center" scalediffuse="true">keep</aspectratio>
					<texture diffuse="video-diffuse.png">$INFO[Player.Art(thumb)]</texture>
					<visible>[!VideoPlayer.Content(Movies) + !VideoPlayer.Content(Episodes)] | [VideoPlayer.Content(Movies) + [SubString(Player.FileNameAndPath,http,left) | SubString(Player.FileNameAndPath,mms,left) | SubString(Player.FileNameAndPath,rtmp,left)]]</visible>
				</control>
				<control type="image">
					<description>cover image</description>
					<posx>44</posx>
					<posy>40</posy>
					<width>206</width>
					<height>292</height>
					<texture>$INFO[Player.Art(thumb)]</texture>
					<visible>VideoPlayer.Content(Movies) + ![SubString(Player.FileNameAndPath,http,left) | SubString(Player.FileNameAndPath,mms,left) | SubString(Player.FileNameAndPath,rtmp,left)]</visible>
				</control>
				<control type="image">
					<posx>44</posx>
					<posy>16</posy>
					<width>222</width>
					<height>338</height>
					<texture fallback="case-sets.png">case$INFO[VideoPlayer.VideoResolution].png</texture>
					<visible>VideoPlayer.Content(Movies) + !Skin.HasSetting(HideMovieCase) + ![SubString(Player.FileNameAndPath,http,left) | SubString(Player.FileNameAndPath,mms,left) | SubString(Player.FileNameAndPath,rtmp,left)]</visible>
				</control>
			</control>
		</control>
		<include condition="Skin.HasSetting(DebugMode)">debuginfovideoplayer</include>
	</controls>
</window>
