<?xml version="1.0" encoding="UTF-8"?>
<window>
	<defaultcontrol>-</defaultcontrol>
	<controls>
		<!-- codec infos -->
		<control type="image">
			<description>media info background image</description>
			<posx>0</posx>
			<posy>5</posy>
			<width>1280</width>
			<height>180</height>
			<texture border="0,11,0,11">underlay4.png</texture>
		</control>
		<control type="label" id="10">
			<description>row 1 label</description>
			<posx>50</posx>
			<posy>20</posy>
			<width>1230</width>
			<height>40</height>
			<label>-</label>
			<align>left</align>
			<font>font-19</font>
			<include>VisibleFadeEffect</include>
		</control>
		<control type="label" id="11">
			<description>row 2 label</description>
			<posx>50</posx>
			<posy>65</posy>
			<width>1230</width>
			<height>40</height>
			<label>-</label>
			<align>left</align>
			<font>font-19</font>
			<include>VisibleFadeEffect</include>
		</control>
		<control type="label" id="12">
			<description>row 3 label</description>
			<posx>50</posx>
			<posy>110</posy>
			<width>1230</width>
			<height>60</height>
			<label>-</label>
			<align>left</align>
			<font>font-19</font>
			<include>VisibleFadeEffect</include>
		</control>
		<control type="group">
			<posx>0</posx>
			<posy>160</posy>
			<visible>VideoPlayer.Content(LiveTV)</visible>
			<control type="image">
				<description>media info background image</description>
				<posx>0</posx>
				<posy>0</posy>
				<width>980</width>
				<height>210</height>
			<texture border="0,11,0,11">underlay4.png</texture>
			</control>
			<control type="label">
				<description>Header</description>
				<posx>50</posx>
				<posy>12</posy>
				<width>805</width>
				<height>25</height>
				<label>[B]$LOCALIZE[19005][/B]</label>
				<align>left</align>
				<aligny>center</aligny>
				<font>font-19</font>
				<textcolor>blue</textcolor>
			</control>
			<control type="label">
				<description>Backend</description>
				<posx>50</posx>
				<posy>32</posy>
				<width>185</width>
				<height>25</height>
				<label>$LOCALIZE[19012]:</label>
				<align>left</align>
				<aligny>center</aligny>
				<font>font-19</font>
				<textcolor>lightblue</textcolor>
			</control>
			<control type="label">
				<description>Backend value</description>
				<posx>235</posx>
				<posy>32</posy>
				<width>600</width>
				<height>25</height>
				<label>$INFO[PVR.ActStreamClient]</label>
				<align>left</align>
				<aligny>center</aligny>
				<font>font-19</font>
				<textcolor>white</textcolor>
			</control>
			<control type="label">
				<description>Device</description>
				<posx>50</posx>
				<posy>52</posy>
				<width>185</width>
				<height>25</height>
				<label>$LOCALIZE[19006]:</label>
				<align>left</align>
				<aligny>center</aligny>
				<font>font-19</font>
				<textcolor>lightblue</textcolor>
			</control>
			<control type="label">
				<description>Device value</description>
				<posx>235</posx>
				<posy>52</posy>
				<width>600</width>
				<height>25</height>
				<label>$INFO[PVR.ActStreamDevice]</label>
				<align>left</align>
				<aligny>center</aligny>
				<font>font-19</font>
				<textcolor>white</textcolor>
			</control>
			<control type="label">
				<description>Status</description>
				<posx>50</posx>
				<posy>72</posy>
				<width>185</width>
				<height>25</height>
				<label>$LOCALIZE[19007]:</label>
				<align>left</align>
				<aligny>center</aligny>
				<font>font-19</font>
				<textcolor>lightblue</textcolor>
			</control>
			<control type="label">
				<description>Status value</description>
				<posx>235</posx>
				<posy>72</posy>
				<width>600</width>
				<height>25</height>
				<label>$INFO[PVR.ActStreamStatus]</label>
				<align>left</align>
				<aligny>center</aligny>
				<font>font-19</font>
				<textcolor>white</textcolor>
			</control>
			<control type="label">
				<description>Signal</description>
				<posx>50</posx>
				<posy>92</posy>
				<width>185</width>
				<height>25</height>
				<label>$LOCALIZE[19008]:</label>
				<align>left</align>
				<aligny>center</aligny>
				<font>font-19</font>
				<textcolor>lightblue</textcolor>
			</control>
			<control type="progress">
				<description>Progressbar</description>
				<posx>231</posx>
				<posy>100</posy>
				<width>150</width>
				<height>15</height>
				<info>PVR.ActStreamProgrSignal</info>
			</control>
			<control type="label">
				<description>Signal value</description>
				<posx>395</posx>
				<posy>92</posy>
				<width>180</width>
				<height>25</height>
				<label>$INFO[PVR.ActStreamSignal]</label>
				<align>left</align>
				<aligny>center</aligny>
				<font>font-19</font>
				<textcolor>white</textcolor>
			</control>
			<control type="label">
				<description>SNR</description>
				<posx>50</posx>
				<posy>112</posy>
				<width>185</width>
				<height>25</height>
				<label>$LOCALIZE[19009]:</label>
				<align>left</align>
				<aligny>center</aligny>
				<font>font-19</font>
				<textcolor>lightblue</textcolor>
			</control>
			<control type="progress">
				<description>Progressbar</description>
				<posx>231</posx>
				<posy>120</posy>
				<width>150</width>
				<height>15</height>
				<overlaytexture>-</overlaytexture>
				<info>PVR.ActStreamProgrSNR</info>
			</control>
			<control type="label">
				<description>SNR value</description>
				<posx>395</posx>
				<posy>112</posy>
				<width>180</width>
				<height>25</height>
				<label>$INFO[PVR.ActStreamSNR]</label>
				<align>left</align>
				<aligny>center</aligny>
				<font>font-19</font>
				<textcolor>white</textcolor>
			</control>
			<control type="label">
				<description>BER</description>
				<posx>50</posx>
				<posy>132</posy>
				<width>185</width>
				<height>25</height>
				<label>$LOCALIZE[19010]:</label>
				<align>left</align>
				<aligny>center</aligny>
				<font>font-19</font>
				<textcolor>lightblue</textcolor>
			</control>
			<control type="label">
				<description>BER value</description>
				<posx>235</posx>
				<posy>132</posy>
				<width>600</width>
				<height>25</height>
				<label>$INFO[PVR.ActStreamBER]</label>
				<align>left</align>
				<aligny>center</aligny>
				<font>font-19</font>
				<textcolor>white</textcolor>
			</control>
			<control type="label">
				<description>UNC</description>
				<posx>50</posx>
				<posy>152</posy>
				<width>185</width>
				<height>25</height>
				<label>$LOCALIZE[19011]:</label>
				<align>left</align>
				<aligny>center</aligny>
				<font>font-19</font>
				<textcolor>lightblue</textcolor>
			</control>
			<control type="label">
				<description>UNC value</description>
				<posx>235</posx>
				<posy>152</posy>
				<width>600</width>
				<height>25</height>
				<label>$INFO[PVR.ActStreamUNC]</label>
				<align>left</align>
				<aligny>center</aligny>
				<font>font-19</font>
				<textcolor>white</textcolor>
			</control>
			<control type="label">
				<description>Encryption</description>
				<posx>50</posx>
				<posy>172</posy>
				<width>185</width>
				<height>25</height>
				<label>$LOCALIZE[19015]:</label>
				<align>left</align>
				<aligny>center</aligny>
				<font>font-19</font>
				<textcolor>lightblue</textcolor>
			</control>
			<control type="label">
				<description>Encryption value</description>
				<posx>235</posx>
				<posy>172</posy>
				<width>600</width>
				<height>25</height>
				<label>$INFO[PVR.ActStreamEncryptionName]</label>
				<align>left</align>
				<aligny>center</aligny>
				<font>font-19</font>
				<textcolor>white</textcolor>
			</control>
		</control>
	</controls>
</window>
