<?xml version="1.0" encoding="UTF-8"?>
<includes>
	<include name="Polaroid">
		<control type="list" id="597">
			<posx>16</posx>
			<posy>240</posy>
			<width>1134</width>
			<height>345</height>
			<onleft>597</onleft>
			<onright>597</onright>
			<onup>9000</onup>
			<ondown>60</ondown>
			<viewtype label="31036">icon</viewtype>
			<pagecontrol>60</pagecontrol>
			<scrolltime>200</scrolltime>
			<orientation>horizontal</orientation>
			<preloaditems>2</preloaditems>
			<hitrect x="400" y="240" w="370" h="330"/>
			<visible>!Container.Content(AddOns)</visible>
			<itemlayout width="378" height="345"/>
			<focusedlayout width="378" height="345">
				<control type="image">
					<posx>0</posx>
					<posy>0</posy>
					<width>378</width>
					<height>345</height>
					<texture/>
				</control>
			</focusedlayout>
		</control>
		<control type="group">
			<visible>Control.IsVisible(597)</visible>
			<include>VisibleFadeEffect</include>
			<control type="image">
				<posx>468</posx>
				<posy>144</posy>
				<width>378</width>
				<height>345</height>
				<aspectratio>scale</aspectratio>
				<texture background="true">$INFO[ListItem(2).Icon]</texture>
				<animation effect="rotate" end="-24" center="auto" time="0" reversible="false" condition="true">Conditional</animation>
				<fadetime>50</fadetime>
			</control>
			<control type="image">
				<posx>468</posx>
				<posy>144</posy>
				<width>378</width>
				<height>345</height>
				<aspectratio>scale</aspectratio>
				<texture>PolaroidBack.jpg</texture>
				<animation effect="rotate" end="-24" center="auto" time="0" reversible="false" condition="true">Conditional</animation>
				<fadetime>50</fadetime>
				<visible>IsEmpty(ListItem(2).Thumb)</visible>
			</control>
			<control type="image">
				<posx>460</posx>
				<posy>145</posy>
				<width>378</width>
				<height>345</height>
				<aspectratio>scale</aspectratio>
				<texture background="true">$INFO[ListItem(1).Icon]</texture>
				<animation effect="rotate" end="-11" center="auto" time="0" reversible="false" condition="true">Conditional</animation>
				<fadetime>50</fadetime>
			</control>
			<control type="image">
				<posx>460</posx>
				<posy>145</posy>
				<width>378</width>
				<height>345</height>
				<aspectratio>scale</aspectratio>
				<texture>PolaroidBack.jpg</texture>
				<animation effect="rotate" end="-11" center="auto" time="0" reversible="false" condition="true">Conditional</animation>
				<fadetime>50</fadetime>
				<visible>IsEmpty(ListItem(1).Thumb)</visible>
			</control>
			<control type="image">
				<posx>392</posx>
				<posy>240</posy>
				<width>378</width>
				<height>345</height>
				<aspectratio>scale</aspectratio>
				<texture background="true">$INFO[ListItem(0).Icon]</texture>
				<animation effect="rotate" end="6" center="auto" time="0" reversible="false" condition="true">Conditional</animation>
				<fadetime>50</fadetime>
			</control>
			<control type="image">
				<posx>392</posx>
				<posy>240</posy>
				<width>378</width>
				<height>345</height>
				<aspectratio>scale</aspectratio>
				<texture>PolaroidBack.jpg</texture>
				<animation effect="rotate" end="6" center="auto" time="0" reversible="false" condition="true">Conditional</animation>
				<fadetime>50</fadetime>
				<visible>IsEmpty(ListItem(0).Thumb)</visible>
			</control>
			<control type="image">
				<posx>347</posx>
				<posy>50</posy>
				<width>587</width>
				<height>655</height>
				<texture>polaroid-frames-shadow.png</texture>
				<aspectratio>keep</aspectratio>
			</control>
			<control type="image">
				<posx>347</posx>
				<posy>50</posy>
				<width>587</width>
				<height>655</height>
				<texture>polaroid-frames.png</texture>
				<aspectratio>keep</aspectratio>
			</control>
			<control type="label">
				<posx>401</posx>
				<posy>590</posy>
				<width>400</width>
				<height>35</height>
				<font>font-23</font>
				<textcolor>black</textcolor>
				<align>center</align>
				<aligny>center</aligny>
				<label>$INFO[ListItem.Label]</label>
				<animation effect="rotate" end="5" center="auto" time="0" reversible="false" condition="true">Conditional</animation>
			</control>
			<control type="label">
				<posx>403</posx>
				<posy>625</posy>
				<width>400</width>
				<height>35</height>
				<font>font-23</font>
				<textcolor>black</textcolor>
				<align>center</align>
				<aligny>center</aligny>
				<label>[I]$INFO[ListItem.Date][/I]</label>
				<animation effect="rotate" end="5" center="auto" time="0" reversible="false" condition="true">Conditional</animation>
			</control>
		</control>
		<control type="group">
			<visible>Control.IsVisible(597) + Container.OnNext</visible>
			<animation effect="slide" end="-1000,250" time="800" reversible="false">Hidden</animation>
			<control type="group">
				<visible>Container.OnNext</visible>
				<animation effect="rotate" start="0" end="60" center="auto" time="800" reversible="false">Hidden</animation>
				<control type="image">
					<posx>392</posx>
					<posy>240</posy>
					<width>378</width>
					<height>345</height>
					<aspectratio>scale</aspectratio>
					<texture background="true">$INFO[ListItem(-1).Icon]</texture>
					<animation effect="rotate" end="6" center="auto" time="0" reversible="false" condition="true">Conditional</animation>
				</control>
				<control type="image">
					<posx>392</posx>
					<posy>240</posy>
					<width>378</width>
					<height>345</height>
					<aspectratio>scale</aspectratio>
					<texture>PolaroidBack.jpg</texture>
					<animation effect="rotate" end="6" center="auto" time="0" reversible="false" condition="true">Conditional</animation>
					<visible>IsEmpty(ListItem(-1).Thumb)</visible>
				</control>
				<control type="image">
					<posx>347</posx>
					<posy>50</posy>
					<width>587</width>
					<height>655</height>
					<texture>polaroid-frame.png</texture>
					<aspectratio>keep</aspectratio>
				</control>
				<control type="label">
					<posx>401</posx>
					<posy>590</posy>
					<width>400</width>
					<height>35</height>
					<font>font-23</font>
					<textcolor>black</textcolor>
					<align>center</align>
					<aligny>center</aligny>
					<label>$INFO[ListItem(-1).Label]</label>
					<animation effect="rotate" end="5" center="auto" time="0" reversible="false" condition="true">Conditional</animation>
				</control>
				<control type="label">
					<posx>403</posx>
					<posy>625</posy>
					<width>400</width>
					<height>35</height>
					<font>font-23</font>
					<textcolor>black</textcolor>
					<align>center</align>
					<aligny>center</aligny>
					<label>[I]$INFO[ListItem(-1).Date][/I]</label>
					<animation effect="rotate" end="5" center="auto" time="0" reversible="false" condition="true">Conditional</animation>
				</control>
			</control>
		</control>
		<control type="group">
			<visible>Control.IsVisible(597) + Container.OnPrevious</visible>
			<animation effect="rotate" start="0" end="0" center="auto" time="600" reversible="false">Hidden</animation>
			<control type="image">
				<posx>468</posx>
				<posy>144</posy>
				<width>378</width>
				<height>345</height>
				<aspectratio>scale</aspectratio>
				<texture background="true">$INFO[ListItem(3).Icon]</texture>
				<animation effect="rotate" end="-24" center="auto" time="0" reversible="false" condition="true">Conditional</animation>
			</control>
			<control type="image">
				<posx>468</posx>
				<posy>144</posy>
				<width>378</width>
				<height>345</height>
				<aspectratio>scale</aspectratio>
				<texture>PolaroidBack.jpg</texture>
				<animation effect="rotate" end="-24" center="auto" time="0" reversible="false" condition="true">Conditional</animation>
				<visible>IsEmpty(ListItem(3).Thumb)</visible>
			</control>
			<control type="image">
				<posx>460</posx>
				<posy>145</posy>
				<width>378</width>
				<height>345</height>
				<aspectratio>scale</aspectratio>
				<texture background="true">$INFO[ListItem(2).Icon]</texture>
				<animation effect="rotate" end="-11" center="auto" time="0" reversible="false" condition="true">Conditional</animation>
			</control>
			<control type="image">
				<posx>460</posx>
				<posy>145</posy>
				<width>378</width>
				<height>345</height>
				<aspectratio>scale</aspectratio>
				<texture>PolaroidBack.jpg</texture>
				<animation effect="rotate" end="-11" center="auto" time="0" reversible="false" condition="true">Conditional</animation>
				<visible>IsEmpty(ListItem(2).Thumb)</visible>
			</control>
			<control type="image">
				<posx>392</posx>
				<posy>240</posy>
				<width>378</width>
				<height>345</height>
				<aspectratio>scale</aspectratio>
				<texture background="true">$INFO[ListItem(1).Icon]</texture>
				<animation effect="rotate" end="6" center="auto" time="0" reversible="false" condition="true">Conditional</animation>
			</control>
			<control type="image">
				<posx>392</posx>
				<posy>240</posy>
				<width>378</width>
				<height>345</height>
				<aspectratio>scale</aspectratio>
				<texture>PolaroidBack.jpg</texture>
				<animation effect="rotate" end="6" center="auto" time="0" reversible="false" condition="true">Conditional</animation>
				<visible>IsEmpty(ListItem(1).Thumb)</visible>
			</control>
			<control type="image">
				<posx>347</posx>
				<posy>50</posy>
				<width>587</width>
				<height>655</height>
				<texture>polaroid-frames.png</texture>
				<aspectratio>keep</aspectratio>
			</control>
			<control type="label">
				<posx>401</posx>
				<posy>590</posy>
				<width>400</width>
				<height>35</height>
				<font>font-23</font>
				<textcolor>black</textcolor>
				<align>center</align>
				<aligny>center</aligny>
				<label>$INFO[ListItem(1).Label]</label>
				<animation effect="rotate" end="5" center="auto" time="0" reversible="false" condition="true">Conditional</animation>
			</control>
			<control type="label">
				<posx>403</posx>
				<posy>625</posy>
				<width>400</width>
				<height>35</height>
				<font>font-23</font>
				<textcolor>black</textcolor>
				<align>center</align>
				<aligny>center</aligny>
				<label>[I]$INFO[ListItem(1).Date][/I]</label>
				<animation effect="rotate" end="5" center="auto" time="0" reversible="false" condition="true">Conditional</animation>
			</control>
		</control>
		<control type="group">
			<visible>Control.IsVisible(597) + Container.OnPrevious</visible>
			<animation effect="slide" end="1000,-250" time="600" reversible="false">Hidden</animation>
			<control type="group">
				<visible>Container.OnPrevious</visible>
				<animation effect="rotate" start="20" end="0" center="auto" time="600" reversible="false">Hidden</animation>
				<control type="image">
					<posx>-608</posx>
					<posy>490</posy>
					<width>378</width>
					<height>345</height>
					<aspectratio>scale</aspectratio>
					<texture background="true">$INFO[ListItem(0).Icon]</texture>
					<animation effect="rotate" end="6" center="auto" time="0" reversible="false" condition="true">Conditional</animation>
				</control>
				<control type="image">
					<posx>-608</posx>
					<posy>490</posy>
					<width>378</width>
					<height>345</height>
					<aspectratio>scale</aspectratio>
					<texture>PolaroidBack.jpg</texture>
					<animation effect="rotate" end="6" center="auto" time="0" reversible="false" condition="true">Conditional</animation>
					<visible>IsEmpty(ListItem(0).Thumb)</visible>
				</control>
				<control type="image">
					<posx>-653</posx>
					<posy>300</posy>
					<width>587</width>
					<height>655</height>
					<texture>polaroid-frame.png</texture>
					<fadetime>FanartCrossfadeTime</fadetime>
					<aspectratio>keep</aspectratio>
				</control>
				<control type="label">
					<posx>-599</posx>
					<posy>840</posy>
					<width>400</width>
					<height>35</height>
					<font>font-23</font>
					<textcolor>black</textcolor>
					<align>center</align>
					<aligny>center</aligny>
					<label>$INFO[ListItem(0).Label]</label>
					<animation effect="rotate" end="5" center="auto" time="0" reversible="false" condition="true">Conditional</animation>
				</control>
				<control type="label">
					<posx>-597</posx>
					<posy>875</posy>
					<width>400</width>
					<height>35</height>
					<font>font-23</font>
					<textcolor>black</textcolor>
					<align>center</align>
					<aligny>center</aligny>
					<label>[I]$INFO[ListItem(0).Date][/I]</label>
					<animation effect="rotate" end="5" center="auto" time="0" reversible="false" condition="true">Conditional</animation>
				</control>
			</control>
		</control>
	</include>
</includes>
