<?xml version="1.0" encoding="UTF-8"?>
<includes>
	<include name="Thumbnail">
		<control type="panel" id="53">
			<posx>177</posx>
			<posy>114</posy>
			<width>906</width>
			<height>495</height>
			<onleft>9000</onleft>
			<onright>60</onright>
			<onup>53</onup>
			<ondown>53</ondown>
			<viewtype label="21371">icon</viewtype>
			<pagecontrol>60</pagecontrol>
			<scrolltime>200</scrolltime>
			<preloaditems>2</preloaditems>
			<itemlayout width="181" height="165" condition="!Container.Content(Albums) + !Container.Content(Songs) + !Container.Content(MusicVideos)">
				<control type="image">
					<posx>30</posx>
					<posy>11</posy>
					<width>120</width>
					<height>120</height>
					<texture border="45">thumb-nofocus.png</texture>
					<visible>!Container.Content(Artists)</visible>
				</control>
				<control type="image">
					<posx>35</posx>
					<posy>16</posy>
					<width>110</width>
					<height>110</height>
					<aspectratio scalediffuse="false">scale</aspectratio>
					<texture diffuse="thumb-diffuse.png" fallback="genre-music-icon.jpg">$VAR[MusicGenreIconThumbnail]</texture>
					<visible>!stringcompare(ListItem.Label,..) + !Skin.HasSetting(Enable_Foldericons_Music_Genre) + Container.Content(Genres) + stringcompare(Container.FolderPath,musicdb://genres/)</visible>
				</control>
				<control type="image">
					<posx>35</posx>
					<posy>16</posy>
					<width>110</width>
					<height>110</height>
					<aspectratio scalediffuse="false">scale</aspectratio>
					<texture diffuse="thumb-diffuse.png" background="true">$INFO[Listitem.Icon]</texture>
					<visible>!Container.Content(Addons) + !Container.Content(Artists) + !Window.IsVisible(Programs) + ![!Skin.HasSetting(Enable_Foldericons_Music_Genre) + Container.Content(Genres) + stringcompare(Container.FolderPath,musicdb://genres/)] | stringcompare(ListItem.Label,..)</visible>
				</control>
				<control type="image">
					<posx>35</posx>
					<posy>16</posy>
					<width>110</width>
					<height>110</height>
					<aspectratio scalediffuse="false">scale</aspectratio>
					<texture diffuse="thumb-diffuse.png" background="true" fallback="DefaultAddon.png">$INFO[Listitem.Icon]</texture>
					<visible>Container.Content(Addons)</visible>
				</control>
				<control type="image">
					<posx>30</posx>
					<posy>11</posy>
					<width>120</width>
					<height>120</height>
					<aspectratio scalediffuse="true">keep</aspectratio>
					<texture diffuse="thumb-diffuse.png" background="true">$INFO[Listitem.Icon]</texture>
					<bordersize>3</bordersize>
					<visible>[Container.Content(Artists) + stringcompare(ListItem.Label,..)] | Window.IsVisible(Programs)</visible>
				</control>
				<control type="image">
					<posx>30</posx>
					<posy>11</posy>
					<width>120</width>
					<height>120</height>
					<aspectratio scalediffuse="false">scale</aspectratio>
					<texture diffuse="thumb-diffuse.png" background="true">$INFO[Listitem.Icon]</texture>
					<bordertexture>thumb-shadow.png</bordertexture>
					<bordersize>3</bordersize>
					<visible>Container.Content(Artists) + !stringcompare(ListItem.Label,..)</visible>
				</control>
				<control type="label">
					<posx>10</posx>
					<posy>130</posy>
					<width>160</width>
					<height>25</height>
					<font>font-20</font>
					<textcolor>white</textcolor>
					<selectedcolor>blue</selectedcolor>
					<align>center</align>
					<aligny>center</aligny>
					<label>$INFO[ListItem.Label]</label>
				</control>
			</itemlayout>
			<focusedlayout width="181" height="165" condition="!Container.Content(Albums) + !Container.Content(Songs) + !Container.Content(MusicVideos)">
				<control type="image">
					<posx>30</posx>
					<posy>11</posy>
					<width>120</width>
					<height>120</height>
					<texture border="7">thumb-focus.png</texture>
					<animation type="focus">
						<effect type="slide" start="0,0" end="0,-4" time="200"/>
						<effect type="zoom" start="100" end="115" center="auto" time="200"/>
					</animation>
					<animation type="unfocus">
						<effect type="slide" start="0,-4" end="0,0" time="200"/>
						<effect type="zoom" start="115" end="100" center="auto" time="200"/>
					</animation>
					<visible>!Container.Content(Artists)</visible>
				</control>
				<control type="image">
					<posx>35</posx>
					<posy>16</posy>
					<width>110</width>
					<height>110</height>
					<aspectratio scalediffuse="false">scale</aspectratio>
					<texture diffuse="thumb-diffuse.png" fallback="genre-music-icon.jpg">$VAR[MusicGenreIconThumbnail]</texture>
					<animation type="focus">
						<effect type="slide" start="0,0" end="0,-4" time="200"/>
						<effect type="zoom" start="100" end="123" center="auto" time="200"/>
					</animation>
					<animation type="unfocus">
						<effect type="slide" start="0,-4" end="0,0" time="200"/>
						<effect type="zoom" start="123" end="100" center="auto" time="200"/>
					</animation>
					<visible>!stringcompare(ListItem.Label,..) + !Skin.HasSetting(Enable_Foldericons_Music_Genre) + Container.Content(Genres) + stringcompare(Container.FolderPath,musicdb://genres/)</visible>
				</control>
				<control type="image">
					<posx>35</posx>
					<posy>16</posy>
					<width>110</width>
					<height>110</height>
					<aspectratio scalediffuse="false">scale</aspectratio>
					<texture diffuse="thumb-diffuse.png" background="true">$INFO[Listitem.Icon]</texture>
					<animation type="focus">
						<effect type="slide" start="0,0" end="0,-4" time="200"/>
						<effect type="zoom" start="100" end="123" center="auto" time="200"/>
					</animation>
					<animation type="unfocus">
						<effect type="slide" start="0,-4" end="0,0" time="200"/>
						<effect type="zoom" start="123" end="100" center="auto" time="200"/>
					</animation>
					<visible>!Container.Content(Addons) + !Container.Content(Artists) + !Window.IsVisible(Programs) + ![!Skin.HasSetting(Enable_Foldericons_Music_Genre) + Container.Content(Genres) + stringcompare(Container.FolderPath,musicdb://genres/)] | stringcompare(ListItem.Label,..)</visible>
				</control>
				<control type="image">
					<posx>35</posx>
					<posy>16</posy>
					<width>110</width>
					<height>110</height>
					<aspectratio scalediffuse="false">scale</aspectratio>
					<texture diffuse="thumb-diffuse.png" background="true" fallback="DefaultAddon.png">$INFO[Listitem.Icon]</texture>
					<animation type="focus">
						<effect type="slide" start="0,0" end="0,-4" time="200"/>
						<effect type="zoom" start="100" end="123" center="auto" time="200"/>
					</animation>
					<animation type="unfocus">
						<effect type="slide" start="0,-4" end="0,0" time="200"/>
						<effect type="zoom" start="123" end="100" center="auto" time="200"/>
					</animation>
					<visible>Container.Content(Addons)</visible>
				</control>
				<control type="image">
					<posx>30</posx>
					<posy>11</posy>
					<width>120</width>
					<height>120</height>
					<aspectratio scalediffuse="true">keep</aspectratio>
					<texture diffuse="thumb-diffuse.png" background="true">$INFO[Listitem.Icon]</texture>
					<bordersize>3</bordersize>
					<animation type="focus">
						<effect type="slide" start="0,0" end="0,-4" time="200"/>
						<effect type="zoom" start="100" end="120" center="auto" time="200"/>
					</animation>
					<animation type="unfocus">
						<effect type="slide" start="0,-4" end="0,0" time="200"/>
						<effect type="zoom" start="120" end="100" center="auto" time="200"/>
					</animation>
					<visible>[Container.Content(Artists) + stringcompare(ListItem.Label,..)] | Window.IsVisible(Programs)</visible>
				</control>
				<control type="image">
					<posx>30</posx>
					<posy>11</posy>
					<width>120</width>
					<height>120</height>
					<aspectratio scalediffuse="false">scale</aspectratio>
					<texture diffuse="thumb-diffuse.png" background="true">$INFO[Listitem.Icon]</texture>
					<bordertexture>thumb-shadow.png</bordertexture>
					<bordersize>3</bordersize>
					<animation type="focus">
						<effect type="slide" start="0,0" end="0,-4" time="200"/>
						<effect type="zoom" start="100" end="120" center="auto" time="200"/>
					</animation>
					<animation type="unfocus">
						<effect type="slide" start="0,-4" end="0,0" time="200"/>
						<effect type="zoom" start="120" end="100" center="auto" time="200"/>
					</animation>
					<visible>Container.Content(Artists) + !stringcompare(ListItem.Label,..)</visible>
				</control>
				<control type="label">
					<posx>10</posx>
					<posy>130</posy>
					<width>160</width>
					<height>25</height>
					<font>font-20</font>
					<textcolor>blue</textcolor>
					<selectedcolor>blue</selectedcolor>
					<align>center</align>
					<aligny>center</aligny>
					<label>$INFO[ListItem.Label]</label>
				</control>
			</focusedlayout>
			<itemlayout width="181" height="165" condition="Container.Content(Albums) | Container.Content(Songs)">
				<control type="image">
					<posx>40</posx>
					<posy>17</posy>
					<width>116</width>
					<height>116</height>
					<aspectratio>stretch</aspectratio>
					<texture background="true">$INFO[Listitem.Icon]</texture>
				</control>
				<control type="image">
					<posx>26</posx>
					<posy>15</posy>
					<width>134</width>
					<height>120</height>
					<aspectratio>stretch</aspectratio>
					<texture>cdcase.png</texture>
					<visible>!stringcompare(ListItem.Label,..) + !Skin.HasSetting(HideMusicCase)</visible>
				</control>
				<control type="label">
					<posx>13</posx>
					<posy>138</posy>
					<width>160</width>
					<height>25</height>
					<font>font-20</font>
					<textcolor>white</textcolor>
					<selectedcolor>blue</selectedcolor>
					<align>center</align>
					<aligny>center</aligny>
					<label>$INFO[ListItem.Label]</label>
				</control>
			</itemlayout>
			<focusedlayout width="181" height="165" condition="Container.Content(Albums) | Container.Content(Songs)">
				<control type="image">
					<posx>40</posx>
					<posy>17</posy>
					<width>116</width>
					<height>116</height>
					<aspectratio>stretch</aspectratio>
					<texture background="true">$INFO[Listitem.Icon]</texture>
					<animation type="focus">
						<effect type="slide" start="0,0" end="0,-4" time="200"/>
						<effect type="zoom" start="100" end="120" center="auto" time="200"/>
					</animation>
					<animation type="unfocus">
						<effect type="slide" start="0,-4" end="0,0" time="200"/>
						<effect type="zoom" start="120" end="100" center="auto" time="200"/>
					</animation>
				</control>
				<control type="image">
					<posx>26</posx>
					<posy>15</posy>
					<width>134</width>
					<height>120</height>
					<aspectratio>stretch</aspectratio>
					<texture>cdcase.png</texture>
					<animation type="focus">
						<effect type="slide" start="0,0" end="0,-4" time="200"/>
						<effect type="zoom" start="100" end="120" center="auto" time="200"/>
					</animation>
					<animation type="unfocus">
						<effect type="slide" start="0,-4" end="0,0" time="200"/>
						<effect type="zoom" start="120" end="100" center="auto" time="200"/>
					</animation>
					<visible>!stringcompare(ListItem.Label,..) + !Skin.HasSetting(HideMusicCase)</visible>
				</control>
				<control type="label">
					<posx>13</posx>
					<posy>138</posy>
					<width>160</width>
					<height>25</height>
					<font>font-20</font>
					<textcolor>blue</textcolor>
					<selectedcolor>blue</selectedcolor>
					<align>center</align>
					<aligny>center</aligny>
					<label>$INFO[ListItem.Label]</label>
				</control>
			</focusedlayout>
			<itemlayout width="176" height="156" condition="Container.Content(MusicVideos)">
				<control type="image">
					<posx>28</posx>
					<posy>5</posy>
					<width>168</width>
					<height>102</height>
					<aspectratio>keep</aspectratio>
					<texture background="true">$INFO[Listitem.Icon]</texture>
					<bordertexture border="9">video-shadow.png</bordertexture>
					<visible>stringcompare(ListItem.Label,..)</visible>
				</control>
				<control type="image">
					<posx>28</posx>
					<posy>5</posy>
					<width>168</width>
					<height>102</height>
					<aspectratio scalediffuse="false">scale</aspectratio>
					<texture diffuse="video-diffuse.png" background="true">$INFO[Listitem.Icon]</texture>
					<bordertexture border="9">video-shadow.png</bordertexture>
					<bordersize>9</bordersize>
					<visible>!stringcompare(ListItem.Label,..)</visible>
				</control>
				<control type="label">
					<posx>29</posx>
					<posy>107</posy>
					<width>166</width>
					<height>25</height>
					<font>font-20</font>
					<textcolor>white</textcolor>
					<selectedcolor>blue</selectedcolor>
					<align>center</align>
					<aligny>center</aligny>
					<label>$INFO[ListItem.Label]</label>
				</control>
				<control type="image">
					<posx>155</posx>
					<posy>65</posy>
					<width>30</width>
					<height>30</height>
					<aspectratio>keep</aspectratio>
					<texture>$VAR[PartlyWatched]</texture>
					<visible>!Skin.HasSetting(Enable_MusicVideos_Watched_Flags)</visible>
				</control>
				<control type="image">
					<posx>155</posx>
					<posy>65</posy>
					<width>30</width>
					<height>30</height>
					<aspectratio>keep</aspectratio>
					<texture>$INFO[ListItem.Overlay]</texture>
					<visible>!Skin.HasSetting(Enable_MusicVideos_Watched_Flags)</visible>
				</control>
			</itemlayout>
			<focusedlayout width="176" height="156" condition="Container.Content(MusicVideos)">
				<control type="image">
					<posx>28</posx>
					<posy>5</posy>
					<width>168</width>
					<height>102</height>
					<aspectratio>keep</aspectratio>
					<texture background="true">$INFO[Listitem.Icon]</texture>
					<bordertexture border="9">video-shadow.png</bordertexture>
					<animation type="focus">
						<effect type="zoom" start="100" end="123" center="auto" time="200"/>
					</animation>
					<animation type="unfocus">
						<effect type="zoom" start="123" end="100" center="auto" time="200"/>
					</animation>
					<visible>stringcompare(ListItem.Label,..)</visible>
				</control>
				<control type="image">
					<posx>28</posx>
					<posy>5</posy>
					<width>168</width>
					<height>102</height>
					<aspectratio scalediffuse="false">scale</aspectratio>
					<texture diffuse="video-diffuse.png" background="true">$INFO[Listitem.Icon]</texture>
					<animation type="focus">
						<effect type="zoom" start="100" end="123" center="auto" time="200"/>
					</animation>
					<animation type="unfocus">
						<effect type="zoom" start="123" end="100" center="auto" time="200"/>
					</animation>
					<bordertexture border="9">video-shadow.png</bordertexture>
					<bordersize>9</bordersize>
					<visible>!stringcompare(ListItem.Label,..)</visible>
				</control>
				<control type="label">
					<posx>29</posx>
					<posy>107</posy>
					<width>166</width>
					<height>25</height>
					<font>font-20</font>
					<textcolor>blue</textcolor>
					<selectedcolor>blue</selectedcolor>
					<align>center</align>
					<aligny>center</aligny>
					<label>$INFO[ListItem.Label]</label>
				</control>
				<control type="image">
					<posx>155</posx>
					<posy>65</posy>
					<width>30</width>
					<height>30</height>
					<aspectratio>keep</aspectratio>
					<texture>$VAR[PartlyWatched]</texture>
					<visible>!Skin.HasSetting(Enable_MusicVideos_Watched_Flags)</visible>
					<animation type="focus">
						<effect type="slide" start="0,0" end="14,5" time="200"/>
						<effect type="zoom" start="100" end="123" center="auto" time="200"/>
					</animation>
					<animation type="unfocus">
						<effect type="slide" start="14,5" end="0,0" time="200"/>
						<effect type="zoom" start="123" end="100" center="auto" time="200"/>
					</animation>
				</control>
				<control type="image">
					<posx>155</posx>
					<posy>65</posy>
					<width>30</width>
					<height>30</height>
					<aspectratio>keep</aspectratio>
					<texture>$INFO[ListItem.Overlay]</texture>
					<visible>!Skin.HasSetting(Enable_MusicVideos_Watched_Flags)</visible>
					<animation type="focus">
						<effect type="slide" start="0,0" end="14,5" time="200"/>
						<effect type="zoom" start="100" end="123" center="auto" time="200"/>
					</animation>
					<animation type="unfocus">
						<effect type="slide" start="14,5" end="0,0" time="200"/>
						<effect type="zoom" start="123" end="100" center="auto" time="200"/>
					</animation>
				</control>
			</focusedlayout>
		</control>
	</include>
	<include name="Thumbnail-Videos">
		<control type="panel" id="53">
			<visible>![Container.Content(TVShows) + Skin.HasSetting(TVShowsPosters)]</visible>
			<posx>200</posx>
			<posy>135</posy>
			<width>880</width>
			<height>470</height>
			<onleft>9000</onleft>
			<onright>60</onright>
			<onup>53</onup>
			<ondown>53</ondown>
			<viewtype label="21371">icon</viewtype>
			<pagecontrol>60</pagecontrol>
			<scrolltime>200</scrolltime>
			<preloaditems>2</preloaditems>
			<itemlayout width="176" height="235" condition="!Container.Content(Movies) + !Container.Content(Sets) + ![Container.Content(TVShows) + !Skin.HasSetting(TVShowsPosters)] + !Container.Content(Seasons) + !Container.Content(Episodes) + !Container.Content(MusicVideos)">
				<control type="image">
					<posx>14</posx>
					<posy>11</posy>
					<width>148</width>
					<height>148</height>
					<texture border="7">thumb-nofocus.png</texture>
				</control>
				<control type="image">
					<posx>19</posx>
					<posy>16</posy>
					<width>138</width>
					<height>138</height>
					<aspectratio scalediffuse="false">scale</aspectratio>
					<texture diffuse="thumb-diffuse.png" fallback="genre-movies-icon.jpg">$VAR[MovieGenreIconThumbnail]</texture>
					<visible>!stringcompare(ListItem.Label,..) + !Skin.HasSetting(Enable_Foldericons_Movies_Genre) + stringcompare(Container.FolderPath,videodb://movies/genres/)</visible>
				</control>
				<control type="image">
					<posx>19</posx>
					<posy>16</posy>
					<width>138</width>
					<height>138</height>
					<aspectratio scalediffuse="false">scale</aspectratio>
					<texture diffuse="thumb-diffuse.png" fallback="genre-tvshows-icon.jpg">$VAR[MovieGenreIconThumbnail]</texture>
					<visible>!stringcompare(ListItem.Label,..) + !Skin.HasSetting(Enable_Foldericons_TVShows_Genre) + stringcompare(Container.FolderPath,videodb://tvshows/genres/)</visible>
				</control>
				<control type="image">
					<posx>19</posx>
					<posy>16</posy>
					<width>138</width>
					<height>138</height>
					<aspectratio scalediffuse="false">scale</aspectratio>
					<texture diffuse="thumb-diffuse.png" fallback="genre-music-icon.jpg">$VAR[MusicGenreIconThumbnail]</texture>
					<visible>!stringcompare(ListItem.Label,..) + !Skin.HasSetting(Enable_Foldericons_MusicVideos_Genre) + stringcompare(Container.FolderPath,videodb://musicvideos/genres/)</visible>
				</control>
				<control type="image">
					<posx>19</posx>
					<posy>16</posy>
					<width>138</width>
					<height>138</height>
					<aspectratio scalediffuse="false">scale</aspectratio>
					<texture diffuse="thumb-diffuse.png" background="true">$VAR[IconPoster]</texture>
					<visible>stringcompare(ListItem.Label,..) | [!stringcompare(ListItem.Label,..) + [[Skin.HasSetting(Enable_Foldericons_Movies_Genre) + stringcompare(Container.FolderPath,videodb://movies/genres/)] | [Skin.HasSetting(Enable_Foldericons_TVShows_Genre) + stringcompare(Container.FolderPath,videodb://tvshows/genres/)] | [Skin.HasSetting(Enable_Foldericons_MusicVideos_Genre) + stringcompare(Container.FolderPath,videodb://musicvideos/genres/)]]] | !Container.Content(Genres)</visible>
				</control>
				<control type="label">
					<posx>6</posx>
					<posy>180</posy>
					<width>166</width>
					<height>25</height>
					<font>font-20</font>
					<textcolor>white</textcolor>
					<selectedcolor>blue</selectedcolor>
					<align>center</align>
					<aligny>center</aligny>
					<label>$INFO[ListItem.Label]</label>
				</control>
				<control type="image">
					<posx>128</posx>
					<posy>125</posy>
					<width>30</width>
					<height>30</height>
					<aspectratio>keep</aspectratio>
					<texture>$VAR[PartlyWatched]</texture>
					<visible>[Container.Content(TVShows) + !Skin.HasSetting(Enable_TVShows_Watched_Flags)] | [Container.Content(Files) + !Skin.HasSetting(Enable_Videos_Watched_Flags)]</visible>
				</control>
				<control type="image">
					<posx>128</posx>
					<posy>125</posy>
					<width>30</width>
					<height>30</height>
					<aspectratio>keep</aspectratio>
					<texture>$INFO[ListItem.Overlay]</texture>
					<visible>[Container.Content(TVShows) + !Skin.HasSetting(Enable_TVShows_Watched_Flags)] | [Container.Content(Files) + !Skin.HasSetting(Enable_Videos_Watched_Flags)]</visible>
				</control>
			</itemlayout>
			<focusedlayout width="176" height="235" condition="!Container.Content(Movies) + !Container.Content(Sets) + ![Container.Content(TVShows) + !Skin.HasSetting(TVShowsPosters)] + !Container.Content(Seasons) + !Container.Content(Episodes) + !Container.Content(MusicVideos)">
				<control type="image">
					<posx>14</posx>
					<posy>11</posy>
					<width>148</width>
					<height>148</height>
					<texture border="7">thumb-focus.png</texture>
					<animation type="focus">
						<effect type="slide" start="0,0" end="0,-4" time="200"/>
						<effect type="zoom" start="100" end="123" center="auto" time="200"/>
					</animation>
					<animation type="unfocus">
						<effect type="slide" start="0,-4" end="0,0" time="200"/>
						<effect type="zoom" start="123" end="100" center="auto" time="200"/>
					</animation>
				</control>
				<control type="image">
					<posx>19</posx>
					<posy>16</posy>
					<width>138</width>
					<height>138</height>
					<aspectratio scalediffuse="false">scale</aspectratio>
					<texture diffuse="thumb-diffuse.png" fallback="genre-movies-icon.jpg">$VAR[MovieGenreIconThumbnail]</texture>
					<animation type="focus">
						<effect type="slide" start="0,0" end="0,-4" time="200"/>
						<effect type="zoom" start="100" end="123" center="auto" time="200"/>
					</animation>
					<animation type="unfocus">
						<effect type="slide" start="0,-4" end="0,0" time="200"/>
						<effect type="zoom" start="123" end="100" center="auto" time="200"/>
					</animation>
					<visible>!stringcompare(ListItem.Label,..) + !Skin.HasSetting(Enable_Foldericons_Movies_Genre) + stringcompare(Container.FolderPath,videodb://movies/genres/)</visible>
				</control>
				<control type="image">
					<posx>19</posx>
					<posy>16</posy>
					<width>138</width>
					<height>138</height>
					<aspectratio scalediffuse="false">scale</aspectratio>
					<texture diffuse="thumb-diffuse.png" fallback="genre-tvshows-icon.jpg">$VAR[MovieGenreIconThumbnail]</texture>
					<animation type="focus">
						<effect type="slide" start="0,0" end="0,-4" time="200"/>
						<effect type="zoom" start="100" end="123" center="auto" time="200"/>
					</animation>
					<animation type="unfocus">
						<effect type="slide" start="0,-4" end="0,0" time="200"/>
						<effect type="zoom" start="123" end="100" center="auto" time="200"/>
					</animation>
					<visible>!stringcompare(ListItem.Label,..) + !Skin.HasSetting(Enable_Foldericons_TVShows_Genre) + stringcompare(Container.FolderPath,videodb://tvshows/genres/)</visible>
				</control>
				<control type="image">
					<posx>19</posx>
					<posy>16</posy>
					<width>138</width>
					<height>138</height>
					<aspectratio scalediffuse="false">scale</aspectratio>
					<texture diffuse="thumb-diffuse.png" fallback="genre-music-icon.jpg">$VAR[MusicGenreIconThumbnail]</texture>
					<animation type="focus">
						<effect type="slide" start="0,0" end="0,-4" time="200"/>
						<effect type="zoom" start="100" end="123" center="auto" time="200"/>
					</animation>
					<animation type="unfocus">
						<effect type="slide" start="0,-4" end="0,0" time="200"/>
						<effect type="zoom" start="123" end="100" center="auto" time="200"/>
					</animation>
					<visible>!stringcompare(ListItem.Label,..) + !Skin.HasSetting(Enable_Foldericons_MusicVideos_Genre) + stringcompare(Container.FolderPath,videodb://musicvideos/genres/)</visible>
				</control>
				<control type="image">
					<posx>19</posx>
					<posy>16</posy>
					<width>138</width>
					<height>138</height>
					<aspectratio scalediffuse="false">scale</aspectratio>
					<texture diffuse="thumb-diffuse.png" background="true">$VAR[IconPoster]</texture>
					<animation type="focus">
						<effect type="slide" start="0,0" end="0,-4" time="200"/>
						<effect type="zoom" start="100" end="123" center="auto" time="200"/>
					</animation>
					<animation type="unfocus">
						<effect type="slide" start="0,-4" end="0,0" time="200"/>
						<effect type="zoom" start="123" end="100" center="auto" time="200"/>
					</animation>
					<visible>stringcompare(ListItem.Label,..) | [!stringcompare(ListItem.Label,..) + [[Skin.HasSetting(Enable_Foldericons_Movies_Genre) + stringcompare(Container.FolderPath,videodb://movies/genres/)] | [Skin.HasSetting(Enable_Foldericons_TVShows_Genre) + stringcompare(Container.FolderPath,videodb://tvshows/genres/)] | [Skin.HasSetting(Enable_Foldericons_MusicVideos_Genre) + stringcompare(Container.FolderPath,videodb://musicvideos/genres/)]]] | !Container.Content(Genres)</visible>
				</control>
				<control type="label">
					<posx>6</posx>
					<posy>180</posy>
					<width>166</width>
					<height>25</height>
					<font>font-20</font>
					<textcolor>blue</textcolor>
					<selectedcolor>blue</selectedcolor>
					<align>center</align>
					<aligny>center</aligny>
					<label>$INFO[ListItem.Label]</label>
				</control>
				<control type="image">
					<posx>128</posx>
					<posy>125</posy>
					<width>30</width>
					<height>30</height>
					<aspectratio>keep</aspectratio>
					<texture>$VAR[PartlyWatched]</texture>
					<visible>[Container.Content(TVShows) + !Skin.HasSetting(Enable_TVShows_Watched_Flags)] | [Container.Content(Files) + !Skin.HasSetting(Enable_Videos_Watched_Flags)]</visible>
				</control>
				<control type="image">
					<posx>128</posx>
					<posy>125</posy>
					<width>30</width>
					<height>30</height>
					<aspectratio>keep</aspectratio>
					<texture>$INFO[ListItem.Overlay]</texture>
					<visible>[Container.Content(TVShows) + !Skin.HasSetting(Enable_TVShows_Watched_Flags)] | [Container.Content(Files) + !Skin.HasSetting(Enable_Videos_Watched_Flags)]</visible>
				</control>
			</focusedlayout>
			<itemlayout width="176" height="156" condition="Container.Content(Episodes) | Container.Content(MusicVideos)">
				<control type="image">
					<posx>3</posx>
					<posy>5</posy>
					<width>168</width>
					<height>102</height>
					<aspectratio>keep</aspectratio>
					<texture background="true">$INFO[Listitem.Icon]</texture>
					<bordersize>9</bordersize>
					<visible>stringcompare(ListItem.Label,..)</visible>
				</control>
				<control type="image">
					<posx>3</posx>
					<posy>5</posy>
					<width>168</width>
					<height>102</height>
					<aspectratio scalediffuse="false">scale</aspectratio>
					<texture diffuse="video-diffuse.png" background="true">$INFO[Listitem.Icon]</texture>
					<bordertexture border="9">video-shadow.png</bordertexture>
					<bordersize>9</bordersize>
					<visible>!stringcompare(ListItem.Label,..)</visible>
				</control>
				<control type="label">
					<posx>4</posx>
					<posy>107</posy>
					<width>166</width>
					<height>25</height>
					<font>font-20</font>
					<textcolor>white</textcolor>
					<selectedcolor>blue</selectedcolor>
					<align>center</align>
					<aligny>center</aligny>
					<label>$INFO[ListItem.Label]</label>
				</control>
				<control type="image">
					<posx>130</posx>
					<posy>65</posy>
					<width>30</width>
					<height>30</height>
					<aspectratio>keep</aspectratio>
					<texture>$VAR[PartlyWatched]</texture>
					<visible>[Container.Content(Episodes) + !Skin.HasSetting(Enable_TVShows_Watched_Flags)] | [Container.Content(MusicVideos) + !Skin.HasSetting(Enable_MusicVideos_Watched_Flags)]</visible>
				</control>
				<control type="image">
					<posx>130</posx>
					<posy>65</posy>
					<width>30</width>
					<height>30</height>
					<aspectratio>keep</aspectratio>
					<texture>$INFO[ListItem.Overlay]</texture>
					<visible>[Container.Content(Episodes) + !Skin.HasSetting(Enable_TVShows_Watched_Flags)] | [Container.Content(MusicVideos) + !Skin.HasSetting(Enable_MusicVideos_Watched_Flags)]</visible>
				</control>
			</itemlayout>
			<focusedlayout width="176" height="156" condition="Container.Content(Episodes) | Container.Content(MusicVideos)">
				<control type="image">
					<posx>3</posx>
					<posy>5</posy>
					<width>168</width>
					<height>102</height>
					<aspectratio>keep</aspectratio>
					<texture background="true">$INFO[Listitem.Icon]</texture>
					<bordersize>9</bordersize>
					<animation type="focus">
						<effect type="zoom" start="100" end="123" center="auto" time="200"/>
					</animation>
					<animation type="unfocus">
						<effect type="zoom" start="123" end="100" center="auto" time="200"/>
					</animation>
					<visible>stringcompare(ListItem.Label,..)</visible>
				</control>
				<control type="image">
					<posx>3</posx>
					<posy>5</posy>
					<width>168</width>
					<height>102</height>
					<aspectratio scalediffuse="false">scale</aspectratio>
					<texture diffuse="video-diffuse.png" background="true">$INFO[Listitem.Icon]</texture>
					<bordertexture border="9">video-shadow.png</bordertexture>
					<bordersize>9</bordersize>
					<animation type="focus">
						<effect type="zoom" start="100" end="123" center="auto" time="200"/>
					</animation>
					<animation type="unfocus">
						<effect type="zoom" start="123" end="100" center="auto" time="200"/>
					</animation>
					<visible>!stringcompare(ListItem.Label,..)</visible>
				</control>
				<control type="label">
					<posx>4</posx>
					<posy>107</posy>
					<width>166</width>
					<height>25</height>
					<font>font-20</font>
					<textcolor>blue</textcolor>
					<selectedcolor>blue</selectedcolor>
					<align>center</align>
					<aligny>center</aligny>
					<label>$INFO[ListItem.Label]</label>
				</control>
				<control type="image">
					<posx>130</posx>
					<posy>65</posy>
					<width>30</width>
					<height>30</height>
					<aspectratio>keep</aspectratio>
					<texture>$VAR[PartlyWatched]</texture>
					<animation type="focus">
						<effect type="slide" start="0,0" end="14,5" time="200"/>
						<effect type="zoom" start="100" end="123" center="auto" time="200"/>
					</animation>
					<animation type="unfocus">
						<effect type="slide" start="14,5" end="0,0" time="200"/>
						<effect type="zoom" start="123" end="100" center="auto" time="200"/>
					</animation>
					<visible>[Container.Content(Episodes) + !Skin.HasSetting(Enable_TVShows_Watched_Flags)] | [Container.Content(MusicVideos) + !Skin.HasSetting(Enable_MusicVideos_Watched_Flags)]</visible>
				</control>
				<control type="image">
					<posx>130</posx>
					<posy>65</posy>
					<width>30</width>
					<height>30</height>
					<aspectratio>keep</aspectratio>
					<texture>$INFO[ListItem.Overlay]</texture>
					<animation type="focus">
						<effect type="slide" start="0,0" end="14,5" time="200"/>
						<effect type="zoom" start="100" end="123" center="auto" time="200"/>
					</animation>
					<animation type="unfocus">
						<effect type="slide" start="14,5" end="0,0" time="200"/>
						<effect type="zoom" start="123" end="100" center="auto" time="200"/>
					</animation>
					<visible>[Container.Content(Episodes) + !Skin.HasSetting(Enable_TVShows_Watched_Flags)] | [Container.Content(MusicVideos) + !Skin.HasSetting(Enable_MusicVideos_Watched_Flags)]</visible>
				</control>
			</focusedlayout>
			<itemlayout width="176" height="235" condition="Container.Content(Movies) | Container.Content(Sets) | [Container.Content(TVShows) + !Skin.HasSetting(TVShowsPosters)] | Container.Content(Seasons)">
				<control type="image">
					<posx>18</posx>
					<posy>17</posy>
					<width>130</width>
					<height>184</height>
					<aspectratio>stretch</aspectratio>
					<texture background="true">$INFO[Listitem.Icon]</texture>
					<visible>stringcompare(ListItem.Label,..)</visible>
				</control>
				<control type="image">
					<posx>18</posx>
					<posy>17</posy>
					<width>130</width>
					<height>184</height>
					<aspectratio>stretch</aspectratio>
					<texture fallback="DefaultVideo.png" background="true">$VAR[IconPoster]</texture>
					<visible>!stringcompare(ListItem.Label,..)</visible>
				</control>
				<control type="image">
					<posx>18</posx>
					<posy>4</posy>
					<width>140</width>
					<height>210</height>
					<aspectratio>stretch</aspectratio>
					<texture fallback="case-sets.png">case$INFO[ListItem.VideoResolution].png</texture>
					<visible>![[Container.Content(TVShows) + !Skin.HasSetting(TVShowsPosters)] | Container.Content(Seasons)] + !stringcompare(ListItem.Label,..) + !Skin.HasSetting(HideMovieCase)</visible>
				</control>
				<control type="image">
					<posx>18</posx>
					<posy>4</posy>
					<width>140</width>
					<height>210</height>
					<aspectratio>stretch</aspectratio>
					<texture>case-tv.png</texture>
					<visible>[[Container.Content(TVShows) + !Skin.HasSetting(TVShowsPosters)] | Container.Content(Seasons)] + !stringcompare(ListItem.Label,..) + !Skin.HasSetting(HideTVShowCase)</visible>
				</control>
				<control type="label">
					<posx>5</posx>
					<posy>206</posy>
					<width>160</width>
					<height>25</height>
					<font>font-20</font>
					<textcolor>white</textcolor>
					<selectedcolor>blue</selectedcolor>
					<align>center</align>
					<aligny>center</aligny>
					<label>$INFO[ListItem.Label]</label>
				</control>
				<control type="image">
					<posx>120</posx>
					<posy>169</posy>
					<width>30</width>
					<height>30</height>
					<aspectratio>keep</aspectratio>
					<texture>$VAR[PartlyWatched]</texture>
					<visible>[Container.Content(Movies) + !Skin.HasSetting(Enable_Movies_Watched_Flags)] | [Container.Content(TVShows) + !Skin.HasSetting(TVShowsPosters) + !Skin.HasSetting(Enable_TVShows_Watched_Flags)]</visible>
				</control>
				<control type="image">
					<posx>120</posx>
					<posy>169</posy>
					<width>30</width>
					<height>30</height>
					<aspectratio>keep</aspectratio>
					<texture>$INFO[ListItem.Overlay]</texture>
					<visible>[Container.Content(Movies) + !Skin.HasSetting(Enable_Movies_Watched_Flags)] | [Container.Content(TVShows) + !Skin.HasSetting(TVShowsPosters) + !Skin.HasSetting(Enable_TVShows_Watched_Flags)]</visible>
				</control>
			</itemlayout>
			<focusedlayout width="176" height="235" condition="Container.Content(Movies) | Container.Content(Sets) | [Container.Content(TVShows) + !Skin.HasSetting(TVShowsPosters)] | Container.Content(Seasons)">
				<control type="image">
					<posx>18</posx>
					<posy>17</posy>
					<width>130</width>
					<height>184</height>
					<aspectratio>stretch</aspectratio>
					<texture background="true">$INFO[Listitem.Icon]</texture>
					<animation type="focus">
						<effect type="slide" start="0,0" end="0,-11" time="200"/>
						<effect type="zoom" start="100" end="118" center="auto" time="200"/>
					</animation>
					<animation type="unfocus">
						<effect type="slide" start="0,-11" end="0,0" time="200"/>
						<effect type="zoom" start="118" end="100" center="auto" time="200"/>
					</animation>
					<visible>stringcompare(ListItem.Label,..)</visible>
				</control>
				<control type="image">
					<posx>18</posx>
					<posy>17</posy>
					<width>130</width>
					<height>184</height>
					<aspectratio>stretch</aspectratio>
					<texture fallback="DefaultVideo.png" background="true">$VAR[IconPoster]</texture>
					<animation type="focus">
						<effect type="slide" start="0,0" end="0,-11" time="200"/>
						<effect type="zoom" start="100" end="118" center="auto" time="200"/>
					</animation>
					<animation type="unfocus">
						<effect type="slide" start="0,-11" end="0,0" time="200"/>
						<effect type="zoom" start="118" end="100" center="auto" time="200"/>
					</animation>
					<visible>!stringcompare(ListItem.Label,..)</visible>
				</control>
				<control type="image">
					<posx>18</posx>
					<posy>4</posy>
					<width>140</width>
					<height>210</height>
					<aspectratio>stretch</aspectratio>
					<texture fallback="case-sets.png">case$INFO[ListItem.VideoResolution].png</texture>
					<animation type="focus">
						<effect type="slide" start="0,0" end="0,-11" time="200"/>
						<effect type="zoom" start="100" end="118" center="auto" time="200"/>
					</animation>
					<animation type="unfocus">
						<effect type="slide" start="0,-11" end="0,0" time="200"/>
						<effect type="zoom" start="118" end="100" center="auto" time="200"/>
					</animation>
					<visible>![[Container.Content(TVShows) + !Skin.HasSetting(TVShowsPosters)] | Container.Content(Seasons)] + !stringcompare(ListItem.Label,..) + !Skin.HasSetting(HideMovieCase)</visible>
				</control>
				<control type="image">
					<posx>18</posx>
					<posy>4</posy>
					<width>140</width>
					<height>210</height>
					<aspectratio>stretch</aspectratio>
					<texture>case-tv.png</texture>
					<animation type="focus">
						<effect type="slide" start="0,0" end="0,-11" time="200"/>
						<effect type="zoom" start="100" end="118" center="auto" time="200"/>
					</animation>
					<animation type="unfocus">
						<effect type="slide" start="0,-11" end="0,0" time="200"/>
						<effect type="zoom" start="118" end="100" center="auto" time="200"/>
					</animation>
					<visible>[[Container.Content(TVShows) + !Skin.HasSetting(TVShowsPosters)] | Container.Content(Seasons)] + !stringcompare(ListItem.Label,..) + !Skin.HasSetting(HideTVShowCase)</visible>
				</control>
				<control type="image">
					<posx>112</posx>
					<posy>176</posy>
					<width>44</width>
					<height>28</height>
					<texture>movieset.png</texture>
					<animation effect="fade" start="0" end="100" time="200" delay="200">Visible</animation>
					<animation effect="fade" start="100" end="0" time="0" condition="!Control.HasFocus(53)">Conditional</animation>
					<visible>Container.Content(Movies) + ListItem.IsFolder + !stringcompare(ListItem.Label,..) + SubString(Container.Folderpath,videodb://,left)</visible>
				</control>
				<control type="label">
					<posx>5</posx>
					<posy>206</posy>
					<width>160</width>
					<height>25</height>
					<font>font-20</font>
					<textcolor>blue</textcolor>
					<selectedcolor>blue</selectedcolor>
					<align>center</align>
					<aligny>center</aligny>	
					<label>$INFO[ListItem.Label]</label>
				</control>
				<control type="image">
					<posx>120</posx>
					<posy>169</posy>
					<width>30</width>
					<height>30</height>
					<aspectratio>keep</aspectratio>
					<texture>$VAR[PartlyWatched]</texture>
					<animation type="focus">
						<effect type="slide" start="0,0" end="8,3" time="200"/>
						<effect type="zoom" start="100" end="117" center="auto" time="200"/>
					</animation>
					<animation type="unfocus">
						<effect type="slide" start="8,3" end="0,0" time="200"/>
						<effect type="zoom" start="117" end="100" center="auto" time="200"/>
					</animation>
					<visible>[Container.Content(Movies) + !Skin.HasSetting(Enable_Movies_Watched_Flags)] | [Container.Content(TVShows) + !Skin.HasSetting(TVShowsPosters) + !Skin.HasSetting(Enable_TVShows_Watched_Flags)]</visible>
				</control>
				<control type="image">
					<posx>120</posx>
					<posy>169</posy>
					<width>30</width>
					<height>30</height>
					<aspectratio>keep</aspectratio>
					<texture>$INFO[ListItem.Overlay]</texture>
					<animation type="focus">
						<effect type="slide" start="0,0" end="8,3" time="200"/>
						<effect type="zoom" start="100" end="117" center="auto" time="200"/>
					</animation>
					<animation type="unfocus">
						<effect type="slide" start="8,3" end="0,0" time="200"/>
						<effect type="zoom" start="117" end="100" center="auto" time="200"/>
					</animation>
					<visible>[Container.Content(Movies) + !Skin.HasSetting(Enable_Movies_Watched_Flags)] | [Container.Content(TVShows) + !Skin.HasSetting(TVShowsPosters) + !Skin.HasSetting(Enable_TVShows_Watched_Flags)]</visible>
				</control>
			</focusedlayout>
		</control>
	</include>
	<include name="Thumbnail-Videos_Extras">
		<control type="group">
			<visible>Control.IsVisible(53) + [Container.Content(Movies) | Container.Content(Episodes) | Container.Content(MusicVideos)]</visible>
			<include>Window_OpenClose_Visible_MediaFlags_Animation</include>
			<control type="image">
				<posx>330</posx>
				<posy>618</posy>
				<width>626</width>
				<height>42</height>
				<texture diffuse="underlay2-diffuse.png" border="4">underlay2.png</texture>
				<visible>!Skin.HasSetting(Enable_Movies_Media_Flags) + Container.Content(Movies)</visible>
			</control>
			<control type="image">
				<posx>330</posx>
				<posy>618</posy>
				<width>626</width>
				<height>42</height>
				<texture diffuse="underlay2-diffuse.png" border="4">underlay2.png</texture>
				<visible>!Skin.HasSetting(Enable_TVShows_Media_Flags) + Container.Content(Episodes)</visible>
			</control>
			<control type="image">
				<posx>330</posx>
				<posy>618</posy>
				<width>626</width>
				<height>42</height>
				<texture diffuse="underlay2-diffuse.png" border="4">underlay2.png</texture>
				<visible>!Skin.HasSetting(Enable_MusicVideos_Media_Flags) + Container.Content(MusicVideos)</visible>
			</control>
			<control type="group">
				<posx>370</posx>
				<posy>615</posy>
				<width>540</width>
				<height>48</height>
				<include condition="!Skin.HasSetting(Enable_Movies_Media_Flags)">VideoMediaFlags</include>
				<visible>Container.Content(Movies)</visible>
			</control>
			<control type="group">
				<posx>370</posx>
				<posy>615</posy>
				<width>540</width>
				<height>48</height>
				<include condition="!Skin.HasSetting(Enable_TVShows_Media_Flags)">VideoMediaFlags</include>
				<visible>Container.Content(Episodes)</visible>
			</control>
			<control type="group">
				<posx>370</posx>
				<posy>615</posy>
				<width>540</width>
				<height>48</height>
				<include condition="!Skin.HasSetting(Enable_MusicVideos_Media_Flags)">VideoMediaFlags</include>
				<visible>Container.Content(MusicVideos)</visible>
			</control>
		</control>
	</include>
</includes>
