<?xml version="1.0" encoding="UTF-8"?>
<includes>
	<include name="List">
		<control type="list" id="51">
			<posx>200</posx>
			<posy>142</posy>
			<width>470</width>
			<height>436</height>
			<onleft>9000</onleft>
			<onright>60</onright>
			<onup>51</onup>
			<ondown>51</ondown>
			<viewtype label="535">list</viewtype>
			<pagecontrol>60</pagecontrol>
			<scrolltime>200</scrolltime>
			<preloaditems>2</preloaditems>
			<itemlayout width="470" height="29">
				<control type="image">
					<posx>0</posx>
					<posy>0</posy>
					<width>470</width>
					<height>30</height>
					<texture border="7">list-nofocus.png</texture>
					<include>VisibleFadeEffect</include>
				</control>
				<control type="label">
					<posx>10</posx>
					<posy>0</posy>
					<width>450</width>
					<height>30</height>
					<font>font-20</font>
					<textcolor>white</textcolor>
					<selectedcolor>blue</selectedcolor>
					<align>left</align>
					<aligny>center</aligny>
					<label>$INFO[ListItem.Label]</label>
				</control>
				<control type="label">
					<posx>10</posx>
					<posy>0</posy>
					<width>450</width>
					<height>30</height>
					<font>font-20</font>
					<textcolor>lightblue</textcolor>
					<selectedcolor>blue</selectedcolor>
					<align>right</align>
					<aligny>center</aligny>
					<label>$INFO[ListItem.Label2]</label>
				</control>
			</itemlayout>
			<focusedlayout width="470" height="29">
				<control type="image">
					<posx>0</posx>
					<posy>0</posy>
					<width>470</width>
					<height>30</height>
					<texture border="7">list-nofocus.png</texture>
					<include>VisibleFadeEffect</include>
				</control>
				<control type="image">
					<posx>0</posx>
					<posy>0</posy>
					<width>470</width>
					<height>30</height>
					<texture border="7">list-focus2.png</texture>
					<include>VisibleFadeEffect</include>
					<include>ListFocusScroll</include>
					<visible>Control.HasFocus(51)</visible>
				</control>
				<control type="label">
					<posx>10</posx>
					<posy>0</posy>
					<width>450</width>
					<height>30</height>
					<font>font-20</font>
					<textcolor>white</textcolor>
					<selectedcolor>blue</selectedcolor>
					<align>left</align>
					<aligny>center</aligny>
					<label>$INFO[ListItem.Label]</label>
				</control>
				<control type="label">
					<posx>10</posx>
					<posy>0</posy>
					<width>450</width>
					<height>30</height>
					<font>font-20</font>
					<textcolor>lightblue</textcolor>
					<selectedcolor>blue</selectedcolor>
					<align>right</align>
					<aligny>center</aligny>
					<label>$INFO[ListItem.Label2]</label>
				</control>
			</focusedlayout>
		</control>
		<control type="image">
			<posx>704</posx>
			<posy>167</posy>
			<width>386</width>
			<height>386</height>
			<aspectratio scalediffuse="false">scale</aspectratio>
			<texture diffuse="thumb-diffuse.png" background="true">$INFO[ListItem.Icon]</texture>
			<fadetime>IconCrossfadeTime</fadetime>
			<visible>Control.IsVisible(51) + !Container.Content(Addons)</visible>
		</control>
		<control type="image">
			<posx>704</posx>
			<posy>167</posy>
			<width>386</width>
			<height>386</height>
			<aspectratio scalediffuse="false">scale</aspectratio>
			<texture diffuse="thumb-diffuse.png" background="true" fallback="DefaultAddon.png">$INFO[ListItem.Icon]</texture>
			<fadetime>IconCrossfadeTime</fadetime>
			<visible>Control.IsVisible(51) + Container.Content(Addons)</visible>
		</control>
		<control type="label">
			<description>textarea</description>
			<posx>704</posx>
			<posy>520</posy>
			<width>386</width>
			<height>103</height>
			<label>[B]$LOCALIZE[31061][CR]$INFO[Window.Property(Updated)][/B]</label>
			<font>font-19</font>
			<align>center</align>
			<aligny>center</aligny>
			<textcolor>white</textcolor>
			<shadowcolor>black</shadowcolor>
			<wrapmultiline>true</wrapmultiline>
			<visible>StringCompare(ListItem.Path,addons://)</visible>
		</control>
	</include>
	<include name="List-Videos">
		<control type="list" id="51">
			<visible>![Container.Content(TVShows) + Skin.HasSetting(TVShowsPosters)]</visible>
			<posx>200</posx>
			<posy>142</posy>
			<width>470</width>
			<height>436</height>
			<onleft>9000</onleft>
			<onright>60</onright>
			<onup>51</onup>
			<ondown>51</ondown>
			<viewtype label="535">list</viewtype>
			<pagecontrol>60</pagecontrol>
			<scrolltime>200</scrolltime>
			<preloaditems>2</preloaditems>
			<itemlayout width="470" height="29">
				<control type="image">
					<posx>0</posx>
					<posy>0</posy>
					<width>470</width>
					<height>30</height>
					<texture border="7">list-nofocus.png</texture>
					<include>VisibleFadeEffect</include>
				</control>
				<control type="label">
					<posx>10</posx>
					<posy>0</posy>
					<width>410</width>
					<height>30</height>
					<font>font-20</font>
					<textcolor>white</textcolor>
					<selectedcolor>blue</selectedcolor>
					<align>left</align>
					<aligny>center</aligny>
					<label>$INFO[ListItem.Label]</label>
				</control>
				<control type="label">
					<posx>10</posx>
					<posy>0</posy>
					<width>410</width>
					<height>30</height>
					<font>font-20</font>
					<textcolor>lightblue</textcolor>
					<selectedcolor>blue</selectedcolor>
					<align>right</align>
					<aligny>center</aligny>
					<label>$INFO[ListItem.Label2]</label>
					<animation effect="slide" start="0,0" end="40,0" time="0" condition="[Container.Content(Movies) + Skin.HasSetting(Enable_Movies_Watched_Flags)] | [Container.Content(Episodes) + Skin.HasSetting(Enable_TVShows_Watched_Flags)] | [Container.Content(MusicVideos) + Skin.HasSetting(Enable_MusicVideos_Watched_Flags)] | [Container.Content(Files) + Skin.HasSetting(Enable_Videos_Watched_Flags)]">Conditional</animation>
					<visible>!Container.Content(Seasons)</visible>
				</control>
				<control type="label">
					<posx>10</posx>
					<posy>0</posy>
					<width>410</width>
					<height>30</height>
					<font>font-20</font>
					<textcolor>lightblue</textcolor>
					<selectedcolor>blue</selectedcolor>
					<align>right</align>
					<aligny>center</aligny>
					<label>$INFO[ListItem.Property(WatchedEpisodes),, $LOCALIZE[16102]]$INFO[ListItem.Property(UnWatchedEpisodes), - , $LOCALIZE[16101]]</label>
					<animation effect="slide" start="0,0" end="40,0" time="0" condition="Container.Content(Seasons) + Skin.HasSetting(Enable_TVShows_Watched_Flags)">Conditional</animation>
					<visible>Container.Content(Seasons)</visible>
				</control>
				<control type="image">
					<posx>430</posx>
					<posy>0</posy>
					<width>30</width>
					<height>30</height>
					<aspectratio>keep</aspectratio>
					<texture>$VAR[PartlyWatched]</texture>
					<visible>[Container.Content(Movies) + !Skin.HasSetting(Enable_Movies_Watched_Flags)] | [Container.Content(TVShows) + !Skin.HasSetting(Enable_TVShows_Watched_Flags)] | [Container.Content(Seasons) + !Skin.HasSetting(Enable_TVShows_Watched_Flags)] | [Container.Content(Episodes) + !Skin.HasSetting(Enable_TVShows_Watched_Flags)] | [Container.Content(MusicVideos) + !Skin.HasSetting(Enable_MusicVideos_Watched_Flags)] | [Container.Content(Files) + !Skin.HasSetting(Enable_Videos_Watched_Flags)] | Window.IsVisible(VideoPlaylist)</visible>
				</control>
				<control type="image">
					<posx>430</posx>
					<posy>0</posy>
					<width>30</width>
					<height>30</height>
					<aspectratio>keep</aspectratio>
					<texture>$INFO[ListItem.Overlay]</texture>
					<visible>[Container.Content(Movies) + !Skin.HasSetting(Enable_Movies_Watched_Flags)] | [Container.Content(TVShows) + !Skin.HasSetting(Enable_TVShows_Watched_Flags)] | [Container.Content(Seasons) + !Skin.HasSetting(Enable_TVShows_Watched_Flags)] | [Container.Content(Episodes) + !Skin.HasSetting(Enable_TVShows_Watched_Flags)] | [Container.Content(MusicVideos) + !Skin.HasSetting(Enable_MusicVideos_Watched_Flags)] | [Container.Content(Files) + !Skin.HasSetting(Enable_Videos_Watched_Flags)] | Window.IsVisible(VideoPlaylist)</visible>
				</control>
			</itemlayout>
			<focusedlayout width="470" height="29">
				<control type="image">
					<posx>0</posx>
					<posy>0</posy>
					<width>470</width>
					<height>30</height>
					<texture border="7">list-nofocus.png</texture>
					<include>VisibleFadeEffect</include>
				</control>
				<control type="image">
					<posx>0</posx>
					<posy>0</posy>
					<width>470</width>
					<height>30</height>
					<texture border="7">list-focus2.png</texture>
					<include>VisibleFadeEffect</include>
					<include>ListFocusScroll</include>
					<visible>Control.HasFocus(51)</visible>
				</control>
				<control type="label">
					<posx>10</posx>
					<posy>0</posy>
					<width>410</width>
					<height>30</height>
					<font>font-20</font>
					<textcolor>white</textcolor>
					<selectedcolor>blue</selectedcolor>
					<align>left</align>
					<aligny>center</aligny>
					<label>$INFO[ListItem.Label]</label>
				</control>
				<control type="label">
					<posx>10</posx>
					<posy>0</posy>
					<width>410</width>
					<height>30</height>
					<font>font-20</font>
					<textcolor>lightblue</textcolor>
					<selectedcolor>blue</selectedcolor>
					<align>right</align>
					<aligny>center</aligny>
					<label>$INFO[ListItem.Label2]</label>
					<animation effect="slide" start="0,0" end="40,0" time="0" condition="[Container.Content(Movies) + Skin.HasSetting(Enable_Movies_Watched_Flags)] | [Container.Content(Episodes) + Skin.HasSetting(Enable_TVShows_Watched_Flags)] | [Container.Content(MusicVideos) + Skin.HasSetting(Enable_MusicVideos_Watched_Flags)] | [Container.Content(Files) + Skin.HasSetting(Enable_Videos_Watched_Flags)]">Conditional</animation>
					<visible>!Container.Content(Seasons)</visible>
				</control>
				<control type="label">
					<posx>10</posx>
					<posy>0</posy>
					<width>410</width>
					<height>30</height>
					<font>font-20</font>
					<textcolor>lightblue</textcolor>
					<selectedcolor>blue</selectedcolor>
					<align>right</align>
					<aligny>center</aligny>
					<label>$INFO[ListItem.Property(WatchedEpisodes),, $LOCALIZE[16102]]$INFO[ListItem.Property(UnWatchedEpisodes), - , $LOCALIZE[16101]]</label>
					<animation effect="slide" start="0,0" end="40,0" time="0" condition="Container.Content(Seasons) + Skin.HasSetting(Enable_TVShows_Watched_Flags)">Conditional</animation>
					<visible>Container.Content(Seasons)</visible>
				</control>
				<control type="image">
					<posx>430</posx>
					<posy>0</posy>
					<width>30</width>
					<height>30</height>
					<aspectratio>keep</aspectratio>
					<texture>$VAR[PartlyWatched]</texture>
					<visible>[Container.Content(Movies) + !Skin.HasSetting(Enable_Movies_Watched_Flags)] | [Container.Content(TVShows) + !Skin.HasSetting(Enable_TVShows_Watched_Flags)] | [Container.Content(Seasons) + !Skin.HasSetting(Enable_TVShows_Watched_Flags)] | [Container.Content(Episodes) + !Skin.HasSetting(Enable_TVShows_Watched_Flags)] | [Container.Content(MusicVideos) + !Skin.HasSetting(Enable_MusicVideos_Watched_Flags)] | [Container.Content(Files) + !Skin.HasSetting(Enable_Videos_Watched_Flags)] | Window.IsVisible(VideoPlaylist)</visible>
				</control>
				<control type="image">
					<posx>430</posx>
					<posy>0</posy>
					<width>30</width>
					<height>30</height>
					<aspectratio>keep</aspectratio>
					<texture>$INFO[ListItem.Overlay]</texture>
					<visible>[Container.Content(Movies) + !Skin.HasSetting(Enable_Movies_Watched_Flags)] | [Container.Content(TVShows) + !Skin.HasSetting(Enable_TVShows_Watched_Flags)] | [Container.Content(Seasons) + !Skin.HasSetting(Enable_TVShows_Watched_Flags)] | [Container.Content(Episodes) + !Skin.HasSetting(Enable_TVShows_Watched_Flags)] | [Container.Content(MusicVideos) + !Skin.HasSetting(Enable_MusicVideos_Watched_Flags)] | [Container.Content(Files) + !Skin.HasSetting(Enable_Videos_Watched_Flags)] | Window.IsVisible(VideoPlaylist)</visible>
				</control>
			</focusedlayout>
		</control>
		<control type="group">
			<posx>700</posx>
			<posy>110</posy>
			<visible>Control.IsVisible(51) + ![Container.Content(Movies) | Container.Content(Sets) | Container.Content(TVShows) | Container.Content(Seasons) | Container.Content(Episodes) | Container.Content(MusicVideos) | Window.IsVisible(VideoPlaylist)]</visible>
			<control type="image">
				<posx>20</posx>
				<posy>25</posy>
				<width>355</width>
				<height>450</height>
				<aspectratio scalediffuse="true">keep</aspectratio>
				<texture diffuse="thumb-diffuse.png" background="true">$INFO[ListItem.Icon]</texture>
				<fadetime>IconCrossfadeTime</fadetime>
				<visible>![!stringcompare(ListItem.Label,..) + [Container.Content(Years) | Container.Content(Actors) | Container.Content(Directors) | Container.Content(Studios) | Container.Content(Genres)]]</visible>
			</control>
			<control type="image">
				<posx>12</posx>
				<posy>30</posy>
				<width>355</width>
				<height>450</height>
				<aspectratio>keep</aspectratio>
				<texture>foldericon-year.png</texture>
				<visible>!stringcompare(ListItem.Label,..) + Container.Content(Years)</visible>
			</control>
			<control type="label">
				<posx>72</posx>
				<posy>114</posy>
				<width>240</width>
				<height>30</height>
				<font>font-80</font>
				<textcolor>white</textcolor>
				<align>center</align>
				<aligny>center</aligny>
				<label>[B]$INFO[ListItem.Label][/B]</label>
				<visible>!stringcompare(ListItem.Label,..) + Container.Content(Years)</visible>
			</control>
			<control type="image">
				<posx>20</posx>
				<posy>80</posy>
				<width>355</width>
				<height>355</height>
				<aspectratio scalediffuse="false">scale</aspectratio>
				<texture diffuse="thumb-diffuse.png" background="true">$INFO[ListItem.Icon]</texture>
				<fadetime>IconCrossfadeTime</fadetime>
				<visible>!stringcompare(ListItem.Label,..) + Container.Content(Actors)</visible>
			</control>
			<control type="image">
				<posx>20</posx>
				<posy>70</posy>
				<width>355</width>
				<height>400</height>
				<aspectratio>keep</aspectratio>
				<texture>foldericon-director.png</texture>
				<visible>!stringcompare(ListItem.Label,..) + Container.Content(Directors)</visible>
			</control>
			<control type="label">
				<posx>125</posx>
				<posy>115</posy>
				<width>140</width>
				<height>30</height>
				<font>font-17</font>
				<textcolor>white</textcolor>
				<align>center</align>
				<aligny>center</aligny>
				<wrapmultiline>true</wrapmultiline>
				<label>[I][B]$INFO[ListItem.Label][/B][/I]</label>
				<visible>!stringcompare(ListItem.Label,..) + Container.Content(Directors)</visible>
			</control>
			<control type="image">
				<posx>25</posx>
				<posy>25</posy>
				<width>355</width>
				<height>450</height>
				<aspectratio>keep</aspectratio>
				<texture>foldericon-studio.png</texture>
				<visible>!stringcompare(ListItem.Label,..) + Container.Content(Studios)</visible>
			</control>
			<control type="image">
				<posx>128</posx>
				<posy>247</posy>
				<width>161</width>
				<height>109</height>
				<aspectratio>keep</aspectratio>
				<texture>$VAR[IncludesMediaFlagsVideoStudio]</texture>
				<visible>!stringcompare(ListItem.Label,..) + Container.Content(Studios) + !stringcompare(Container.FolderPath,videodb://musicvideos/studios/)</visible>
			</control>
			<control type="image">
				<posx>128</posx>
				<posy>247</posy>
				<width>161</width>
				<height>109</height>
				<aspectratio>keep</aspectratio>
				<texture>$VAR[IncludesMediaFlagsRecorLabelList]</texture>
				<visible>!stringcompare(ListItem.Label,..) + Container.Content(Studios) + stringcompare(Container.FolderPath,videodb://musicvideos/studios/)</visible>
			</control>
			<control type="image">
				<posx>20</posx>
				<posy>25</posy>
				<width>355</width>
				<height>450</height>
				<aspectratio>keep</aspectratio>
				<texture background="true">$INFO[ListItem.Icon]</texture>
				<fadetime>IconCrossfadeTime</fadetime>
				<visible>!stringcompare(ListItem.Label,..) + Skin.HasSetting(Enable_Foldericons_Movies_Genre) + stringcompare(Container.FolderPath,videodb://movies/genres/)</visible>
			</control>
			<control type="image">
				<posx>87</posx>
				<posy>120</posy>
				<width>231</width>
				<height>286</height>
				<texture fallback="genre-movies-icon.jpg">$VAR[MovieGenreIcon]</texture>
				<fadetime>IconCrossfadeTime</fadetime>
				<visible>!stringcompare(ListItem.Label,..) + !Skin.HasSetting(Enable_Foldericons_Movies_Genre) + stringcompare(Container.FolderPath,videodb://movies/genres/)</visible>
			</control>
			<control type="image">
				<posx>0</posx>
				<posy>0</posy>
				<width>405</width>
				<height>500</height>
				<texture>genre_icon_overlay.png</texture>
				<visible>!stringcompare(ListItem.Label,..) + !Skin.HasSetting(Enable_Foldericons_Movies_Genre) + stringcompare(Container.FolderPath,videodb://movies/genres/)</visible>
			</control>
			<control type="label">
				<posx>99</posx>
				<posy>79</posy>
				<width>170</width>
				<height>25</height>
				<font>font-19</font>
				<textcolor>white</textcolor>
				<align>center</align>
				<aligny>center</aligny>
				<label>$INFO[ListItem.Label]</label>
				<visible>!stringcompare(ListItem.Label,..) + !Skin.HasSetting(Enable_Foldericons_Movies_Genre) + stringcompare(Container.FolderPath,videodb://movies/genres/)</visible>
			</control>
			<control type="image">
				<posx>20</posx>
				<posy>25</posy>
				<width>355</width>
				<height>450</height>
				<aspectratio>keep</aspectratio>
				<texture background="true">$INFO[ListItem.Icon]</texture>
				<fadetime>IconCrossfadeTime</fadetime>
				<visible>!stringcompare(ListItem.Label,..) + Skin.HasSetting(Enable_Foldericons_TVShows_Genre) + stringcompare(Container.FolderPath,videodb://tvshows/genres/)</visible>
			</control>
			<control type="image">
				<posx>87</posx>
				<posy>120</posy>
				<width>231</width>
				<height>286</height>
				<texture fallback="genre-tvshows-icon.jpg">$VAR[MovieGenreIcon]</texture>
				<fadetime>IconCrossfadeTime</fadetime>
				<visible>!stringcompare(ListItem.Label,..) + !Skin.HasSetting(Enable_Foldericons_TVShows_Genre) + stringcompare(Container.FolderPath,videodb://tvshows/genres/)</visible>
			</control>
			<control type="image">
				<posx>0</posx>
				<posy>0</posy>
				<width>405</width>
				<height>500</height>
				<texture>genre_icon_overlay.png</texture>
				<visible>!stringcompare(ListItem.Label,..) + !Skin.HasSetting(Enable_Foldericons_TVShows_Genre) + stringcompare(Container.FolderPath,videodb://tvshows/genres/)</visible>
			</control>
			<control type="label">
				<posx>99</posx>
				<posy>79</posy>
				<width>170</width>
				<height>25</height>
				<font>font-19</font>
				<textcolor>white</textcolor>
				<align>center</align>
				<aligny>center</aligny>
				<label>$INFO[ListItem.Label]</label>
				<visible>!stringcompare(ListItem.Label,..) + !Skin.HasSetting(Enable_Foldericons_TVShows_Genre) + stringcompare(Container.FolderPath,videodb://tvshows/genres/)</visible>
			</control>
			<control type="image">
				<posx>20</posx>
				<posy>25</posy>
				<width>355</width>
				<height>450</height>
				<aspectratio>keep</aspectratio>
				<texture background="true">$INFO[ListItem.Icon]</texture>
				<fadetime>IconCrossfadeTime</fadetime>
				<visible>!stringcompare(ListItem.Label,..) + Skin.HasSetting(Enable_Foldericons_MusicVideos_Genre) + stringcompare(Container.FolderPath,videodb://musicvideos/genres/)</visible>
			</control>
			<control type="image">
				<posx>87</posx>
				<posy>120</posy>
				<width>231</width>
				<height>286</height>
				<texture fallback="genre-music-icon.jpg">$VAR[MusicGenreIcon]</texture>
				<fadetime>IconCrossfadeTime</fadetime>
				<visible>!stringcompare(ListItem.Label,..) + !Skin.HasSetting(Enable_Foldericons_MusicVideos_Genre) + stringcompare(Container.FolderPath,videodb://musicvideos/genres/)</visible>
			</control>
			<control type="image">
				<posx>0</posx>
				<posy>0</posy>
				<width>405</width>
				<height>500</height>
				<texture>genre_icon_overlay.png</texture>
				<visible>!stringcompare(ListItem.Label,..) + !Skin.HasSetting(Enable_Foldericons_MusicVideos_Genre) + stringcompare(Container.FolderPath,videodb://musicvideos/genres/)</visible>
			</control>
			<control type="label">
				<posx>99</posx>
				<posy>79</posy>
				<width>170</width>
				<height>25</height>
				<font>font-19</font>
				<textcolor>white</textcolor>
				<align>center</align>
				<aligny>center</aligny>
				<label>$INFO[ListItem.Label]</label>
				<visible>!stringcompare(ListItem.Label,..) + !Skin.HasSetting(Enable_Foldericons_MusicVideos_Genre) + stringcompare(Container.FolderPath,videodb://musicvideos/genres/)</visible>
			</control>
		</control>
		<control type="group">
			<posx>700</posx>
			<posy>110</posy>
			<visible>Control.IsVisible(51) + [Container.Content(Movies) | Container.Content(Sets)]</visible>
			<control type="image">
				<posx>55</posx>
				<posy>60</posy>
				<width>282</width>
				<height>400</height>
				<texture background="true">$INFO[ListItem.Icon]</texture>
				<fadetime>IconCrossfadeTime</fadetime>
				<visible>stringcompare(ListItem.Label,..)</visible>
			</control>
			<control type="image">
				<posx>55</posx>
				<posy>60</posy>
				<width>282</width>
				<height>400</height>
				<texture background="true">$VAR[IconPoster]</texture>
				<fadetime>IconCrossfadeTime</fadetime>
				<visible>!stringcompare(ListItem.Label,..)</visible>
			</control>
			<control type="image">
				<posx>55</posx>
				<posy>25</posy>
				<width>304</width>
				<height>465</height>
				<texture fallback="case-sets.png">case$INFO[ListItem.VideoResolution].png</texture>
				<visible>!stringcompare(ListItem.Label,..) + !Skin.HasSetting(HideMovieCase)</visible>
			</control>
			<control type="image">
				<posx>180</posx>
				<posy>34</posy>
				<width>37</width>
				<height>22</height>
				<texture>movieset.png</texture>
				<visible>ListItem.IsFolder + !Window.IsVisible(VideoPlaylist) + !stringcompare(ListItem.Label,..) + SubString(Container.Folderpath,videodb://,left)</visible>
			</control>
		</control>
		<control type="group">
			<posx>700</posx>
			<posy>110</posy>
			<visible>Control.IsVisible(51) + [[Container.Content(TVShows) + !Skin.HasSetting(TVShowsPosters)] | Container.Content(Seasons)]</visible>
			<control type="image">
				<posx>55</posx>
				<posy>60</posy>
				<width>282</width>
				<height>400</height>
				<texture background="true">$VAR[IconPoster]</texture>
				<fadetime>IconCrossfadeTime</fadetime>
			</control>
			<control type="image">
				<posx>55</posx>
				<posy>25</posy>
				<width>304</width>
				<height>465</height>
				<texture>case-tv.png</texture>
				<visible>!stringcompare(ListItem.Label,..) + !Skin.HasSetting(HideTVShowCase)</visible>
			</control>
		</control>
		<control type="group">
			<posx>700</posx>
			<posy>110</posy>
			<visible>Control.IsVisible(51) + Container.Content(MusicVideos)</visible>
			<control type="image">
				<posx>15</posx>
				<posy>68</posy>
				<width>364</width>
				<height>364</height>
				<aspectratio>keep</aspectratio>
				<texture background="true">$INFO[ListItem.Icon]</texture>
				<bordersize>11</bordersize>
				<visible>stringcompare(ListItem.Label,..)</visible>
			</control>
			<control type="image">
				<posx>15</posx>
				<posy>68</posy>
				<width>364</width>
				<height>364</height>
				<aspectratio scalediffuse="false">scale</aspectratio>
				<texture diffuse="thumb-diffuse.png" background="true">$INFO[ListItem.Icon]</texture>
				<bordertexture>thumb-shadow.png</bordertexture>
				<bordersize>11</bordersize>
				<fadetime>IconCrossfadeTime</fadetime>
				<visible>!stringcompare(ListItem.Label,..)</visible>
			</control>
		</control>
		<control type="group">
			<posx>700</posx>
			<posy>110</posy>
			<visible>Control.IsVisible(51) + Container.Content(Episodes)</visible>
			<control type="image">
				<posx>0</posx>
				<posy>28</posy>
				<width>382</width>
				<height>221</height>
				<aspectratio>keep</aspectratio>
				<texture background="true">$INFO[ListItem.Icon]</texture>
				<bordersize>7</bordersize>
				<visible>stringcompare(ListItem.Label,..)</visible>
			</control>
			<control type="image">
				<posx>0</posx>
				<posy>28</posy>
				<width>382</width>
				<height>221</height>
				<aspectratio scalediffuse="false">scale</aspectratio>
				<texture diffuse="video-diffuse.png" background="true">$INFO[ListItem.Icon]</texture>
				<bordertexture border="10">video-shadow.png</bordertexture>
				<bordersize>7</bordersize>
				<fadetime>IconCrossfadeTime</fadetime>
				<visible>!stringcompare(ListItem.Label,..)</visible>
			</control>
			<control type="image">
				<posx>0</posx>
				<posy>259</posy>
				<width>380</width>
				<height>2</height>
				<texture>separator.png</texture>
			</control>
			<control type="textbox">
				<description>Description for Episodes</description>
				<posx>5</posx>
				<posy>272</posy>
				<width>375</width>
				<height>200</height>
				<font>font-19</font>
				<align>justify</align>
				<textcolor>white</textcolor>
				<label>$INFO[ListItem.Plot]</label>
				<autoscroll time="2000" delay="10000" repeat="5000">Skin.HasSetting(AutoScroll)</autoscroll>
			</control>
		</control>
		<control type="group">
			<posx>700</posx>
			<posy>110</posy>
			<visible>Control.IsVisible(51) + Window.IsVisible(VideoPlaylist)</visible>
			<control type="image">
				<posx>68</posx>
				<posy>31</posy>
				<width>305</width>
				<height>438</height>
				<aspectratio scalediffuse="true">keep</aspectratio>
				<texture diffuse="gamecase-diffuse.png" background="true">$INFO[ListItem.Icon]</texture>
				<fadetime>IconCrossfadeTime</fadetime>
			</control>
		</control>
	</include>
	<include name="List_Extras">
		<control type="group">
			<visible>Control.IsVisible(51) + [Container.Content(Movies) | Container.Content(Episodes) | Container.Content(MusicVideos)]</visible>
			<include>Window_OpenClose_Visible_MediaFlags_Animation2</include>
			<control type="image">
				<posx>330</posx>
				<posy>618</posy>
				<width>626</width>
				<height>42</height>
				<texture diffuse="underlay2-diffuse.png" border="4">underlay2.png</texture>
				<visible>!Skin.HasSetting(Enable_Movies_Media_Flags) + Container.Content(Movies)</visible>
			</control>
			<control type="image">
				<posx>330</posx>
				<posy>618</posy>
				<width>626</width>
				<height>42</height>
				<texture diffuse="underlay2-diffuse.png" border="4">underlay2.png</texture>
				<visible>!Skin.HasSetting(Enable_TVShows_Media_Flags) + Container.Content(Episodes)</visible>
			</control>
			<control type="image">
				<posx>330</posx>
				<posy>618</posy>
				<width>626</width>
				<height>42</height>
				<texture diffuse="underlay2-diffuse.png" border="4">underlay2.png</texture>
				<visible>!Skin.HasSetting(Enable_MusicVideos_Media_Flags) + Container.Content(MusicVideos)</visible>
			</control>
			<control type="group">
				<posx>370</posx>
				<posy>615</posy>
				<width>540</width>
				<height>48</height>
				<include condition="!Skin.HasSetting(Enable_Movies_Media_Flags)">VideoMediaFlags</include>
				<visible>Container.Content(Movies)</visible>
			</control>
			<control type="group">
				<posx>370</posx>
				<posy>615</posy>
				<width>540</width>
				<height>48</height>
				<include condition="!Skin.HasSetting(Enable_TVShows_Media_Flags)">VideoMediaFlags</include>
				<visible>Container.Content(Episodes)</visible>
			</control>
			<control type="group">
				<posx>370</posx>
				<posy>615</posy>
				<width>540</width>
				<height>48</height>
				<include condition="!Skin.HasSetting(Enable_MusicVideos_Media_Flags)">VideoMediaFlags</include>
				<visible>Container.Content(MusicVideos)</visible>
			</control>
		</control>
	</include>
	<include name="List-Music">
		<control type="list" id="51">
			<posx>200</posx>
			<posy>142</posy>
			<width>470</width>
			<height>436</height>
			<onleft>9000</onleft>
			<onright>60</onright>
			<onup>51</onup>
			<ondown>51</ondown>
			<viewtype label="535">list</viewtype>
			<pagecontrol>60</pagecontrol>
			<scrolltime>200</scrolltime>
			<preloaditems>2</preloaditems>
			<itemlayout width="470" height="29">
				<control type="image">
					<posx>0</posx>
					<posy>0</posy>
					<width>470</width>
					<height>30</height>
					<texture border="7">list-nofocus.png</texture>
					<include>VisibleFadeEffect</include>
				</control>
				<control type="label">
					<posx>10</posx>
					<posy>0</posy>
					<width>450</width>
					<height>30</height>
					<font>font-20</font>
					<textcolor>white</textcolor>
					<selectedcolor>blue</selectedcolor>
					<align>left</align>
					<aligny>center</aligny>
					<label>$INFO[ListItem.Label]</label>
				</control>
				<control type="label">
					<posx>10</posx>
					<posy>0</posy>
					<width>450</width>
					<height>30</height>
					<font>font-20</font>
					<textcolor>white</textcolor>
					<selectedcolor>blue</selectedcolor>
					<align>right</align>
					<aligny>center</aligny>
					<label>$INFO[ListItem.Label2]</label>
				</control>
			</itemlayout>
			<focusedlayout width="470" height="29">
				<control type="image">
					<posx>0</posx>
					<posy>0</posy>
					<width>470</width>
					<height>30</height>
					<texture border="7">list-nofocus.png</texture>
					<include>VisibleFadeEffect</include>
				</control>
				<control type="image">
					<posx>0</posx>
					<posy>0</posy>
					<width>470</width>
					<height>30</height>
					<texture border="7">list-focus2.png</texture>
					<include>VisibleFadeEffect</include>
					<include>ListFocusScroll</include>
					<visible>Control.HasFocus(51)</visible>
				</control>
				<control type="label">
					<posx>10</posx>
					<posy>0</posy>
					<width>450</width>
					<height>30</height>
					<font>font-20</font>
					<textcolor>white</textcolor>
					<selectedcolor>blue</selectedcolor>
					<align>left</align>
					<aligny>center</aligny>
					<label>$INFO[ListItem.Label]</label>
				</control>
				<control type="label">
					<posx>10</posx>
					<posy>0</posy>
					<width>450</width>
					<height>30</height>
					<font>font-20</font>
					<textcolor>white</textcolor>
					<selectedcolor>blue</selectedcolor>
					<align>right</align>
					<aligny>center</aligny>
					<label>$INFO[ListItem.Label2]</label>
				</control>
			</focusedlayout>
		</control>
		<control type="group">
			<posx>700</posx>
			<posy>110</posy>
			<visible>Control.IsVisible(51) + ![Container.Content(Artists) | Container.Content(Albums) | Container.Content(Songs) | Container.Content(MusicVideos) | Window.IsVisible(MusicPlaylist)]</visible>
			<control type="image">
				<posx>20</posx>
				<posy>25</posy>
				<width>355</width>
				<height>450</height>
				<aspectratio scalediffuse="true">keep</aspectratio>
				<texture diffuse="thumb-diffuse.png" background="true">$INFO[ListItem.Icon]</texture>
				<fadetime>IconCrossfadeTime</fadetime>
				<visible>![!stringcompare(ListItem.Label,..) + [Container.Content(Years) | Container.Content(Genres)]]</visible>
			</control>
			<control type="image">
				<posx>12</posx>
				<posy>30</posy>
				<width>355</width>
				<height>450</height>
				<aspectratio>keep</aspectratio>
				<texture>foldericon-year.png</texture>
				<visible>!stringcompare(ListItem.Label,..) + Container.Content(Years)</visible>
			</control>
			<control type="label">
				<posx>72</posx>
				<posy>114</posy>
				<width>240</width>
				<height>30</height>
				<font>font-80</font>
				<textcolor>white</textcolor>
				<align>center</align>
				<aligny>center</aligny>
				<label>[B]$INFO[ListItem.Label][/B]</label>
				<visible>!stringcompare(ListItem.Label,..) + Container.Content(Years)</visible>
			</control>
			<control type="image">
				<posx>20</posx>
				<posy>25</posy>
				<width>355</width>
				<height>450</height>
				<aspectratio>keep</aspectratio>
				<texture background="true">$INFO[ListItem.Icon]</texture>
				<fadetime>IconCrossfadeTime</fadetime>
				<visible>!stringcompare(ListItem.Label,..) + Skin.HasSetting(Enable_Foldericons_Music_Genre) + Container.Content(Genres) + stringcompare(Container.FolderPath,musicdb://genres/)</visible>
			</control>
			<control type="image">
				<posx>87</posx>
				<posy>120</posy>
				<width>231</width>
				<height>286</height>
				<texture fallback="genre-music-icon.jpg">$VAR[MusicGenreIcon]</texture>
				<fadetime>IconCrossfadeTime</fadetime>
				<visible>!stringcompare(ListItem.Label,..) + !Skin.HasSetting(Enable_Foldericons_Music_Genre) + Container.Content(Genres) + stringcompare(Container.FolderPath,musicdb://genres/)</visible>
			</control>
			<control type="image">
				<posx>0</posx>
				<posy>0</posy>
				<width>405</width>
				<height>500</height>
				<texture>genre_icon_overlay.png</texture>
				<visible>!stringcompare(ListItem.Label,..) + !Skin.HasSetting(Enable_Foldericons_Music_Genre) + Container.Content(Genres) + stringcompare(Container.FolderPath,musicdb://genres/)</visible>
			</control>
			<control type="label">
				<posx>99</posx>
				<posy>79</posy>
				<width>170</width>
				<height>25</height>
				<font>font-19</font>
				<textcolor>white</textcolor>
				<align>center</align>
				<aligny>center</aligny>
				<label>$INFO[ListItem.Label]</label>
				<visible>!stringcompare(ListItem.Label,..) + !Skin.HasSetting(Enable_Foldericons_Music_Genre) + Container.Content(Genres) + stringcompare(Container.FolderPath,musicdb://genres/)</visible>
			</control>
		</control>
		<control type="group">
			<posx>700</posx>
			<posy>110</posy>
			<visible>Control.IsVisible(51) + Container.Content(Artists)</visible>
			<control type="image">
				<posx>59</posx>
				<posy>97</posy>
				<width>312</width>
				<height>306</height>
				<texture background="true">$INFO[ListItem.Icon]</texture>
				<fadetime>IconCrossfadeTime</fadetime>
				<visible>stringcompare(ListItem.Label,..)</visible>
			</control>
			<control type="image">
				<posx>15</posx>
				<posy>68</posy>
				<width>364</width>
				<height>364</height>
				<aspectratio scalediffuse="false">scale</aspectratio>
				<texture diffuse="thumb-diffuse.png" background="true">$INFO[ListItem.Icon]</texture>
				<bordertexture>thumb-shadow.png</bordertexture>
				<bordersize>11</bordersize>
				<fadetime>IconCrossfadeTime</fadetime>
				<visible>!stringcompare(ListItem.Label,..)</visible>
			</control>
		</control>
		<control type="group">
			<posx>700</posx>
			<posy>110</posy>
			<visible>Control.IsVisible(51) + [Container.Content(Albums) | Container.Content(Songs) | Window.IsVisible(MusicPlaylist)]</visible>
			<control type="image">
				<posx>59</posx>
				<posy>97</posy>
				<width>312</width>
				<height>306</height>
				<texture background="true">$INFO[ListItem.Icon]</texture>
				<fadetime>IconCrossfadeTime</fadetime>
			</control>
			<control type="image">
				<posx>25</posx>
				<posy>92</posy>
				<width>355</width>
				<height>316</height>
				<texture>cdcase.png</texture>
				<visible>!stringcompare(ListItem.Label,..) + !Skin.HasSetting(HideMusicCase)</visible>
			</control>
		</control>
		<control type="group">
			<posx>700</posx>
			<posy>110</posy>
			<visible>Control.IsVisible(51) + [Container.Content(MusicVideos)]</visible>
			<control type="image">
				<posx>59</posx>
				<posy>97</posy>
				<width>312</width>
				<height>306</height>
				<texture background="true">$INFO[ListItem.Icon]</texture>
				<fadetime>IconCrossfadeTime</fadetime>
				<visible>stringcompare(ListItem.Label,..)</visible>
			</control>
			<control type="image">
				<posx>15</posx>
				<posy>68</posy>
				<width>364</width>
				<height>364</height>
				<aspectratio scalediffuse="false">scale</aspectratio>
				<texture diffuse="thumb-diffuse.png" background="true">$INFO[ListItem.Icon]</texture>
				<bordertexture>thumb-shadow.png</bordertexture>
				<bordersize>11</bordersize>
				<fadetime>IconCrossfadeTime</fadetime>
				<visible>!stringcompare(ListItem.Label,..)</visible>
			</control>
		</control>
	</include>
</includes>
