<?xml version="1.0" encoding="UTF-8"?>
<includes>
	<include name="Item">
		<control type="group">
			<include>Window_OpenClose_Visible_FanartButton_Animation</include>
			<visible>Control.IsVisible(590)</visible>
			<control type="button" id="7026">
				<posx>1222</posx>
				<posy>14</posy>
				<width>40</width>
				<height>40</height>
				<label>-</label>
				<font>-</font>
				<texturefocus>trailer-focus.png</texturefocus>
				<texturenofocus>trailer-nofocus.png</texturenofocus>
				<onup>9000</onup>
				<ondown>590</ondown>
				<onleft>9000</onleft>
				<onright>9000</onright>
				<onclick condition="Skin.HasSetting(Fullscreen_Trailer)">PlayMedia("$INFO[ListItem.Trailer]")</onclick>
				<onclick condition="!Skin.HasSetting(Fullscreen_Trailer)">PlayMedia("$INFO[ListItem.Trailer]",1)</onclick>
				<visible>!Skin.HasSetting(Hide_Trailer_Icon) + !IsEmpty(Listitem.Trailer)</visible>
			</control>
		</control>
		<control type="group" id="7011">
			<animation effect="fade" start="100" end="100" time="250">Hidden</animation>
			<visible>Control.IsVisible(590) + Container.OnNext</visible>
		</control>
		<control type="group" id="7012">
			<animation effect="fade" start="100" end="100" time="250">Hidden</animation>
			<visible>Control.IsVisible(590) + Container.OnPrevious</visible>
		</control>
		<control type="group">
			<posx>0</posx>
			<posy>6</posy>
			<include>Window_OpenClose_Animation</include>
			<visible>Control.IsVisible(590)</visible>
			<control type="group">
				<animation type="Conditional" condition="Player.HasVideo" reversible="false">
					<effect type="rotatey" center="640" start="0" end="-90" time="450" tween="cubic" easing="in"/>
					<effect type="rotatey" center="640" start="-90" end="90" time="0" delay="450"/>
					<effect type="fade" start="0" end="100" time="0" delay="450"/>
					<effect type="rotatey" center="640" start="90" end="0" time="450" delay="450" tween="cubic" easing="out"/>
				</animation>
				<animation type="Conditional" condition="!Player.HasVideo" reversible="false">
					<effect type="rotatey" center="640" start="0" end="90" time="450" tween="cubic" easing="in"/>
					<effect type="rotatey" center="640" start="90" end="-90" time="0" delay="450"/>
					<effect type="fade" start="100" end="0" time="0" delay="450"/>
					<effect type="rotatey" center="640" start="-90" end="0" time="450" delay="450" tween="cubic" easing="out"/>
				</animation>
				<control type="image">
					<posx>160</posx>
					<posy>127</posy>
					<width>960</width>
					<height>339</height>
					<texture diffuse="underlay5-diffuse.png" border="0,10,0,10">underlay4.png</texture>
				</control>
				<control type="videowindow">
					<description>trailer preview</description>
					<posx>160</posx>
					<posy>136</posy>
					<width>960</width>
					<height>321</height>
					<animation effect="fade" start="0" end="100" time="250" delay="900">Visible</animation>
					<visible>!Skin.HasSetting(Fullscreen_Trailer) + [Player.HasVideo + !!Skin.HasSetting(HideVideoBackgrounds)]</visible>
				</control>
			</control>
		</control>
		<control type="group">
			<posx>0</posx>
			<posy>6</posy>
			<include>Window_OpenClose_Animation</include>
			<visible>Control.IsVisible(590) + !Skin.HasSetting(HideInfoPanelItemView)</visible>
			<control type="group">
				<animation effect="zoom" start="640,0,1,720" end="0,0,1280,720" time="200" delay="2000">Visible</animation>
				<animation effect="zoom" start="0,0,1280,720" end="0,360,1280,1" time="200">Hidden</animation>
				<animation type="Conditional" condition="Player.HasVideo" reversible="false">
					<effect type="rotatey" center="640" start="0" end="-90" time="450" tween="cubic" easing="in"/>
					<effect type="rotatey" center="640" start="-90" end="90" time="0" delay="450"/>
					<effect type="fade" start="100" end="0" time="0" delay="450"/>
					<effect type="rotatey" center="640" start="90" end="0" time="450" delay="450" tween="cubic" easing="out"/>
				</animation>
				<animation type="Conditional" condition="!Player.HasVideo" reversible="false">
					<effect type="rotatey" center="640" start="0" end="90" time="450" tween="cubic" easing="in"/>
					<effect type="rotatey" center="640" start="90" end="-90" time="0" delay="450"/>
					<effect type="fade" start="0" end="100" time="0" delay="450"/>
					<effect type="rotatey" center="640" start="-90" end="0" time="450" delay="450" tween="cubic" easing="out"/>
				</animation>
				<visible>Control.IsVisible(590) + ![Container.Content(Movies) + IsEmpty(ListItem.Plot)] + !stringcompare(ListItem.Label,..) + !Control.IsVisible(7011) + !Control.IsVisible(7012)</visible>
				<control type="image">
					<posx>160</posx>
					<posy>127</posy>
					<width>960</width>
					<height>339</height>
					<texture diffuse="underlay5-diffuse.png" border="0,10,0,10">underlay4.png</texture>
				</control>
				<control type="group">
					<control type="label">
						<posx>257</posx>
						<posy>145</posy>
						<width>300</width>
						<height>30</height>
						<font>font-20c</font>
						<textcolor>lightblue</textcolor>
						<shadowcolor>black</shadowcolor>
						<align>left</align>
						<aligny>center</aligny>
						<label>[UPPERCASE][B]$LOCALIZE[572]:[/B][/UPPERCASE]</label>
					</control>
					<control type="label">
						<posx>257</posx>
						<posy>165</posy>
						<width>300</width>
						<height>30</height>
						<font>font-20</font>
						<textcolor>white</textcolor>
						<shadowcolor>black</shadowcolor>
						<align>left</align>
						<aligny>center</aligny>
						<label>$INFO[ListItem.Studio]</label>
					</control>
					<control type="label">
						<posx>257</posx>
						<posy>195</posy>
						<width>300</width>
						<height>30</height>
						<font>font-20c</font>
						<textcolor>lightblue</textcolor>
						<shadowcolor>black</shadowcolor>
						<align>left</align>
						<aligny>center</aligny>
						<label>$VAR[ViewItemLabel1]</label>
					</control>
					<control type="label">
						<posx>257</posx>
						<posy>215</posy>
						<width>300</width>
						<height>30</height>
						<font>font-20</font>
						<textcolor>white</textcolor>
						<shadowcolor>black</shadowcolor>
						<align>left</align>
						<aligny>center</aligny>
						<label>$VAR[ViewItemLabel2]</label>
					</control>
					<control type="label">
						<posx>257</posx>
						<posy>245</posy>
						<width>300</width>
						<height>30</height>
						<font>font-20c</font>
						<textcolor>lightblue</textcolor>
						<shadowcolor>black</shadowcolor>
						<align>left</align>
						<aligny>center</aligny>
						<label>$VAR[ViewItemLabel3]</label>
					</control>
					<control type="label">
						<posx>257</posx>
						<posy>265</posy>
						<width>300</width>
						<height>30</height>
						<font>font-20</font>
						<textcolor>white</textcolor>
						<shadowcolor>black</shadowcolor>
						<align>left</align>
						<aligny>center</aligny>
						<label>$VAR[ViewItemLabel4]</label>
					</control>
					<control type="label">
						<posx>257</posx>
						<posy>295</posy>
						<width>300</width>
						<height>30</height>
						<font>font-20c</font>
						<textcolor>lightblue</textcolor>
						<shadowcolor>black</shadowcolor>
						<align>left</align>
						<aligny>center</aligny>
						<label>$VAR[ViewItemLabel5]</label>
					</control>
					<control type="label">
						<posx>257</posx>
						<posy>315</posy>
						<width>300</width>
						<height>30</height>
						<font>font-20</font>
						<textcolor>white</textcolor>
						<shadowcolor>black</shadowcolor>
						<align>left</align>
						<aligny>center</aligny>
						<label>$VAR[ViewItemLabel6]</label>
					</control>
					<control type="label">
						<posx>257</posx>
						<posy>345</posy>
						<width>300</width>
						<height>30</height>
						<font>font-20c</font>
						<textcolor>lightblue</textcolor>
						<shadowcolor>black</shadowcolor>
						<align>left</align>
						<aligny>center</aligny>
						<label>[UPPERCASE][B]$LOCALIZE[2050]:[/B][/UPPERCASE]</label>
						<visible>Container.Content(Movies) | Container.Content(Episodes) | Container.Content(MusicVideos)</visible>
					</control>
					<control type="label">
						<posx>257</posx>
						<posy>345</posy>
						<width>150</width>
						<height>30</height>
						<font>font-20c</font>
						<textcolor>lightblue</textcolor>
						<shadowcolor>black</shadowcolor>
						<align>left</align>
						<aligny>center</aligny>
						<label>[UPPERCASE][B]$LOCALIZE[33054]:[/B][/UPPERCASE]</label>
						<visible>Container.Content(TVShows)</visible>
					</control>
					<control type="label">
						<posx>407</posx>
						<posy>345</posy>
						<width>150</width>
						<height>30</height>
						<font>font-20c</font>
						<textcolor>lightblue</textcolor>
						<shadowcolor>black</shadowcolor>
						<align>left</align>
						<aligny>center</aligny>
						<label>[UPPERCASE][B]$LOCALIZE[20360]:[/B][/UPPERCASE]</label>
						<animation effect="slide" start="0,0" end="-150,0" time="0" condition="Container.Content(Seasons)">Conditional</animation>
						<visible>Container.Content(TVShows) | Container.Content(Seasons)</visible>
					</control>
					<control type="label">
						<posx>257</posx>
						<posy>365</posy>
						<width>300</width>
						<height>30</height>
						<font>font-20</font>
						<textcolor>white</textcolor>
						<shadowcolor>black</shadowcolor>
						<align>left</align>
						<aligny>center</aligny>
						<label>$VAR[ViewItemLabel7]</label>
					</control>
					<control type="label">
						<posx>257</posx>
						<posy>365</posy>
						<width>150</width>
						<height>30</height>
						<font>font-20</font>
						<textcolor>white</textcolor>
						<shadowcolor>black</shadowcolor>
						<align>left</align>
						<aligny>center</aligny>
						<label>$INFO[ListItem.Property(TotalSeasons)]</label>
						<visible>Container.Content(TVShows)</visible>
					</control>
					<control type="label">
						<posx>407</posx>
						<posy>365</posy>
						<width>150</width>
						<height>30</height>
						<font>font-20</font>
						<textcolor>white</textcolor>
						<shadowcolor>black</shadowcolor>
						<align>left</align>
						<aligny>center</aligny>
						<label>$INFO[ListItem.Property(TotalEpisodes)]</label>
						<animation effect="slide" start="0,0" end="-150,0" time="0" condition="Container.Content(Seasons)">Conditional</animation>
						<visible>Container.Content(TVShows) | Container.Content(Seasons)</visible>
					</control>
					<control type="label">
						<posx>257</posx>
						<posy>395</posy>
						<width>150</width>
						<height>30</height>
						<font>font-20c</font>
						<textcolor>lightblue</textcolor>
						<shadowcolor>black</shadowcolor>
						<align>left</align>
						<aligny>center</aligny>
						<label>$VAR[ViewItemLabel8]</label>
					</control>
					<control type="label">
						<posx>407</posx>
						<posy>395</posy>
						<width>150</width>
						<height>30</height>
						<font>font-20c</font>
						<textcolor>lightblue</textcolor>
						<shadowcolor>black</shadowcolor>
						<align>left</align>
						<aligny>center</aligny>
						<label>$VAR[ViewItemLabel9]</label>
					</control>
					<control type="label">
						<posx>257</posx>
						<posy>415</posy>
						<width>150</width>
						<height>30</height>
						<font>font-20</font>
						<textcolor>white</textcolor>
						<shadowcolor>black</shadowcolor>
						<align>left</align>
						<aligny>center</aligny>
						<label>$VAR[ViewItemLabel10]</label>
					</control>
					<control type="label">
						<posx>407</posx>
						<posy>415</posy>
						<width>150</width>
						<height>30</height>
						<font>font-20</font>
						<textcolor>white</textcolor>
						<shadowcolor>black</shadowcolor>
						<align>left</align>
						<aligny>center</aligny>
						<label>$VAR[ViewItemLabel11]</label>
					</control>
					<control type="image">
						<posx>566</posx>
						<posy>160</posy>
						<width>2</width>
						<height>270</height>
						<texture>separator.png</texture>
					</control>
					<control type="label">
						<posx>588</posx>
						<posy>145</posy>
						<width>300</width>
						<height>30</height>
						<font>font-20c</font>
						<textcolor>lightblue</textcolor>
						<shadowcolor>black</shadowcolor>
						<align>left</align>
						<aligny>center</aligny>
						<label>[UPPERCASE][B]$LOCALIZE[207]:[/B][/UPPERCASE]</label>
					</control>
					<control type="textbox">
						<posx>588</posx>
						<posy>182</posy>
						<width>430</width>
						<height>254</height>
						<font>font-20</font>
						<textcolor>white</textcolor>
						<shadowcolor>black</shadowcolor>
						<align>justify</align>
						<label>$VAR[ViewItemText1]</label>
						<autoscroll time="2000" delay="18000" repeat="5000">Skin.HasSetting(AutoScroll)</autoscroll>
					</control>
				</control>
			</control>
		</control>
		<control type="image">
			<posx>0</posx>
			<posy>554</posy>
			<width>1280</width>
			<height>178</height>
			<texture border="10">underlay4.png</texture>
			<include>Window_OpenClose_Visible_FanartInfo_Animation</include>
			<visible>Control.IsVisible(590)</visible>
		</control>
		<control type="group">
			<visible>Control.IsVisible(590)</visible>
			<control type="image">
				<posx>-40</posx>
				<posy>610</posy>
				<width>220</width>
				<height>220</height>
				<include condition="![substring(ListItem.Path,plugin://) | substring(ListItem.Path,special://) | substring(Container.FolderPath,plugin://) | substring(Container.FolderPath,addons://)]">moviedisc-dvd-View_Item</include>
				<include condition="substring(ListItem.Path,plugin://) | substring(ListItem.Path,special://) | substring(Container.FolderPath,plugin://) | substring(Container.FolderPath,addons://)">movienodisc-View_Item</include>
				<include>Window_OpenClose_Visible_ItemDisc_Animation</include>
				<visible>Container.Content(Movies) + ![stringcompare(ListItem.VideoResolution,720) | stringcompare(ListItem.VideoResolution,1080)] + Control.IsVisible(590) + !stringcompare(ListItem.Label,..)</visible>
			</control>
			<control type="image">
				<posx>-40</posx>
				<posy>610</posy>
				<width>220</width>
				<height>220</height>
				<include condition="![substring(ListItem.Path,plugin://) | substring(ListItem.Path,special://) | substring(Container.FolderPath,plugin://) | substring(Container.FolderPath,addons://)]">moviedisc-bluray-View_Item</include>
				<include condition="substring(ListItem.Path,plugin://) | substring(ListItem.Path,special://) | substring(Container.FolderPath,plugin://) | substring(Container.FolderPath,addons://)">movienodisc-View_Item</include>
				<include>Window_OpenClose_Visible_ItemDisc_Animation</include>
				<visible>Container.Content(Movies) + [stringcompare(ListItem.VideoResolution,720) | stringcompare(ListItem.VideoResolution,1080)] + Control.IsVisible(590) + !stringcompare(ListItem.Label,..)</visible>
			</control>
			<control type="image">
				<posx>-40</posx>
				<posy>610</posy>
				<width>220</width>
				<height>220</height>
				<texture>disc.png</texture>
				<include>Window_OpenClose_Visible_ItemDisc_Animation</include>
				<visible>[Container.Content(TVShows) | Container.Content(Seasons) | Container.Content(Episodes) | Container.Content(MusicVideos)] + Control.IsVisible(590) + !stringcompare(ListItem.Label,..)</visible>
			</control>
		</control>
		<control type="group">
			<include>Window_OpenClose_Visible_FanartInfo_Animation</include>
			<visible>Control.IsVisible(590)</visible>
			<control type="label">
				<posx>40</posx>
				<posy>570</posy>
				<width>950</width>
				<height>35</height>
				<font>font-35</font>
				<textcolor>blue</textcolor>
				<shadowcolor>black</shadowcolor>
				<align>left</align>
				<aligny>center</aligny>
				<label>$VAR[ViewItemLabel12]</label>
			</control>
			<control type="label">
				<posx>160</posx>
				<posy>615</posy>
				<width>830</width>
				<height>20</height>
				<font>font-21</font>
				<textcolor>white</textcolor>
				<shadowcolor>black</shadowcolor>
				<align>left</align>
				<aligny>center</aligny>
				<label>$VAR[ViewItemLabel13]</label>
			</control>
			<control type="label">
				<posx>175</posx>
				<posy>640</posy>
				<width>860</width>
				<height>20</height>
				<font>font-21</font>
				<textcolor>white</textcolor>
				<shadowcolor>black</shadowcolor>
				<align>left</align>
				<aligny>center</aligny>
				<label>[B]$INFO[ListItem.Studio][/B]</label>
			</control>
			<control type="label">
				<posx>188</posx>
				<posy>665</posy>
				<width>920</width>
				<height>20</height>
				<font>font-21</font>
				<textcolor>white</textcolor>
				<shadowcolor>black</shadowcolor>
				<align>left</align>
				<aligny>center</aligny>
				<label>$VAR[ViewItemLabel14]</label>
			</control>
			<control type="label">
				<posx>195</posx>
				<posy>690</posy>
				<width>1000</width>
				<height>20</height>
				<font>font-21</font>
				<textcolor>white</textcolor>
				<shadowcolor>black</shadowcolor>
				<align>left</align>
				<aligny>center</aligny>
				<label>[B]$INFO[ListItem.TagLine][/B]</label>
				<visible>Container.Content(Movies)</visible>
			</control>
		</control>
		<control type="group">
			<posx>1250</posx>
			<posy>270</posy>
			<width>197</width>
			<height>315</height>
			<include>Window_OpenClose_Visible_ItemIcon_Animation</include>
			<animation effect="rotatey" start="60" end="60" center="auto" time="0" condition="true">Conditional</animation>
			<camera x="840" y="360"/>
			<visible>Control.IsVisible(590)</visible>
			<control type="image">
				<posx>310</posx>
				<posy>65</posy>
				<width>184</width>
				<height>272</height>
				<texture>$INFO[ListItem.Icon]</texture>
				<visible>stringcompare(ListItem.Label,..)</visible>
			</control>
			<control type="image">
				<posx>310</posx>
				<posy>369</posy>
				<width>184</width>
				<height>272</height>
				<texture flipy="true" diffuse="diffuse_mirror2.png">$INFO[ListItem.Icon]</texture>
				<visible>stringcompare(ListItem.Label,..)</visible>
			</control>
			<control type="image">
				<posx>310</posx>
				<posy>84</posy>
				<width>184</width>
				<height>272</height>
				<texture background="true" diffuse="poster-diffuse.png">$VAR[IconPoster]</texture>
				<fadetime>IconCrossfadeTime</fadetime>
				<visible>[Container.Content(Movies) | [Container.Content(TVShows) + !Skin.HasSetting(TVShowsPosters)] | Container.Content(Seasons)] + !stringcompare(ListItem.Label,..)</visible>
			</control>
			<control type="image">
				<posx>310</posx>
				<posy>369</posy>
				<width>184</width>
				<height>272</height>
				<texture flipy="true" diffuse="diffuse_mirror2.png">$VAR[IconPoster]</texture>
				<fadetime>IconCrossfadeTime</fadetime>
				<visible>[Container.Content(Movies) | [Container.Content(TVShows) + !Skin.HasSetting(TVShowsPosters)] | Container.Content(Seasons)] + !stringcompare(ListItem.Label,..)</visible>
			</control>
			<control type="image">
				<posx>150</posx>
				<posy>264</posy>
				<width>360</width>
				<height>100</height>
				<aspectratio scalediffuse="true">stretch</aspectratio>
				<texture diffuse="thumb-diffuse.png" background="true">$VAR[IconBanner]</texture>
				<fadetime>IconCrossfadeTime</fadetime>
				<visible>[Container.Content(TVShows) + Skin.HasSetting(TVShowsPosters)] + !stringcompare(ListItem.Label,..)</visible>
			</control>
			<control type="image">
				<posx>150</posx>
				<posy>359</posy>
				<width>360</width>
				<height>100</height>
				<aspectratio scalediffuse="true">stretch</aspectratio>
				<texture flipy="true" diffuse="thumb-diffuse-mirror.png" background="true">$VAR[IconBanner]</texture>
				<fadetime>IconCrossfadeTime</fadetime>
				<visible>[Container.Content(TVShows) + Skin.HasSetting(TVShowsPosters)] + !stringcompare(ListItem.Label,..)</visible>
			</control>
			<control type="image">
				<posx>275</posx>
				<posy>234</posy>
				<width>232</width>
				<height>135</height>
				<aspectratio scalediffuse="true">keep</aspectratio>
				<texture diffuse="thumb-diffuse.png" background="true">$INFO[ListItem.Icon]</texture>
				<fadetime>IconCrossfadeTime</fadetime>
				<visible>[Container.Content(Episodes) | Container.Content(MusicVideos)] + !stringcompare(ListItem.Label,..)</visible>
			</control>
			<control type="image">
				<posx>275</posx>
				<posy>364</posy>
				<width>232</width>
				<height>135</height>
				<aspectratio scalediffuse="true">keep</aspectratio>
				<texture flipy="true" diffuse="thumb-diffuse-mirror.png" background="true">$INFO[ListItem.Icon]</texture>
				<fadetime>IconCrossfadeTime</fadetime>
				<visible>[Container.Content(Episodes) | Container.Content(MusicVideos)] + !stringcompare(ListItem.Label,..)</visible>
			</control>
			<control type="image">
				<posx>310</posx>
				<posy>60</posy>
				<width>197</width>
				<height>315</height>
				<texture fallback="case-sets.png">case$INFO[ListItem.VideoResolution].png</texture>
				<visible>Container.Content(Movies) + !stringcompare(ListItem.Label,..) + !Skin.HasSetting(HideMovieCase)</visible>
			</control>
			<control type="image">
				<posx>310</posx>
				<posy>350</posy>
				<width>197</width>
				<height>315</height>
				<texture flipy="true" diffuse="diffuse_mirror_case.png" fallback="case-sets.png">case$INFO[ListItem.VideoResolution].png</texture>
				<visible>Container.Content(Movies) + !stringcompare(ListItem.Label,..) + !Skin.HasSetting(HideMovieCase)</visible>
			</control>
			<control type="image">
				<posx>388</posx>
				<posy>66</posy>
				<width>27</width>
				<height>16</height>
				<texture>movieset.png</texture>
				<animation effect="fade" reversible="false" start="0" end="100" time="300">Visible</animation>
				<visible>Container.Content(Movies) + ListItem.IsFolder + !stringcompare(ListItem.Label,..) + SubString(Container.Folderpath,videodb://,left)</visible>
			</control>
			<control type="image">
				<posx>310</posx>
				<posy>60</posy>
				<width>197</width>
				<height>315</height>
				<texture>case-tv.png</texture>
				<visible>[[Container.Content(TVShows) + !Skin.HasSetting(TVShowsPosters)] | Container.Content(Seasons)] + !Skin.HasSetting(HideTVShowCase) + !stringcompare(ListItem.Label,..)</visible>
			</control>
		</control>
		<control type="group">
			<visible>Control.IsVisible(590)</visible>
			<include>Window_OpenClose_Visible_FanartIcon_Animation</include>
			<include condition="Skin.HasSetting(MoviesExtraThumbs)">thumbs-extra-movies</include>
		</control>
		<control type="wraplist" id="590">
			<include>Window_OpenClose_Animation</include>
			<posx>0</posx>
			<posy>300</posy>
			<width>1280</width>
			<height>430</height>
			<onup>7026</onup>
			<ondown>60</ondown>
			<onleft>590</onleft>
			<onright>590</onright>
			<viewtype label="31039">list</viewtype>
			<pagecontrol>60</pagecontrol>
			<orientation>horizontal</orientation>
			<scrolltime>250</scrolltime>
			<preloaditems>2</preloaditems>
			<visible>Container.Content(Movies) | Container.Content(TVShows) | Container.Content(Seasons) | Container.Content(Episodes) | Container.Content(MusicVideos)</visible>
			<hitrect x="1022" y="320" w="220" h="400"/>
			<itemlayout width="256" height="430"/>
			<focusedlayout width="256" height="430">
				<control type="image">
					<posx>0</posx>
					<posy>0</posy>
					<width>256</width>
					<height>430</height>
					<texture/>
				</control>
			</focusedlayout>
		</control>
	</include>
	<include name="Item-Music">
		<control type="group" id="7011">
			<animation effect="fade" start="100" end="100" time="250">Hidden</animation>
			<visible>Control.IsVisible(595) + Container.OnNext</visible>
		</control>
		<control type="group" id="7012">
			<animation effect="fade" start="100" end="100" time="250">Hidden</animation>
			<visible>Control.IsVisible(595) + Container.OnPrevious</visible>
		</control>
		<control type="group">
			<posx>0</posx>
			<posy>6</posy>
			<include>Window_OpenClose_Animation</include>
			<visible>Control.IsVisible(595) + !Skin.HasSetting(HideInfoPanelItemView)</visible>
			<control type="group">
				<animation effect="zoom" start="640,0,1,720" end="0,0,1280,720" time="200" delay="2000">Visible</animation>
				<animation effect="zoom" start="0,0,1280,720" end="0,360,1280,1" time="200">Hidden</animation>
				<visible>Control.IsVisible(595) + !stringcompare(ListItem.Label,..) + !Control.IsVisible(7011) + !Control.IsVisible(7012)</visible>
				<control type="image">
					<posx>160</posx>
					<posy>127</posy>
					<width>960</width>
					<height>339</height>
					<texture diffuse="underlay5-diffuse.png" border="0,10,0,10">underlay4.png</texture>
				</control>
				<control type="label">
					<posx>257</posx>
					<posy>145</posy>
					<width>300</width>
					<height>30</height>
					<font>font-20c</font>
					<textcolor>lightblue</textcolor>
					<shadowcolor>black</shadowcolor>
					<align>left</align>
					<aligny>center</aligny>
					<label>$VAR[ViewItemLabel15]</label>
				</control>
				<control type="label">
					<posx>257</posx>
					<posy>165</posy>
					<width>300</width>
					<height>30</height>
					<font>font-20</font>
					<textcolor>white</textcolor>
					<shadowcolor>black</shadowcolor>
					<align>left</align>
					<aligny>center</aligny>
					<label>$VAR[ViewItemLabel16]</label>
				</control>
				<control type="label">
					<posx>257</posx>
					<posy>195</posy>
					<width>300</width>
					<height>30</height>
					<font>font-20c</font>
					<textcolor>lightblue</textcolor>
					<shadowcolor>black</shadowcolor>
					<align>left</align>
					<aligny>center</aligny>
					<label>$VAR[ViewItemLabel17]</label>
				</control>
				<control type="label">
					<posx>257</posx>
					<posy>215</posy>
					<width>300</width>
					<height>30</height>
					<font>font-20</font>
					<textcolor>white</textcolor>
					<shadowcolor>black</shadowcolor>
					<align>left</align>
					<aligny>center</aligny>
					<label>$VAR[ViewItemLabel18]</label>
				</control>
				<control type="label">
					<posx>257</posx>
					<posy>245</posy>
					<width>300</width>
					<height>30</height>
					<font>font-20c</font>
					<textcolor>lightblue</textcolor>
					<shadowcolor>black</shadowcolor>
					<align>left</align>
					<aligny>center</aligny>
					<label>$VAR[ViewItemLabel19]</label>
				</control>
				<control type="label">
					<posx>257</posx>
					<posy>265</posy>
					<width>300</width>
					<height>30</height>
					<font>font-20</font>
					<textcolor>white</textcolor>
					<shadowcolor>black</shadowcolor>
					<align>left</align>
					<aligny>center</aligny>
					<label>$VAR[ViewItemLabel20]</label>
				</control>
				<control type="label">
					<posx>257</posx>
					<posy>295</posy>
					<width>300</width>
					<height>30</height>
					<font>font-20c</font>
					<textcolor>lightblue</textcolor>
					<shadowcolor>black</shadowcolor>
					<align>left</align>
					<aligny>center</aligny>
					<label>$VAR[ViewItemLabel21]</label>
				</control>
				<control type="label">
					<posx>257</posx>
					<posy>315</posy>
					<width>300</width>
					<height>30</height>
					<font>font-20</font>
					<textcolor>white</textcolor>
					<shadowcolor>black</shadowcolor>
					<align>left</align>
					<aligny>center</aligny>
					<label>$VAR[ViewItemLabel22]</label>
				</control>
				<control type="label">
					<posx>257</posx>
					<posy>345</posy>
					<width>150</width>
					<height>30</height>
					<font>font-20c</font>
					<textcolor>lightblue</textcolor>
					<shadowcolor>black</shadowcolor>
					<align>left</align>
					<aligny>center</aligny>
					<label>[UPPERCASE][B]$LOCALIZE[21893]:[/B][/UPPERCASE]</label>
					<visible>Container.Content(Artists)</visible>
				</control>
				<control type="label">
					<posx>257</posx>
					<posy>365</posy>
					<width>150</width>
					<height>30</height>
					<font>font-20</font>
					<textcolor>white</textcolor>
					<shadowcolor>black</shadowcolor>
					<align>left</align>
					<aligny>center</aligny>
					<label>$INFO[ListItem.Property(Artist_Born)]</label>
					<visible>Container.Content(Artists)</visible>
				</control>
				<control type="label">
					<posx>407</posx>
					<posy>345</posy>
					<width>150</width>
					<height>30</height>
					<font>font-20c</font>
					<textcolor>lightblue</textcolor>
					<shadowcolor>black</shadowcolor>
					<align>left</align>
					<aligny>center</aligny>
					<label>[UPPERCASE][B]$LOCALIZE[21897]:[/B][/UPPERCASE]</label>
					<visible>Container.Content(Artists)</visible>
				</control>
				<control type="label">
					<posx>407</posx>
					<posy>365</posy>
					<width>150</width>
					<height>30</height>
					<font>font-20</font>
					<textcolor>white</textcolor>
					<shadowcolor>black</shadowcolor>
					<align>left</align>
					<aligny>center</aligny>
					<label>$INFO[ListItem.Property(Artist_Died)]</label>
					<visible>Container.Content(Artists)</visible>
				</control>
				<control type="label">
					<posx>257</posx>
					<posy>345</posy>
					<width>300</width>
					<height>30</height>
					<font>font-20c</font>
					<textcolor>lightblue</textcolor>
					<shadowcolor>black</shadowcolor>
					<align>left</align>
					<aligny>center</aligny>
					<label>$VAR[ViewItemLabel23]</label>
					<visible>!Container.Content(Artists)</visible>
				</control>
				<control type="label">
					<posx>257</posx>
					<posy>365</posy>
					<width>300</width>
					<height>30</height>
					<font>font-20</font>
					<textcolor>white</textcolor>
					<shadowcolor>black</shadowcolor>
					<align>left</align>
					<aligny>center</aligny>
					<label>$VAR[ViewItemLabel24]</label>
					<visible>!Container.Content(Artists)</visible>
				</control>
				<control type="label">
					<posx>257</posx>
					<posy>395</posy>
					<width>150</width>
					<height>30</height>
					<font>font-20c</font>
					<textcolor>lightblue</textcolor>
					<shadowcolor>black</shadowcolor>
					<align>left</align>
					<aligny>center</aligny>
					<label>$VAR[ViewItemLabel25]</label>
				</control>
				<control type="label">
					<posx>257</posx>
					<posy>415</posy>
					<width>150</width>
					<height>30</height>
					<font>font-20</font>
					<textcolor>white</textcolor>
					<shadowcolor>black</shadowcolor>
					<align>left</align>
					<aligny>center</aligny>
					<label>$VAR[ViewItemLabel26]</label>
				</control>
				<control type="label">
					<posx>407</posx>
					<posy>395</posy>
					<width>150</width>
					<height>30</height>
					<font>font-20c</font>
					<textcolor>lightblue</textcolor>
					<shadowcolor>black</shadowcolor>
					<align>left</align>
					<aligny>center</aligny>
					<label>$VAR[ViewItemLabel27]</label>
				</control>
				<control type="label">
					<posx>407</posx>
					<posy>415</posy>
					<width>150</width>
					<height>30</height>
					<font>font-20</font>
					<textcolor>white</textcolor>
					<shadowcolor>black</shadowcolor>
					<align>left</align>
					<aligny>center</aligny>
					<label>$VAR[ViewItemLabel28]</label>
				</control>
				<control type="image">
					<posx>566</posx>
					<posy>160</posy>
					<width>2</width>
					<height>270</height>
					<texture>separator.png</texture>
				</control>
				<control type="label">
					<posx>588</posx>
					<posy>145</posy>
					<width>300</width>
					<height>30</height>
					<font>font-20c</font>
					<textcolor>lightblue</textcolor>
					<shadowcolor>black</shadowcolor>
					<align>left</align>
					<aligny>center</aligny>
					<label>$VAR[ViewItemLabel29]</label>
				</control>
				<control type="textbox">
					<posx>588</posx>
					<posy>182</posy>
					<width>430</width>
					<height>254</height>
					<font>font-20</font>
					<textcolor>white</textcolor>
					<shadowcolor>black</shadowcolor>
					<align>justify</align>
					<label>$VAR[ViewItemText2]</label>
					<autoscroll time="2000" delay="18000" repeat="5000">Skin.HasSetting(AutoScroll)</autoscroll>
				</control>
			</control>
		</control>
		<control type="image">
			<posx>0</posx>
			<posy>554</posy>
			<width>1280</width>
			<height>178</height>
			<texture border="10">underlay4.png</texture>
			<include>Window_OpenClose_Visible_FanartInfo_Animation</include>
			<visible>Control.IsVisible(595)</visible>
		</control>
		<control type="group">
			<visible>Control.IsVisible(595)</visible>
			<control type="image">
				<posx>-40</posx>
				<posy>610</posy>
				<width>220</width>
				<height>220</height>
				<texture diffuse="disc_mask.png">disc.png</texture>
				<include>Window_OpenClose_Visible_ItemDisc_Animation</include>
				<visible>Container.Content(Artists)</visible>
			</control>
			<control type="image">
				<posx>-40</posx>
				<posy>610</posy>
				<width>220</width>
				<height>220</height>
				<include condition="![substring(ListItem.Path,plugin://) | substring(ListItem.Path,special://) | substring(Container.FolderPath,plugin://) | substring(Container.FolderPath,addon://)]">musicalbumsdisc-View_Icons</include>
				<include condition="substring(ListItem.Path,plugin://) | substring(ListItem.Path,special://) | substring(Container.FolderPath,plugin://) | substring(Container.FolderPath,addon://)">musicalbumsnodisc-View_Icons</include>
				<include>Window_OpenClose_Visible_ItemDisc_Animation</include>
				<visible>Container.Content(Albums) | Container.Content(Songs)</visible>
			</control>
		</control>
		<control type="group">
			<include>Window_OpenClose_Visible_FanartInfo_Animation</include>
			<visible>Control.IsVisible(595)</visible>
			<control type="label">
				<posx>40</posx>
				<posy>570</posy>
				<width>950</width>
				<height>35</height>
				<font>font-35</font>
				<textcolor>blue</textcolor>
				<shadowcolor>black</shadowcolor>
				<align>left</align>
				<aligny>center</aligny>
				<label>$VAR[ViewItemLabel30]</label>
			</control>
			<control type="label">
				<posx>160</posx>
				<posy>615</posy>
				<width>830</width>
				<height>20</height>
				<font>font-21</font>
				<textcolor>white</textcolor>
				<shadowcolor>black</shadowcolor>
				<align>left</align>
				<aligny>center</aligny>
				<label>$VAR[ViewItemLabel31]</label>
			</control>
			<control type="label">
				<posx>175</posx>
				<posy>640</posy>
				<width>860</width>
				<height>20</height>
				<font>font-21</font>
				<textcolor>white</textcolor>
				<shadowcolor>black</shadowcolor>
				<align>left</align>
				<aligny>center</aligny>
				<label>$VAR[ViewItemLabel32]</label>
			</control>
			<control type="label">
				<posx>188</posx>
				<posy>665</posy>
				<width>920</width>
				<height>20</height>
				<font>font-21</font>
				<textcolor>white</textcolor>
				<shadowcolor>black</shadowcolor>
				<align>left</align>
				<aligny>center</aligny>
				<label>$VAR[ViewItemLabel33]</label>
			</control>
			<control type="label">
				<posx>195</posx>
				<posy>690</posy>
				<width>1000</width>
				<height>20</height>
				<font>font-21</font>
				<textcolor>white</textcolor>
				<shadowcolor>black</shadowcolor>
				<align>left</align>
				<aligny>center</aligny>
				<label>$VAR[ViewItemLabel34]</label>
			</control>
		</control>
		<control type="group">
			<posx>1172</posx>
			<posy>270</posy>
			<width>272</width>
			<height>272</height>
			<include>Window_OpenClose_Visible_ItemIcon_Animation</include>
			<animation effect="rotatey" start="60" end="60" center="auto" time="0" condition="true">Conditional</animation>
			<camera x="940" y="360"/>
			<visible>Control.IsVisible(595) + Container.Content(Artists)</visible>
			<control type="image">
				<posx>310</posx>
				<posy>84</posy>
				<width>272</width>
				<height>272</height>
				<texture background="true" diffuse="thumb-diffuse.png">$INFO[ListItem.Icon]</texture>
				<fadetime>IconCrossfadeTime</fadetime>
			</control>
			<control type="image">
				<posx>310</posx>
				<posy>356</posy>
				<width>272</width>
				<height>272</height>
				<texture flipy="true" diffuse="thumb-diffuse-mirror.png">$INFO[ListItem.Icon]</texture>
				<fadetime>IconCrossfadeTime</fadetime>
			</control>
		</control>
		<control type="group">
			<posx>1184</posx>
			<posy>270</posy>
			<width>315</width>
			<height>315</height>
			<include>Window_OpenClose_Visible_ItemIcon_Animation</include>
			<animation effect="rotatey" start="60" end="60" center="auto" time="0" condition="true">Conditional</animation>
			<camera x="940" y="360"/>
			<visible>Control.IsVisible(595) + [Container.Content(Albums) | Container.Content(Songs)]</visible>
			<control type="image">
				<posx>340</posx>
				<posy>88</posy>
				<width>252</width>
				<height>252</height>
				<texture>$INFO[ListItem.Icon]</texture>
				<fadetime>IconCrossfadeTime</fadetime>
				<visible>stringcompare(ListItem.Label,..)</visible>
			</control>
			<control type="image">
				<posx>340</posx>
				<posy>360</posy>
				<width>252</width>
				<height>252</height>
				<texture flipy="true" diffuse="diffuse_mirror2.png">$INFO[ListItem.Icon]</texture>
				<fadetime>IconCrossfadeTime</fadetime>
				<visible>stringcompare(ListItem.Label,..)</visible>
			</control>
			<control type="image">
				<posx>340</posx>
				<posy>88</posy>
				<width>252</width>
				<height>264</height>
				<texture background="true" diffuse="poster-diffuse.png">$INFO[ListItem.Icon]</texture>
				<fadetime>IconCrossfadeTime</fadetime>
				<visible>!stringcompare(ListItem.Label,..)</visible>
			</control>
			<control type="image">
				<posx>310</posx>
				<posy>84</posy>
				<width>290</width>
				<height>272</height>
				<texture diffuse="cdcase-diffuse.png">cdcase.png</texture>
				<visible>!stringcompare(ListItem.Label,..) + !Skin.HasSetting(HideMusicCase)</visible>
			</control>
			<control type="image">
				<posx>340</posx>
				<posy>360</posy>
				<width>252</width>
				<height>264</height>
				<texture flipy="true" diffuse="diffuse_mirror2.png" background="true">$INFO[ListItem.Icon]</texture>
				<fadetime>IconCrossfadeTime</fadetime>
				<visible>!stringcompare(ListItem.Label,..)</visible>
			</control>
			<control type="image">
				<posx>310</posx>
				<posy>356</posy>
				<width>290</width>
				<height>272</height>
				<texture flipy="true" diffuse="diffuse_mirror2.png">cdcase.png</texture>
				<fadetime>IconCrossfadeTime</fadetime>
				<visible>!stringcompare(ListItem.Label,..) + !Skin.HasSetting(HideMusicCase)</visible>
			</control>
		</control>
		<control type="wraplist" id="595">
			<include>Window_OpenClose_Animation</include>
			<posx>0</posx>
			<posy>300</posy>
			<width>1280</width>
			<height>430</height>
			<onup>9000</onup>
			<ondown>60</ondown>
			<onleft>595</onleft>
			<onright>595</onright>
			<viewtype label="31039">list</viewtype>
			<pagecontrol>60</pagecontrol>
			<orientation>horizontal</orientation>
			<scrolltime>250</scrolltime>
			<preloaditems>2</preloaditems>
			<visible>Container.Content(Artists) | Container.Content(Albums) | Container.Content(Songs)</visible>
			<hitrect x="1022" y="320" w="400" h="400"/>
			<itemlayout width="430" height="430"/>
			<focusedlayout width="430" height="430">
				<control type="image">
					<posx>0</posx>
					<posy>0</posy>
					<width>430</width>
					<height>430</height>
					<texture/>
				</control>
			</focusedlayout>
		</control>
	</include>
</includes>
