<?xml version="1.0" encoding="UTF-8"?>
<includes>
	<include name="WideIcon">
		<control type="panel" id="54">
			<visible>Container.Content(TVShows) + Skin.HasSetting(TVShowsPosters)</visible>
			<posx>200</posx>
			<posy>135</posy>
			<width>880</width>
			<height>448</height>
			<onleft>9000</onleft>
			<onright>60</onright>
			<onup>54</onup>
			<ondown>54</ondown>
			<viewtype label="31034">wide</viewtype>
			<pagecontrol>60</pagecontrol>
			<scrolltime>200</scrolltime>
			<preloaditems>2</preloaditems>
			<itemlayout width="440" height="112">
				<control type="image">
					<posx>-8</posx>
					<posy>-5</posy>
					<width>446</width>
					<height>102</height>
					<texture background="true">$INFO[Listitem.Icon]</texture>
					<aspectratio>keep</aspectratio>
					<visible>stringcompare(ListItem.Label,..)</visible>
				</control>
				<control type="image">
					<posx>-8</posx>
					<posy>-5</posy>
					<width>446</width>
					<height>102</height>
					<aspectratio scalediffuse="false">stretch</aspectratio>
					<texture fallback="DefaultBanner.png" diffuse="banner-diffuse.png" background="true">$VAR[IconBanner]</texture>
					<bordertexture border="13">banner-shadow.png</bordertexture>
					<bordersize>13</bordersize>
					<visible>!stringcompare(ListItem.Label,..)</visible>
				</control>
				<control type="image">
					<posx>389</posx>
					<posy>46</posy>
					<width>35</width>
					<height>35</height>
					<aspectratio>keep</aspectratio>
					<texture>$VAR[PartlyWatched]</texture>
					<visible>!Skin.HasSetting(Enable_TVShows_Watched_Flags)</visible>
				</control>
				<control type="image">
					<posx>389</posx>
					<posy>46</posy>
					<width>35</width>
					<height>35</height>
					<aspectratio>keep</aspectratio>
					<texture>$INFO[ListItem.Overlay]</texture>
					<visible>!Skin.HasSetting(Enable_TVShows_Watched_Flags)</visible>
				</control>
				<control type="label">
					<posx>0</posx>
					<posy>86</posy>
					<width>430</width>
					<height>25</height>
					<font>font-20</font>
					<textcolor>white</textcolor>
					<selectedcolor>blue</selectedcolor>
					<align>center</align>
					<aligny>center</aligny>
					<label>$INFO[ListItem.Label]</label>
				</control>
			</itemlayout>
			<focusedlayout width="440" height="112">
				<control type="image">
					<posx>-8</posx>
					<posy>-5</posy>
					<width>446</width>
					<height>102</height>
					<texture background="true">$INFO[Listitem.Icon]</texture>
					<aspectratio>keep</aspectratio>
					<animation type="focus">
						<effect type="slide" start="0,0" end="0,-2" time="200"/>
						<effect type="zoom" start="100" end="109" center="auto" time="200"/>
					</animation>
					<animation type="unfocus">
						<effect type="slide" start="0,-2" end="0,0" time="200"/>
						<effect type="zoom" start="109" end="100" center="auto" time="200"/>
					</animation>
					<visible>stringcompare(ListItem.Label,..)</visible>
				</control>
				<control type="image">
					<posx>-8</posx>
					<posy>-5</posy>
					<width>446</width>
					<height>102</height>
					<aspectratio scalediffuse="false">stretch</aspectratio>
					<texture fallback="DefaultBanner.png" diffuse="banner-diffuse.png" background="true">$VAR[IconBanner]</texture>
					<bordertexture border="13">banner-shadow.png</bordertexture>
					<bordersize>13</bordersize>
					<animation type="focus">
						<effect type="slide" start="0,0" end="0,-2" time="200"/>
						<effect type="zoom" start="100" end="109" center="auto" time="200"/>
					</animation>
					<animation type="unfocus">
						<effect type="slide" start="0,-2" end="0,0" time="200"/>
						<effect type="zoom" start="109" end="100" center="auto" time="200"/>
					</animation>
					<visible>!stringcompare(ListItem.Label,..)</visible>
				</control>
				<control type="image">
					<posx>389</posx>
					<posy>46</posy>
					<width>35</width>
					<height>35</height>
					<aspectratio>keep</aspectratio>
					<texture>$VAR[PartlyWatched]</texture>
					<animation type="focus">
						<effect type="slide" start="0,0" end="18,-1" time="200"/>
						<effect type="zoom" start="100" end="109" center="auto" time="200"/>
					</animation>
					<animation type="unfocus">
						<effect type="slide" start="18,-1" end="0,0" time="200"/>
						<effect type="zoom" start="109" end="100" center="auto" time="200"/>
					</animation>
					<visible>!Skin.HasSetting(Enable_TVShows_Watched_Flags)</visible>
				</control>
				<control type="image">
					<posx>389</posx>
					<posy>46</posy>
					<width>35</width>
					<height>35</height>
					<aspectratio>keep</aspectratio>
					<texture>$INFO[ListItem.Overlay]</texture>
					<animation type="focus">
						<effect type="slide" start="0,0" end="18,-1" time="200"/>
						<effect type="zoom" start="100" end="109" center="auto" time="200"/>
					</animation>
					<animation type="unfocus">
						<effect type="slide" start="18,-1" end="0,0" time="200"/>
						<effect type="zoom" start="109" end="100" center="auto" time="200"/>
					</animation>
					<visible>!Skin.HasSetting(Enable_TVShows_Watched_Flags)</visible>
				</control>
				<control type="label">
					<posx>0</posx>
					<posy>86</posy>
					<width>430</width>
					<height>25</height>
					<font>font-20</font>
					<textcolor>blue</textcolor>
					<selectedcolor>blue</selectedcolor>
					<align>center</align>
					<aligny>center</aligny>
					<label>$INFO[ListItem.Label]</label>
				</control>
			</focusedlayout>
		</control>
	</include>
</includes>
