<?xml version="1.0" encoding="UTF-8"?>
<includes>
	<include name="FullList">
		<control type="list" id="52">
			<posx>200</posx>
			<posy>142</posy>
			<width>880</width>
			<height>436</height>
			<onleft>9000</onleft>
			<onright>60</onright>
			<onup>52</onup>
			<ondown>52</ondown>
			<viewtype label="31031">list</viewtype>
			<pagecontrol>60</pagecontrol>
			<scrolltime>200</scrolltime>
			<preloaditems>2</preloaditems>
			<itemlayout width="880" height="29">
				<control type="image">
					<posx>0</posx>
					<posy>0</posy>
					<width>880</width>
					<height>30</height>
					<texture border="7">list-nofocus.png</texture>
					<include>VisibleFadeEffect</include>
				</control>
				<control type="image">
					<posx>10</posx>
					<posy>4</posy>
					<width>40</width>
					<height>22</height>
					<texture background="true">$INFO[ListItem.Icon]</texture>
					<aspectratio>keep</aspectratio>
					<visible>!Container.Content(Addons)</visible>
				</control>
				<control type="image">
					<posx>10</posx>
					<posy>4</posy>
					<width>40</width>
					<height>22</height>
					<texture background="true" fallback="DefaultAddon.png">$INFO[ListItem.Icon]</texture>
					<aspectratio>keep</aspectratio>
					<visible>Container.Content(Addons)</visible>
				</control>
				<control type="label">
					<posx>60</posx>
					<posy>0</posy>
					<width>810</width>
					<height>30</height>
					<font>font-20</font>
					<textcolor>white</textcolor>
					<selectedcolor>blue</selectedcolor>
					<align>left</align>
					<aligny>center</aligny>
					<label>$INFO[ListItem.Label]</label>
				</control>
				<control type="label">
					<posx>60</posx>
					<posy>0</posy>
					<width>810</width>
					<height>30</height>
					<font>font-20</font>
					<textcolor>lightblue</textcolor>
					<selectedcolor>blue</selectedcolor>
					<align>right</align>
					<aligny>center</aligny>
					<label>$INFO[ListItem.Label2]</label>
				</control>
			</itemlayout>
			<focusedlayout width="880" height="29">
				<control type="image">
					<posx>0</posx>
					<posy>0</posy>
					<width>880</width>
					<height>30</height>
					<texture border="7">list-nofocus.png</texture>
					<include>VisibleFadeEffect</include>
				</control>
				<control type="image">
					<posx>0</posx>
					<posy>0</posy>
					<width>880</width>
					<height>30</height>
					<texture border="7">list-focus2.png</texture>
					<include>VisibleFadeEffect</include>
					<include>ListFocusScroll</include>
					<visible>Control.HasFocus(52)</visible>
				</control>
				<control type="image">
					<posx>10</posx>
					<posy>4</posy>
					<width>40</width>
					<height>22</height>
					<texture background="true">$INFO[ListItem.Icon]</texture>
					<aspectratio>keep</aspectratio>
					<visible>!Container.Content(Addons)</visible>
				</control>
				<control type="image">
					<posx>10</posx>
					<posy>4</posy>
					<width>40</width>
					<height>22</height>
					<texture background="true" fallback="DefaultAddon.png">$INFO[ListItem.Icon]</texture>
					<aspectratio>keep</aspectratio>
					<visible>Container.Content(Addons)</visible>
				</control>
				<control type="label">
					<posx>60</posx>
					<posy>0</posy>
					<width>810</width>
					<height>30</height>
					<font>font-20</font>
					<textcolor>white</textcolor>
					<selectedcolor>blue</selectedcolor>
					<align>left</align>
					<aligny>center</aligny>
					<label>$INFO[ListItem.Label]</label>
				</control>
				<control type="label">
					<posx>60</posx>
					<posy>0</posy>
					<width>810</width>
					<height>30</height>
					<font>font-20</font>
					<textcolor>lightblue</textcolor>
					<selectedcolor>blue</selectedcolor>
					<align>right</align>
					<aligny>center</aligny>
					<label>$INFO[ListItem.Label2]</label>
				</control>
			</focusedlayout>
		</control>
	</include>
	<include name="FullList-Videos">
		<control type="list" id="52">
			<posx>200</posx>
			<posy>142</posy>
			<width>880</width>
			<height>436</height>
			<onleft>9000</onleft>
			<onright>60</onright>
			<onup>52</onup>
			<ondown>52</ondown>
			<viewtype label="31031">list</viewtype>
			<pagecontrol>60</pagecontrol>
			<scrolltime>200</scrolltime>
			<preloaditems>2</preloaditems>
			<itemlayout width="880" height="29">
				<control type="image">
					<posx>0</posx>
					<posy>0</posy>
					<width>880</width>
					<height>30</height>
					<texture border="7">list-nofocus.png</texture>
					<include>VisibleFadeEffect</include>
				</control>
				<control type="image">
					<posx>10</posx>
					<posy>4</posy>
					<width>40</width>
					<height>22</height>
					<texture background="true">$INFO[ListItem.Icon]</texture>
					<aspectratio>keep</aspectratio>
					<visible>stringcompare(ListItem.Label,..)</visible>
				</control>
				<control type="image">
					<posx>10</posx>
					<posy>4</posy>
					<width>40</width>
					<height>22</height>
					<texture background="true">$VAR[IconPoster]</texture>
					<aspectratio>keep</aspectratio>
					<visible>!stringcompare(ListItem.Label,..)</visible>
				</control>
				<control type="label">
					<posx>60</posx>
					<posy>0</posy>
					<width>770</width>
					<height>30</height>
					<font>font-20</font>
					<textcolor>white</textcolor>
					<selectedcolor>blue</selectedcolor>
					<align>left</align>
					<aligny>center</aligny>
					<label>$INFO[ListItem.Label]</label>
				</control>
				<control type="label">
					<posx>60</posx>
					<posy>0</posy>
					<width>770</width>
					<height>30</height>
					<font>font-20</font>
					<textcolor>lightblue</textcolor>
					<selectedcolor>blue</selectedcolor>
					<align>right</align>
					<aligny>center</aligny>
					<label>$INFO[ListItem.Label2]</label>
					<animation effect="slide" start="0,0" end="40,0" time="0" condition="[Container.Content(Movies) + Skin.HasSetting(Enable_Movies_Watched_Flags)] | [Container.Content(Episodes) + Skin.HasSetting(Enable_TVShows_Watched_Flags)] | [Container.Content(MusicVideos) + Skin.HasSetting(Enable_MusicVideos_Watched_Flags)] | [Container.Content(Files) + Skin.HasSetting(Enable_Videos_Watched_Flags)]">Conditional</animation>
				</control>
				<control type="image">
					<posx>840</posx>
					<posy>0</posy>
					<width>30</width>
					<height>30</height>
					<aspectratio>keep</aspectratio>
					<texture>$VAR[PartlyWatched]</texture>
					<visible>[Container.Content(Movies) + !Skin.HasSetting(Enable_Movies_Watched_Flags)] | [[Container.Content(TVShows) | Container.Content(Seasons) | Container.Content(Episodes)] + !Skin.HasSetting(Enable_TVShows_Watched_Flags)] | [Container.Content(MusicVideos) + !Skin.HasSetting(Enable_MusicVideos_Watched_Flags)] | [Container.Content(Files) + !Skin.HasSetting(Enable_Videos_Watched_Flags)] | Window.IsVisible(VideoPlaylist)</visible>
				</control>
				<control type="image">
					<posx>840</posx>
					<posy>0</posy>
					<width>30</width>
					<height>30</height>
					<aspectratio>keep</aspectratio>
					<texture>$INFO[ListItem.Overlay]</texture>
					<visible>[Container.Content(Movies) + !Skin.HasSetting(Enable_Movies_Watched_Flags)] | [[Container.Content(TVShows) | Container.Content(Seasons) | Container.Content(Episodes)] + !Skin.HasSetting(Enable_TVShows_Watched_Flags)] | [Container.Content(MusicVideos) + !Skin.HasSetting(Enable_MusicVideos_Watched_Flags)] | [Container.Content(Files) + !Skin.HasSetting(Enable_Videos_Watched_Flags)] | Window.IsVisible(VideoPlaylist)</visible>
				</control>
			</itemlayout>
			<focusedlayout width="880" height="29">
				<control type="image">
					<posx>0</posx>
					<posy>0</posy>
					<width>880</width>
					<height>30</height>
					<texture border="7">list-nofocus.png</texture>
					<include>VisibleFadeEffect</include>
				</control>
				<control type="image">
					<posx>0</posx>
					<posy>0</posy>
					<width>880</width>
					<height>30</height>
					<texture border="7">list-focus2.png</texture>
					<include>VisibleFadeEffect</include>
					<include>ListFocusScroll</include>
					<visible>Control.HasFocus(52)</visible>
				</control>
				<control type="image">
					<posx>10</posx>
					<posy>4</posy>
					<width>40</width>
					<height>22</height>
					<texture background="true">$INFO[ListItem.Icon]</texture>
					<aspectratio>keep</aspectratio>
					<visible>stringcompare(ListItem.Label,..)</visible>
				</control>
				<control type="image">
					<posx>10</posx>
					<posy>4</posy>
					<width>40</width>
					<height>22</height>
					<texture background="true">$VAR[IconPoster]</texture>
					<aspectratio>keep</aspectratio>
					<visible>!stringcompare(ListItem.Label,..)</visible>
				</control>
				<control type="label">
					<posx>60</posx>
					<posy>0</posy>
					<width>770</width>
					<height>30</height>
					<font>font-20</font>
					<textcolor>white</textcolor>
					<selectedcolor>blue</selectedcolor>
					<align>left</align>
					<aligny>center</aligny>
					<label>$INFO[ListItem.Label]</label>
				</control>
				<control type="label">
					<posx>60</posx>
					<posy>0</posy>
					<width>770</width>
					<height>30</height>
					<font>font-20</font>
					<textcolor>lightblue</textcolor>
					<selectedcolor>blue</selectedcolor>
					<align>right</align>
					<aligny>center</aligny>
					<label>$INFO[ListItem.Label2]</label>
					<animation effect="slide" start="0,0" end="40,0" time="0" condition="[Container.Content(Movies) + Skin.HasSetting(Enable_Movies_Watched_Flags)] | [Container.Content(Episodes) + Skin.HasSetting(Enable_TVShows_Watched_Flags)] | [Container.Content(MusicVideos) + Skin.HasSetting(Enable_MusicVideos_Watched_Flags)] | [Container.Content(Files) + Skin.HasSetting(Enable_Videos_Watched_Flags)]">Conditional</animation>
				</control>
				<control type="image">
					<posx>840</posx>
					<posy>0</posy>
					<width>30</width>
					<height>30</height>
					<aspectratio>keep</aspectratio>
					<texture>$VAR[PartlyWatched]</texture>
					<visible>[Container.Content(Movies) + !Skin.HasSetting(Enable_Movies_Watched_Flags)] | [[Container.Content(TVShows) | Container.Content(Seasons) | Container.Content(Episodes)] + !Skin.HasSetting(Enable_TVShows_Watched_Flags)] | [Container.Content(MusicVideos) + !Skin.HasSetting(Enable_MusicVideos_Watched_Flags)] | [Container.Content(Files) + !Skin.HasSetting(Enable_Videos_Watched_Flags)] | Window.IsVisible(VideoPlaylist)</visible>
				</control>
				<control type="image">
					<posx>840</posx>
					<posy>0</posy>
					<width>30</width>
					<height>30</height>
					<aspectratio>keep</aspectratio>
					<texture>$INFO[ListItem.Overlay]</texture>
					<visible>[Container.Content(Movies) + !Skin.HasSetting(Enable_Movies_Watched_Flags)] | [[Container.Content(TVShows) | Container.Content(Seasons) | Container.Content(Episodes)] + !Skin.HasSetting(Enable_TVShows_Watched_Flags)] | [Container.Content(MusicVideos) + !Skin.HasSetting(Enable_MusicVideos_Watched_Flags)] | [Container.Content(Files) + !Skin.HasSetting(Enable_Videos_Watched_Flags)] | Window.IsVisible(VideoPlaylist)</visible>
				</control>
			</focusedlayout>
		</control>
	</include>
	<include name="FullList_Extras">
		<control type="group">
			<visible>Control.IsVisible(52) + [Container.Content(Movies) | Container.Content(Episodes) | Container.Content(MusicVideos)]</visible>
			<include>Window_OpenClose_Visible_MediaFlags_Animation</include>
			<control type="image">
				<posx>330</posx>
				<posy>618</posy>
				<width>626</width>
				<height>42</height>
				<texture diffuse="underlay2-diffuse.png" border="4">underlay2.png</texture>
				<visible>!Skin.HasSetting(Enable_Movies_Media_Flags) + Container.Content(Movies)</visible>
			</control>
			<control type="image">
				<posx>330</posx>
				<posy>618</posy>
				<width>626</width>
				<height>42</height>
				<texture diffuse="underlay2-diffuse.png" border="4">underlay2.png</texture>
				<visible>!Skin.HasSetting(Enable_TVShows_Media_Flags) + Container.Content(Episodes)</visible>
			</control>
			<control type="image">
				<posx>330</posx>
				<posy>618</posy>
				<width>626</width>
				<height>42</height>
				<texture diffuse="underlay2-diffuse.png" border="4">underlay2.png</texture>
				<visible>!Skin.HasSetting(Enable_MusicVideos_Media_Flags) + Container.Content(MusicVideos)</visible>
			</control>
			<control type="group">
				<posx>370</posx>
				<posy>615</posy>
				<width>540</width>
				<height>48</height>
				<include condition="!Skin.HasSetting(Enable_Movies_Media_Flags)">VideoMediaFlags</include>
				<visible>Container.Content(Movies)</visible>
			</control>
			<control type="group">
				<posx>370</posx>
				<posy>615</posy>
				<width>540</width>
				<height>48</height>
				<include condition="!Skin.HasSetting(Enable_TVShows_Media_Flags)">VideoMediaFlags</include>
				<visible>Container.Content(Episodes)</visible>
			</control>
			<control type="group">
				<posx>370</posx>
				<posy>615</posy>
				<width>540</width>
				<height>48</height>
				<include condition="!Skin.HasSetting(Enable_MusicVideos_Flags)">VideoMediaFlags</include>
				<visible>Container.Content(MusicVideos)</visible>
			</control>
		</control>
	</include>
	<include name="FullList-Music">
		<control type="list" id="52">
			<posx>200</posx>
			<posy>142</posy>
			<width>880</width>
			<height>436</height>
			<onleft>9000</onleft>
			<onright>60</onright>
			<onup>52</onup>
			<ondown>52</ondown>
			<viewtype label="31031">list</viewtype>
			<pagecontrol>60</pagecontrol>
			<scrolltime>200</scrolltime>
			<preloaditems>2</preloaditems>
			<itemlayout width="880" height="29">
				<control type="image">
					<posx>0</posx>
					<posy>0</posy>
					<width>880</width>
					<height>30</height>
					<texture border="7">list-nofocus.png</texture>
					<include>VisibleFadeEffect</include>
				</control>
				<control type="image">
					<posx>10</posx>
					<posy>4</posy>
					<width>40</width>
					<height>22</height>
					<texture background="true">$INFO[ListItem.Icon]</texture>
					<aspectratio>keep</aspectratio>
				</control>
				<control type="label">
					<posx>60</posx>
					<posy>0</posy>
					<width>810</width>
					<height>30</height>
					<font>font-20</font>
					<textcolor>white</textcolor>
					<selectedcolor>blue</selectedcolor>
					<align>left</align>
					<aligny>center</aligny>
					<label>$INFO[ListItem.Label]</label>
				</control>
				<control type="label">
					<posx>60</posx>
					<posy>0</posy>
					<width>810</width>
					<height>30</height>
					<font>font-20</font>
					<textcolor>lightblue</textcolor>
					<selectedcolor>blue</selectedcolor>
					<align>right</align>
					<aligny>center</aligny>
					<label>$INFO[ListItem.Label2]</label>
				</control>
			</itemlayout>
			<focusedlayout width="880" height="29">
				<control type="image">
					<posx>0</posx>
					<posy>0</posy>
					<width>880</width>
					<height>30</height>
					<texture border="7">list-nofocus.png</texture>
					<include>VisibleFadeEffect</include>
				</control>
				<control type="image">
					<posx>0</posx>
					<posy>0</posy>
					<width>880</width>
					<height>30</height>
					<texture border="7">list-focus2.png</texture>
					<include>VisibleFadeEffect</include>
					<include>ListFocusScroll</include>
					<visible>Control.HasFocus(52)</visible>
				</control>
				<control type="image">
					<posx>10</posx>
					<posy>4</posy>
					<width>40</width>
					<height>22</height>
					<texture background="true">$INFO[ListItem.Icon]</texture>
					<aspectratio>keep</aspectratio>
				</control>
				<control type="label">
					<posx>60</posx>
					<posy>0</posy>
					<width>810</width>
					<height>30</height>
					<font>font-20</font>
					<textcolor>white</textcolor>
					<selectedcolor>blue</selectedcolor>
					<align>left</align>
					<aligny>center</aligny>
					<label>$INFO[ListItem.Label]</label>
				</control>
				<control type="label">
					<posx>60</posx>
					<posy>0</posy>
					<width>810</width>
					<height>30</height>
					<font>font-20</font>
					<textcolor>lightblue</textcolor>
					<selectedcolor>blue</selectedcolor>
					<align>right</align>
					<aligny>center</aligny>
					<label>$INFO[ListItem.Label2]</label>
				</control>
			</focusedlayout>
		</control>
	</include>
</includes>
