<?xml version="1.0" encoding="UTF-8"?>
<includes>
	<include name="Jukebox">
		<control type="group">
			<visible>Control.IsVisible(591)</visible>
			<control type="image">
				<posx>0</posx>
				<posy>0</posy>
				<width>1280</width>
				<height>720</height>
				<texture>black.png</texture>
				<animation effect="fade" start="0" end="60" time="0" condition="true">Conditional</animation>
			</control>
			<control type="image">
				<posx>-184</posx>
				<posy>-464</posy>
				<width>1648</width>
				<height>1648</height>
				<texture>jukebox-background.jpg</texture>
				<animation effect="fade" start="0" end="80" time="1000" reversible="true">Visible</animation>
				<animation effect="fade" start="80" end="0" time="500" reversible="true">Hidden</animation>
				<animation effect="rotate" end="-3600" center="auto" time="1000000" loop="true" reversible="false" condition="Player.Playing">Conditional</animation>
				<visible>Player.Playing</visible>
			</control>
			<control type="image">
				<posx>391</posx>
				<posy>156</posy>
				<width>486</width>
				<height>243</height>
				<texture>jukebox-fanart-fallback.png</texture>
			</control>
			<control type="image">
				<description>album and song level fanart</description>
				<posx>409</posx>
				<posy>154</posy>
				<width>460</width>
				<height>260</height>
				<texture background="true">$INFO[Fanart.Image]</texture>
				<aspectratio>scale</aspectratio>
				<fadetime>FanartCrossfadeTime</fadetime>
				<include>VisibleFadeEffect4</include>
				<visible>!Player.HasAudio</visible>
			</control>
			<control type="image">
				<description>artist level fanart</description>
				<posx>409</posx>
				<posy>154</posy>
				<width>460</width>
				<height>260</height>
				<texture background="true">$INFO[ListItem.Property(Fanart_Image)]</texture>
				<aspectratio>scale</aspectratio>
				<fadetime>FanartCrossfadeTime</fadetime>
				<include>VisibleFadeEffect4</include>
				<visible>!Player.HasAudio</visible>
			</control>
			<control type="image">
				<description>musicplayer fanart</description>
				<posx>409</posx>
				<posy>154</posy>
				<width>460</width>
				<height>260</height>
				<texture background="true">$INFO[MusicPlayer.Property(Fanart_Image)]</texture>
				<aspectratio>scale</aspectratio>
				<fadetime>FanartCrossfadeTime</fadetime>
				<include>VisibleFadeEffect4</include>
				<visible>Player.HasAudio</visible>
			</control>
			<include condition="!Skin.HasSetting(CDArt)">cdart-jukebox</include>
			<control type="image">
				<posx>540</posx>
				<posy>390</posy>
				<width>200</width>
				<height>200</height>
				<texture diffuse="disc_mask.png" background="true">disc.png</texture>
				<aspectratio>keep</aspectratio>
				<include>cdartspinjukebox</include>
				<visible>Player.HasAudio + Skin.HasSetting(CDArt)</visible>
			</control>
			<control type="image">
				<posx>434</posx>
				<posy>405</posy>
				<width>132</width>
				<height>132</height>
				<texture>jukebox-icon-fallback.png</texture>
			</control>
			<control type="image">
				<posx>434</posx>
				<posy>405</posy>
				<width>132</width>
				<height>132</height>
				<texture background="true">$INFO[ListItem.Icon]</texture>
				<fadetime>IconCrossfadeTime</fadetime>
			</control>
			<control type="image">
				<posx>434</posx>
				<posy>405</posy>
				<width>132</width>
				<height>132</height>
				<texture background="true">$INFO[MusicPlayer.Cover]</texture>
				<fadetime>IconCrossfadeTime</fadetime>
				<visible>Player.HasAudio</visible>
			</control>
			<control type="image">
				<posx>320</posx>
				<posy>328</posy>
				<width>12</width>
				<height>196</height>
				<texture>jukebox-water-left.png</texture>
				<animation effect="slide" start="0,0" end="0,196" time="5000" loop="true" reversible="false" condition="Player.Playing">Conditional</animation>
			</control>
			<control type="image">
				<posx>320</posx>
				<posy>524</posy>
				<width>12</width>
				<height>196</height>
				<texture>jukebox-water-left.png</texture>
				<animation effect="slide" start="0,0" end="0,196" time="5000" loop="true" reversible="false" condition="Player.Playing">Conditional</animation>
			</control>
			<control type="image">
				<posx>950</posx>
				<posy>529</posy>
				<width>14</width>
				<height>191</height>
				<texture>jukebox-water-right.png</texture>
				<animation effect="slide" start="0,0" end="0,-191" time="5000" loop="true" reversible="false" condition="Player.Playing">Conditional</animation>
			</control>
			<control type="image">
				<posx>950</posx>
				<posy>720</posy>
				<width>14</width>
				<height>191</height>
				<texture>jukebox-water-right.png</texture>
				<animation effect="slide" start="0,0" end="0,-191" time="5000" loop="true" reversible="false" condition="Player.Playing">Conditional</animation>
			</control>
			<control type="image">
				<posx>312</posx>
				<posy>56</posy>
				<width>656</width>
				<height>656</height>
				<texture>jukebox-ring.png</texture>
			</control>
			<control type="image">
				<posx>312</posx>
				<posy>56</posy>
				<width>656</width>
				<height>656</height>
				<texture>jukebox-ring.png</texture>
				<aspectratio>keep</aspectratio>
				<animation effect="rotate" end="3600" center="auto" time="500000" loop="true" reversible="false" condition="Player.Playing">Conditional</animation>
			</control>
			<control type="image">
				<posx>400</posx>
				<posy>568</posy>
				<width>480</width>
				<height>153</height>
				<texture>jukebox-panel.png</texture>
			</control>
		</control>
		<control type="panel" id="591">
			<posx>400</posx>
			<posy>568</posy>
			<width>480</width>
			<height>153</height>
			<onleft>591</onleft>
			<onright>591</onright>
			<onup>1001</onup>
			<ondown>9000</ondown>
			<viewtype label="31040">list</viewtype>
			<pagecontrol>60</pagecontrol>
			<orientation>horizontal</orientation>
			<scrolltime>200</scrolltime>
			<visible>Container.Content(Artists) | Container.Content(Albums) | Container.Content(Songs)</visible>
			<itemlayout width="240" height="51">
				<control type="image">
					<posx>0</posx>
					<posy>0</posy>
					<width>240</width>
					<height>51</height>
					<texture>jukebox-card-nofocus.png</texture>
				</control>
				<control type="label">
					<posx>10</posx>
					<posy>7</posy>
					<width>220</width>
					<height>15</height>
					<font>font-15</font>
					<textcolor>black</textcolor>
					<selectedcolor>verydarkblue</selectedcolor>
					<align>center</align>
					<aligny>center</aligny>
					<label>$INFO[ListItem.Label]</label>
				</control>
				<control type="label">
					<posx>10</posx>
					<posy>30</posy>
					<width>220</width>
					<height>15</height>
					<font>font-15</font>
					<textcolor>black</textcolor>
					<selectedcolor>verydarkblue</selectedcolor>
					<align>center</align>
					<aligny>center</aligny>
					<label>$INFO[ListItem.Label2]</label>
				</control>
			</itemlayout>
			<focusedlayout width="240" height="51">
				<control type="image">
					<posx>0</posx>
					<posy>0</posy>
					<width>240</width>
					<height>51</height>
					<texture>jukebox-card-focus.png</texture>
				</control>
				<control type="label">
					<posx>10</posx>
					<posy>7</posy>
					<width>220</width>
					<height>15</height>
					<font>font-15</font>
					<textcolor>black</textcolor>
					<selectedcolor>verydarkblue</selectedcolor>
					<align>center</align>
					<aligny>center</aligny>
					<label>$INFO[ListItem.Label]</label>
				</control>
				<control type="label">
					<posx>10</posx>
					<posy>30</posy>
					<width>220</width>
					<height>15</height>
					<font>font-15</font>
					<textcolor>black</textcolor>
					<selectedcolor>verydarkblue</selectedcolor>
					<align>center</align>
					<aligny>center</aligny>
					<label>$INFO[ListItem.Label2]</label>
				</control>
			</focusedlayout>
		</control>
		<control type="group">
			<visible>Control.IsVisible(591)</visible>
			<control type="image">
				<posx>0</posx>
				<posy>0</posy>
				<width>1280</width>
				<height>720</height>
				<texture>jukebox.png</texture>
			</control>
			<control type="group">
				<visible>Player.Playing</visible>
				<control type="image">
					<posx>536</posx>
					<posy>0</posy>
					<width>205</width>
					<height>150</height>
					<texture>jukebox-light-top.png</texture>
					<animation effect="fade" start="0" end="100" time="1400" pulse="true" tween="bounce" reversible="false" condition="Player.Playing">Conditional</animation>
					<animation effect="fade" start="100" end="0" time="300">Hidden</animation>
				</control>
				<control type="image">
					<posx>240</posx>
					<posy>12</posy>
					<width>802</width>
					<height>430</height>
					<texture>jukebox-light-upper.png</texture>
					<animation effect="fade" start="0" end="70" time="600" delay="600" pulse="true" reversible="false" condition="Player.Playing">Conditional</animation>
					<animation effect="fade" start="100" end="0" time="300">Hidden</animation>
				</control>
				<control type="image">
					<posx>327</posx>
					<posy>84</posy>
					<width>620</width>
					<height>321</height>
					<texture>jukebox-light-inner.png</texture>
					<animation effect="fade" start="0" end="60" time="800" delay="1200" pulse="true" reversible="false" condition="Player.Playing">Conditional</animation>
					<animation effect="fade" start="100" end="0" time="300">Hidden</animation>
				</control>
				<control type="image">
					<posx>340</posx>
					<posy>431</posy>
					<width>24</width>
					<height>24</height>
					<texture>jukebox-light.png</texture>
					<animation effect="slide" start="0," end="-80,0" time="2000" pulse="true" reversible="false" condition="Player.Playing">Conditional</animation>
					<animation effect="fade" start="100" end="0" time="300">Hidden</animation>
				</control>
				<control type="image">
					<posx>340</posx>
					<posy>476</posy>
					<width>24</width>
					<height>24</height>
					<texture>jukebox-light.png</texture>
					<animation effect="slide" start="0," end="-80,0" time="2000" pulse="true" reversible="false" condition="Player.Playing">Conditional</animation>
					<animation effect="fade" start="100" end="0" time="300">Hidden</animation>
				</control>
				<control type="image">
					<posx>915</posx>
					<posy>433</posy>
					<width>24</width>
					<height>24</height>
					<texture>jukebox-light.png</texture>
					<animation effect="slide" start="0," end="80,0" time="2000" pulse="true" reversible="false" condition="Player.Playing">Conditional</animation>
					<animation effect="fade" start="100" end="0" time="300">Hidden</animation>
				</control>
				<control type="image">
					<posx>915</posx>
					<posy>480</posy>
					<width>24</width>
					<height>24</height>
					<texture>jukebox-light.png</texture>
					<animation effect="slide" start="0," end="80,0" time="2000" pulse="true" reversible="false" condition="Player.Playing">Conditional</animation>
					<animation effect="fade" start="100" end="0" time="300">Hidden</animation>
				</control>
				<control type="image">
					<posx>257</posx>
					<posy>517</posy>
					<width>63</width>
					<height>203</height>
					<texture>jukebox-light-bottomleft2.png</texture>
					<animation effect="fade" start="0" end="100" time="1100" pulse="true" reversible="false" condition="Player.Playing">Conditional</animation>
					<animation effect="fade" start="100" end="0" time="300">Hidden</animation>
				</control>
				<control type="image">
					<posx>333</posx>
					<posy>524</posy>
					<width>33</width>
					<height>196</height>
					<texture>jukebox-light-bottomleft1.png</texture>
					<animation effect="fade" start="0" end="100" time="1300" pulse="true" reversible="false" condition="Player.Playing">Conditional</animation>
					<animation effect="fade" start="100" end="0" time="300">Hidden</animation>
				</control>
				<control type="image">
					<posx>915</posx>
					<posy>527</posy>
					<width>35</width>
					<height>193</height>
					<texture>jukebox-light-bottomright1.png</texture>
					<animation effect="fade" start="0" end="100" time="1800" pulse="true" reversible="false" condition="Player.Playing">Conditional</animation>
					<animation effect="fade" start="100" end="0" time="300">Hidden</animation>
				</control>
				<control type="image">
					<posx>964</posx>
					<posy>523</posy>
					<width>59</width>
					<height>197</height>
					<texture>jukebox-light-bottomright2.png</texture>
					<animation effect="fade" start="0" end="100" time="1000" pulse="true" reversible="false" condition="Player.Playing">Conditional</animation>
					<animation effect="fade" start="100" end="0" time="300">Hidden</animation>
				</control>
			</control>
		</control>
		<control type="group">
			<posx>638</posx>
			<posy>434</posy>
			<animation effect="fade" time="50" delay="300">Hidden</animation>
			<visible>Control.IsVisible(591) + !Player.HasAudio</visible>
			<control type="label">
				<posx>0</posx>
				<posy>0</posy>
				<width>200</width>
				<height>30</height>
				<font>font-16d</font>
				<textcolor>darkblue</textcolor>
				<align>left</align>
				<aligny>center</aligny>
				<label>$INFO[ListItem.Title] </label>
			</control>
			<control type="label">
				<posx>0</posx>
				<posy>20</posy>
				<width>200</width>
				<height>30</height>
				<font>font-16d</font>
				<textcolor>darkblue</textcolor>
				<align>left</align>
				<aligny>center</aligny>
				<label>$INFO[ListItem.Artist] </label>
			</control>
			<control type="label">
				<posx>0</posx>
				<posy>40</posy>
				<width>200</width>
				<height>30</height>
				<font>font-16d</font>
				<textcolor>darkblue</textcolor>
				<align>left</align>
				<aligny>center</aligny>
				<label>$INFO[ListItem.Album] </label>
			</control>
		</control>
		<control type="group">
			<posx>638</posx>
			<posy>434</posy>
			<animation effect="fade" time="50" delay="300">Hidden</animation>
			<visible>Control.IsVisible(591) + Player.HasAudio</visible>
			<control type="label">
				<posx>0</posx>
				<posy>0</posy>
				<width>200</width>
				<height>30</height>
				<font>font-16d</font>
				<textcolor>darkblue</textcolor>
				<align>left</align>
				<aligny>center</aligny>
				<label>$INFO[MusicPlayer.Title] </label>
			</control>
			<control type="label">
				<posx>0</posx>
				<posy>20</posy>
				<width>200</width>
				<height>30</height>
				<font>font-16d</font>
				<textcolor>darkblue</textcolor>
				<align>left</align>
				<aligny>center</aligny>
				<label>$INFO[MusicPlayer.Artist] </label>
			</control>
			<control type="label">
				<posx>0</posx>
				<posy>40</posy>
				<width>200</width>
				<height>30</height>
				<font>font-16d</font>
				<textcolor>darkblue</textcolor>
				<align>left</align>
				<aligny>center</aligny>
				<label>$INFO[MusicPlayer.Album] </label>
			</control>
			<control type="progress">
				<description>Progressbar</description>
				<posx>0</posx>
				<posy>70</posy>
				<width>192</width>
				<height>3</height>
				<texturebg>jukebox-progress-back.png</texturebg>
				<midtexture>jukebox-progress-mid.png</midtexture>
				<info>Player.Progress</info>
			</control>
			<control type="slider" id="888">
				<description>Slider</description>
				<posx>0</posx>
				<posy>70</posy>
				<width>192</width>
				<height>3</height>
				<action>seek</action>
			</control>
		</control>
		<control type="group">
			<posx>582</posx>
			<posy>420</posy>
			<visible>Control.IsVisible(591)</visible>
			<control type="togglebutton" id="1001">
				<posx>0</posx>
				<posy>0</posy>
				<width>33</width>
				<height>21</height>
				<texturefocus>jukebox-button-pause-focus.png</texturefocus>
				<texturenofocus>jukebox-button-pause-nofocus.png</texturenofocus>
				<alttexturefocus>jukebox-button-play-focus.png</alttexturefocus>
				<alttexturenofocus>jukebox-button-play-nofocus.png</alttexturenofocus>
				<usealttexture>Player.Paused | Player.Forwarding | Player.Rewinding</usealttexture>
				<onleft>9000</onleft>
				<onright>9000</onright>
				<onup>9000</onup>
				<ondown>1002</ondown>
				<onclick>PlayerControl(Play)</onclick>
			</control>
			<control type="button" id="1002">
				<posx>0</posx>
				<posy>25</posy>
				<width>33</width>
				<height>21</height>
				<texturefocus>jukebox-button-previous-focus.png</texturefocus>
				<texturenofocus>jukebox-button-previous-nofocus.png</texturenofocus>
				<onleft>9000</onleft>
				<onright>9000</onright>
				<onup>1001</onup>
				<ondown>1003</ondown>
				<onclick>PlayerControl(Previous)</onclick>
			</control>
			<control type="button" id="1003">
				<posx>0</posx>
				<posy>50</posy>
				<width>33</width>
				<height>21</height>
				<texturefocus>jukebox-button-next-focus.png</texturefocus>
				<texturenofocus>jukebox-button-next-nofocus.png</texturenofocus>
				<onleft>9000</onleft>
				<onright>9000</onright>
				<onup>1002</onup>
				<ondown>1004</ondown>
				<onclick>PlayerControl(Next)</onclick>
			</control>
			<control type="button" id="1004">
				<posx>0</posx>
				<posy>75</posy>
				<width>33</width>
				<height>21</height>
				<texturefocus>jukebox-button-stop-focus.png</texturefocus>
				<texturenofocus>jukebox-button-stop-nofocus.png</texturenofocus>
				<onleft>9000</onleft>
				<onright>9000</onright>
				<onup>1003</onup>
				<ondown>591</ondown>
				<onclick>PlayerControl(Stop)</onclick>
			</control>
		</control>
	</include>
</includes>
