<?xml version="1.0" encoding="UTF-8"?>
<includes>
	<include name="Icons-Movies">
		<control type="videowindow">
			<description>trailer preview</description>
			<posx>351</posx>
			<posy>90</posy>
			<width>578</width>
			<height>282</height>
			<animation effect="fade" start="0" end="100" time="1000">Visible</animation>
			<animation effect="fade" start="100" end="0" time="1000">Hidden</animation>
			<animation effect="fade" start="0" end="100" time="300">WindowOpen</animation>
			<animation effect="fade" start="100" end="0" time="300">WindowClose</animation>
			<visible>Control.IsVisible(57) + [Player.HasVideo + !!Skin.HasSetting(HideVideoBackgrounds)] + !Skin.HasSetting(Fullscreen_Trailer)</visible>
		</control>
		<control type="group">
			<animation effect="rotatex" center="720,0" start="-70" end="0" time="500" reversible="true">WindowOpen</animation>
			<animation effect="rotatex" center="720,0" start="0" end="-70" time="500" reversible="true">WindowClose</animation>
			<visible>Control.IsVisible(57)</visible>
			<control type="image">
				<posx>0</posx>
				<posy>660</posy>
				<width>1280</width>
				<height>80</height>
				<texture>floor.png</texture>
			</control>
			<control type="wraplist" id="57">
				<visible>Container.Content(Movies) | Container.Content(Sets) | Container.Content(Seasons)</visible>
				<posx>0</posx>
				<posy>370</posy>
				<width>1280</width>
				<height>450</height>
				<onleft>57</onleft>
				<onright>57</onright>
				<onup>7025</onup>
				<ondown>60</ondown>
				<viewtype label="536">icon</viewtype>
				<pagecontrol>60</pagecontrol>
				<scrolltime>250</scrolltime>
				<focusposition>2</focusposition>
				<orientation>horizontal</orientation>
				<hitrect x="518" y="350" w="244" h="334"/>
				<preloaditems>2</preloaditems>
				<itemlayout width="256" height="310">
					<control type="image">
						<posx>30</posx>
						<posy>302</posy>
						<width>188</width>
						<height>267</height>
						<aspectratio>stretch</aspectratio>
						<texture fallback="DefaultVideo.png" background="true" flipy="true" diffuse="diffuse_mirror.png">$VAR[IconPoster]</texture>
					</control>
					<control type="image">
						<posx>30</posx>
						<posy>283</posy>
						<width>202</width>
						<height>310</height>
						<aspectratio>stretch</aspectratio>
						<texture flipy="true" diffuse="diffuse_mirror_case.png" fallback="case-sets.png">case$INFO[ListItem.VideoResolution].png</texture>
						<visible>!Container.Content(Seasons) + !stringcompare(ListItem.Label,..) + !Skin.HasSetting(HideMovieCase)</visible>
					</control>
					<control type="image">
						<posx>30</posx>
						<posy>283</posy>
						<width>202</width>
						<height>310</height>
						<texture flipy="true" diffuse="diffuse_mirror_case.png">case-tv.png</texture>
						<visible>Container.Content(Seasons) + !stringcompare(ListItem.Label,..) + !Skin.HasSetting(HideTVShowCase)</visible>
					</control>
					<control type="image">
						<posx>30</posx>
						<posy>24</posy>
						<width>188</width>
						<height>267</height>
						<aspectratio>stretch</aspectratio>
						<texture background="true">$INFO[ListItem.Icon]</texture>
						<visible>stringcompare(ListItem.Label,..)</visible>
					</control>
					<control type="image">
						<posx>30</posx>
						<posy>0</posy>
						<width>202</width>
						<height>310</height>
						<aspectratio>stretch</aspectratio>
						<texture fallback="case-sets-inside.png">case$INFO[ListItem.VideoResolution]-inside.png</texture>
						<visible>!Container.Content(Seasons) + !stringcompare(ListItem.Label,..) + !Skin.HasSetting(HideMovieCase)</visible>
					</control>
					<control type="image">
						<posx>30</posx>
						<posy>0</posy>
						<width>202</width>
						<height>310</height>
						<texture>case-tv-inside.png</texture>
						<visible>Container.Content(Seasons) + !stringcompare(ListItem.Label,..) + !Skin.HasSetting(HideTVShowCase)</visible>
					</control>
					<control type="image">
						<posx>30</posx>
						<posy>24</posy>
						<width>188</width>
						<height>267</height>
						<aspectratio>stretch</aspectratio>
						<texture fallback="DefaultVideo.png" background="true">$VAR[IconPoster]</texture>
						<visible>!stringcompare(ListItem.Label,..)</visible>
					</control>
					<control type="image">
						<posx>30</posx>
						<posy>0</posy>
						<width>202</width>
						<height>310</height>
						<aspectratio>stretch</aspectratio>
						<texture fallback="case-sets.png">case$INFO[ListItem.VideoResolution].png</texture>
						<visible>!Container.Content(Seasons) + !stringcompare(ListItem.Label,..) + !Skin.HasSetting(HideMovieCase)</visible>
					</control>
					<control type="image">
						<posx>30</posx>
						<posy>0</posy>
						<width>202</width>
						<height>310</height>
						<texture>case-tv.png</texture>
						<visible>Container.Content(Seasons) + !stringcompare(ListItem.Label,..) + !Skin.HasSetting(HideTVShowCase)</visible>
					</control>
					<control type="image">
						<posx>185</posx>
						<posy>254</posy>
						<width>35</width>
						<height>35</height>
						<aspectratio>keep</aspectratio>
						<texture>$VAR[PartlyWatched]</texture>
						<visible>[Container.Content(Movies) + !Skin.HasSetting(Enable_Movies_Watched_Flags)] | [Container.Content(Seasons) + !Skin.HasSetting(Enable_TVShows_Watched_Flags)]</visible>
					</control>
					<control type="image">
						<posx>185</posx>
						<posy>254</posy>
						<width>35</width>
						<height>35</height>
						<aspectratio>keep</aspectratio>
						<texture>$INFO[ListItem.Overlay]</texture>
						<visible>[Container.Content(Movies) + !Skin.HasSetting(Enable_Movies_Watched_Flags)] | [Container.Content(Seasons) + !Skin.HasSetting(Enable_TVShows_Watched_Flags)]</visible>
					</control>
					<control type="image">
						<posx>185</posx>
						<posy>304</posy>
						<width>35</width>
						<height>35</height>
						<aspectratio>keep</aspectratio>
						<texture flipy="true">$VAR[PartlyWatched]</texture>
						<animation effect="fade" start="20" end="20" time="0" condition="true">Conditional</animation>
						<visible>[Container.Content(Movies) + !Skin.HasSetting(Enable_Movies_Watched_Flags)] | [Container.Content(Seasons) + !Skin.HasSetting(Enable_TVShows_Watched_Flags)]</visible>
					</control>
					<control type="image">
						<posx>185</posx>
						<posy>304</posy>
						<width>35</width>
						<height>35</height>
						<aspectratio>keep</aspectratio>
						<texture flipy="true">$INFO[ListItem.Overlay]</texture>
						<animation effect="fade" start="20" end="20" time="0" condition="true">Conditional</animation>
						<visible>[Container.Content(Movies) + !Skin.HasSetting(Enable_Movies_Watched_Flags)] | [Container.Content(Seasons) + !Skin.HasSetting(Enable_TVShows_Watched_Flags)]</visible>
					</control>
				</itemlayout>
				<focusedlayout width="256" height="310">
					<control type="image">
						<posx>30</posx>
						<posy>302</posy>
						<width>188</width>
						<height>267</height>
						<aspectratio>stretch</aspectratio>
						<texture fallback="DefaultVideo.png" background="true" flipy="true" diffuse="diffuse_mirror.png">$VAR[IconPoster]</texture>
						<include condition="!Skin.HasSetting(Hide-Video-Icons-CaseAnimation) + !Skin.HasSetting(HideMovieCase)">Video-Icons-CaseAnimation1</include>
						<include condition="Skin.HasSetting(Hide-Video-Icons-CaseAnimation) | Skin.HasSetting(HideMovieCase)">Video-Icons-CaseNoAnimation1</include>
					</control>
					<control type="image">
						<posx>30</posx>
						<posy>283</posy>
						<width>202</width>
						<height>310</height>
						<aspectratio>stretch</aspectratio>
						<texture flipy="true" diffuse="diffuse_mirror_case.png" fallback="case-sets.png">case$INFO[ListItem.VideoResolution].png</texture>
						<include condition="!Skin.HasSetting(Hide-Video-Icons-CaseAnimation) + !Skin.HasSetting(HideMovieCase)">Video-Icons-CaseAnimation2</include>
						<include condition="Skin.HasSetting(Hide-Video-Icons-CaseAnimation) | Skin.HasSetting(HideMovieCase)">Video-Icons-CaseNoAnimation2</include>
						<visible>!Container.Content(Seasons) + !stringcompare(ListItem.Label,..) + !Skin.HasSetting(HideMovieCase)</visible>
					</control>
					<control type="image">
						<posx>30</posx>
						<posy>283</posy>
						<width>202</width>
						<height>310</height>
						<texture flipy="true" diffuse="diffuse_mirror_case.png">case-tv.png</texture>
						<include condition="!Skin.HasSetting(Hide-Video-Icons-CaseAnimation) + !Skin.HasSetting(HideMovieCase)">Video-Icons-CaseAnimation2</include>
						<include condition="Skin.HasSetting(Hide-Video-Icons-CaseAnimation) | Skin.HasSetting(HideMovieCase)">Video-Icons-CaseNoAnimation2</include>
						<visible>Container.Content(Seasons) + !stringcompare(ListItem.Label,..) + !Skin.HasSetting(HideTVShowCase)</visible>
					</control>
					<control type="image">
						<posx>30</posx>
						<posy>24</posy>
						<width>188</width>
						<height>267</height>
						<aspectratio>stretch</aspectratio>
						<texture background="true">$INFO[ListItem.Icon]</texture>
						<animation effect="zoom" start="30,24,188,267" end="9,-3,228,324" time="250">Focus</animation>
						<animation effect="zoom" start="9,-3,228,324" end="30,24,188,267" time="250">UnFocus</animation>
						<visible>stringcompare(ListItem.Label,..)</visible>
					</control>
					<control type="image">
						<posx>30</posx>
						<posy>0</posy>
						<width>202</width>
						<height>310</height>
						<aspectratio>stretch</aspectratio>
						<texture fallback="case-sets-inside.png">case$INFO[ListItem.VideoResolution]-inside.png</texture>
						<animation effect="zoom" start="30,0,202,310" end="9,-32,244,374" time="250">Focus</animation>
						<animation effect="zoom" start="9,-32,244,374" end="30,0,202,310" time="250">UnFocus</animation>
						<visible>!Container.Content(Seasons) + !stringcompare(ListItem.Label,..) + !Skin.HasSetting(HideMovieCase)</visible>
					</control>
					<control type="image">
						<posx>30</posx>
						<posy>0</posy>
						<width>202</width>
						<height>310</height>
						<texture>case-tv-inside.png</texture>
						<animation effect="zoom" start="30,0,202,310" end="10,-30,244,374" time="250">Focus</animation>
						<animation effect="zoom" start="10,-30,244,374" end="30,0,202,310" time="250">UnFocus</animation>
						<visible>Container.Content(Seasons) + !stringcompare(ListItem.Label,..) + !Skin.HasSetting(HideTVShowCase)</visible>
					</control>
					<control type="image">
						<posx>39</posx>
						<posy>63</posy>
						<width>173</width>
						<height>173</height>
						<aspectratio>stretch</aspectratio>
						<include condition="![substring(ListItem.Path,plugin://) | substring(ListItem.Path,special://) | substring(Container.FolderPath,plugin://) | substring(Container.FolderPath,addons://)]">moviedisc-dvd-View_Icons</include>
						<include condition="substring(ListItem.Path,plugin://) | substring(ListItem.Path,special://) | substring(Container.FolderPath,plugin://) | substring(Container.FolderPath,addons://)">movienodisc-View_Icons</include>
						<animation effect="zoom" start="39,63,173,173" end="21,45,209,209" time="250">Focus</animation>
						<animation effect="zoom" start="21,45,209,209" end="39,63,173,173" time="250">UnFocus</animation>
						<visible>![stringcompare(ListItem.VideoResolution,720) | stringcompare(ListItem.VideoResolution,1080)] + !Container.Content(Seasons) + !stringcompare(ListItem.Label,..) + !ListItem.IsFolder</visible>
					</control>
					<control type="image">
						<posx>39</posx>
						<posy>63</posy>
						<width>173</width>
						<height>173</height>
						<aspectratio>stretch</aspectratio>
						<include condition="![substring(ListItem.Path,plugin://) | substring(ListItem.Path,special://) | substring(Container.FolderPath,plugin://) | substring(Container.FolderPath,addons://)]">moviedisc-bluray-View_Icons</include>
						<include condition="substring(ListItem.Path,plugin://) | substring(ListItem.Path,special://) | substring(Container.FolderPath,plugin://) | substring(Container.FolderPath,addons://)">movienodisc-View_Icons</include>
						<animation effect="zoom" start="39,63,173,173" end="21,45,209,209" time="250">Focus</animation>
						<animation effect="zoom" start="21,45,209,209" end="39,63,173,173" time="250">UnFocus</animation>
						<visible>[stringcompare(ListItem.VideoResolution,720) | stringcompare(ListItem.VideoResolution,1080)] + !stringcompare(ListItem.Label,..)</visible>
					</control>
					<control type="image">
						<posx>39</posx>
						<posy>63</posy>
						<width>173</width>
						<height>173</height>
						<texture>disc.png</texture>
						<animation effect="zoom" start="39,63,173,173" end="21,45,209,209" time="250">Focus</animation>
						<animation effect="zoom" start="21,45,209,209" end="39,63,173,173" time="250">UnFocus</animation>
						<visible>[Container.Content(Seasons) | [!Container.Content(Seasons) + ListItem.IsFolder]] + !stringcompare(ListItem.Label,..)</visible>
					</control>
					<control type="image">
						<posx>94</posx>
						<posy>10</posy>
						<width>66</width>
						<height>45</height>
						<animation effect="zoom" start="94,10,66,45" end="87,-15,80,54" time="250">Focus</animation>
						<animation effect="zoom" start="87,-15,80,54" end="94,10,66,45" time="250">UnFocus</animation>
						<texture>$VAR[IncludesMediaFlagsVideoStudio]</texture>
						<colordiffuse>FF7C7063</colordiffuse>
						<visible>![stringcompare(ListItem.VideoResolution,720) | stringcompare(ListItem.VideoResolution,1080)] + !Container.Content(Seasons) + !Skin.HasSetting(HideMovieCase)</visible>
					</control>
					<control type="image">
						<posx>94</posx>
						<posy>10</posy>
						<width>66</width>
						<height>45</height>
						<animation effect="zoom" start="94,10,66,45" end="87,-15,80,54" time="250">Focus</animation>
						<animation effect="zoom" start="87,-15,80,54" end="94,10,66,45" time="250">UnFocus</animation>
						<texture>$VAR[IncludesMediaFlagsVideoStudio]</texture>
						<colordiffuse>FF4EA3F8</colordiffuse>
						<visible>[stringcompare(ListItem.VideoResolution,720) | stringcompare(ListItem.VideoResolution,1080)] + !Container.Content(Seasons) + !Skin.HasSetting(HideMovieCase)</visible>
					</control>
					<control type="image">
						<posx>94</posx>
						<posy>10</posy>
						<width>66</width>
						<height>45</height>
						<animation effect="zoom" start="94,10,66,45" end="87,-15,80,54" time="250">Focus</animation>
						<animation effect="zoom" start="87,-15,80,54" end="94,10,66,45" time="250">UnFocus</animation>
						<texture>$VAR[IncludesMediaFlagsVideoStudio]</texture>
						<colordiffuse>FFCF474B</colordiffuse>
						<visible>Container.Content(Seasons) + !Skin.HasSetting(HideMovieCase)</visible>
					</control>
					<control type="label">
						<posx>135</posx>
						<posy>255</posy>
						<width>83</width>
						<height>17</height>
						<align>center</align>
						<label>$INFO[ListItem.Year]</label>
						<font>font-28</font>
						<textcolor>FF574F46</textcolor>
						<shadowcolor>FF000000</shadowcolor>
						<animation effect="zoom" start="136,255,83,17" end="126,272,100,20" time="250">Focus</animation>
						<animation effect="zoom" start="126,272,100,20" end="136,255,83,17" time="250">UnFocus</animation>
						<visible>![stringcompare(ListItem.VideoResolution,720) | stringcompare(ListItem.VideoResolution,1080)]</visible>
					</control>
					<control type="label">
						<posx>135</posx>
						<posy>255</posy>
						<width>83</width>
						<height>17</height>
						<align>center</align>
						<label>$INFO[ListItem.Year]</label>
						<font>font-28</font>
						<textcolor>FF3B8FE5</textcolor>
						<shadowcolor>DD000000</shadowcolor>
						<animation effect="zoom" start="136,255,83,17" end="126,272,100,20" time="250">Focus</animation>
						<animation effect="zoom" start="126,272,100,20" end="136,255,83,17" time="250">UnFocus</animation>
						<visible>[stringcompare(ListItem.VideoResolution,720) | stringcompare(ListItem.VideoResolution,1080)]</visible>
					</control>
					<control type="image">
						<posx>105</posx>
						<posy>205</posy>
						<width>44</width>
						<height>26</height>
						<texture>movieset.png</texture>
						<visible>Container.Content(Movies) + ListItem.IsFolder + !stringcompare(ListItem.Label,..) + SubString(Container.Folderpath,videodb://,left)</visible>
					</control>
					<control type="image">
						<posx>30</posx>
						<posy>283</posy>
						<width>202</width>
						<height>310</height>
						<aspectratio>stretch</aspectratio>
						<texture flipy="true" diffuse="diffuse_mirror.png" fallback="case-sets-inside.png">case$INFO[ListItem.VideoResolution]-inside.png</texture>
						<animation effect="zoom" start="30,283,202,310" end="9,309,244,374" time="250">Focus</animation>
						<animation effect="zoom" start="9,309,244,374" end="30,283,202,310" time="250">UnFocus</animation>
						<visible>!Container.Content(Seasons) + !stringcompare(ListItem.Label,..) + !Skin.HasSetting(HideMovieCase)</visible>
					</control>
					<control type="image">
						<posx>30</posx>
						<posy>283</posy>
						<width>202</width>
						<height>310</height>
						<texture flipy="true" diffuse="diffuse_mirror.png">case-tv-inside.png</texture>
						<animation effect="zoom" start="30,283,202,310" end="9,309,244,374" time="250">Focus</animation>
						<animation effect="zoom" start="9,309,244,374" end="30,283,202,310" time="250">UnFocus</animation>
						<visible>Container.Content(Seasons) + !stringcompare(ListItem.Label,..) + !Skin.HasSetting(HideTVShowCase)</visible>
					</control>
					<control type="image">
						<posx>30</posx>
						<posy>24</posy>
						<width>188</width>
						<height>267</height>
						<aspectratio>stretch</aspectratio>
						<texture fallback="DefaultVideo.png" background="true">$VAR[IconPoster]</texture>
						<include condition="!Skin.HasSetting(Hide-Video-Icons-CaseAnimation) + !Skin.HasSetting(HideMovieCase)">Video-Icons-CaseAnimation3</include>
						<include condition="Skin.HasSetting(Hide-Video-Icons-CaseAnimation) | Skin.HasSetting(HideMovieCase)">Video-Icons-CaseNoAnimation3</include>
						<visible>!stringcompare(ListItem.Label,..)</visible>
					</control>
					<control type="image">
						<posx>30</posx>
						<posy>0</posy>
						<width>202</width>
						<height>310</height>
						<aspectratio>stretch</aspectratio>
						<texture fallback="case-sets.png">case$INFO[ListItem.VideoResolution].png</texture>
						<include condition="!Skin.HasSetting(Hide-Video-Icons-CaseAnimation) + !Skin.HasSetting(HideMovieCase)">Video-Icons-CaseAnimation4</include>
						<include condition="Skin.HasSetting(Hide-Video-Icons-CaseAnimation) | Skin.HasSetting(HideMovieCase)">Video-Icons-CaseNoAnimation4</include>
						<visible>!Container.Content(Seasons) + !stringcompare(ListItem.Label,..) + !Skin.HasSetting(HideMovieCase)</visible>
					</control>
					<control type="image">
						<posx>30</posx>
						<posy>0</posy>
						<width>202</width>
						<height>310</height>
						<texture>case-tv.png</texture>
						<include condition="!Skin.HasSetting(Hide-Video-Icons-CaseAnimation) + !Skin.HasSetting(HideMovieCase)">Video-Icons-CaseAnimation4</include>
						<include condition="Skin.HasSetting(Hide-Video-Icons-CaseAnimation) | Skin.HasSetting(HideMovieCase)">Video-Icons-CaseNoAnimation4</include>
						<visible>Container.Content(Seasons) + !stringcompare(ListItem.Label,..) + !Skin.HasSetting(HideTVShowCase)</visible>
					</control>
					<control type="image">
						<posx>185</posx>
						<posy>254</posy>
						<width>35</width>
						<height>35</height>
						<aspectratio>keep</aspectratio>
						<texture>$VAR[PartlyWatched]</texture>
						<include condition="!Skin.HasSetting(Hide-Video-Icons-CaseAnimation) + !Skin.HasSetting(HideMovieCase)">Video-Icons-CaseAnimation5</include>
						<include condition="Skin.HasSetting(Hide-Video-Icons-CaseAnimation) | Skin.HasSetting(HideMovieCase)">Video-Icons-CaseNoAnimation5</include>
						<visible>[Container.Content(Movies) + !Skin.HasSetting(Enable_Movies_Watched_Flags)] | [Container.Content(Seasons) + !Skin.HasSetting(Enable_TVShows_Watched_Flags)]</visible>
					</control>
					<control type="image">
						<posx>185</posx>
						<posy>254</posy>
						<width>35</width>
						<height>35</height>
						<aspectratio>keep</aspectratio>
						<texture>$INFO[ListItem.Overlay]</texture>
						<include condition="!Skin.HasSetting(Hide-Video-Icons-CaseAnimation) + !Skin.HasSetting(HideMovieCase)">Video-Icons-CaseAnimation5</include>
						<include condition="Skin.HasSetting(Hide-Video-Icons-CaseAnimation) | Skin.HasSetting(HideMovieCase)">Video-Icons-CaseNoAnimation5</include>
						<visible>[Container.Content(Movies) + !Skin.HasSetting(Enable_Movies_Watched_Flags)] | [Container.Content(Seasons) + !Skin.HasSetting(Enable_TVShows_Watched_Flags)]</visible>
					</control>
					<control type="image">
						<posx>185</posx>
						<posy>304</posy>
						<width>35</width>
						<height>35</height>
						<aspectratio>keep</aspectratio>
						<texture flipy="true">$VAR[PartlyWatched]</texture>
						<include condition="!Skin.HasSetting(Hide-Video-Icons-CaseAnimation) + !Skin.HasSetting(HideMovieCase)">Video-Icons-CaseAnimation6</include>
						<include condition="Skin.HasSetting(Hide-Video-Icons-CaseAnimation) | Skin.HasSetting(HideMovieCase)">Video-Icons-CaseNoAnimation6</include>
						<animation effect="fade" start="20" end="20" time="0" condition="true">Conditional</animation>
						<visible>[Container.Content(Movies) + !Skin.HasSetting(Enable_Movies_Watched_Flags)] | [Container.Content(Seasons) + !Skin.HasSetting(Enable_TVShows_Watched_Flags)]</visible>
					</control>
					<control type="image">
						<posx>185</posx>
						<posy>304</posy>
						<width>35</width>
						<height>35</height>
						<aspectratio>keep</aspectratio>
						<texture flipy="true">$INFO[ListItem.Overlay]</texture>
						<include condition="!Skin.HasSetting(Hide-Video-Icons-CaseAnimation) + !Skin.HasSetting(HideMovieCase)">Video-Icons-CaseAnimation6</include>
						<include condition="Skin.HasSetting(Hide-Video-Icons-CaseAnimation) | Skin.HasSetting(HideMovieCase)">Video-Icons-CaseNoAnimation6</include>
						<animation effect="fade" start="20" end="20" time="0" condition="true">Conditional</animation>
						<visible>[Container.Content(Movies) + !Skin.HasSetting(Enable_Movies_Watched_Flags)] | [Container.Content(Seasons) + !Skin.HasSetting(Enable_TVShows_Watched_Flags)]</visible>
					</control>
				</focusedlayout>
			</control>
		</control>
		<control type="group">
			<include>Window_OpenClose_Visible_TopInfo_Animation</include>
			<visible>Control.IsVisible(57)</visible>
			<control type="label">
				<posx>40</posx>
				<posy>60</posy>
				<width>1200</width>
				<height>20</height>
				<font>font-35</font>
				<textcolor>blue</textcolor>
				<shadowcolor>black</shadowcolor>
				<align>center</align>
				<aligny>center</aligny>
				<label>[B]$INFO[ListItem.Label][/B]</label>
			</control>
			<control type="image">
				<posx>240</posx>
				<posy>90</posy>
				<width>800</width>
				<height>1</height>
				<texture>separator.png</texture>
			</control>
		</control>
		<control type="group">
			<visible>Control.IsVisible(57)</visible>
			<include>Window_OpenClose_Visible_FanartIcon_Animation_Right</include>
			<include condition="Skin.HasSetting(MoviesExtraThumbs)">thumbs-extra-movies</include>
		</control>
		<control type="group" id="7029">
			<animation effect="fade" start="100" end="100" time="250">Hidden</animation>
			<visible>Control.IsVisible(57) + Container.OnNext</visible>
		</control>
		<control type="group" id="7030">
			<animation effect="fade" start="100" end="100" time="250">Hidden</animation>
			<visible>Control.IsVisible(57) + Container.OnPrevious</visible>
		</control>
		<control type="group">
			<posx>0</posx>
			<posy>0</posy>
			<include>Window_OpenClose_Animation</include>
			<visible>Control.IsVisible(57) + !Skin.HasSetting(HideInfoPanelIcons) + !Container.Content(Sets)</visible>
			<control type="group">
				<animation effect="zoom" start="640,0,1,720" end="0,0,1280,720" time="200" delay="2000">Visible</animation>
				<animation effect="zoom" start="0,0,1280,720" end="0,200,1280,1" time="200">Hidden</animation>
				<visible>Control.IsVisible(57) + ![Container.Content(Movies) + IsEmpty(ListItem.Plot)] + !stringcompare(ListItem.Label,..) + !Control.IsVisible(7029) + !Control.IsVisible(7030)</visible>
				<control type="image">
					<posx>160</posx>
					<posy>125</posy>
					<width>960</width>
					<height>150</height>
					<texture diffuse="underlay5-diffuse.png" border="0,10,0,10">underlay4.png</texture>
				</control>
				<control type="textbox">
					<posx>300</posx>
					<posy>137</posy>
					<width>680</width>
					<height>128</height>
					<font>font-20</font>
					<textcolor>white</textcolor>
					<shadowcolor>black</shadowcolor>
					<align>justify</align>
					<label>$INFO[ListItem.Plot]</label>
					<autoscroll time="2000" delay="18000" repeat="5000">Skin.HasSetting(AutoScroll)</autoscroll>
				</control>
			</control>
		</control>
		<control type="group">
			<include>Window_OpenClose_Visible_TopInfo_Animation</include>
			<visible>Control.IsVisible(57)</visible>
			<control type="button" id="7025">
				<posx>1222</posx>
				<posy>52</posy>
				<width>40</width>
				<height>40</height>
				<label>-</label>
				<font>-</font>
				<texturefocus>trailer-focus.png</texturefocus>
				<texturenofocus>trailer-nofocus.png</texturenofocus>
				<onup>9000</onup>
				<ondown>57</ondown>
				<onleft>9000</onleft>
				<onright>9000</onright>
				<onclick condition="Skin.HasSetting(Fullscreen_Trailer)">PlayMedia("$INFO[ListItem.Trailer]")</onclick>
				<onclick condition="!Skin.HasSetting(Fullscreen_Trailer)">PlayMedia("$INFO[ListItem.Trailer]",1)</onclick>
				<visible>!Skin.HasSetting(Hide_Trailer_Icon) + !IsEmpty(Listitem.Trailer)</visible>
			</control>
		</control>
	</include>
	<include name="Icons-Movies_Extras">
		<control type="group">
			<visible>Control.IsVisible(57) + !Skin.HasSetting(Enable_Movies_Media_Flags) + Container.Content(Movies)</visible>
			<include>Window_OpenClose_Visible_MediaFlags_Animation</include>
			<control type="group">
				<posx>792</posx>
				<posy>675</posy>
				<width>472</width>
				<height>48</height>
				<animation effect="fade" start="70" end="70" time="0" condition="true">Conditional</animation>
				<animation effect="zoom" start="90" end="90" center="auto" time="0" condition="true">Conditional</animation>
				<include condition="!Skin.HasSetting(Enable_Movies_Media_Flags)">VideoMediaFlags</include>
			</control>
		</control>
	</include>
	<include name="Icons-Albums">
		<control type="group">
			<animation effect="rotatex" center="720,0" start="-70" end="0" time="500" reversible="true">WindowOpen</animation>
			<animation effect="rotatex" center="720,0" start="0" end="-70" time="500" reversible="true">WindowClose</animation>
			<visible>Control.IsVisible(56)</visible>
			<control type="image">
				<posx>0</posx>
				<posy>660</posy>
				<width>1280</width>
				<height>80</height>
				<texture>floor.png</texture>
			</control>
			<control type="group" id="7015">
				<animation effect="fade" start="100" end="100" time="250">Hidden</animation>
				<visible>Container.OnNext</visible>
				<control type="image">
					<posx>546</posx>
					<posy>479</posy>
					<width>213</width>
					<height>213</height>
					<aspectratio>stretch</aspectratio>
					<include condition="![substring(ListItem.Path,plugin://) | substring(ListItem.Path,special://) | substring(Container.FolderPath,plugin://) | substring(Container.FolderPath,addon://)]">musicalbumsdisc0-View_Icons</include>
					<include condition="substring(ListItem.Path,plugin://) | substring(ListItem.Path,special://) | substring(Container.FolderPath,plugin://) | substring(Container.FolderPath,addon://)">musicalbumsnodisc-View_Icons</include>
					<animation reversible="false" effect="zoom" start="546,479,213,213" end="319,509,152,152" time="200">Hidden</animation>
					<visible>Container.Content(Albums) + Container(56).OnNext + !stringcompare(ListItem(-1).Label,..)</visible>
				</control>
			</control>
			<control type="group" id="7016">
				<animation effect="fade" start="100" end="100" time="250">Hidden</animation>
				<visible>Container.OnPrevious</visible>
				<control type="image">
					<posx>546</posx>
					<posy>479</posy>
					<width>213</width>
					<height>213</height>
					<aspectratio>stretch</aspectratio>
					<include condition="![substring(ListItem.Path,plugin://) | substring(ListItem.Path,special://) | substring(Container.FolderPath,plugin://) | substring(Container.FolderPath,addon://)]">musicalbumsdisc1-View_Icons</include>
					<include condition="substring(ListItem.Path,plugin://) | substring(ListItem.Path,special://) | substring(Container.FolderPath,plugin://) | substring(Container.FolderPath,addon://)">musicalbumsnodisc-View_Icons</include>
					<animation reversible="false" effect="zoom" start="546,479,213,213" end="806,509,152,152" time="200">Hidden</animation>
					<visible>Container.Content(Albums) + Container(56).OnPrevious + !stringcompare(ListItem(1).Label,..)</visible>
				</control>
			</control>
			<control type="group">
				<animation effect="fade" start="100" end="0" time="35">Hidden</animation>
				<visible>!Control.IsVisible(7015) + !Control.IsVisible(7016)</visible>
				<control type="image">
					<posx>546</posx>
					<posy>479</posy>
					<width>213</width>
					<height>213</height>
					<aspectratio>stretch</aspectratio>
					<include condition="![substring(ListItem.Path,plugin://) | substring(ListItem.Path,special://) | substring(Container.FolderPath,plugin://) | substring(Container.FolderPath,addon://)]">musicalbumsdisc-View_Icons</include>
					<include condition="substring(ListItem.Path,plugin://) | substring(ListItem.Path,special://) | substring(Container.FolderPath,plugin://) | substring(Container.FolderPath,addon://)">musicalbumsnodisc-View_Icons</include>
					<animation reversible="true" effect="zoom" start="546,479,213,213" end="574,510,152,152" time="250" condition="!Control.HasFocus(56)">Conditional</animation>
					<animation reversible="true" effect="zoom" start="574,510,152,152" end="546,479,213,213" time="250">WindowOpen</animation>
					<animation reversible="true" effect="fade" start="0" end="100" time="100" delay="200">Visible</animation>
					<visible>Container.Content(Albums) + !stringcompare(ListItem.Label,..)</visible>
				</control>
			</control>
			<control type="wraplist" id="56">
				<visible>Container.Content(Albums) | Container.Content(Songs)</visible>
				<posx>0</posx>
				<posy>460</posy>
				<width>1280</width>
				<height>450</height>
				<onleft>57</onleft>
				<onright>57</onright>
				<onup>9000</onup>
				<ondown>60</ondown>
				<viewtype label="536">icon</viewtype>
				<pagecontrol>60</pagecontrol>
				<scrolltime>250</scrolltime>
				<focusposition>2</focusposition>
				<orientation>horizontal</orientation>
				<hitrect x="518" y="440" w="244" h="244"/>
				<preloaditems>2</preloaditems>
				<itemlayout width="256" height="310">
					<control type="image">
						<posx>50</posx>
						<posy>43</posy>
						<width>168</width>
						<height>162</height>
						<aspectratio>stretch</aspectratio>
						<texture background="true">$INFO[ListItem.Icon]</texture>
						<visible>stringcompare(ListItem.Label,..)</visible>
					</control>
					<control type="image">
						<posx>32</posx>
						<posy>40</posy>
						<width>192</width>
						<height>168</height>
						<texture>case-cd-inside.png</texture>
						<visible>!stringcompare(ListItem.Label,..) + !Skin.HasSetting(HideMusicCase)</visible>
					</control>
					<control type="image">
						<posx>50</posx>
						<posy>43</posy>
						<width>168</width>
						<height>162</height>
						<aspectratio>stretch</aspectratio>
						<texture background="true">$INFO[ListItem.Icon]</texture>
						<visible>!stringcompare(ListItem.Label,..)</visible>
					</control>
					<control type="image">
						<posx>32</posx>
						<posy>40</posy>
						<width>192</width>
						<height>168</height>
						<texture>case-cd.png</texture>
						<visible>!stringcompare(ListItem.Label,..) + !Skin.HasSetting(HideMusicCase)</visible>
					</control>
					<control type="image">
						<posx>50</posx>
						<posy>211</posy>
						<width>168</width>
						<height>162</height>
						<aspectratio>stretch</aspectratio>
						<texture flipy="true" diffuse="diffuse_mirror2.png" background="true">$INFO[ListItem.Icon]</texture>
						<visible>stringcompare(ListItem.Label,..)</visible>
					</control>
					<control type="image">
						<posx>32</posx>
						<posy>208</posy>
						<width>192</width>
						<height>168</height>
						<texture flipy="true" diffuse="diffuse_mirror2.png">case-cd-inside.png</texture>
						<visible>!stringcompare(ListItem.Label,..) + !Skin.HasSetting(HideMusicCase)</visible>
					</control>
					<control type="image">
						<posx>50</posx>
						<posy>211</posy>
						<width>168</width>
						<height>162</height>
						<aspectratio>stretch</aspectratio>
						<texture background="true" flipy="true" diffuse="diffuse_mirror2.png">$INFO[ListItem.Icon]</texture>
						<visible>!stringcompare(ListItem.Label,..)</visible>
					</control>
					<control type="image">
						<posx>32</posx>
						<posy>208</posy>
						<width>192</width>
						<height>168</height>
						<texture flipy="true" diffuse="diffuse_mirror2.png">case-cd.png</texture>
						<visible>!stringcompare(ListItem.Label,..) + !Skin.HasSetting(HideMusicCase)</visible>
					</control>
				</itemlayout>
				<focusedlayout width="256" height="310">
					<control type="image">
						<posx>50</posx>
						<posy>43</posy>
						<width>168</width>
						<height>162</height>
						<aspectratio>stretch</aspectratio>
						<texture background="true">$INFO[ListItem.Icon]</texture>
						<animation reversible="false" effect="zoom" start="50,43,168,162" end="18,11,235,226" time="250">Focus</animation>
						<animation reversible="false" effect="zoom" end="50,43,168,162" start="18,27,235,226" time="250">UnFocus</animation>
						<visible>stringcompare(ListItem.Label,..)</visible>
					</control>
					<control type="image">
						<posx>32</posx>
						<posy>40</posy>
						<width>192</width>
						<height>168</height>
						<aspectratio>stretch</aspectratio>
						<texture>case-cd-inside.png</texture>
						<animation reversible="false" effect="zoom" start="32,40,192,168" end="-7,7,268,234" time="250">Focus</animation>
						<animation reversible="false" effect="zoom" end="32,40,192,168" start="-7,7,268,234" time="250">UnFocus</animation>
						<visible>!stringcompare(ListItem.Label,..) + !Skin.HasSetting(HideMusicCase)</visible>
					</control>
					<control type="image">
						<posx>62</posx>
						<posy>49</posy>
						<width>152</width>
						<height>152</height>
						<aspectratio>stretch</aspectratio>
						<include condition="![substring(ListItem.Path,plugin://) | substring(ListItem.Path,special://) | substring(Container.FolderPath,plugin://) | substring(Container.FolderPath,addon://)]">musicsongsdisc-View_Icons</include>
						<include condition="substring(ListItem.Path,plugin://) | substring(ListItem.Path,special://) | substring(Container.FolderPath,plugin://) | substring(Container.FolderPath,addon://)">musicsongsnodisc-View_Icons</include>
						<animation effect="zoom" start="62,49,152,152" end="34,19,213,213" time="250">Focus</animation>
						<animation effect="zoom" start="34,19,213,213" end="62,49,152,152" time="250">UnFocus</animation>
						<visible>Container.Content(Songs) + !stringcompare(ListItem.Label,..)</visible>
					</control>
					<control type="image">
						<posx>50</posx>
						<posy>211</posy>
						<width>168</width>
						<height>162</height>
						<aspectratio>stretch</aspectratio>
						<texture flipy="true" diffuse="diffuse_mirror2.png" background="true">$INFO[ListItem.Icon]</texture>
						<animation reversible="false" effect="zoom" start="50,211,168,162" end="18,244,235,226" time="250">Focus</animation>
						<animation reversible="false" effect="zoom" end="50,211,168,162" start="18,244,235,226" time="250">UnFocus</animation>
						<visible>stringcompare(ListItem.Label,..)</visible>
					</control>
					<control type="image">
						<posx>32</posx>
						<posy>208</posy>
						<width>192</width>
						<height>168</height>
						<texture flipy="true" diffuse="diffuse_mirror2.png">case-cd-inside.png</texture>
						<animation reversible="false" effect="zoom" start="32,208,192,168" end="-7,242,268,234" time="250">Focus</animation>
						<animation reversible="false" effect="zoom" end="32,208,192,168" start="-7,242,268,234" time="250">UnFocus</animation>
						<visible>!stringcompare(ListItem.Label,..) + !Skin.HasSetting(HideMusicCase)</visible>
					</control>
					<control type="image">
						<posx>50</posx>
						<posy>211</posy>
						<width>168</width>
						<height>162</height>
						<aspectratio>stretch</aspectratio>
						<texture background="true" flipy="true" diffuse="diffuse_mirror2.png">$INFO[ListItem.Icon]</texture>
						<include condition="!Skin.HasSetting(Hide-Music-Icons-CaseAnimation) + !Skin.HasSetting(HideMusicCase)">Music-Icons-CaseAnimation1</include>
						<include condition="Skin.HasSetting(Hide-Music-Icons-CaseAnimation) | Skin.HasSetting(HideMusicCase)">Music-Icons-CaseNoAnimation1</include>
						<visible>!stringcompare(ListItem.Label,..)</visible>
					</control>
					<control type="image">
						<posx>32</posx>
						<posy>208</posy>
						<width>192</width>
						<height>168</height>
						<texture flipy="true" diffuse="diffuse_mirror2.png">case-cd.png</texture>
						<include condition="!Skin.HasSetting(Hide-Music-Icons-CaseAnimation) + !Skin.HasSetting(HideMusicCase)">Music-Icons-CaseAnimation2</include>
						<include condition="Skin.HasSetting(Hide-Music-Icons-CaseAnimation) | Skin.HasSetting(HideMusicCase)">Music-Icons-CaseNoAnimation2</include>
						<visible>!stringcompare(ListItem.Label,..) + !Skin.HasSetting(HideMusicCase)</visible>
					</control>
					<control type="image">
						<posx>50</posx>
						<posy>43</posy>
						<width>168</width>
						<height>162</height>
						<aspectratio>stretch</aspectratio>
						<texture background="true">$INFO[ListItem.Icon]</texture>
						<include condition="!Skin.HasSetting(Hide-Music-Icons-CaseAnimation) + !Skin.HasSetting(HideMusicCase)">Music-Icons-CaseAnimation3</include>
						<include condition="Skin.HasSetting(Hide-Music-Icons-CaseAnimation) | Skin.HasSetting(HideMusicCase)">Music-Icons-CaseNoAnimation3</include>
						<visible>!stringcompare(ListItem.Label,..)</visible>
					</control>
					<control type="image">
						<posx>32</posx>
						<posy>40</posy>
						<width>192</width>
						<height>168</height>
						<texture>case-cd.png</texture>
						<include condition="!Skin.HasSetting(Hide-Music-Icons-CaseAnimation) + !Skin.HasSetting(HideMusicCase)">Music-Icons-CaseAnimation4</include>
						<include condition="Skin.HasSetting(Hide-Music-Icons-CaseAnimation) | Skin.HasSetting(HideMusicCase)">Music-Icons-CaseNoAnimation4</include>
						<visible>!stringcompare(ListItem.Label,..) + !Skin.HasSetting(HideMusicCase)</visible>
					</control>
				</focusedlayout>
			</control>
			<control type="group">
				<posx>411</posx>
				<posy>40</posy>
				<include condition="!Skin.HasSetting(Enable_Music_Media_Flags)">MusicMediaFlags</include>
			</control>
		</control>
		<control type="group">
			<include>Window_OpenClose_Visible_TopInfo_Animation</include>
			<visible>Control.IsVisible(56)</visible>
			<control type="label">
				<posx>20</posx>
				<posy>50</posy>
				<width>1240</width>
				<height>20</height>
				<font>font-30</font>
				<textcolor>lightblue</textcolor>
				<shadowcolor>black</shadowcolor>
				<align>center</align>
				<aligny>center</aligny>
				<label>$VAR[ViewIconsLabel1]</label>
			</control>
			<control type="label">
				<posx>20</posx>
				<posy>80</posy>
				<width>1240</width>
				<height>20</height>
				<font>font-35</font>
				<textcolor>blue</textcolor>
				<shadowcolor>black</shadowcolor>
				<align>center</align>
				<aligny>center</aligny>
				<label>$VAR[ViewIconsLabel2]</label>
			</control>
			<control type="image">
				<posx>240</posx>
				<posy>110</posy>
				<width>800</width>
				<height>1</height>
				<texture>separator.png</texture>
			</control>
		</control>
	</include>
</includes>
