<?xml version="1.0" encoding="UTF-8"?>
<includes>
	<include name="Fanart-Videos">
		<control type="list" id="50">
			<posx>200</posx>
			<width>355</width>
			<onleft>7005</onleft>
			<onright>60</onright>
			<onup>50</onup>
			<ondown>50</ondown>
			<viewtype label="31030">list</viewtype>
			<pagecontrol>60</pagecontrol>
			<scrolltime>200</scrolltime>
			<preloaditems>2</preloaditems>
			<include condition="!Skin.HasSetting(Fanart_Show_Banners) + !Skin.HasSetting(FanartShort) + !Skin.HasSetting(FanartLong)">FanartNormal</include>
			<include condition="!Skin.HasSetting(Fanart_Show_Banners) + Skin.HasSetting(FanartShort)">FanartShort</include>
			<include condition="!Skin.HasSetting(Fanart_Show_Banners) + Skin.HasSetting(FanartLong)">FanartLong</include>
			<include condition="Skin.HasSetting(Fanart_Show_Banners) + !Skin.HasSetting(FanartShort) + !Skin.HasSetting(FanartLong)">FanartNormalBanners</include>
			<include condition="Skin.HasSetting(Fanart_Show_Banners) + Skin.HasSetting(FanartShort)">FanartShortBanners</include>
			<include condition="Skin.HasSetting(Fanart_Show_Banners) + Skin.HasSetting(FanartLong)">FanartLongBanners</include>
			<itemlayout width="355" height="29" condition="![Container.Content(TVShows) + Skin.HasSetting(Fanart_Show_Banners)]">
				<control type="image">
					<posx>0</posx>
					<posy>0</posy>
					<width>355</width>
					<height>30</height>
					<texture border="7">list-nofocus.png</texture>
					<include>VisibleFadeEffect</include>
				</control>
				<control type="label">
					<posx>10</posx>
					<posy>0</posy>
					<width>305</width>
					<height>30</height>
					<font>font-20</font>
					<textcolor>white</textcolor>
					<selectedcolor>blue</selectedcolor>
					<align>left</align>
					<aligny>center</aligny>
					<label>$INFO[ListItem.Label]</label>
				</control>
				<control type="image">
					<posx>325</posx>
					<posy>0</posy>
					<width>30</width>
					<height>30</height>
					<aspectratio>keep</aspectratio>
					<texture>$VAR[PartlyWatched]</texture>
					<visible>[[Container.Content(Movies) + !Skin.HasSetting(Enable_Movies_Watched_Flags)] | [Container.Content(TVShows) + !Skin.HasSetting(Enable_TVShows_Watched_Flags)] | [Container.Content(Seasons) + !Skin.HasSetting(Enable_TVShows_Watched_Flags)] | [Container.Content(Episodes) + !Skin.HasSetting(Enable_TVShows_Watched_Flags)] | [Container.Content(MusicVideos) + !Skin.HasSetting(Enable_MusicVideos_Watched_Flags)] | [Container.Content(Files) + !Skin.HasSetting(Enable_Videos_Watched_Flags)] | Window.IsVisible(VideoPlaylist)]</visible>
				</control>
				<control type="image">
					<posx>325</posx>
					<posy>0</posy>
					<width>30</width>
					<height>30</height>
					<aspectratio>keep</aspectratio>
					<texture>$INFO[ListItem.Overlay]</texture>
					<visible>[Container.Content(Movies) + !Skin.HasSetting(Enable_Movies_Watched_Flags)] | [Container.Content(TVShows) + !Skin.HasSetting(Enable_TVShows_Watched_Flags)] | [Container.Content(Seasons) + !Skin.HasSetting(Enable_TVShows_Watched_Flags)] | [Container.Content(Episodes) + !Skin.HasSetting(Enable_TVShows_Watched_Flags)] | [Container.Content(MusicVideos) + !Skin.HasSetting(Enable_MusicVideos_Watched_Flags)] | [Container.Content(Files) + !Skin.HasSetting(Enable_Videos_Watched_Flags)] | Window.IsVisible(VideoPlaylist)</visible>
				</control>
			</itemlayout>
			<focusedlayout width="355" height="29" condition="![Container.Content(TVShows) + Skin.HasSetting(Fanart_Show_Banners)]">
				<control type="image">
					<posx>0</posx>
					<posy>0</posy>
					<width>355</width>
					<height>30</height>
					<texture border="7">list-nofocus.png</texture>
					<include>VisibleFadeEffect</include>
				</control>
				<control type="image">
					<posx>0</posx>
					<posy>0</posy>
					<width>355</width>
					<height>30</height>
					<texture border="7">list-focus2.png</texture>
					<visible>Control.HasFocus(50)</visible>
					<include>VisibleFadeEffect</include>
					<include>ListFocusScroll</include>
				</control>
				<control type="label">
					<posx>10</posx>
					<posy>0</posy>
					<width>305</width>
					<height>30</height>
					<font>font-20</font>
					<textcolor>white</textcolor>
					<selectedcolor>blue</selectedcolor>
					<align>left</align>
					<aligny>center</aligny>
					<label>$INFO[ListItem.Label]</label>
				</control>
				<control type="image">
					<posx>325</posx>
					<posy>0</posy>
					<width>30</width>
					<height>30</height>
					<aspectratio>keep</aspectratio>
					<texture>$VAR[PartlyWatched]</texture>
					<visible>[[Container.Content(Movies) + !Skin.HasSetting(Enable_Movies_Watched_Flags)] | [Container.Content(TVShows) + !Skin.HasSetting(Enable_TVShows_Watched_Flags)] | [Container.Content(Seasons) + !Skin.HasSetting(Enable_TVShows_Watched_Flags)] | [Container.Content(Episodes) + !Skin.HasSetting(Enable_TVShows_Watched_Flags)] | [Container.Content(MusicVideos) + !Skin.HasSetting(Enable_MusicVideos_Watched_Flags)] | [Container.Content(Files) + !Skin.HasSetting(Enable_Videos_Watched_Flags)] | Window.IsVisible(VideoPlaylist)]</visible>
				</control>
				<control type="image">
					<posx>325</posx>
					<posy>0</posy>
					<width>30</width>
					<height>30</height>
					<aspectratio>keep</aspectratio>
					<texture>$INFO[ListItem.Overlay]</texture>
					<visible>[Container.Content(Movies) + !Skin.HasSetting(Enable_Movies_Watched_Flags)] | [Container.Content(TVShows) + !Skin.HasSetting(Enable_TVShows_Watched_Flags)] | [Container.Content(Seasons) + !Skin.HasSetting(Enable_TVShows_Watched_Flags)] | [Container.Content(Episodes) + !Skin.HasSetting(Enable_TVShows_Watched_Flags)] | [Container.Content(MusicVideos) + !Skin.HasSetting(Enable_MusicVideos_Watched_Flags)] | [Container.Content(Files) + !Skin.HasSetting(Enable_Videos_Watched_Flags)] | Window.IsVisible(VideoPlaylist)</visible>
				</control>
			</focusedlayout>
			<itemlayout width="355" height="87" condition="Container.Content(TVShows) + Skin.HasSetting(Fanart_Show_Banners)">
				<control type="image">
					<posx>-8</posx>
					<posy>0</posy>
					<width>355</width>
					<height>87</height>
					<texture background="true">$INFO[Listitem.Icon]</texture>
					<aspectratio>keep</aspectratio>
					<visible>stringcompare(ListItem.Label,..)</visible>
				</control>
				<control type="image">
					<posx>-8</posx>
					<posy>0</posy>
					<width>355</width>
					<height>87</height>
					<aspectratio scalediffuse="false">stretch</aspectratio>
					<texture fallback="DefaultBanner.png" diffuse="banner-diffuse.png" background="true">$VAR[IconBanner]</texture>
					<bordertexture border="13">banner-shadow.png</bordertexture>
					<bordersize>13</bordersize>
					<visible>!stringcompare(ListItem.Label,..)</visible>
				</control>
				<control type="image">
					<posx>300</posx>
					<posy>44</posy>
					<width>30</width>
					<height>30</height>
					<aspectratio>keep</aspectratio>
					<texture>$VAR[PartlyWatched]</texture>
					<visible>!Skin.HasSetting(Enable_TVShows_Watched_Flags)</visible>
				</control>
				<control type="image">
					<posx>300</posx>
					<posy>44</posy>
					<width>30</width>
					<height>30</height>
					<aspectratio>keep</aspectratio>
					<texture>$INFO[ListItem.Overlay]</texture>
					<visible>!Skin.HasSetting(Enable_TVShows_Watched_Flags)</visible>
				</control>
			</itemlayout>
			<focusedlayout width="355" height="87" condition="Container.Content(TVShows) + Skin.HasSetting(Fanart_Show_Banners)">
				<control type="image">
					<posx>-8</posx>
					<posy>0</posy>
					<width>355</width>
					<height>87</height>
					<texture background="true">$INFO[Listitem.Icon]</texture>
					<aspectratio>keep</aspectratio>
					<animation type="focus">
						<effect type="slide" start="0,0" end="0,0" time="200"/>
						<effect type="zoom" start="100" end="113" center="auto" time="200"/>
					</animation>
					<animation type="unfocus">
						<effect type="slide" start="0,0" end="0,0" time="200"/>
						<effect type="zoom" start="113" end="100" center="auto" time="200"/>
					</animation>
					<visible>stringcompare(ListItem.Label,..)</visible>
				</control>
				<control type="image">
					<posx>-8</posx>
					<posy>0</posy>
					<width>355</width>
					<height>87</height>
					<aspectratio scalediffuse="false">stretch</aspectratio>
					<texture fallback="DefaultBanner.png" diffuse="banner-diffuse.png" background="true">$VAR[IconBanner]</texture>
					<bordertexture border="13">banner-shadow.png</bordertexture>
					<bordersize>13</bordersize>
					<animation type="focus">
						<effect type="slide" start="0,0" end="0,0" time="200"/>
						<effect type="zoom" start="100" end="113" center="auto" time="200"/>
					</animation>
					<animation type="unfocus">
						<effect type="slide" start="0,0" end="0,0" time="200"/>
						<effect type="zoom" start="113" end="100" center="auto" time="200"/>
					</animation>
					<visible>!stringcompare(ListItem.Label,..)</visible>
				</control>
				<control type="image">
					<posx>300</posx>
					<posy>44</posy>
					<width>30</width>
					<height>30</height>
					<aspectratio>keep</aspectratio>
					<texture>$VAR[PartlyWatched]</texture>
					<animation type="focus">
						<effect type="slide" start="0,0" end="18,2" time="200"/>
						<effect type="zoom" start="100" end="109" center="auto" time="200"/>
					</animation>
					<animation type="unfocus">
						<effect type="slide" start="18,2" end="0,0" time="200"/>
						<effect type="zoom" start="109" end="100" center="auto" time="200"/>
					</animation>
					<visible>!Skin.HasSetting(Enable_TVShows_Watched_Flags)</visible>
				</control>
				<control type="image">
					<posx>300</posx>
					<posy>44</posy>
					<width>30</width>
					<height>30</height>
					<aspectratio>keep</aspectratio>
					<texture>$INFO[ListItem.Overlay]</texture>
					<animation type="focus">
						<effect type="slide" start="0,0" end="18,2" time="200"/>
						<effect type="zoom" start="100" end="109" center="auto" time="200"/>
					</animation>
					<animation type="unfocus">
						<effect type="slide" start="18,2" end="0,0" time="200"/>
						<effect type="zoom" start="109" end="100" center="auto" time="200"/>
					</animation>
					<visible>!Skin.HasSetting(Enable_TVShows_Watched_Flags)</visible>
				</control>
			</focusedlayout>
		</control>
	</include>
	<include name="Fanart-Videos_Root_Extras">
		<control type="group">
			<visible>Control.IsVisible(50) + ![Container.Content(Movies) | Container.Content(Sets) | Container.Content(TVShows) | Container.Content(Seasons) | Container.Content(Episodes) | Container.Content(MusicVideos) | Container.Content(AddOns) | Container.Content(LiveTV)]</visible>
			<include>Window_OpenClose_Visible_FanartInfo_Animation</include>
			<control type="image">
				<posx>0</posx>
				<posy>550</posy>
				<width>875</width>
				<height>158</height>
				<texture border="10">underlay.png</texture>
			</control>
			<control type="label">
				<posx>257</posx>
				<posy>614</posy>
				<width>550</width>
				<height>30</height>
				<font>font-30</font>
				<textcolor>blue</textcolor>
				<shadowcolor>black</shadowcolor>
				<align>left</align>
				<aligny>center</aligny>
				<label>$INFO[ListItem.label]</label>
				<visible>!stringcompare(ListItem.Label,..)</visible>
			</control>
		</control>
		<control type="group">
			<visible>Control.IsVisible(50) + ![Container.Content(Movies) | Container.Content(Sets) | Container.Content(TVShows) | Container.Content(Seasons) | Container.Content(Episodes) | Container.Content(MusicVideos) | Container.Content(AddOns) | Container.Content(LiveTV)]</visible>
			<include>Window_OpenClose_Visible_FanartIcon_Animation</include>
			<control type="image">
				<posx>10</posx>
				<posy>480</posy>
				<width>214</width>
				<height>214</height>
				<aspectratio aligny="bottom">keep</aspectratio>
				<fadetime>IconCrossfadeTime</fadetime>
				<texture diffuse="thumb-diffuse.png" background="true">$INFO[Listitem.Icon]</texture>
				<visible>stringcompare(ListItem.Label,..) | [!stringcompare(ListItem.Label,..) + [[Skin.HasSetting(Enable_Foldericons_Movies_Genre) + stringcompare(Container.FolderPath,videodb://movies/genres/)] | [Skin.HasSetting(Enable_Foldericons_TVShows_Genre) + stringcompare(Container.FolderPath,videodb://tvshows/genres/)] | [Skin.HasSetting(Enable_Foldericons_MusicVideos_Genre) + stringcompare(Container.FolderPath,videodb://musicvideos/genres/)]]] | !Container.Content(Genres)</visible>
			</control>
			<control type="image">
				<posx>10</posx>
				<posy>452</posy>
				<width>214</width>
				<height>265</height>
				<texture>thumb-shadow.png</texture>
				<visible>!stringcompare(ListItem.Label,..) + [[!Skin.HasSetting(Enable_Foldericons_Movies_Genre) + stringcompare(Container.FolderPath,videodb://movies/genres/)] | [!Skin.HasSetting(Enable_Foldericons_TVShows_Genre) + stringcompare(Container.FolderPath,videodb://tvshows/genres/)] | 
[!Skin.HasSetting(Enable_Foldericons_MusicVideos_Genre) + stringcompare(Container.FolderPath,videodb://musicvideos/genres/)]]</visible>
			</control>
			<control type="image">
				<posx>10</posx>
				<posy>452</posy>
				<width>214</width>
				<height>265</height>
				<aspectratio scalediffuse="false">scale</aspectratio>
				<fadetime>IconCrossfadeTime</fadetime>
				<texture diffuse="thumb-diffuse.png" fallback="genre-movies-icon.jpg">$VAR[MovieGenreIcon]</texture>
				<bordersize>6</bordersize>
				<visible>!stringcompare(ListItem.Label,..) + !Skin.HasSetting(Enable_Foldericons_Movies_Genre) + stringcompare(Container.FolderPath,videodb://movies/genres/)</visible>
			</control>
			<control type="image">
				<posx>10</posx>
				<posy>452</posy>
				<width>214</width>
				<height>265</height>
				<aspectratio scalediffuse="false">scale</aspectratio>
				<fadetime>IconCrossfadeTime</fadetime>
				<texture diffuse="thumb-diffuse.png" fallback="genre-tvshows-icon.jpg">$VAR[MovieGenreIcon]</texture>
				<bordersize>6</bordersize>
				<visible>!stringcompare(ListItem.Label,..) + !Skin.HasSetting(Enable_Foldericons_TVShows_Genre) + stringcompare(Container.FolderPath,videodb://tvshows/genres/)</visible>
			</control>
			<control type="image">
				<posx>10</posx>
				<posy>452</posy>
				<width>214</width>
				<height>265</height>
				<aspectratio scalediffuse="false">scale</aspectratio>
				<fadetime>IconCrossfadeTime</fadetime>
				<texture diffuse="thumb-diffuse.png" fallback="genre-music-icon.jpg">$VAR[MusicGenreIcon]</texture>
				<bordersize>6</bordersize>
				<visible>!stringcompare(ListItem.Label,..) + !Skin.HasSetting(Enable_Foldericons_MusicVideos_Genre) + stringcompare(Container.FolderPath,videodb://musicvideos/genres/)</visible>
			</control>
		</control>
	</include>
	<include name="Fanart-Videos_Extras">
		<control type="group">
			<visible>Control.IsVisible(50) + [Container.Content(Movies) | Container.Content(Sets) | Window.IsVisible(VideoPlaylist)]</visible>
			<include>Window_OpenClose_Visible_FanartInfo_Animation</include>
			<animation effect="slide" end="0,35" time="0" condition="Skin.HasSetting(Enable_Movies_Media_Flags)">Conditional</animation>
			<control type="image">
				<posx>0</posx>
				<posy>550</posy>
				<width>875</width>
				<height>158</height>
				<texture border="10">underlay.png</texture>
				<visible>!Skin.HasSetting(Enable_Movies_Media_Flags)</visible>
			</control>
			<control type="image">
				<posx>0</posx>
				<posy>550</posy>
				<width>875</width>
				<height>123</height>
				<texture border="10">underlay.png</texture>
				<visible>Skin.HasSetting(Enable_Movies_Media_Flags)</visible>
			</control>
			<control type="label">
				<posx>257</posx>
				<posy>568</posy>
				<width>617</width>
				<height>30</height>
				<font>font-30</font>
				<textcolor>blue</textcolor>
				<shadowcolor>black</shadowcolor>
				<align>left</align>
				<aligny>center</aligny>
				<label>$INFO[ListItem.Title]</label>
			</control>
			<control type="label">
				<posx>257</posx>
				<posy>568</posy>
				<width>617</width>
				<height>30</height>
				<font>font-30</font>
				<textcolor>blue</textcolor>
				<shadowcolor>black</shadowcolor>
				<align>left</align>
				<aligny>center</aligny>
				<label>$INFO[ListItem.label]</label>
				<visible>IsEmpty(ListItem.Title) + !stringcompare(ListItem.Label,..)</visible>
			</control>
			<control type="group">
				<visible>!Skin.HasSetting(FanartShowPlot)</visible>
				<control type="label">
					<posx>257</posx>
					<posy>593</posy>
					<width>610</width>
					<height>30</height>
					<font>font-20</font>
					<textcolor>white</textcolor>
					<shadowcolor>black</shadowcolor>
					<align>left</align>
					<aligny>center</aligny>
					<label>$INFO[ListItem.Genre,[UPPERCASE][B][COLOR=lightblue]$LOCALIZE[515]: [/COLOR][/B][/UPPERCASE]]</label>
				</control>
				<control type="label">
					<posx>257</posx>
					<posy>613</posy>
					<width>500</width>
					<height>30</height>
					<font>font-20</font>
					<textcolor>white</textcolor>
					<shadowcolor>black</shadowcolor>
					<align>left</align>
					<aligny>center</aligny>
					<label>$VAR[ViewFanartLabel1]</label>
				</control>
				<control type="label">
					<posx>257</posx>
					<posy>633</posy>
					<width>160</width>
					<height>30</height>
					<font>font-20</font>
					<textcolor>white</textcolor>
					<shadowcolor>black</shadowcolor>
					<align>left</align>
					<aligny>center</aligny>
					<label>$INFO[ListItem.Year,[UPPERCASE][B][COLOR=lightblue]$LOCALIZE[345]: [/COLOR][/B][/UPPERCASE]]</label>
				</control>
				<control type="label">
					<posx>420</posx>
					<posy>633</posy>
					<width>160</width>
					<height>30</height>
					<font>font-20</font>
					<textcolor>white</textcolor>
					<shadowcolor>black</shadowcolor>
					<align>left</align>
					<aligny>center</aligny>
					<label>$INFO[ListItem.Rating,[UPPERCASE][B][COLOR=lightblue]$LOCALIZE[563]: [/COLOR][/B][/UPPERCASE]]</label>
				</control>
				<control type="label">
					<posx>582</posx>
					<posy>633</posy>
					<width>170</width>
					<height>30</height>
					<font>font-20</font>
					<textcolor>white</textcolor>
					<shadowcolor>black</shadowcolor>
					<align>left</align>
					<aligny>center</aligny>
					<label>$INFO[ListItem.Top250,[UPPERCASE][B][COLOR=lightblue]$LOCALIZE[31052]: [/COLOR][/B][/UPPERCASE]]</label>
				</control>
			</control>
			<control type="group">
				<visible>Skin.HasSetting(FanartShowPlot)</visible>
				<control type="textbox">
					<description>Plot Value for Movies</description>
					<posx>257</posx>
					<posy>597</posy>
					<width>490</width>
					<height>60</height>
					<font>font-19</font>
					<align>justify</align>
					<textcolor>white</textcolor>
					<shadowcolor>black</shadowcolor>
					<label>$VAR[ViewFanartText]</label>
					<autoscroll time="2000" delay="8000" repeat="5000">Skin.HasSetting(AutoScroll)</autoscroll>
				</control>
			</control>
			<control type="group">
				<visible>Control.IsVisible(50) + !Skin.HasSetting(Enable_Movies_Media_Flags) + [Container.Content(Movies) | Window.IsVisible(VideoPlaylist)]</visible>
				<control type="group">
					<posx>252</posx>
					<posy>655</posy>
					<width>472</width>
					<height>48</height>
					<include condition="!Skin.HasSetting(Enable_Movies_Media_Flags)">VideoMediaFlags</include>
				</control>
				<include condition="!Skin.HasSetting(Enable_Movies_Media_Flags)">MovieStudioFlag</include>
			</control>
		</control>
		<control type="group">
			<visible>Control.IsVisible(50) + [Container.Content(Movies) | Container.Content(Sets) | Window.IsVisible(VideoPlaylist)]</visible>
			<include>Window_OpenClose_Visible_FanartButton_Animation</include>
			<animation effect="slide" end="-401,0" time="0" condition="Skin.HasSetting(FanartLong)">Conditional</animation>
			<control type="button" id="7005">
				<posx>1222</posx>
				<posy>14</posy>
				<width>40</width>
				<height>40</height>
				<label>-</label>
				<font>-</font>
				<texturefocus>trailer-focus.png</texturefocus>
				<texturenofocus>trailer-nofocus.png</texturenofocus>
				<onleft>9000</onleft>
				<onright>50</onright>
				<onup>7005</onup>
				<ondown>7005</ondown>
				<onclick condition="Skin.HasSetting(Fullscreen_Trailer)">PlayMedia("$INFO[ListItem.Trailer]")</onclick>
				<onclick condition="!Skin.HasSetting(Fullscreen_Trailer)">PlayMedia("$INFO[ListItem.Trailer]",1)</onclick>
				<visible>!Skin.HasSetting(Hide_Trailer_Icon) + !IsEmpty(Listitem.Trailer)</visible>
			</control>
		</control>
		<control type="videowindow">
			<description>trailer preview</description>
			<posx>270</posx>
			<posy>200</posy>
			<width>578</width>
			<height>325</height>
			<animation effect="fade" start="0" end="100" time="1000">Visible</animation>
			<animation effect="fade" start="100" end="0" time="1000">Hidden</animation>
			<animation effect="fade" start="0" end="100" time="300">WindowOpen</animation>
			<animation effect="fade" start="100" end="0" time="300">WindowClose</animation>
			<visible>Control.IsVisible(50) + [Player.HasVideo + !!Skin.HasSetting(HideVideoBackgrounds)] + !Skin.HasSetting(Fullscreen_Trailer)</visible>
		</control>
		<control type="group">
			<visible>Control.IsVisible(50) + [Container.Content(Movies) | Container.Content(Sets) | Window.IsVisible(VideoPlaylist)]</visible>
			<include>Window_OpenClose_Visible_FanartIcon_Animation</include>
			<control type="group">
				<include condition="Skin.HasSetting(MoviesExtraThumbs)">thumbs-extra-movies</include>
			</control>
			<animation effect="slide" end="0,40" time="0" condition="Skin.HasSetting(Enable_Movies_Media_Flags)">Conditional</animation>
			<control type="image">
				<posx>18</posx>
				<posy>396</posy>
				<width>218</width>
				<height>310</height>
				<texture background="true">$INFO[ListItem.Icon]</texture>
				<animation effect="slide" end="0,-40" time="0" condition="Skin.HasSetting(Enable_Movies_Media_Flags)">Conditional</animation>
				<visible>stringcompare(ListItem.Label,..) + !Window.IsVisible(VideoPlaylist)</visible>
			</control>
			<control type="image">
				<posx>18</posx>
				<posy>396</posy>
				<width>218</width>
				<height>310</height>
				<texture background="true">$VAR[IconPoster]</texture>
				<fadetime>IconCrossfadeTime</fadetime>
				<animation effect="slide" end="0,-40" time="0" condition="Skin.HasSetting(Enable_Movies_Media_Flags)">Conditional</animation>
				<visible>!stringcompare(ListItem.Label,..)</visible>
			</control>
			<control type="image">
				<posx>18</posx>
				<posy>368</posy>
				<width>234</width>
				<height>360</height>
				<texture fallback="case-sets.png">case$INFO[ListItem.VideoResolution].png</texture>
				<animation effect="slide" end="0,-40" time="0" condition="Skin.HasSetting(Enable_Movies_Media_Flags)">Conditional</animation>
				<visible>!stringcompare(ListItem.Label,..) + !Skin.HasSetting(HideMovieCase)</visible>
			</control>
			<control type="image">
				<posx>112</posx>
				<posy>375</posy>
				<width>30</width>
				<height>18</height>
				<texture>movieset.png</texture>
				<animation effect="slide" end="0,-40" time="0" condition="Skin.HasSetting(Enable_Movies_Media_Flags)">Conditional</animation>
				<visible>!stringcompare(ListItem.Label,..) + ListItem.IsFolder + !Window.IsVisible(VideoPlaylist) + SubString(Container.Folderpath,videodb://,left)</visible>
			</control>
			<control type="image">
				<posx>30</posx>
				<posy>378</posy>
				<width>33</width>
				<height>12</height>
				<texture>3d-logo.png</texture>
				<animation effect="slide" end="0,-40" time="0" condition="Skin.HasSetting(Enable_Movies_Media_Flags)">Conditional</animation>
				<visible>ListItem.IsStereoScopic</visible>
			</control>
		</control>
		<control type="group">
			<visible>Control.IsVisible(50) + Container.Content(TVShows)</visible>
			<include>Window_OpenClose_Visible_FanartInfo_Animation</include>
			<control type="image">
				<posx>0</posx>
				<posy>522</posy>
				<width>875</width>
				<height>186</height>
				<texture border="10">underlay.png</texture>
			</control>
			<control type="label">
				<posx>40</posx>
				<posy>535</posy>
				<width>785</width>
				<height>30</height>
				<font>font-30</font>
				<textcolor>blue</textcolor>
				<shadowcolor>black</shadowcolor>
				<align>center</align>
				<aligny>center</aligny>
				<label>$VAR[ViewFanartLabel2]</label>
			</control>
			<control type="label">
				<posx>257</posx>
				<posy>535</posy>
				<width>600</width>
				<height>30</height>
				<font>font-30</font>
				<textcolor>blue</textcolor>
				<shadowcolor>black</shadowcolor>
				<align>left</align>
				<aligny>center</aligny>
				<label>$VAR[ViewFanartLabel3]</label>
			</control>
			<control type="label">
				<posx>40</posx>
				<posy>565</posy>
				<width>785</width>
				<height>30</height>
				<font>font-20</font>
				<textcolor>white</textcolor>
				<shadowcolor>black</shadowcolor>
				<align>center</align>
				<aligny>center</aligny>
				<label>$INFO[ListItem.Property(TotalSeasons),$LOCALIZE[33054] : ] $INFO[ListItem.Property(TotalEpisodes), - $LOCALIZE[20360] : ] [COLOR=lightblue] $INFO[ListItem.Property(WatchedEpisodes),(, $LOCALIZE[16102] - ]$INFO[ListItem.Property(UnWatchedEpisodes), , $LOCALIZE[16101])][/COLOR]</label>
				<visible>Skin.HasSetting(TVShowsPosters) + [SubString(Container.FolderPath,videodb://tvshows/) | SubString(Container.FolderPath,special://)]</visible>
			</control>
			<control type="label">
				<posx>257</posx>
				<posy>565</posy>
				<width>600</width>
				<height>30</height>
				<font>font-20</font>
				<textcolor>white</textcolor>
				<shadowcolor>black</shadowcolor>
				<align>left</align>
				<aligny>center</aligny>
				<label>$INFO[ListItem.Property(TotalSeasons),$LOCALIZE[33054] : ]$INFO[ListItem.Property(TotalEpisodes), - $LOCALIZE[20360] : ] [COLOR=lightblue] $INFO[ListItem.Property(WatchedEpisodes),(, $LOCALIZE[16102] - ]$INFO[ListItem.Property(UnWatchedEpisodes), , $LOCALIZE[16101])][/COLOR]</label>
				<visible>!Skin.HasSetting(TVShowsPosters) | ![SubString(Container.FolderPath,videodb://tvshows/) | SubString(Container.FolderPath,special://)]</visible>
			</control>
			<control type="textbox">
				<description>Plot Value for TVShow</description>
				<posx>40</posx>
				<posy>602</posy>
				<width>785</width>
				<height>83</height>
				<font>font-19</font>
				<align>justify</align>
				<textcolor>white</textcolor>
				<shadowcolor>black</shadowcolor>
				<label>$INFO[ListItem.Plot]</label>
				<autoscroll time="2000" delay="8000" repeat="5000">Skin.HasSetting(AutoScroll)</autoscroll>
				<visible>Skin.HasSetting(TVShowsPosters) + [SubString(Container.FolderPath,videodb://tvshows/) | SubString(Container.FolderPath,special://)]</visible>
			</control>
			<control type="textbox">
				<description>Plot Value for TVShow</description>
				<posx>257</posx>
				<posy>602</posy>
				<width>600</width>
				<height>83</height>
				<font>font-19</font>
				<align>justify</align>
				<textcolor>white</textcolor>
				<shadowcolor>black</shadowcolor>
				<label>$INFO[ListItem.Plot]</label>
				<autoscroll time="2000" delay="8000" repeat="5000">Skin.HasSetting(AutoScroll)</autoscroll>
				<visible>!Skin.HasSetting(TVShowsPosters) | ![SubString(Container.FolderPath,videodb://tvshows/) | SubString(Container.FolderPath,special://)]</visible>
			</control>
		</control>
		<control type="group">
			<visible>Control.IsVisible(50) + Container.Content(TVShows)</visible>
			<include>Window_OpenClose_Visible_FanartIcon_Animation</include>
			<control type="image">
				<posx>38</posx>
				<posy>418</posy>
				<width>198</width>
				<height>288</height>
				<texture background="true">$INFO[ListItem.Icon]</texture>
				<visible>stringcompare(ListItem.Label,..)</visible>
			</control>
			<control type="image">
				<posx>18</posx>
				<posy>480</posy>
				<width>218</width>
				<height>218</height>
				<aspectratio align="left" aligny="center">keep</aspectratio>
				<align>left</align>
				<texture diffuse="banner-diffuse.png" background="true">$VAR[IconBanner]</texture>
				<fadetime>IconCrossfadeTime</fadetime>
				<animation effect="slide" start="-120,0" end="0,0" time="400" tween="quadratic" easing="out">WindowOpen</animation>
				<animation effect="slide" start="0,0" end="-120,0" time="400" tween="quadratic" easing="out">WindowClose</animation>
				<animation effect="slide" start="-120,0" end="0,0" time="400" tween="quadratic" easing="out">Visible</animation>
				<visible>![SubString(Container.FolderPath,videodb://tvshows/) | SubString(Container.FolderPath,special://)] + Skin.HasSetting(TVShowsPosters) + !stringcompare(ListItem.Label,..)</visible>
			</control>
			<control type="image">
				<posx>18</posx>
				<posy>396</posy>
				<width>218</width>
				<height>310</height>
				<texture background="true">$VAR[IconPoster]</texture>
				<fadetime>IconCrossfadeTime</fadetime>
				<visible>!Skin.HasSetting(TVShowsPosters) + !stringcompare(ListItem.Label,..)</visible>
			</control>
			<control type="image">
				<posx>18</posx>
				<posy>368</posy>
				<width>234</width>
				<height>360</height>
				<texture>case-tv.png</texture>
				<visible>!Skin.HasSetting(TVShowsPosters) + !stringcompare(ListItem.Label,..) + !Skin.HasSetting(HideTVShowCase)</visible>
			</control>
		</control>
		<control type="group">
			<visible>Control.IsVisible(50) + Container.Content(Seasons)</visible>
			<include>Window_OpenClose_Visible_FanartInfo_Animation</include>
			<control type="image">
				<posx>0</posx>
				<posy>522</posy>
				<width>875</width>
				<height>186</height>
				<texture border="10">underlay.png</texture>
			</control>
			<control type="image">
				<posx>273</posx>
				<posy>555</posy>
				<width>567</width>
				<height>126</height>
				<texture border="14">banner-shadow.png</texture>
				<visible>!stringcompare(ListItem.Label,..) + Skin.HasSetting(TVShowsPosters)</visible>
			</control>
			<control type="image">
				<posx>286</posx>
				<posy>568</posy>
				<width>541</width>
				<height>100</height>
				<aspectratio scalediffuse="false" align="center">stretch</aspectratio>
				<texture fallback="DefaultBanner.png" diffuse="banner-diffuse.png" background="true">$INFO[ListItem.Art(tvshow.banner)]</texture>
				<visible>!stringcompare(ListItem.Label,..) + Skin.HasSetting(TVShowsPosters)</visible>
			</control>
			<control type="label">
				<posx>240</posx>
				<posy>535</posy>
				<width>633</width>
				<height>30</height>
				<font>font-30</font>
				<textcolor>blue</textcolor>
				<shadowcolor>black</shadowcolor>
				<align>center</align>
				<aligny>center</aligny>
				<label>$INFO[ListItem.Label]</label>
				<visible>!stringcompare(ListItem.Label,..)</visible>
			</control>
			<control type="label">
				<posx>240</posx>
				<posy>580</posy>
				<width>633</width>
				<height>30</height>
				<font>font-23</font>
				<textcolor>white</textcolor>
				<shadowcolor>black</shadowcolor>
				<align>center</align>
				<aligny>center</aligny>
				<label>$INFO[ListItem.Genre,[UPPERCASE][B][COLOR=lightblue]$LOCALIZE[515]: [/UPPERCASE][/B][/COLOR]]</label>
				<visible>!stringcompare(ListItem.Label,..) + !Skin.HasSetting(TVShowsPosters)</visible>
			</control>
			<control type="label">
				<posx>240</posx>
				<posy>667</posy>
				<width>633</width>
				<height>30</height>
				<font>font-23</font>
				<textcolor>white</textcolor>
				<shadowcolor>black</shadowcolor>
				<align>center</align>
				<aligny>center</aligny>
				<label>$INFO[ListItem.Property(TotalEpisodes),[UPPERCASE][B][COLOR=lightblue]$LOCALIZE[20360]: [/UPPERCASE][/B][/COLOR]]</label>
				<animation effect="slide" start="0,0" end="0,-47" time="0" condition="!Skin.HasSetting(TVShowsPosters)">Conditional</animation>
				<visible>!stringcompare(ListItem.Label,..)</visible>
			</control>
			<control type="label">
				<posx>240</posx>
				<posy>660</posy>
				<width>633</width>
				<height>30</height>
				<font>font-23</font>
				<textcolor>white</textcolor>
				<shadowcolor>black</shadowcolor>
				<align>center</align>
				<aligny>center</aligny>
				<label>[COLOR=blue] $INFO[ListItem.Property(WatchedEpisodes),(, $LOCALIZE[16102] - ]$INFO[ListItem.Property(UnWatchedEpisodes), , $LOCALIZE[16101])][/COLOR]</label>
				<visible>!stringcompare(ListItem.Label,..) + !Skin.HasSetting(TVShowsPosters)</visible>
			</control>
		</control>
		<control type="group">
			<visible>Control.IsVisible(50) + Container.Content(Seasons)</visible>
			<include>Window_OpenClose_Visible_FanartIcon_Animation</include>
			<control type="image">
				<posx>18</posx>
				<posy>396</posy>
				<width>218</width>
				<height>310</height>
				<texture background="true">$INFO[ListItem.Icon]</texture>
				<visible>stringcompare(ListItem.Label,..)</visible>
			</control>
			<control type="image">
				<posx>18</posx>
				<posy>396</posy>
				<width>218</width>
				<height>310</height>
				<texture fallback="DefaultVideo.png" background="true">$INFO[ListItem.Thumb]</texture>
				<fadetime>IconCrossfadeTime</fadetime>
				<visible>!stringcompare(ListItem.Label,..)</visible>
			</control>
			<control type="image">
				<posx>18</posx>
				<posy>368</posy>
				<width>234</width>
				<height>360</height>
				<texture>case-tv.png</texture>
				<visible>!stringcompare(ListItem.Label,..) + !Skin.HasSetting(HideTVShowCase)</visible>
			</control>
		</control>
		<control type="group">
			<visible>Control.IsVisible(50) + [Container.Content(Episodes) | Container.Content(MusicVideos)]</visible>
			<include>Window_OpenClose_Visible_FanartInfo_Animation</include>
			<animation effect="slide" end="0,35" time="0" condition="Skin.HasSetting(Enable_TVShows_Media_Flags)">Conditional</animation>
			<control type="image">
				<posx>0</posx>
				<posy>522</posy>
				<width>875</width>
				<height>186</height>
				<texture border="10">underlay.png</texture>
				<visible>[Container.Content(Episodes) + !Skin.HasSetting(Enable_TVShows_Media_Flags)] | [Container.Content(MusicVideos) + !Skin.HasSetting(Enable_MusicVideos_Media_Flags)]</visible>
			</control>
			<control type="image">
				<posx>0</posx>
				<posy>522</posy>
				<width>875</width>
				<height>151</height>
				<texture border="10">underlay.png</texture>
				<visible>[Container.Content(Episodes) + Skin.HasSetting(Enable_TVShows_Media_Flags)] | [Container.Content(MusicVideos) + Skin.HasSetting(Enable_MusicVideos_Media_Flags)]</visible>
			</control>
			<control type="label">
				<posx>317</posx>
				<posy>535</posy>
				<width>540</width>
				<height>30</height>
				<font>font-30</font>
				<textcolor>blue</textcolor>
				<shadowcolor>black</shadowcolor>
				<align>center</align>
				<aligny>center</aligny>
				<label>$VAR[ViewFanartLabel4]</label>
			</control>
			<control type="label">
				<posx>317</posx>
				<posy>535</posy>
				<width>540</width>
				<height>30</height>
				<font>font-30</font>
				<textcolor>blue</textcolor>
				<shadowcolor>black</shadowcolor>
				<align>left</align>
				<aligny>center</aligny>
				<label>$VAR[ViewFanartLabel5]</label>
			</control>
			<control type="label">
				<posx>317</posx>
				<posy>563</posy>
				<width>540</width>
				<height>30</height>
				<font>font-30</font>
				<textcolor>white</textcolor>
				<shadowcolor>black</shadowcolor>
				<align>left</align>
				<aligny>center</aligny>
				<label>$INFO[ListItem.Artist]</label>
				<visible>Container.Content(MusicVideos)</visible>
			</control>
			<control type="textbox">
				<description>Common Plot Value for all Content types</description>
				<posx>317</posx>
				<posy>570</posy>
				<width>540</width>
				<height>83</height>
				<font>font-19</font>
				<align>justify</align>
				<textcolor>white</textcolor>
				<shadowcolor>black</shadowcolor>
				<label>$INFO[ListItem.Plot]</label>
				<autoscroll time="2000" delay="8000" repeat="5000">Skin.HasSetting(AutoScroll)</autoscroll>
				<visible>Container.Content(Episodes)</visible>
			</control>
			<control type="label">
				<posx>317</posx>
				<posy>595</posy>
				<width>540</width>
				<height>20</height>
				<font>font-20</font>
				<textcolor>white</textcolor>
				<shadowcolor>black</shadowcolor>
				<align>left</align>
				<aligny>center</aligny>
				<label>$INFO[ListItem.album,[UPPERCASE][B][COLOR=lightblue]$LOCALIZE[558]: [/UPPERCASE][/B][/COLOR]]</label>
				<visible>Container.Content(MusicVideos)</visible>
			</control>
			<control type="label">
				<posx>317</posx>
				<posy>615</posy>
				<width>540</width>
				<height>20</height>
				<font>font-20</font>
				<textcolor>white</textcolor>
				<shadowcolor>black</shadowcolor>
				<align>left</align>
				<aligny>center</aligny>
				<label>$INFO[ListItem.studio,[UPPERCASE][B][COLOR=lightblue]$LOCALIZE[572]: [/UPPERCASE][/B][/COLOR]]</label>
				<visible>Container.Content(MusicVideos)</visible>
			</control>
			<control type="label">
				<posx>317</posx>
				<posy>635</posy>
				<width>540</width>
				<height>20</height>
				<font>font-20</font>
				<textcolor>white</textcolor>
				<shadowcolor>black</shadowcolor>
				<align>left</align>
				<aligny>center</aligny>
				<label>$INFO[ListItem.year,[UPPERCASE][B][COLOR=lightblue]$LOCALIZE[562]: [/UPPERCASE][/B][/COLOR]]</label>
				<visible>Container.Content(MusicVideos)</visible>
			</control>
			<control type="group">
				<posx>311</posx>
				<posy>655</posy>
				<width>540</width>
				<height>48</height>
				<include condition="!Skin.HasSetting(Enable_TVShows_Media_Flags)">VideoMediaFlags</include>
				<visible>!Skin.HasSetting(Enable_TVShows_Media_Flags) + Container.Content(Episodes)</visible>
			</control>
			<control type="group">
				<posx>311</posx>
				<posy>655</posy>
				<width>540</width>
				<height>48</height>
				<include condition="!Skin.HasSetting(Enable_TVShows_Media_Flags)">VideoMediaFlags</include>
				<visible>!Skin.HasSetting(Enable_MusicVideos_Media_Flags) + Container.Content(MusicVideos)</visible>
			</control>
		</control>
		<control type="group">
			<visible>Control.IsVisible(50) + [Container.Content(Episodes) | Container.Content(MusicVideos)]</visible>
			<include>Window_OpenClose_Visible_FanartIcon_Animation</include>
			<control type="image">
				<posx>38</posx>
				<posy>418</posy>
				<width>198</width>
				<height>288</height>
				<texture background="true">$INFO[ListItem.Icon]</texture>
				<visible>stringcompare(ListItem.Label,..)</visible>
			</control>
			<control type="image">
				<posx>10</posx>
				<posy>531</posy>
				<width>298</width>
				<height>168</height>
				<aspectratio scalediffuse="true" aligny="center">keep</aspectratio>
				<texture diffuse="video-diffuse.png" background="true">$INFO[Listitem.Icon]</texture>
				<bordertexture border="9">video-shadow.png</bordertexture>
				<bordersize>8</bordersize>
				<fadetime>IconCrossfadeTime</fadetime>
				<visible>!stringcompare(ListItem.Label,..)</visible>
			</control>
		</control>
		<control type="group">
			<visible>Control.IsVisible(50) + Container.Content(AddOns)</visible>
			<include>Window_OpenClose_Visible_FanartInfo_Animation</include>
			<control type="image">
				<posx>0</posx>
				<posy>550</posy>
				<width>875</width>
				<height>158</height>
				<texture border="10">underlay.png</texture>
			</control>
			<control type="label">
				<posx>225</posx>
				<posy>572</posy>
				<width>636</width>
				<height>30</height>
				<font>font-30</font>
				<textcolor>blue</textcolor>
				<shadowcolor>black</shadowcolor>
				<align>center</align>
				<aligny>center</aligny>
				<label>$INFO[ListItem.Label]</label>
				<visible>!stringcompare(ListItem.Label,..)</visible>
			</control>
			<control type="textbox">
				<description>textarea</description>
				<posx>247</posx>
				<posy>602</posy>
				<width>600</width>
				<height>83</height>
				<label>$INFO[ListItem.Property(Addon.Description)]</label>
				<font>font-19</font>
				<align>justify</align>
				<textcolor>white</textcolor>
				<shadowcolor>black</shadowcolor>
				<autoscroll time="3000" delay="16000" repeat="5000">Skin.HasSetting(AutoScroll)</autoscroll>
			</control>
		</control>
		<control type="group">
			<visible>Control.IsVisible(50) + Container.Content(AddOns)</visible>
			<include>Window_OpenClose_Visible_FanartIcon_Animation</include>
			<control type="image">
				<posx>8</posx>
				<posy>505</posy>
				<width>210</width>
				<height>210</height>
				<texture background="true">$INFO[ListItem.Icon]</texture>
				<visible>stringcompare(ListItem.Label,..)</visible>
			</control>
			<control type="image">
				<posx>8</posx>
				<posy>505</posy>
				<width>210</width>
				<height>210</height>
				<texture>thumb-shadow.png</texture>
				<visible>!stringcompare(ListItem.Label,..)</visible>
			</control>
			<control type="image">
				<posx>8</posx>
				<posy>505</posy>
				<width>210</width>
				<height>210</height>
				<aspectratio scalediffuse="false">scale</aspectratio>
				<texture diffuse="thumb-diffuse.png" background="true" fallback="DefaultAddon.png">$INFO[Listitem.Icon]</texture>
				<bordersize>6</bordersize>
				<fadetime>IconCrossfadeTime</fadetime>
				<visible>!stringcompare(ListItem.Label,..)</visible>
			</control>
		</control>
		<control type="group">
			<visible>Control.IsVisible(50) + Container.Content(LiveTV)</visible>
			<include>Window_OpenClose_Visible_FanartInfo_Animation</include>
			<control type="image">
				<posx>0</posx>
				<posy>550</posy>
				<width>875</width>
				<height>158</height>
				<texture border="10">underlay.png</texture>
			</control>
			<control type="label">
				<posx>225</posx>
				<posy>572</posy>
				<width>636</width>
				<height>30</height>
				<font>font-30</font>
				<textcolor>blue</textcolor>
				<shadowcolor>black</shadowcolor>
				<align>center</align>
				<aligny>center</aligny>
				<label>$INFO[ListItem.Label2]</label>
				<visible>!stringcompare(ListItem.Label,..)</visible>
			</control>
			<control type="textbox">
				<description>textarea</description>
				<posx>247</posx>
				<posy>602</posy>
				<width>600</width>
				<height>83</height>
				<label>$INFO[ListItem.Plot]</label>
				<font>font-19</font>
				<align>justify</align>
				<textcolor>white</textcolor>
				<shadowcolor>black</shadowcolor>
				<autoscroll time="3000" delay="16000" repeat="5000">Skin.HasSetting(AutoScroll)</autoscroll>
			</control>
		</control>
		<control type="group">
			<visible>Control.IsVisible(50) + Container.Content(LiveTV)</visible>
			<include>Window_OpenClose_Visible_FanartIcon_Animation</include>
			<control type="image">
				<posx>8</posx>
				<posy>505</posy>
				<width>210</width>
				<height>210</height>
				<texture>thumb-shadow.png</texture>
				<visible>!stringcompare(ListItem.Label,..)</visible>
			</control>
			<control type="image">
				<posx>8</posx>
				<posy>505</posy>
				<width>210</width>
				<height>210</height>
				<aspectratio scalediffuse="false">scale</aspectratio>
				<texture diffuse="thumb-diffuse.png" background="true">$INFO[Listitem.Icon]</texture>
				<bordersize>6</bordersize>
				<fadetime>IconCrossfadeTime</fadetime>
				<visible>!stringcompare(ListItem.Label,..)</visible>
			</control>
		</control>
	</include>
	<include name="Fanart-Music">
		<control type="list" id="50">
			<posx>200</posx>
			<posy>142</posy>
			<width>355</width>
			<include condition="!Skin.HasSetting(FanartShort) + !Skin.HasSetting(FanartLong)">FanartNormal</include>
			<include condition="Skin.HasSetting(FanartShort)">FanartShort</include>
			<include condition="Skin.HasSetting(FanartLong)">FanartLong</include>
			<onleft>9000</onleft>
			<onright>60</onright>
			<onup>50</onup>
			<ondown>50</ondown>
			<viewtype label="31030">list</viewtype>
			<pagecontrol>60</pagecontrol>
			<scrolltime>200</scrolltime>
			<preloaditems>2</preloaditems>
			<itemlayout width="355" height="29">
				<control type="image">
					<posx>0</posx>
					<posy>0</posy>
					<width>355</width>
					<height>30</height>
					<texture border="7">list-nofocus.png</texture>
					<include>VisibleFadeEffect</include>
				</control>
				<control type="label">
					<posx>10</posx>
					<posy>0</posy>
					<width>335</width>
					<height>30</height>
					<font>font-20</font>
					<textcolor>white</textcolor>
					<selectedcolor>blue</selectedcolor>
					<align>left</align>
					<aligny>center</aligny>
					<label>$INFO[ListItem.Label]</label>
				</control>
			</itemlayout>
			<focusedlayout width="355" height="29">
				<control type="image">
					<posx>0</posx>
					<posy>0</posy>
					<width>355</width>
					<height>30</height>
					<texture border="7">list-nofocus.png</texture>
					<include>VisibleFadeEffect</include>
				</control>
				<control type="image">
					<posx>0</posx>
					<posy>0</posy>
					<width>355</width>
					<height>30</height>
					<texture border="7">list-focus2.png</texture>
					<visible>Control.HasFocus(50)</visible>
					<include>VisibleFadeEffect</include>
					<include>ListFocusScroll</include>
				</control>
				<control type="label">
					<posx>10</posx>
					<posy>0</posy>
					<width>335</width>
					<height>30</height>
					<font>font-20</font>
					<textcolor>white</textcolor>
					<selectedcolor>blue</selectedcolor>
					<align>left</align>
					<aligny>center</aligny>
					<label>$INFO[ListItem.Label]</label>
				</control>
			</focusedlayout>
		</control>
	</include>
	<include name="Fanart-Music_Root_Extras">
		<control type="group">
			<visible>Control.IsVisible(50) + ![Container.Content(Artists) | Container.Content(Albums) | Container.Content(Songs) | Container.Content(MusicVideos) | Container.Content(AddOns)]</visible>
			<include>Window_OpenClose_Visible_FanartInfo_Animation</include>
			<control type="image">
				<posx>0</posx>
				<posy>560</posy>
				<width>875</width>
				<height>148</height>
				<texture border="10">underlay.png</texture>
			</control>
			<control type="label">
				<posx>257</posx>
				<posy>614</posy>
				<width>550</width>
				<height>30</height>
				<font>font-30</font>
				<textcolor>blue</textcolor>
				<shadowcolor>black</shadowcolor>
				<align>left</align>
				<aligny>center</aligny>
				<label>$INFO[ListItem.label]</label>
				<visible>!stringcompare(ListItem.Label,..)</visible>
			</control>
		</control>
		<control type="group">
			<visible>Control.IsVisible(50) + ![Container.Content(Artists) | Container.Content(Albums) | Container.Content(Songs) | Container.Content(MusicVideos) | Container.Content(AddOns)]</visible>
			<include>Window_OpenClose_Visible_FanartIcon_Animation</include>
			<control type="image">
				<posx>10</posx>
				<posy>480</posy>
				<width>214</width>
				<height>214</height>
				<aspectratio aligny="bottom">keep</aspectratio>
				<fadetime>IconCrossfadeTime</fadetime>
				<texture diffuse="thumb-diffuse.png" background="true">$INFO[Listitem.Icon]</texture>
				<visible>stringcompare(ListItem.Label,..) | ![!Skin.HasSetting(Enable_Foldericons_Music_Genre) + Container.Content(Genres) + stringcompare(Container.FolderPath,musicdb://genres/)]</visible>
			</control>
			<control type="image">
				<posx>10</posx>
				<posy>452</posy>
				<width>214</width>
				<height>265</height>
				<texture>thumb-shadow.png</texture>
				<visible>!stringcompare(ListItem.Label,..) + !Skin.HasSetting(Enable_Foldericons_Music_Genre) + Container.Content(Genres) + stringcompare(Container.FolderPath,musicdb://genres/)</visible>
			</control>
			<control type="image">
				<posx>10</posx>
				<posy>452</posy>
				<width>214</width>
				<height>265</height>
				<aspectratio scalediffuse="false">scale</aspectratio>
				<fadetime>IconCrossfadeTime</fadetime>
				<texture diffuse="thumb-diffuse.png" fallback="genre-music-icon.jpg">$VAR[MusicGenreIcon]</texture>
				<bordersize>6</bordersize>
				<visible>!stringcompare(ListItem.Label,..) + !Skin.HasSetting(Enable_Foldericons_Music_Genre) + Container.Content(Genres) + stringcompare(Container.FolderPath,musicdb://genres/)</visible>
			</control>
		</control>
	</include>
	<include name="Fanart-Artists_Extras">
		<control type="group">
			<visible>Control.IsVisible(50) + Container.Content(Artists)</visible>
			<include>Window_OpenClose_Visible_FanartInfo_Animation</include>
			<control type="image">
				<posx>0</posx>
				<posy>560</posy>
				<width>875</width>
				<height>148</height>
				<texture border="10">underlay.png</texture>
			</control>
			<control type="label">
				<posx>225</posx>
				<posy>572</posy>
				<width>636</width>
				<height>30</height>
				<font>font-30</font>
				<textcolor>blue</textcolor>
				<shadowcolor>black</shadowcolor>
				<align>center</align>
				<aligny>center</aligny>
				<label>$INFO[ListItem.Label]</label>
				<visible>!stringcompare(ListItem.Label,..)</visible>
			</control>
			<control type="textbox">
				<description>Description Value for Artist</description>
				<posx>225</posx>
				<posy>607</posy>
				<width>636</width>
				<height>83</height>
				<font>font-19</font>
				<align>justify</align>
				<textcolor>white</textcolor>
				<label>$INFO[ListItem.Property(Artist_Description)]</label>
				<autoscroll time="2000" delay="10000" repeat="5000">Skin.HasSetting(AutoScroll)</autoscroll>
				<animation effect="fade" time="200">Visible</animation>
				<animation effect="fade" time="200">Hidden</animation>
				<visible>Control.IsVisible(50) + Container.Content(Artists)</visible>
			</control>
		</control>
		<control type="group">
			<visible>Control.IsVisible(50) + Container.Content(Artists)</visible>
			<include>Window_OpenClose_Visible_FanartIcon_Animation</include>
			<control type="image">
				<posx>8</posx>
				<posy>505</posy>
				<width>210</width>
				<height>210</height>
				<aspectratio scalediffuse="keep">scale</aspectratio>
				<texture background="true">$INFO[Listitem.Icon]</texture>
				<bordersize>6</bordersize>
				<visible>stringcompare(ListItem.Label,..)</visible>
			</control>
			<control type="image">
				<posx>8</posx>
				<posy>505</posy>
				<width>210</width>
				<height>210</height>
				<texture>thumb-shadow.png</texture>
				<visible>!stringcompare(ListItem.Label,..)</visible>
			</control>
			<control type="image">
				<posx>8</posx>
				<posy>505</posy>
				<width>210</width>
				<height>210</height>
				<aspectratio scalediffuse="false">scale</aspectratio>
				<texture diffuse="thumb-diffuse.png" background="true">$INFO[Listitem.Icon]</texture>
				<bordersize>6</bordersize>
				<fadetime>IconCrossfadeTime</fadetime>
				<visible>!stringcompare(ListItem.Label,..)</visible>
			</control>
		</control>
	</include>
	<include name="Fanart-AlbumsSongs_Extras">
		<control type="group">
			<visible>Control.IsVisible(50) + [Container.Content(Albums) | Container.Content(Songs) | Window.IsVisible(MusicPlaylist)]</visible>
			<include>Window_OpenClose_Visible_FanartInfo_Animation</include>
			<control type="image">
				<posx>0</posx>
				<posy>560</posy>
				<width>875</width>
				<height>148</height>
				<texture border="10">underlay.png</texture>
			</control>
			<include condition="!Skin.HasSetting(Enable_Music_Media_Flags)">MusicMediaFlags</include>
			<control type="label">
				<posx>262</posx>
				<posy>577</posy>
				<width>613</width>
				<height>30</height>
				<font>font-30</font>
				<textcolor>blue</textcolor>
				<shadowcolor>black</shadowcolor>
				<align>left</align>
				<aligny>center</aligny>
				<label>$INFO[Listitem.Artist]</label>
				<visible>Container.Content(Albums)</visible>
			</control>
			<control type="label">
				<posx>262</posx>
				<posy>577</posy>
				<width>510</width>
				<height>30</height>
				<font>font-30</font>
				<textcolor>blue</textcolor>
				<shadowcolor>black</shadowcolor>
				<align>left</align>
				<aligny>center</aligny>
				<label>$VAR[ViewFanartLabel6]</label>
			</control>
			<control type="label">
				<posx>865</posx>
				<posy>577</posy>
				<width>200</width>
				<height>30</height>
				<font>font-30</font>
				<textcolor>blue</textcolor>
				<shadowcolor>black</shadowcolor>
				<align>right</align>
				<aligny>center</aligny>
				<label>$INFO[ListItem.Duration]</label>
				<visible>Container.Content(Songs) + !ListItem.IsPlaying + ![Window.IsVisible(MusicPlaylist) + Player.HasAudio]</visible>
			</control>
			<control type="label">
				<description>time label</description>
				<posx>865</posx>
				<posy>577</posy>
				<width>150</width>
				<height>30</height>
				<font>font-30</font>
				<textcolor>blue</textcolor>
				<shadowcolor>black</shadowcolor>
				<align>right</align>
				<aligny>center</aligny>
				<label>$INFO[MusicPlayer.Time]</label>
				<visible>ListItem.IsPlaying | Window.IsVisible(MusicPlaylist)</visible>
			</control>
			<control type="label">
				<posx>262</posx>
				<posy>606</posy>
				<width>613</width>
				<height>30</height>
				<font>font-25</font>
				<textcolor>lightblue</textcolor>
				<shadowcolor>black</shadowcolor>
				<align>left</align>
				<aligny>center</aligny>
				<label>$VAR[ViewFanartLabel10]</label>
			</control>
			<control type="label">
				<posx>262</posx>
				<posy>632</posy>
				<width>613</width>
				<height>30</height>
				<font>font-30</font>
				<textcolor>white</textcolor>
				<shadowcolor>black</shadowcolor>
				<align>left</align>
				<aligny>center</aligny>
				<label>$VAR[ViewFanartLabel7]</label>
			</control>
			<control type="label">
				<posx>262</posx>
				<posy>667</posy>
				<width>130</width>
				<height>30</height>
				<font>font-20</font>
				<textcolor>white</textcolor>
				<shadowcolor>black</shadowcolor>
				<align>left</align>
				<aligny>center</aligny>
				<label>$VAR[ViewFanartLabel9]</label>
			</control>
			<control type="label">
				<posx>390</posx>
				<posy>667</posy>
				<width>480</width>
				<height>30</height>
				<font>font-20</font>
				<textcolor>white</textcolor>
				<shadowcolor>black</shadowcolor>
				<align>left</align>
				<aligny>center</aligny>
				<label>$VAR[ViewFanartLabel8]</label>
				<visible>!ListItem.IsPlaying + ![Window.IsVisible(MusicPlaylist) + Player.HasAudio]</visible>
			</control>
			<control type="progress">
				<description>Progressbar</description>
				<posx>390</posx>
				<posy>674</posy>
				<width>380</width>
				<height>20</height>
				<info>Player.Progress</info>
				<visible>ListItem.IsPlaying | [Window.IsVisible(MusicPlaylist) + Player.HasAudio]</visible>
			</control>
			<control type="slider" id="888">
				<description>Slider</description>
				<posx>390</posx>
				<posy>674</posy>
				<width>380</width>
				<height>20</height>
				<action>seek</action>
				<visible>ListItem.IsPlaying | [Window.IsVisible(MusicPlaylist) + Player.HasAudio]</visible>
			</control>
		</control>
		<control type="group">
			<visible>Control.IsVisible(50) + Container.Content(MusicVideos)</visible>
			<include>Window_OpenClose_Visible_FanartInfo_Animation</include>
			<control type="image">
				<posx>0</posx>
				<posy>522</posy>
				<width>875</width>
				<height>186</height>
				<texture border="10">underlay.png</texture>
				<visible>Container.Content(MusicVideos)</visible>
			</control>
			<control type="label">
				<posx>317</posx>
				<posy>535</posy>
				<width>540</width>
				<height>30</height>
				<font>font-30</font>
				<textcolor>blue</textcolor>
				<shadowcolor>black</shadowcolor>
				<align>left</align>
				<aligny>center</aligny>
				<label>$INFO[ListItem.Title]</label>
				<visible>Container.Content(MusicVideos)</visible>
			</control>
			<control type="label">
				<posx>317</posx>
				<posy>563</posy>
				<width>540</width>
				<height>30</height>
				<font>font-30</font>
				<textcolor>white</textcolor>
				<shadowcolor>black</shadowcolor>
				<align>left</align>
				<aligny>center</aligny>
				<label>$INFO[ListItem.Artist]</label>
				<visible>Container.Content(MusicVideos)</visible>
			</control>
			<control type="label">
				<posx>317</posx>
				<posy>595</posy>
				<width>540</width>
				<height>20</height>
				<font>font-20</font>
				<textcolor>white</textcolor>
				<shadowcolor>black</shadowcolor>
				<align>left</align>
				<aligny>center</aligny>
				<label>$INFO[ListItem.album,[UPPERCASE][B][COLOR=lightblue]$LOCALIZE[558]: [/UPPERCASE][/B][/COLOR]]</label>
				<visible>Container.Content(MusicVideos)</visible>
			</control>
			<control type="label">
				<posx>317</posx>
				<posy>615</posy>
				<width>540</width>
				<height>20</height>
				<font>font-20</font>
				<textcolor>white</textcolor>
				<shadowcolor>black</shadowcolor>
				<align>left</align>
				<aligny>center</aligny>
				<label>$INFO[ListItem.studio,[UPPERCASE][B][COLOR=lightblue]$LOCALIZE[572]: [/UPPERCASE][/B][/COLOR]]</label>
				<visible>Container.Content(MusicVideos)</visible>
			</control>
			<control type="label">
				<posx>317</posx>
				<posy>635</posy>
				<width>540</width>
				<height>20</height>
				<font>font-20</font>
				<textcolor>white</textcolor>
				<shadowcolor>black</shadowcolor>
				<align>left</align>
				<aligny>center</aligny>
				<label>$INFO[ListItem.year,[UPPERCASE][B][COLOR=lightblue]$LOCALIZE[562]: [/UPPERCASE][/B][/COLOR]]</label>
				<visible>Container.Content(MusicVideos)</visible>
			</control>
		</control>
		<control type="group">
			<visible>Control.IsVisible(50) + [Container.Content(Albums) | Container.Content(Songs) | Container.Content(MusicVideos) | Window.IsVisible(MusicPlaylist)]</visible>
			<include>Window_OpenClose_Visible_FanartIcon_Animation</include>
			<control type="image">
				<posx>34</posx>
				<posy>499</posy>
				<width>208</width>
				<height>208</height>
				<aspectratio scalediffuse="keep">scale</aspectratio>
				<texture background="true">$INFO[Listitem.Icon]</texture>
				<visible>stringcompare(ListItem.Label,..)</visible>
			</control>
			<control type="image">
				<posx>34</posx>
				<posy>499</posy>
				<width>208</width>
				<height>208</height>
				<texture background="true">$INFO[ListItem.Icon]</texture>
				<fadetime>IconCrossfadeTime</fadetime>
				<visible>!stringcompare(ListItem.Label,..) + !Container.Content(MusicVideos)</visible>
			</control>
			<control type="image">
				<posx>8</posx>
				<posy>492</posy>
				<width>245</width>
				<height>225</height>
				<texture>cdcase-shadow.png</texture>
				<description>music fanart view</description>
				<visible>!stringcompare(ListItem.Label,..) + !Container.Content(MusicVideos) + !Skin.HasSetting(HideMusicCase)</visible>
			</control>
			<control type="image">
				<posx>12</posx>
				<posy>496</posy>
				<width>236</width>
				<height>214</height>
				<texture>cdcase.png</texture>
				<description>music fanart view</description>
				<visible>!stringcompare(ListItem.Label,..) + !Container.Content(MusicVideos) + !Skin.HasSetting(HideMusicCase)</visible>
			</control>
			<control type="image">
				<posx>10</posx>
				<posy>531</posy>
				<width>298</width>
				<height>168</height>
				<aspectratio scalediffuse="true" aligny="center">keep</aspectratio>
				<texture diffuse="video-diffuse.png" background="true">$INFO[Listitem.Icon]</texture>
				<bordertexture border="9">video-shadow.png</bordertexture>
				<bordersize>8</bordersize>
				<fadetime>IconCrossfadeTime</fadetime>
				<visible>!stringcompare(ListItem.Label,..) + Container.Content(MusicVideos)</visible>
			</control>
		</control>
		<control type="group">
			<visible>Control.IsVisible(50) + Container.Content(AddOns)</visible>
			<include>Window_OpenClose_Visible_FanartInfo_Animation</include>
			<control type="image">
				<posx>0</posx>
				<posy>560</posy>
				<width>875</width>
				<height>148</height>
				<texture border="10">underlay.png</texture>
			</control>
			<control type="label">
				<posx>225</posx>
				<posy>572</posy>
				<width>636</width>
				<height>30</height>
				<font>font-30</font>
				<textcolor>blue</textcolor>
				<shadowcolor>black</shadowcolor>
				<align>center</align>
				<aligny>center</aligny>
				<label>$INFO[ListItem.Label]</label>
				<visible>!stringcompare(ListItem.Label,..)</visible>
			</control>
			<control type="textbox">
				<description>textarea</description>
				<posx>225</posx>
				<posy>607</posy>
				<width>636</width>
				<height>83</height>
				<label>$INFO[ListItem.Property(Addon.Description)]</label>
				<font>font-19</font>
				<align>justify</align>
				<textcolor>white</textcolor>
				<shadowcolor>black</shadowcolor>
				<autoscroll time="3000" delay="16000" repeat="5000">Skin.HasSetting(AutoScroll)</autoscroll>
			</control>
		</control>
		<control type="group">
			<visible>Control.IsVisible(50) + Container.Content(AddOns)</visible>
			<include>Window_OpenClose_Visible_FanartIcon_Animation</include>
			<control type="image">
				<posx>8</posx>
				<posy>505</posy>
				<width>210</width>
				<height>210</height>
				<texture background="true">$INFO[ListItem.Icon]</texture>
				<visible>stringcompare(ListItem.Label,..)</visible>
			</control>
			<control type="image">
				<posx>8</posx>
				<posy>505</posy>
				<width>210</width>
				<height>210</height>
				<texture>thumb-shadow.png</texture>
				<visible>!stringcompare(ListItem.Label,..)</visible>
			</control>
			<control type="image">
				<posx>8</posx>
				<posy>505</posy>
				<width>210</width>
				<height>210</height>
				<aspectratio scalediffuse="false">scale</aspectratio>
				<texture diffuse="thumb-diffuse.png" background="true" fallback="DefaultAddon.png">$INFO[Listitem.Icon]</texture>
				<bordersize>6</bordersize>
				<fadetime>IconCrossfadeTime</fadetime>
				<visible>!stringcompare(ListItem.Label,..)</visible>
			</control>
		</control>
	</include>
	<include name="Fanart-ProgramsPicturesAddons">
		<control type="list" id="50">
			<visible>Window.IsVisible(Programs) | Window.IsVisible(Pictures) | Window.IsVisible(AddonBrowser)</visible>
			<posx>200</posx>
			<posy>142</posy>
			<width>355</width>
			<include condition="!Skin.HasSetting(FanartShort) + !Skin.HasSetting(FanartLong)">FanartNormal</include>
			<include condition="Skin.HasSetting(FanartShort)">FanartShort</include>
			<include condition="Skin.HasSetting(FanartLong)">FanartLong</include>
			<onleft condition="Window.IsVisible(Pictures)">7009</onleft>
			<onleft condition="Window.IsVisible(Programs) | Window.IsVisible(AddonBrowser)">9000</onleft>
			<onright>60</onright>
			<onup>50</onup>
			<ondown>50</ondown>
			<viewtype label="31030">list</viewtype>
			<pagecontrol>60</pagecontrol>
			<scrolltime>200</scrolltime>
			<preloaditems>2</preloaditems>
			<itemlayout width="355" height="29">
				<control type="image">
					<posx>0</posx>
					<posy>0</posy>
					<width>355</width>
					<height>30</height>
					<texture border="7">list-nofocus.png</texture>
					<include>VisibleFadeEffect</include>
				</control>
				<control type="label">
					<posx>10</posx>
					<posy>0</posy>
					<width>305</width>
					<height>30</height>
					<font>font-20</font>
					<textcolor>white</textcolor>
					<selectedcolor>blue</selectedcolor>
					<align>left</align>
					<aligny>center</aligny>
					<label>$INFO[ListItem.Label]</label>
				</control>
				<control type="image">
					<posx>325</posx>
					<posy>0</posy>
					<width>30</width>
					<height>30</height>
					<aspectratio>keep</aspectratio>
					<texture>$INFO[ListItem.Overlay]</texture>
				</control>
			</itemlayout>
			<focusedlayout width="355" height="29">
				<control type="image">
					<posx>0</posx>
					<posy>0</posy>
					<width>355</width>
					<height>30</height>
					<texture border="7">list-nofocus.png</texture>
					<include>VisibleFadeEffect</include>
				</control>
				<control type="image">
					<posx>0</posx>
					<posy>0</posy>
					<width>355</width>
					<height>30</height>
					<texture border="7">list-focus2.png</texture>
					<visible>Control.HasFocus(50)</visible>
					<include>VisibleFadeEffect</include>
					<include>ListFocusScroll</include>
				</control>
				<control type="label">
					<posx>10</posx>
					<posy>0</posy>
					<width>305</width>
					<height>30</height>
					<font>font-20</font>
					<textcolor>white</textcolor>
					<selectedcolor>blue</selectedcolor>
					<align>left</align>
					<aligny>center</aligny>
					<label>$INFO[ListItem.Label]</label>
				</control>
				<control type="image">
					<posx>325</posx>
					<posy>0</posy>
					<width>30</width>
					<height>30</height>
					<aspectratio>keep</aspectratio>
					<texture>$INFO[ListItem.Overlay]</texture>
				</control>
			</focusedlayout>
		</control>
	</include>
	<include name="Fanart-Programs-Extras">
		<control type="group">
			<visible>Control.IsVisible(50)</visible>
			<include>Window_OpenClose_Visible_FanartInfo_Animation</include>
			<control type="image">
				<posx>0</posx>
				<posy>560</posy>
				<width>875</width>
				<height>140</height>
				<texture border="10">underlay.png</texture>
			</control>
			<control type="label">
				<posx>225</posx>
				<posy>572</posy>
				<width>636</width>
				<height>30</height>
				<font>font-30</font>
				<textcolor>blue</textcolor>
				<shadowcolor>black</shadowcolor>
				<align>center</align>
				<aligny>center</aligny>
				<label>$INFO[ListItem.Label]</label>
				<visible>!stringcompare(ListItem.Label,..)</visible>
			</control>
			<control type="textbox">
				<description>textarea</description>
				<posx>245</posx>
				<posy>606</posy>
				<width>600</width>
				<height>83</height>
				<label>$INFO[ListItem.Property(Addon.Description)]</label>
				<font>font-19</font>
				<align>justify</align>
				<textcolor>white</textcolor>
				<shadowcolor>black</shadowcolor>
				<autoscroll time="3000" delay="16000" repeat="5000">Skin.HasSetting(AutoScroll)</autoscroll>
			</control>
			<control type="textbox">
				<description>plot description used by addons</description>
				<posx>245</posx>
				<posy>606</posy>
				<width>600</width>
				<height>83</height>
				<label>$INFO[ListItem.Plot]</label>
				<font>font-19</font>
				<align>justify</align>
				<textcolor>white</textcolor>
				<shadowcolor>black</shadowcolor>
				<autoscroll time="3000" delay="16000" repeat="5000">Skin.HasSetting(AutoScroll)</autoscroll>
				<visible>IsEmpty(ListItem.Property(Addon.Description)) + !IsEmpty(ListItem.Plot)</visible>
			</control>
		</control>
		<control type="group">
			<visible>Control.IsVisible(50)</visible>
			<include>Window_OpenClose_Visible_FanartIcon_Animation</include>
			<control type="image">
				<posx>8</posx>
				<posy>498</posy>
				<width>220</width>
				<height>220</height>
				<texture background="true">$INFO[ListItem.Icon]</texture>
				<fadetime>IconCrossfadeTime</fadetime>
				<visible>stringcompare(Listitem.Label,..)</visible>
			</control>
			<control type="image">
				<posx>8</posx>
				<posy>498</posy>
				<width>220</width>
				<height>220</height>
				<aspectratio scalediffuse="true">keep</aspectratio>
				<texture diffuse="thumb-diffuse.png" background="true">$INFO[Listitem.Icon]</texture>
				<align>center</align>
				<aligny>center</aligny>
				<bordertexture border="7">thumb-shadow.png</bordertexture>
				<bordersize>9</bordersize>
				<fadetime>IconCrossfadeTime</fadetime>
				<visible>!stringcompare(ListItem.Label,..) + !Container.Content(Addons)</visible>
			</control>
			<control type="image">
				<posx>8</posx>
				<posy>498</posy>
				<width>220</width>
				<height>220</height>
				<aspectratio scalediffuse="true">keep</aspectratio>
				<texture diffuse="thumb-diffuse.png" background="true" fallback="DefaultAddon.png">$INFO[Listitem.Icon]</texture>
				<align>center</align>
				<aligny>center</aligny>
				<bordertexture border="7">thumb-shadow.png</bordertexture>
				<bordersize>9</bordersize>
				<fadetime>IconCrossfadeTime</fadetime>
				<visible>!stringcompare(ListItem.Label,..) + Container.Content(Addons)</visible>
			</control>
		</control>
	</include>
	<include name="Fanart-Pictures-Extras">
		<control type="group">
			<visible>Control.IsVisible(50) + !Container.Content(AddOns)</visible>
			<include>Window_OpenClose_Visible_FanartInfo_Animation</include>
			<control type="image">
				<posx>0</posx>
				<posy>585</posy>
				<width>875</width>
				<height>115</height>
				<texture border="10">underlay.png</texture>
			</control>
			<control type="label">
				<posx>247</posx>
				<posy>597</posy>
				<width>550</width>
				<height>30</height>
				<font>font-30</font>
				<textcolor>blue</textcolor>
				<shadowcolor>black</shadowcolor>
				<align>left</align>
				<aligny>center</aligny>
				<label>[B]$INFO[ListItem.label][/B]</label>
				<visible>!stringcompare(ListItem.Label,..)</visible>
			</control>
			<control type="label">
				<posx>247</posx>
				<posy>622</posy>
				<width>550</width>
				<height>30</height>
				<font>font-20</font>
				<textcolor>white</textcolor>
				<shadowcolor>black</shadowcolor>
				<align>left</align>
				<aligny>center</aligny>
				<label>$INFO[ListItem.PictureResolution,[UPPERCASE][COLOR=lightblue]$LOCALIZE[21805]: [/COLOR][/UPPERCASE]]</label>
			</control>
			<control type="label">
				<posx>247</posx>
				<posy>642</posy>
				<width>550</width>
				<height>30</height>
				<font>font-20</font>
				<textcolor>white</textcolor>
				<shadowcolor>black</shadowcolor>
				<align>left</align>
				<aligny>center</aligny>
				<label>$INFO[ListItem.PictureDateTime,[UPPERCASE][COLOR=lightblue]$LOCALIZE[21820]: [/COLOR][/UPPERCASE]]</label>
			</control>
			<control type="label">
				<posx>247</posx>
				<posy>662</posy>
				<width>550</width>
				<height>30</height>
				<font>font-20</font>
				<textcolor>white</textcolor>
				<shadowcolor>black</shadowcolor>
				<align>left</align>
				<aligny>center</aligny>
				<label>$INFO[ListItem.Label2,[UPPERCASE][COLOR=lightblue]$LOCALIZE[21802]: [/COLOR][/UPPERCASE]]</label>
			</control>
			<control type="button" id="7009">
				<posx>830</posx>
				<posy>594</posy>
				<width>40</width>
				<height>40</height>
				<texturefocus>fullscreen-focus.png</texturefocus>
				<texturenofocus>fullscreen-nofocus.png</texturenofocus>
				<onclick>Skin.ToggleSetting(Picture_Fullscreen)</onclick>
				<onup>7009</onup>
				<ondown>7009</ondown>
				<onleft>9000</onleft>
				<onright>50</onright>
				<visible>!IsEmpty(ListItem.FileName) + !IsEmpty(Container.FolderPath)</visible>
			</control>
		</control>
		<control type="group">
			<visible>Control.IsVisible(50) + !Container.Content(AddOns)</visible>
			<include>Window_OpenClose_Visible_FanartIcon_Animation</include>
			<control type="image" id="7010">
				<posx>50</posx>
				<posy>510</posy>
				<width>156</width>
				<height>210</height>
				<texture>$VAR[DialogPictureInfoImage]</texture>
				<visible>!IsEmpty(Container.FolderName)</visible>
			</control>
			<control type="image">
				<posx>16</posx>
				<posy>491</posy>
				<width>218</width>
				<height>218</height>
				<texture background="true">$INFO[ListItem.Icon]</texture>
				<fadetime>IconCrossfadeTime</fadetime>
				<visible>stringcompare(Listitem.Label,..) | !Control.IsVisible(7010)</visible>
			</control>
		</control>
		<control type="group">
			<visible>Control.IsVisible(50) + Container.Content(AddOns)</visible>
			<include>Window_OpenClose_Visible_FanartInfo_Animation</include>
			<control type="image">
				<posx>0</posx>
				<posy>585</posy>
				<width>875</width>
				<height>115</height>
				<texture border="10">underlay.png</texture>
			</control>
			<control type="label">
				<posx>247</posx>
				<posy>597</posy>
				<width>550</width>
				<height>30</height>
				<font>font-30</font>
				<textcolor>blue</textcolor>
				<shadowcolor>black</shadowcolor>
				<align>left</align>
				<aligny>center</aligny>
				<label>[B]$INFO[ListItem.label][/B]</label>
				<visible>!stringcompare(ListItem.Label,..)</visible>
			</control>
			<control type="label">
				<posx>247</posx>
				<posy>636</posy>
				<width>550</width>
				<height>40</height>
				<font>font-20</font>
				<textcolor>white</textcolor>
				<shadowcolor>black</shadowcolor>
				<align>left</align>
				<aligny>center</aligny>
				<label>$INFO[ListItem.Property(Addon.Summary)]</label>
				<wrapmultiline>true</wrapmultiline>
				<visible>!stringcompare(ListItem.Label,..)</visible>
			</control>
		</control>
		<control type="group">
			<visible>Control.IsVisible(50) + Container.Content(AddOns)</visible>
			<include>Window_OpenClose_Visible_FanartIcon_Animation</include>
			<control type="image">
				<posx>8</posx>
				<posy>505</posy>
				<width>210</width>
				<height>210</height>
				<texture background="true">$INFO[ListItem.Icon]</texture>
				<visible>stringcompare(ListItem.Label,..)</visible>
			</control>
			<control type="image">
				<posx>8</posx>
				<posy>505</posy>
				<width>210</width>
				<height>210</height>
				<texture>thumb-shadow.png</texture>
				<visible>!stringcompare(ListItem.Label,..)</visible>
			</control>
			<control type="image">
				<posx>8</posx>
				<posy>505</posy>
				<width>210</width>
				<height>210</height>
				<aspectratio scalediffuse="false">scale</aspectratio>
				<texture diffuse="thumb-diffuse.png" background="true" fallback="DefaultAddon.png">$INFO[Listitem.Icon]</texture>
				<bordersize>6</bordersize>
				<fadetime>IconCrossfadeTime</fadetime>
				<visible>!stringcompare(ListItem.Label,..)</visible>
			</control>
		</control>
	</include>
	<include name="Fanart-Addons-Extras">
		<control type="group">
			<visible>Control.IsVisible(50)</visible>
			<include>Window_OpenClose_Visible_FanartInfo_Animation</include>
			<control type="image">
				<posx>0</posx>
				<posy>560</posy>
				<width>875</width>
				<height>140</height>
				<texture border="10">underlay.png</texture>
			</control>
			<control type="label">
				<posx>225</posx>
				<posy>572</posy>
				<width>636</width>
				<height>30</height>
				<font>font-30</font>
				<textcolor>blue</textcolor>
				<shadowcolor>black</shadowcolor>
				<align>center</align>
				<aligny>center</aligny>
				<label>$INFO[ListItem.Label]</label>
				<visible>!stringcompare(ListItem.Label,..)</visible>
			</control>
			<control type="textbox">
				<description>textarea</description>
				<posx>245</posx>
				<posy>606</posy>
				<width>600</width>
				<height>83</height>
				<label>$INFO[ListItem.Property(Addon.Description)]</label>
				<font>font-19</font>
				<align>justify</align>
				<textcolor>white</textcolor>
				<shadowcolor>black</shadowcolor>
				<autoscroll time="3000" delay="16000" repeat="5000">Skin.HasSetting(AutoScroll)</autoscroll>
			</control>
			<control type="label">
				<description>textarea</description>
				<posx>247</posx>
				<posy>602</posy>
				<width>600</width>
				<height>83</height>
				<label>[B]$LOCALIZE[31061] $INFO[Window.Property(Updated)][/B]</label>
				<font>font-19</font>
				<align>center</align>
				<aligny>center</aligny>
				<textcolor>white</textcolor>
				<shadowcolor>black</shadowcolor>
				<visible>StringCompare(ListItem.Path,addons://)</visible>
			</control>
		</control>
		<control type="group">
			<visible>Control.IsVisible(50)</visible>
			<include>Window_OpenClose_Visible_FanartIcon_Animation</include>
			<control type="image">
				<posx>8</posx>
				<posy>505</posy>
				<width>210</width>
				<height>210</height>
				<texture background="true">$INFO[ListItem.Icon]</texture>
				<fadetime>IconCrossfadeTime</fadetime>
				<visible>stringcompare(Listitem.Label,..)</visible>
			</control>
			<control type="image">
				<posx>8</posx>
				<posy>505</posy>
				<width>210</width>
				<height>210</height>
				<texture>thumb-shadow.png</texture>
				<visible>!stringcompare(ListItem.Label,..) + !ListItem.IsFolder</visible>
			</control>
			<control type="image">
				<posx>8</posx>
				<posy>505</posy>
				<width>210</width>
				<height>210</height>
				<aspectratio scalediffuse="false">scale</aspectratio>
				<texture diffuse="thumb-diffuse.png" background="true" fallback="DefaultAddon.png">$INFO[Listitem.Icon]</texture>
				<bordersize>6</bordersize>
				<fadetime>IconCrossfadeTime</fadetime>
				<visible>!stringcompare(ListItem.Label,..)</visible>
			</control>
		</control>
	</include>
</includes>
