<?xml version="1.0" encoding="UTF-8"?>
<includes>
	<include name="Wall-Movies">
		<control type="group">
			<posx>130</posx>
			<posy>-1</posy>
			<visible>Control.IsVisible(592)</visible>
			<control type="group" id="7013">
				<animation effect="rotatey" center="1280" start="-15" end="-15" time="0" condition="true">Conditional</animation>
				<animation reversible="false" effect="slide" start="0,0" end="-164,0" time="400" tween="quadratic" easing="out">Hidden</animation>
				<visible>Container.OnNext</visible>
				<control type="image">
					<posx>0</posx>
					<posy>0</posy>
					<width>164</width>
					<height>242</height>
					<aspectratio scalediffuse="false">stretch</aspectratio>
					<texture diffuse="cover-diffuse.png" background="true">$VAR[Icon(-10)Poster]</texture>
				</control>
				<control type="image">
					<posx>164</posx>
					<posy>0</posy>
					<width>164</width>
					<height>242</height>
					<aspectratio scalediffuse="false">stretch</aspectratio>
					<texture diffuse="cover-diffuse.png" background="true">$VAR[Icon(-9)Poster]</texture>
				</control>
				<control type="image">
					<posx>328</posx>
					<posy>0</posy>
					<width>164</width>
					<height>242</height>
					<aspectratio scalediffuse="false">stretch</aspectratio>
					<texture diffuse="cover-diffuse.png" background="true">$VAR[Icon(-8)Poster]</texture>
				</control>
				<control type="image">
					<posx>492</posx>
					<posy>0</posy>
					<width>164</width>
					<height>242</height>
					<aspectratio scalediffuse="false">stretch</aspectratio>
					<texture diffuse="cover-diffuse.png" background="true">$VAR[Icon(-7)Poster]</texture>
				</control>
				<control type="image">
					<posx>656</posx>
					<posy>0</posy>
					<width>164</width>
					<height>242</height>
					<aspectratio scalediffuse="false">stretch</aspectratio>
					<texture diffuse="cover-diffuse.png" background="true">$VAR[Icon(-6)Poster]</texture>
				</control>
				<control type="image">
					<posx>820</posx>
					<posy>0</posy>
					<width>164</width>
					<height>242</height>
					<aspectratio scalediffuse="false">stretch</aspectratio>
					<texture diffuse="cover-diffuse.png" background="true">$VAR[Icon(-5)Poster]</texture>
				</control>
				<control type="image">
					<posx>984</posx>
					<posy>0</posy>
					<width>164</width>
					<height>242</height>
					<aspectratio scalediffuse="false">stretch</aspectratio>
					<texture diffuse="cover-diffuse.png" background="true">$VAR[Icon(-4)Poster]</texture>
				</control>
				<control type="image">
					<posx>1148</posx>
					<posy>0</posy>
					<width>164</width>
					<height>242</height>
					<aspectratio scalediffuse="false">stretch</aspectratio>
					<texture diffuse="cover-diffuse.png" background="true">$VAR[Icon(-3)Poster]</texture>
				</control>
				<control type="image">
					<posx>0</posx>
					<posy>240</posy>
					<width>164</width>
					<height>242</height>
					<aspectratio scalediffuse="false">stretch</aspectratio>
					<texture diffuse="cover-diffuse.png" background="true">$VAR[Icon(-3)Poster]</texture>
				</control>
				<control type="image">
					<posx>164</posx>
					<posy>240</posy>
					<width>164</width>
					<height>242</height>
					<aspectratio scalediffuse="false">stretch</aspectratio>
					<texture diffuse="cover-diffuse.png" background="true">$VAR[Icon(-2)Poster]</texture>
				</control>
				<control type="image">
					<posx>328</posx>
					<posy>240</posy>
					<width>164</width>
					<height>242</height>
					<aspectratio scalediffuse="false">stretch</aspectratio>
					<texture diffuse="cover-diffuse.png" background="true">$VAR[Icon(-1)Poster]</texture>
				</control>
				<control type="image">
					<posx>492</posx>
					<posy>240</posy>
					<width>164</width>
					<height>242</height>
					<aspectratio scalediffuse="false">stretch</aspectratio>
					<texture diffuse="cover-diffuse.png" background="true">$VAR[Icon(0)Poster]</texture>
				</control>
				<control type="image">
					<posx>656</posx>
					<posy>240</posy>
					<width>164</width>
					<height>242</height>
					<aspectratio scalediffuse="false">stretch</aspectratio>
					<texture diffuse="cover-diffuse.png" background="true">$VAR[Icon(1)Poster]</texture>
				</control>
				<control type="image">
					<posx>820</posx>
					<posy>240</posy>
					<width>164</width>
					<height>242</height>
					<aspectratio scalediffuse="false">stretch</aspectratio>
					<texture diffuse="cover-diffuse.png" background="true">$VAR[Icon(2)Poster]</texture>
				</control>
				<control type="image">
					<posx>984</posx>
					<posy>240</posy>
					<width>164</width>
					<height>242</height>
					<aspectratio scalediffuse="false">stretch</aspectratio>
					<texture diffuse="cover-diffuse.png" background="true">$VAR[Icon(3)Poster]</texture>
				</control>
				<control type="image">
					<posx>1148</posx>
					<posy>240</posy>
					<width>164</width>
					<height>242</height>
					<aspectratio scalediffuse="false">stretch</aspectratio>
					<texture diffuse="cover-diffuse.png" background="true">$VAR[Icon(4)Poster]</texture>
				</control>
				<control type="image">
					<posx>0</posx>
					<posy>480</posy>
					<width>164</width>
					<height>242</height>
					<aspectratio scalediffuse="false">stretch</aspectratio>
					<texture diffuse="cover-diffuse.png" background="true">$VAR[Icon(4)Poster]</texture>
				</control>
				<control type="image">
					<posx>164</posx>
					<posy>480</posy>
					<width>164</width>
					<height>242</height>
					<aspectratio scalediffuse="false">stretch</aspectratio>
					<texture diffuse="cover-diffuse.png" background="true">$VAR[Icon(5)Poster]</texture>
				</control>
				<control type="image">
					<posx>328</posx>
					<posy>480</posy>
					<width>164</width>
					<height>242</height>
					<aspectratio scalediffuse="false">stretch</aspectratio>
					<texture diffuse="cover-diffuse.png" background="true">$VAR[Icon(6)Poster]</texture>
				</control>
				<control type="image">
					<posx>492</posx>
					<posy>480</posy>
					<width>164</width>
					<height>242</height>
					<aspectratio scalediffuse="false">stretch</aspectratio>
					<texture diffuse="cover-diffuse.png" background="true">$VAR[Icon(7)Poster]</texture>
				</control>
				<control type="image">
					<posx>656</posx>
					<posy>480</posy>
					<width>164</width>
					<height>242</height>
					<aspectratio scalediffuse="false">stretch</aspectratio>
					<texture diffuse="cover-diffuse.png" background="true">$VAR[Icon(8)Poster]</texture>
				</control>
				<control type="image">
					<posx>820</posx>
					<posy>480</posy>
					<width>164</width>
					<height>242</height>
					<aspectratio scalediffuse="false">stretch</aspectratio>
					<texture diffuse="cover-diffuse.png" background="true">$VAR[Icon(9)Poster]</texture>
				</control>
				<control type="image">
					<posx>984</posx>
					<posy>480</posy>
					<width>164</width>
					<height>242</height>
					<aspectratio scalediffuse="false">stretch</aspectratio>
					<texture diffuse="cover-diffuse.png" background="true">$VAR[Icon(10)Poster]</texture>
				</control>
				<control type="image">
					<posx>1148</posx>
					<posy>480</posy>
					<width>164</width>
					<height>242</height>
					<aspectratio scalediffuse="false">stretch</aspectratio>
					<texture diffuse="cover-diffuse.png" background="true">$VAR[Icon(11)Poster]</texture>
				</control>
			</control>
			<control type="group" id="7014">
				<animation effect="rotatey" center="1280" start="-15" end="-15" time="0" condition="true">Conditional</animation>
				<animation reversible="false" effect="slide" start="0,0" end="164,0" time="400" tween="quadratic" easing="out">Hidden</animation>
				<visible>Container.OnPrevious</visible>
				<control type="image">
					<posx>-164</posx>
					<posy>0</posy>
					<width>164</width>
					<height>242</height>
					<aspectratio scalediffuse="false">stretch</aspectratio>
					<texture diffuse="cover-diffuse.png" background="true">$VAR[Icon(-9)Poster]</texture>
				</control>
				<control type="image">
					<posx>0</posx>
					<posy>0</posy>
					<width>164</width>
					<height>242</height>
					<aspectratio scalediffuse="false">stretch</aspectratio>
					<texture diffuse="cover-diffuse.png" background="true">$VAR[Icon(-8)Poster]</texture>
				</control>
				<control type="image">
					<posx>164</posx>
					<posy>0</posy>
					<width>164</width>
					<height>242</height>
					<aspectratio scalediffuse="false">stretch</aspectratio>
					<texture diffuse="cover-diffuse.png" background="true">$VAR[Icon(-7)Poster]</texture>
				</control>
				<control type="image">
					<posx>328</posx>
					<posy>0</posy>
					<width>164</width>
					<height>242</height>
					<aspectratio scalediffuse="false">stretch</aspectratio>
					<texture diffuse="cover-diffuse.png" background="true">$VAR[Icon(-6)Poster]</texture>
				</control>
				<control type="image">
					<posx>492</posx>
					<posy>0</posy>
					<width>164</width>
					<height>242</height>
					<aspectratio scalediffuse="false">stretch</aspectratio>
					<texture diffuse="cover-diffuse.png" background="true">$VAR[Icon(-5)Poster]</texture>
				</control>
				<control type="image">
					<posx>656</posx>
					<posy>0</posy>
					<width>164</width>
					<height>242</height>
					<aspectratio scalediffuse="false">stretch</aspectratio>
					<texture diffuse="cover-diffuse.png" background="true">$VAR[Icon(-4)Poster]</texture>
				</control>
				<control type="image">
					<posx>820</posx>
					<posy>0</posy>
					<width>164</width>
					<height>242</height>
					<aspectratio scalediffuse="false">stretch</aspectratio>
					<texture diffuse="cover-diffuse.png" background="true">$VAR[Icon(-3)Poster]</texture>
				</control>
				<control type="image">
					<posx>984</posx>
					<posy>0</posy>
					<width>164</width>
					<height>242</height>
					<aspectratio scalediffuse="false">stretch</aspectratio>
					<texture diffuse="cover-diffuse.png" background="true">$VAR[Icon(-2)Poster]</texture>
				</control>
				<control type="image">
					<posx>-164</posx>
					<posy>240</posy>
					<width>164</width>
					<height>242</height>
					<aspectratio scalediffuse="false">stretch</aspectratio>
					<texture diffuse="cover-diffuse.png" background="true">$VAR[Icon(-2)Poster]</texture>
				</control>
				<control type="image">
					<posx>0</posx>
					<posy>240</posy>
					<width>164</width>
					<height>242</height>
					<aspectratio scalediffuse="false">stretch</aspectratio>
					<texture diffuse="cover-diffuse.png" background="true">$VAR[Icon(-1)Poster]</texture>
				</control>
				<control type="image">
					<posx>164</posx>
					<posy>240</posy>
					<width>164</width>
					<height>242</height>
					<aspectratio scalediffuse="false">stretch</aspectratio>
					<texture diffuse="cover-diffuse.png" background="true">$VAR[Icon(0)Poster]</texture>
				</control>
				<control type="image">
					<posx>328</posx>
					<posy>240</posy>
					<width>164</width>
					<height>242</height>
					<aspectratio scalediffuse="false">stretch</aspectratio>
					<texture diffuse="cover-diffuse.png" background="true">$VAR[Icon(1)Poster]</texture>
				</control>
				<control type="image">
					<posx>492</posx>
					<posy>240</posy>
					<width>164</width>
					<height>242</height>
					<aspectratio scalediffuse="false">stretch</aspectratio>
					<texture diffuse="cover-diffuse.png" background="true">$VAR[Icon(2)Poster]</texture>
				</control>
				<control type="image">
					<posx>656</posx>
					<posy>240</posy>
					<width>164</width>
					<height>242</height>
					<aspectratio scalediffuse="false">stretch</aspectratio>
					<texture diffuse="cover-diffuse.png" background="true">$VAR[Icon(3)Poster]</texture>
				</control>
				<control type="image">
					<posx>820</posx>
					<posy>240</posy>
					<width>164</width>
					<height>242</height>
					<aspectratio scalediffuse="false">stretch</aspectratio>
					<texture diffuse="cover-diffuse.png" background="true">$VAR[Icon(4)Poster]</texture>
				</control>
				<control type="image">
					<posx>984</posx>
					<posy>240</posy>
					<width>164</width>
					<height>242</height>
					<aspectratio scalediffuse="false">stretch</aspectratio>
					<texture diffuse="cover-diffuse.png" background="true">$VAR[Icon(5)Poster]</texture>
				</control>
				<control type="image">
					<posx>-164</posx>
					<posy>480</posy>
					<width>164</width>
					<height>242</height>
					<aspectratio scalediffuse="false">stretch</aspectratio>
					<texture diffuse="cover-diffuse.png" background="true">$VAR[Icon(5)Poster]</texture>
				</control>
				<control type="image">
					<posx>0</posx>
					<posy>480</posy>
					<width>164</width>
					<height>242</height>
					<aspectratio scalediffuse="false">stretch</aspectratio>
					<texture diffuse="cover-diffuse.png" background="true">$VAR[Icon(6)Poster]</texture>
				</control>
				<control type="image">
					<posx>164</posx>
					<posy>480</posy>
					<width>164</width>
					<height>242</height>
					<aspectratio scalediffuse="false">stretch</aspectratio>
					<texture diffuse="cover-diffuse.png" background="true">$VAR[Icon(7)Poster]</texture>
				</control>
				<control type="image">
					<posx>328</posx>
					<posy>480</posy>
					<width>164</width>
					<height>242</height>
					<aspectratio scalediffuse="false">stretch</aspectratio>
					<texture diffuse="cover-diffuse.png" background="true">$VAR[Icon(8)Poster]</texture>
				</control>
				<control type="image">
					<posx>492</posx>
					<posy>480</posy>
					<width>164</width>
					<height>242</height>
					<aspectratio scalediffuse="false">stretch</aspectratio>
					<texture diffuse="cover-diffuse.png" background="true">$VAR[Icon(9)Poster]</texture>
				</control>
				<control type="image">
					<posx>656</posx>
					<posy>480</posy>
					<width>164</width>
					<height>242</height>
					<aspectratio scalediffuse="false">stretch</aspectratio>
					<texture diffuse="cover-diffuse.png" background="true">$VAR[Icon(10)Poster]</texture>
				</control>
				<control type="image">
					<posx>820</posx>
					<posy>480</posy>
					<width>164</width>
					<height>242</height>
					<aspectratio scalediffuse="false">stretch</aspectratio>
					<texture diffuse="cover-diffuse.png" background="true">$VAR[Icon(11)Poster]</texture>
				</control>
				<control type="image">
					<posx>984</posx>
					<posy>480</posy>
					<width>164</width>
					<height>242</height>
					<aspectratio scalediffuse="false">stretch</aspectratio>
					<texture diffuse="cover-diffuse.png" background="true">$VAR[Icon(12)Poster]</texture>
				</control>
			</control>
			<control type="group">
				<animation type="WindowOpen">
					<effect type="fade" start="0" end="100" time="1000"/>
					<effect type="rotatey" center="1280" start="0" end="-15" time="1000" delay="2250"/>
				</animation>
				<animation type="WindowClose">
					<effect type="rotatey" center="1280" start="-15" end="0" time="1000"/>
					<effect type="fade" start="100" end="0" time="1000" delay="2250"/>
				</animation>
				<visible>!Control.IsVisible(7013) + !Control.IsVisible(7014)</visible>
				<control type="image">
					<posx>0</posx>
					<posy>0</posy>
					<width>164</width>
					<height>242</height>
					<aspectratio scalediffuse="false">stretch</aspectratio>
					<texture diffuse="cover-diffuse.png" background="true">$VAR[Icon(-9)Poster]</texture>
				</control>
				<control type="image">
					<posx>164</posx>
					<posy>0</posy>
					<width>164</width>
					<height>242</height>
					<aspectratio scalediffuse="false">stretch</aspectratio>
					<texture diffuse="cover-diffuse.png" background="true">$VAR[Icon(-8)Poster]</texture>
				</control>
				<control type="image">
					<posx>328</posx>
					<posy>0</posy>
					<width>164</width>
					<height>242</height>
					<aspectratio scalediffuse="false">stretch</aspectratio>
					<texture diffuse="cover-diffuse.png" background="true">$VAR[Icon(-7)Poster]</texture>
				</control>
				<control type="image">
					<posx>492</posx>
					<posy>0</posy>
					<width>164</width>
					<height>242</height>
					<aspectratio scalediffuse="false">stretch</aspectratio>
					<texture diffuse="cover-diffuse.png" background="true">$VAR[Icon(-6)Poster]</texture>
				</control>
				<control type="image">
					<posx>656</posx>
					<posy>0</posy>
					<width>164</width>
					<height>242</height>
					<aspectratio scalediffuse="false">stretch</aspectratio>
					<texture diffuse="cover-diffuse.png" background="true">$VAR[Icon(-5)Poster]</texture>
				</control>
				<control type="image">
					<posx>820</posx>
					<posy>0</posy>
					<width>164</width>
					<height>242</height>
					<aspectratio scalediffuse="false">stretch</aspectratio>
					<texture diffuse="cover-diffuse.png" background="true">$VAR[Icon(-4)Poster]</texture>
				</control>
				<control type="image">
					<posx>984</posx>
					<posy>0</posy>
					<width>164</width>
					<height>242</height>
					<aspectratio scalediffuse="false">stretch</aspectratio>
					<texture diffuse="cover-diffuse.png" background="true">$VAR[Icon(-3)Poster]</texture>
				</control>
				<control type="image">
					<posx>0</posx>
					<posy>240</posy>
					<width>164</width>
					<height>242</height>
					<aspectratio scalediffuse="false">stretch</aspectratio>
					<texture diffuse="cover-diffuse.png" background="true">$VAR[Icon(-2)Poster]</texture>
				</control>
				<control type="image">
					<posx>164</posx>
					<posy>240</posy>
					<width>164</width>
					<height>242</height>
					<aspectratio scalediffuse="false">stretch</aspectratio>
					<texture diffuse="cover-diffuse.png" background="true">$VAR[Icon(-1)Poster]</texture>
				</control>
				<control type="image">
					<posx>328</posx>
					<posy>240</posy>
					<width>164</width>
					<height>242</height>
					<aspectratio scalediffuse="false">stretch</aspectratio>
					<texture diffuse="cover-diffuse.png" background="true">$VAR[Icon(0)Poster]</texture>
				</control>
				<control type="image">
					<posx>492</posx>
					<posy>240</posy>
					<width>164</width>
					<height>242</height>
					<aspectratio scalediffuse="false">stretch</aspectratio>
					<texture diffuse="cover-diffuse.png" background="true">$VAR[Icon(1)Poster]</texture>
				</control>
				<control type="image">
					<posx>656</posx>
					<posy>240</posy>
					<width>164</width>
					<height>242</height>
					<aspectratio scalediffuse="false">stretch</aspectratio>
					<texture diffuse="cover-diffuse.png" background="true">$VAR[Icon(2)Poster]</texture>
				</control>
				<control type="image">
					<posx>820</posx>
					<posy>240</posy>
					<width>164</width>
					<height>242</height>
					<aspectratio scalediffuse="false">stretch</aspectratio>
					<texture diffuse="cover-diffuse.png" background="true">$VAR[Icon(3)Poster]</texture>
				</control>
				<control type="image">
					<posx>984</posx>
					<posy>240</posy>
					<width>164</width>
					<height>242</height>
					<aspectratio scalediffuse="false">stretch</aspectratio>
					<texture diffuse="cover-diffuse.png" background="true">$VAR[Icon(4)Poster]</texture>
				</control>
				<control type="image">
					<posx>0</posx>
					<posy>480</posy>
					<width>164</width>
					<height>242</height>
					<aspectratio scalediffuse="false">stretch</aspectratio>
					<texture diffuse="cover-diffuse.png" background="true">$VAR[Icon(5)Poster]</texture>
				</control>
				<control type="image">
					<posx>164</posx>
					<posy>480</posy>
					<width>164</width>
					<height>242</height>
					<aspectratio scalediffuse="false">stretch</aspectratio>
					<texture diffuse="cover-diffuse.png" background="true">$VAR[Icon(6)Poster]</texture>
				</control>
				<control type="image">
					<posx>328</posx>
					<posy>480</posy>
					<width>164</width>
					<height>242</height>
					<aspectratio scalediffuse="false">stretch</aspectratio>
					<texture diffuse="cover-diffuse.png" background="true">$VAR[Icon(7)Poster]</texture>
				</control>
				<control type="image">
					<posx>492</posx>
					<posy>480</posy>
					<width>164</width>
					<height>242</height>
					<aspectratio scalediffuse="false">stretch</aspectratio>
					<texture diffuse="cover-diffuse.png" background="true">$VAR[Icon(8)Poster]</texture>
				</control>
				<control type="image">
					<posx>656</posx>
					<posy>480</posy>
					<width>164</width>
					<height>242</height>
					<aspectratio scalediffuse="false">stretch</aspectratio>
					<texture diffuse="cover-diffuse.png" background="true">$VAR[Icon(9)Poster]</texture>
				</control>
				<control type="image">
					<posx>820</posx>
					<posy>480</posy>
					<width>164</width>
					<height>242</height>
					<aspectratio scalediffuse="false">stretch</aspectratio>
					<texture diffuse="cover-diffuse.png" background="true">$VAR[Icon(10)Poster]</texture>
				</control>
				<control type="image">
					<posx>984</posx>
					<posy>480</posy>
					<width>164</width>
					<height>242</height>
					<aspectratio scalediffuse="false">stretch</aspectratio>
					<texture diffuse="cover-diffuse.png" background="true">$VAR[Icon(11)Poster]</texture>
				</control>
			</control>
		</control>
		<control type="wraplist" id="592">
			<posx>-335</posx>
			<posy>195</posy>
			<width>1736</width>
			<height>362</height>
			<onleft>592</onleft>
			<onright>592</onright>
			<onup>9000</onup>
			<ondown>60</ondown>
			<viewtype label="31038">icon</viewtype>
			<pagecontrol>60</pagecontrol>
			<orientation>horizontal</orientation>
			<scrolltime>250</scrolltime>
			<preloaditems>2</preloaditems>
			<focusposition>3</focusposition>
			<hitrect x="410" y="176" w="248" h="362"/>
			<visible>Container.Content(Movies) | [Container.Content(TVShows) + !Skin.HasSetting(TVShowsPosters)] | Container.Content(Seasons)</visible>
			<itemlayout width="248" height="362"/>
			<focusedlayout width="248" height="362">
				<control type="image">
					<posx>0</posx>
					<posy>0</posy>
					<width>248</width>
					<height>362</height>
					<texture>-</texture>
				</control>
			</focusedlayout>
		</control>
		<control type="group">
			<visible>Control.IsVisible(592)</visible>
			<control type="image">
				<posx>0</posx>
				<posy>0</posy>
				<width>1280</width>
				<height>720</height>
				<texture>wall-mask.png</texture>
			</control>
			<control type="group">
				<animation reversible="true" effect="zoom" start="100" end="95" center="auto" time="300" tween="quadratic" easing="in" condition="Control.IsVisible(7013) | Control.IsVisible(7014)">Conditional</animation>
				<control type="image">
					<posx>370</posx>
					<posy>136</posy>
					<width>328</width>
					<height>446</height>
					<texture border="40" diffuse="cover-diffuse2.png">cover-glow.png</texture>
					<animation type="WindowOpen">
						<effect type="fade" start="0" end="100" time="1000" delay="2000"/>
					</animation>
					<animation type="WindowClose">
						<effect type="fade" start="100" end="0" time="1000"/>
					</animation>
					<visible>!stringcompare(ListItem.Label,..)</visible>
				</control>
				<control type="image">
					<posx>410</posx>
					<posy>176</posy>
					<width>248</width>
					<height>366</height>
					<aspectratio scalediffuse="false">stretch</aspectratio>
					<texture background="true" diffuse="cover-diffuse2.png">$VAR[IconPoster]</texture>
					<animation type="WindowOpen">
						<effect type="fade" start="0" end="100" time="500" delay="500"/>
						<effect type="zoom" start="458,239,164,242" end="410,176,248,366" time="1000" delay="1000"/>
					</animation>
					<animation type="WindowClose">
						<effect type="zoom" start="410,176,248,366" end="458,239,164,242" time="1000" delay="1000"/>
						<effect type="fade" start="100" end="0" time="500" delay="3250"/>
						<effect type="rotatey" center="auto" start="0" end="60" time="500" delay="3250"/>
					</animation>
					<visible>!stringcompare(ListItem.Label,..)</visible>
				</control>
				<control type="image">
					<posx>598</posx>
					<posy>500</posy>
					<width>44</width>
					<height>26</height>
					<texture>movieset.png</texture>
					<animation effect="fade" reversible="false" start="0" end="100" time="300">Visible</animation>
					<animation effect="fade" reversible="false" start="0" end="100" time="300" delay="2000">WindowOpen</animation>
					<animation effect="fade" reversible="false" start="100" end="0" time="300">WindowClose</animation>
					<visible>Container.Content(Movies) + ListItem.IsFolder + !stringcompare(ListItem.Label,..) + SubString(Container.Folderpath,videodb://,left)</visible>
				</control>
				<control type="image">
					<posx>410</posx>
					<posy>176</posy>
					<width>248</width>
					<height>366</height>
					<aspectratio scalediffuse="false">stretch</aspectratio>
					<texture background="true" diffuse="cover-diffuse2.png">$VAR[Icon(-1)Poster]</texture>
					<animation effect="fade" start="100" end="0" time="200" delay="200" condition="Control.IsVisible(7013)">Conditional</animation>
					<visible>Control.IsVisible(7013) + !stringcompare(ListItem(-1).Label,..)</visible>
				</control>
				<control type="image">
					<posx>410</posx>
					<posy>176</posy>
					<width>248</width>
					<height>366</height>
					<aspectratio scalediffuse="false">stretch</aspectratio>
					<texture background="true" diffuse="cover-diffuse2.png">$VAR[Icon(1)Poster]</texture>
					<animation effect="fade" start="100" end="0" time="200" delay="200" condition="Control.IsVisible(7014)">Conditional</animation>
					<visible>Control.IsVisible(7014) + !stringcompare(ListItem(1).Label,..)</visible>
				</control>
			</control>
			<control type="group">
				<animation type="WindowOpen">
					<effect type="fade" start="0" end="100" time="2000" delay="1000"/>
				</animation>
				<animation type="WindowClose">
					<effect type="slide" start="0,0" end="-1200" time="1500" delay="2250"/>
					<effect type="fade" start="100" end="0" time="500" delay="2250"/>
				</animation>
				<control type="label">
					<posx>40</posx>
					<posy>80</posy>
					<width>1200</width>
					<height>30</height>
					<label>[B]$INFO[ListItem.Label][/B]</label>
					<font>font-30</font>
					<visible>!stringcompare(ListItem.Label,..)</visible>
				</control>
				<control type="label">
					<posx>40</posx>
					<posy>115</posy>
					<width>1200</width>
					<height>60</height>
					<label>[B]$INFO[ListItem.Studio][CR]$INFO[ListItem.Year]$INFO[ListItem.Duration, - , $LOCALIZE[12391]][/B]</label>
					<textcolor>lightblue</textcolor>
					<font>font-21</font>
					<visible>!Container.Content(Seasons) + !substring(ListItem.Duration,min)</visible>
				</control>
				<control type="label">
					<posx>40</posx>
					<posy>115</posy>
					<width>1200</width>
					<height>60</height>
					<label>[B]$INFO[ListItem.Studio][CR]$INFO[ListItem.Year]$INFO[ListItem.Duration, - ][/B]</label>
					<textcolor>lightblue</textcolor>
					<font>font-21</font>
					<visible>!Container.Content(Seasons) + substring(ListItem.Duration,min)</visible>
				</control>
				<control type="label">
					<posx>40</posx>
					<posy>115</posy>
					<width>1200</width>
					<height>60</height>
					<label>[B]$INFO[ListItem.Property(TotalEpisodes),$LOCALIZE[20360] : ][/B]</label>
					<textcolor>lightblue</textcolor>
					<font>font-21</font>
					<visible>Container.Content(Seasons)</visible>
				</control>
				<control type="textbox">
					<description>Plot Value for Movies</description>
					<posx>40</posx>
					<posy>182</posy>
					<width>335</width>
					<height>344</height>
					<font>font-19</font>
					<align>justify</align>
					<textcolor>white</textcolor>
					<shadowcolor>black</shadowcolor>
					<label>$INFO[ListItem.Plot]</label>
					<autoscroll time="2000" delay="8000" repeat="5000">Skin.HasSetting(AutoScroll)</autoscroll>
				</control>
			</control>
			<control type="group">
				<animation type="WindowOpen">
					<effect type="fade" start="0" end="100" time="3000"/>
				</animation>
				<animation type="WindowClose">
					<effect type="fade" start="100" end="0" time="3000"/>
				</animation>
				<animation effect="fade" start="40" end="40" time="0" condition="true">Conditional</animation>
				<visible>Container.Content(Movies)</visible>
				<control type="group">
					<posx>706</posx>
					<posy>664</posy>
					<width>472</width>
					<height>48</height>
					<include condition="!Skin.HasSetting(Enable_Movies_Media_Flags) + Skin.HasSetting(WallShowPlot)">VideoMediaFlags</include>
				</control>
				<control type="group">
					<posx>578</posx>
					<posy>148</posy>
					<include condition="!Skin.HasSetting(Enable_Movies_Media_Flags)">MovieStudioFlag</include>
				</control>
			</control>
		</control>
	</include>
	<include name="Wall-Episodes">
		<control type="group">
			<posx>130</posx>
			<posy>0</posy>
			<visible>Control.IsVisible(598)</visible>
			<control type="group" id="7027">
				<animation effect="rotatey" center="1280" start="-15" end="-15" time="0" condition="true">Conditional</animation>
				<animation reversible="false" effect="slide" start="0,0" end="-320,0" time="400" tween="quadratic" easing="out">Hidden</animation>
				<visible>Container.OnNext</visible>
				<control type="image">
					<posx>0</posx>
					<posy>7</posy>
					<width>320</width>
					<height>178</height>
					<aspectratio scalediffuse="false">scale</aspectratio>
					<texture diffuse="cover-diffuse.png" background="true">$INFO[ListItem(-6).Icon]</texture>
				</control>
				<control type="image">
					<posx>320</posx>
					<posy>7</posy>
					<width>320</width>
					<height>178</height>
					<aspectratio scalediffuse="false">scale</aspectratio>
					<texture diffuse="cover-diffuse.png" background="true">$INFO[ListItem(-5).Icon]</texture>
				</control>
				<control type="image">
					<posx>640</posx>
					<posy>7</posy>
					<width>320</width>
					<height>178</height>
					<aspectratio scalediffuse="false">scale</aspectratio>
					<texture diffuse="cover-diffuse.png" background="true">$INFO[ListItem(-4).Icon]</texture>
				</control>
				<control type="image">
					<posx>960</posx>
					<posy>7</posy>
					<width>320</width>
					<height>178</height>
					<aspectratio scalediffuse="false">scale</aspectratio>
					<texture diffuse="cover-diffuse.png" background="true">$INFO[ListItem(-3).Icon]</texture>
				</control>
				<control type="image">
					<posx>1280</posx>
					<posy>7</posy>
					<width>320</width>
					<height>178</height>
					<aspectratio scalediffuse="false">scale</aspectratio>
					<texture diffuse="cover-diffuse.png" background="true">$INFO[ListItem(-2).Icon]</texture>
				</control>
				<control type="image">
					<posx>0</posx>
					<posy>183</posy>
					<width>320</width>
					<height>178</height>
					<aspectratio scalediffuse="false">scale</aspectratio>
					<texture diffuse="cover-diffuse.png" background="true">$INFO[ListItem(-2).Icon]</texture>
				</control>
				<control type="image">
					<posx>320</posx>
					<posy>183</posy>
					<width>320</width>
					<height>178</height>
					<aspectratio scalediffuse="false">scale</aspectratio>
					<texture diffuse="cover-diffuse.png" background="true">$INFO[ListItem(-1).Icon]</texture>
				</control>
				<control type="image">
					<posx>640</posx>
					<posy>183</posy>
					<width>320</width>
					<height>178</height>
					<aspectratio scalediffuse="false">scale</aspectratio>
					<texture diffuse="cover-diffuse.png" background="true">$INFO[ListItem(0).Icon]</texture>
				</control>
				<control type="image">
					<posx>960</posx>
					<posy>183</posy>
					<width>320</width>
					<height>178</height>
					<aspectratio scalediffuse="false">scale</aspectratio>
					<texture diffuse="cover-diffuse.png" background="true">$INFO[ListItem(1).Icon]</texture>
				</control>
				<control type="image">
					<posx>1280</posx>
					<posy>183</posy>
					<width>320</width>
					<height>178</height>
					<aspectratio scalediffuse="false">scale</aspectratio>
					<texture diffuse="cover-diffuse.png" background="true">$INFO[ListItem(2).Icon]</texture>
				</control>
				<control type="image">
					<posx>0</posx>
					<posy>359</posy>
					<width>320</width>
					<height>178</height>
					<aspectratio scalediffuse="false">scale</aspectratio>
					<texture diffuse="cover-diffuse.png" background="true">$INFO[ListItem(2).Icon]</texture>
				</control>
				<control type="image">
					<posx>320</posx>
					<posy>359</posy>
					<width>320</width>
					<height>178</height>
					<aspectratio scalediffuse="false">scale</aspectratio>
					<texture diffuse="cover-diffuse.png" background="true">$INFO[ListItem(3).Icon]</texture>
				</control>
				<control type="image">
					<posx>640</posx>
					<posy>359</posy>
					<width>320</width>
					<height>178</height>
					<aspectratio scalediffuse="false">scale</aspectratio>
					<texture diffuse="cover-diffuse.png" background="true">$INFO[ListItem(4).Icon]</texture>
				</control>
				<control type="image">
					<posx>960</posx>
					<posy>359</posy>
					<width>320</width>
					<height>178</height>
					<aspectratio scalediffuse="false">scale</aspectratio>
					<texture diffuse="cover-diffuse.png" background="true">$INFO[ListItem(5).Icon]</texture>
				</control>
				<control type="image">
					<posx>1280</posx>
					<posy>359</posy>
					<width>320</width>
					<height>178</height>
					<aspectratio scalediffuse="false">scale</aspectratio>
					<texture diffuse="cover-diffuse.png" background="true">$INFO[ListItem(6).Icon]</texture>
				</control>
				<control type="image">
					<posx>0</posx>
					<posy>535</posy>
					<width>320</width>
					<height>178</height>
					<aspectratio scalediffuse="false">scale</aspectratio>
					<texture diffuse="cover-diffuse.png" background="true">$INFO[ListItem(7).Icon]</texture>
				</control>
				<control type="image">
					<posx>320</posx>
					<posy>535</posy>
					<width>320</width>
					<height>178</height>
					<aspectratio scalediffuse="false">scale</aspectratio>
					<texture diffuse="cover-diffuse.png" background="true">$INFO[ListItem(7).Icon]</texture>
				</control>
				<control type="image">
					<posx>640</posx>
					<posy>535</posy>
					<width>320</width>
					<height>178</height>
					<aspectratio scalediffuse="false">scale</aspectratio>
					<texture diffuse="cover-diffuse.png" background="true">$INFO[ListItem(8).Icon]</texture>
				</control>
				<control type="image">
					<posx>960</posx>
					<posy>535</posy>
					<width>320</width>
					<height>178</height>
					<aspectratio scalediffuse="false">scale</aspectratio>
					<texture diffuse="cover-diffuse.png" background="true">$INFO[ListItem(9).Icon]</texture>
				</control>
				<control type="image">
					<posx>1280</posx>
					<posy>535</posy>
					<width>320</width>
					<height>178</height>
					<aspectratio scalediffuse="false">scale</aspectratio>
					<texture diffuse="cover-diffuse.png" background="true">$INFO[ListItem(10).Icon]</texture>
				</control>
			</control>
			<control type="group" id="7028">
				<animation effect="rotatey" center="1280" start="-15" end="-15" time="0" condition="true">Conditional</animation>
				<animation reversible="false" effect="slide" start="0,0" end="320,0" time="400" tween="quadratic" easing="out">Hidden</animation>
				<visible>Container.OnPrevious</visible>
				<control type="image">
					<posx>-320</posx>
					<posy>7</posy>
					<width>320</width>
					<height>178</height>
					<aspectratio scalediffuse="false">scale</aspectratio>
					<texture diffuse="cover-diffuse.png" background="true">$INFO[ListItem(-5).Icon]</texture>
				</control>
				<control type="image">
					<posx>0</posx>
					<posy>7</posy>
					<width>320</width>
					<height>178</height>
					<aspectratio scalediffuse="false">scale</aspectratio>
					<texture diffuse="cover-diffuse.png" background="true">$INFO[ListItem(-4).Icon]</texture>
				</control>
				<control type="image">
					<posx>320</posx>
					<posy>7</posy>
					<width>320</width>
					<height>178</height>
					<aspectratio scalediffuse="false">scale</aspectratio>
					<texture diffuse="cover-diffuse.png" background="true">$INFO[ListItem(-3).Icon]</texture>
				</control>
				<control type="image">
					<posx>640</posx>
					<posy>7</posy>
					<width>320</width>
					<height>178</height>
					<aspectratio scalediffuse="false">scale</aspectratio>
					<texture diffuse="cover-diffuse.png" background="true">$INFO[ListItem(-2).Icon]</texture>
				</control>
				<control type="image">
					<posx>960</posx>
					<posy>7</posy>
					<width>320</width>
					<height>178</height>
					<aspectratio scalediffuse="false">scale</aspectratio>
					<texture diffuse="cover-diffuse.png" background="true">$INFO[ListItem(-1).Icon]</texture>
				</control>
				<control type="image">
					<posx>-320</posx>
					<posy>183</posy>
					<width>320</width>
					<height>178</height>
					<aspectratio scalediffuse="false">scale</aspectratio>
					<texture diffuse="cover-diffuse.png" background="true">$INFO[ListItem(-1).Icon]</texture>
				</control>
				<control type="image">
					<posx>0</posx>
					<posy>183</posy>
					<width>320</width>
					<height>178</height>
					<aspectratio scalediffuse="false">scale</aspectratio>
					<texture diffuse="cover-diffuse.png" background="true">$INFO[ListItem(0).Icon]</texture>
				</control>
				<control type="image">
					<posx>320</posx>
					<posy>183</posy>
					<width>320</width>
					<height>178</height>
					<aspectratio scalediffuse="false">scale</aspectratio>
					<texture diffuse="cover-diffuse.png" background="true">$INFO[ListItem(1).Icon]</texture>
				</control>
				<control type="image">
					<posx>640</posx>
					<posy>183</posy>
					<width>320</width>
					<height>178</height>
					<aspectratio scalediffuse="false">scale</aspectratio>
					<texture diffuse="cover-diffuse.png" background="true">$INFO[ListItem(2).Icon]</texture>
				</control>
				<control type="image">
					<posx>960</posx>
					<posy>183</posy>
					<width>320</width>
					<height>178</height>
					<aspectratio scalediffuse="false">scale</aspectratio>
					<texture diffuse="cover-diffuse.png" background="true">$INFO[ListItem(3).Icon]</texture>
				</control>
				<control type="image">
					<posx>-320</posx>
					<posy>359</posy>
					<width>320</width>
					<height>178</height>
					<aspectratio scalediffuse="false">scale</aspectratio>
					<texture diffuse="cover-diffuse.png" background="true">$INFO[ListItem(3).Icon]</texture>
				</control>
				<control type="image">
					<posx>0</posx>
					<posy>359</posy>
					<width>320</width>
					<height>178</height>
					<aspectratio scalediffuse="false">scale</aspectratio>
					<texture diffuse="cover-diffuse.png" background="true">$INFO[ListItem(4).Icon]</texture>
				</control>
				<control type="image">
					<posx>320</posx>
					<posy>359</posy>
					<width>320</width>
					<height>178</height>
					<aspectratio scalediffuse="false">scale</aspectratio>
					<texture diffuse="cover-diffuse.png" background="true">$INFO[ListItem(5).Icon]</texture>
				</control>
				<control type="image">
					<posx>640</posx>
					<posy>359</posy>
					<width>320</width>
					<height>178</height>
					<aspectratio scalediffuse="false">scale</aspectratio>
					<texture diffuse="cover-diffuse.png" background="true">$INFO[ListItem(6).Icon]</texture>
				</control>
				<control type="image">
					<posx>960</posx>
					<posy>359</posy>
					<width>320</width>
					<height>178</height>
					<aspectratio scalediffuse="false">scale</aspectratio>
					<texture diffuse="cover-diffuse.png" background="true">$INFO[ListItem(7).Icon]</texture>
				</control>
				<control type="image">
					<posx>-320</posx>
					<posy>535</posy>
					<width>320</width>
					<height>178</height>
					<aspectratio scalediffuse="false">scale</aspectratio>
					<texture diffuse="cover-diffuse.png" background="true">$INFO[ListItem(7).Icon]</texture>
				</control>
				<control type="image">
					<posx>0</posx>
					<posy>535</posy>
					<width>320</width>
					<height>178</height>
					<aspectratio scalediffuse="false">scale</aspectratio>
					<texture diffuse="cover-diffuse.png" background="true">$INFO[ListItem(8).Icon]</texture>
				</control>
				<control type="image">
					<posx>320</posx>
					<posy>535</posy>
					<width>320</width>
					<height>178</height>
					<aspectratio scalediffuse="false">scale</aspectratio>
					<texture diffuse="cover-diffuse.png" background="true">$INFO[ListItem(9).Icon]</texture>
				</control>
				<control type="image">
					<posx>640</posx>
					<posy>535</posy>
					<width>320</width>
					<height>178</height>
					<aspectratio scalediffuse="false">scale</aspectratio>
					<texture diffuse="cover-diffuse.png" background="true">$INFO[ListItem(10).Icon]</texture>
				</control>
				<control type="image">
					<posx>960</posx>
					<posy>535</posy>
					<width>320</width>
					<height>178</height>
					<aspectratio scalediffuse="false">scale</aspectratio>
					<texture diffuse="cover-diffuse.png" background="true">$INFO[ListItem(11).Icon]</texture>
				</control>
			</control>
			<control type="group">
				<animation type="WindowOpen">
					<effect type="fade" start="0" end="100" time="1000"/>
					<effect type="rotatey" center="1280" start="0" end="-15" time="1000" delay="2250"/>
				</animation>
				<animation type="WindowClose">
					<effect type="rotatey" center="1280" start="-15" end="0" time="1000"/>
					<effect type="fade" start="100" end="0" time="1000" delay="2250"/>
				</animation>
				<visible>!Control.IsVisible(7027) + !Control.IsVisible(7028)</visible>
				<control type="image">
					<posx>0</posx>
					<posy>7</posy>
					<width>320</width>
					<height>178</height>
					<aspectratio scalediffuse="false">scale</aspectratio>
					<texture diffuse="cover-diffuse.png" background="true">$INFO[ListItem(-5).Icon]</texture>
				</control>
				<control type="image">
					<posx>320</posx>
					<posy>7</posy>
					<width>320</width>
					<height>178</height>
					<aspectratio scalediffuse="false">scale</aspectratio>
					<texture diffuse="cover-diffuse.png" background="true">$INFO[ListItem(-4).Icon]</texture>
				</control>
				<control type="image">
					<posx>640</posx>
					<posy>7</posy>
					<width>320</width>
					<height>178</height>
					<aspectratio scalediffuse="false">scale</aspectratio>
					<texture diffuse="cover-diffuse.png" background="true">$INFO[ListItem(-3).Icon]</texture>
				</control>
				<control type="image">
					<posx>960</posx>
					<posy>7</posy>
					<width>320</width>
					<height>178</height>
					<aspectratio scalediffuse="false">scale</aspectratio>
					<texture diffuse="cover-diffuse.png" background="true">$INFO[ListItem(-2).Icon]</texture>
				</control>
				<control type="image">
					<posx>0</posx>
					<posy>183</posy>
					<width>320</width>
					<height>178</height>
					<aspectratio scalediffuse="false">scale</aspectratio>
					<texture diffuse="cover-diffuse.png" background="true">$INFO[ListItem(-1).Icon]</texture>
				</control>
				<control type="image">
					<posx>320</posx>
					<posy>183</posy>
					<width>320</width>
					<height>178</height>
					<aspectratio scalediffuse="false">scale</aspectratio>
					<texture diffuse="cover-diffuse.png" background="true">$INFO[ListItem(0).Icon]</texture>
				</control>
				<control type="image">
					<posx>640</posx>
					<posy>183</posy>
					<width>320</width>
					<height>178</height>
					<aspectratio scalediffuse="false">scale</aspectratio>
					<texture diffuse="cover-diffuse.png" background="true">$INFO[ListItem(1).Icon]</texture>
				</control>
				<control type="image">
					<posx>960</posx>
					<posy>183</posy>
					<width>320</width>
					<height>178</height>
					<aspectratio scalediffuse="false">scale</aspectratio>
					<texture diffuse="cover-diffuse.png" background="true">$INFO[ListItem(2).Icon]</texture>
				</control>
				<control type="image">
					<posx>0</posx>
					<posy>359</posy>
					<width>320</width>
					<height>178</height>
					<aspectratio scalediffuse="false">scale</aspectratio>
					<texture diffuse="cover-diffuse.png" background="true">$INFO[ListItem(3).Icon]</texture>
				</control>
				<control type="image">
					<posx>320</posx>
					<posy>359</posy>
					<width>320</width>
					<height>178</height>
					<aspectratio scalediffuse="false">scale</aspectratio>
					<texture diffuse="cover-diffuse.png" background="true">$INFO[ListItem(4).Icon]</texture>
				</control>
				<control type="image">
					<posx>640</posx>
					<posy>359</posy>
					<width>320</width>
					<height>178</height>
					<aspectratio scalediffuse="false">scale</aspectratio>
					<texture diffuse="cover-diffuse.png" background="true">$INFO[ListItem(5).Icon]</texture>
				</control>
				<control type="image">
					<posx>960</posx>
					<posy>359</posy>
					<width>320</width>
					<height>178</height>
					<aspectratio scalediffuse="false">scale</aspectratio>
					<texture diffuse="cover-diffuse.png" background="true">$INFO[ListItem(6).Icon]</texture>
				</control>
				<control type="image">
					<posx>0</posx>
					<posy>535</posy>
					<width>320</width>
					<height>178</height>
					<aspectratio scalediffuse="false">scale</aspectratio>
					<texture diffuse="cover-diffuse.png" background="true">$INFO[ListItem(7).Icon]</texture>
				</control>
				<control type="image">
					<posx>320</posx>
					<posy>535</posy>
					<width>320</width>
					<height>178</height>
					<aspectratio scalediffuse="false">scale</aspectratio>
					<texture diffuse="cover-diffuse.png" background="true">$INFO[ListItem(8).Icon]</texture>
				</control>
				<control type="image">
					<posx>640</posx>
					<posy>535</posy>
					<width>320</width>
					<height>178</height>
					<aspectratio scalediffuse="false">scale</aspectratio>
					<texture diffuse="cover-diffuse.png" background="true">$INFO[ListItem(9).Icon]</texture>
				</control>
				<control type="image">
					<posx>960</posx>
					<posy>535</posy>
					<width>320</width>
					<height>178</height>
					<aspectratio scalediffuse="false">scale</aspectratio>
					<texture diffuse="cover-diffuse.png" background="true">$INFO[ListItem(10).Icon]</texture>
				</control>
			</control>
		</control>
		<control type="wraplist" id="598">
			<posx>-560</posx>
			<posy>178</posy>
			<width>1280</width>
			<height>178</height>
			<onleft>592</onleft>
			<onright>592</onright>
			<onup>9000</onup>
			<ondown>60</ondown>
			<viewtype label="31038">icon</viewtype>
			<pagecontrol>60</pagecontrol>
			<orientation>horizontal</orientation>
			<scrolltime>250</scrolltime>
			<preloaditems>2</preloaditems>
			<focusposition>3</focusposition>
			<hitrect x="380" y="100" w="450" h="250"/>
			<visible>Container.Content(Episodes) | Container.Content(MusicVideos)</visible>
			<itemlayout width="320" height="178"/>
			<focusedlayout width="320" height="178">
				<control type="image">
					<posx>0</posx>
					<posy>0</posy>
					<width>320</width>
					<height>178</height>
					<texture>-</texture>
				</control>
			</focusedlayout>
		</control>
		<control type="group">
			<visible>Control.IsVisible(598)</visible>
			<control type="image">
				<posx>0</posx>
				<posy>0</posy>
				<width>1280</width>
				<height>720</height>
				<texture>wall-mask.png</texture>
			</control>
			<control type="group">
				<animation reversible="true" effect="zoom" start="100" end="95" center="auto" time="300" tween="quadratic" easing="in" condition="Control.IsVisible(7027) | Control.IsVisible(7028)">Conditional</animation>
				<control type="image">
					<posx>360</posx>
					<posy>50</posy>
					<width>560</width>
					<height>350</height>
					<texture border="40" diffuse="cover-diffuse2.png">cover-glow.png</texture>
					<animation type="WindowOpen">
						<effect type="fade" start="0" end="100" time="1000" delay="2000"/>
					</animation>
					<animation type="WindowClose">
						<effect type="fade" start="100" end="0" time="1000"/>
					</animation>
					<visible>!stringcompare(ListItem.Label,..)</visible>
				</control>
				<control type="image">
					<posx>400</posx>
					<posy>90</posy>
					<width>480</width>
					<height>270</height>
					<aspectratio scalediffuse="false">scale</aspectratio>
					<texture background="true" diffuse="cover-diffuse.png">$INFO[ListItem.Icon]</texture>
					<animation type="WindowOpen">
						<effect type="fade" start="0" end="100" time="500" delay="500"/>
						<effect type="zoom" start="450,183,320,180" end="400,90,480,270" time="1000" delay="1000"/>
					</animation>
					<animation type="WindowClose">
						<effect type="zoom" start="400,90,480,270" end="450,183,320,180" time="1000" delay="1000"/>
						<effect type="fade" start="100" end="0" time="500" delay="3250"/>
						<effect type="rotatey" center="auto" start="0" end="60" time="500" delay="3250"/>
					</animation>
					<visible>!stringcompare(ListItem.Label,..)</visible>
				</control>
				<control type="image">
					<posx>400</posx>
					<posy>90</posy>
					<width>480</width>
					<height>270</height>
					<aspectratio scalediffuse="false">scale</aspectratio>
					<texture background="true" diffuse="cover-diffuse2.png">$INFO[ListItem(-1).Icon]</texture>
					<animation effect="fade" start="100" end="0" time="200" delay="200" condition="Control.IsVisible(7027)">Conditional</animation>
					<visible>Control.IsVisible(7027) + !stringcompare(ListItem(-1).Label,..)</visible>
				</control>
				<control type="image">
					<posx>400</posx>
					<posy>90</posy>
					<width>480</width>
					<height>270</height>
					<aspectratio scalediffuse="false">scale</aspectratio>
					<texture background="true" diffuse="cover-diffuse2.png">$INFO[ListItem(1).Icon]</texture>
					<animation effect="fade" start="100" end="0" time="200" delay="200" condition="Control.IsVisible(7028)">Conditional</animation>
					<visible>Control.IsVisible(7028) + !stringcompare(ListItem(1).Label,..)</visible>
				</control>
			</control>
			<control type="group">
				<animation type="WindowOpen">
					<effect type="fade" start="0" end="100" time="2000" delay="1000"/>
				</animation>
				<animation type="WindowClose">
					<effect type="slide" start="0,0" end="-1200" time="1500" delay="2250"/>
					<effect type="fade" start="100" end="0" time="500" delay="2250"/>
				</animation>
				<control type="label">
					<posx>40</posx>
					<posy>80</posy>
					<width>1200</width>
					<height>30</height>
					<label>[B]$INFO[ListItem.Label][/B]</label>
					<font>font-30</font>
					<visible>!stringcompare(ListItem.Label,..)</visible>
				</control>
				<control type="label">
					<posx>40</posx>
					<posy>115</posy>
					<width>1200</width>
					<height>60</height>
					<label>[B]$INFO[ListItem.Studio][CR]$INFO[ListItem.Year]$INFO[ListItem.Duration, - , $LOCALIZE[12391]][/B]</label>
					<textcolor>lightblue</textcolor>
					<font>font-21</font>
				</control>
				<control type="textbox">
					<description>Plot Value for Episodes</description>
					<posx>40</posx>
					<posy>182</posy>
					<width>335</width>
					<height>344</height>
					<font>font-19</font>
					<align>justify</align>
					<textcolor>white</textcolor>
					<shadowcolor>black</shadowcolor>
					<label>$INFO[ListItem.Plot]</label>
					<autoscroll time="2000" delay="8000" repeat="5000">Skin.HasSetting(AutoScroll)</autoscroll>
				</control>
			</control>
			<control type="group">
				<animation type="WindowOpen">
					<effect type="fade" start="0" end="100" time="3000"/>
				</animation>
				<animation type="WindowClose">
					<effect type="fade" start="100" end="0" time="3000"/>
				</animation>
				<control type="group">
					<posx>578</posx>
					<posy>148</posy>
					<animation effect="fade" start="40" end="40" time="0" condition="true">Conditional</animation>
					<include condition="!Skin.HasSetting(Enable_TVShows_Media_Flags)">MovieStudioFlag</include>
					<visible>Container.Content(Episodes)</visible>
				</control>
				<control type="group">
					<posx>578</posx>
					<posy>148</posy>
					<animation effect="fade" start="40" end="40" time="0" condition="true">Conditional</animation>
					<include condition="!Skin.HasSetting(Enable_MusicVideos_Media_Flags)">MovieStudioFlag</include>
					<visible>Container.Content(MusicVideos)</visible>
				</control>
			</control>
		</control>
	</include>
	<include name="Wall-Music">
		<control type="group">
			<posx>218</posx>
			<posy>-1</posy>
			<visible>Control.IsVisible(592)</visible>
			<control type="group" id="7013">
				<animation effect="rotatey" center="1280" start="-15" end="-15" time="0" condition="true">Conditional</animation>
				<animation reversible="false" effect="slide" start="0,0" end="-242,0" time="400" tween="quadratic" easing="out">Hidden</animation>
				<visible>Container.OnNext</visible>
				<control type="group">
					<control type="image">
						<posx>0</posx>
						<posy>0</posy>
						<width>242</width>
						<height>242</height>
						<aspectratio scalediffuse="false">stretch</aspectratio>
						<texture diffuse="cover-diffuse.png" background="true">$INFO[ListItem(-7).Icon]</texture>
					</control>
					<control type="image">
						<posx>242</posx>
						<posy>0</posy>
						<width>242</width>
						<height>242</height>
						<aspectratio scalediffuse="false">stretch</aspectratio>
						<texture diffuse="cover-diffuse.png" background="true">$INFO[ListItem(-6).Icon]</texture>
					</control>
					<control type="image">
						<posx>484</posx>
						<posy>0</posy>
						<width>242</width>
						<height>242</height>
						<aspectratio scalediffuse="false">stretch</aspectratio>
						<texture diffuse="cover-diffuse.png" background="true">$INFO[ListItem(-5).Icon]</texture>
					</control>
					<control type="image">
						<posx>726</posx>
						<posy>0</posy>
						<width>242</width>
						<height>242</height>
						<aspectratio scalediffuse="false">stretch</aspectratio>
						<texture diffuse="cover-diffuse.png" background="true">$INFO[ListItem(-4).Icon]</texture>
					</control>
					<control type="image">
						<posx>968</posx>
						<posy>0</posy>
						<width>242</width>
						<height>242</height>
						<aspectratio scalediffuse="false">stretch</aspectratio>
						<texture diffuse="cover-diffuse.png" background="true">$INFO[ListItem(-3).Icon]</texture>
					</control>
					<control type="image">
						<posx>1210</posx>
						<posy>0</posy>
						<width>242</width>
						<height>242</height>
						<aspectratio scalediffuse="false">stretch</aspectratio>
						<texture diffuse="cover-diffuse.png" background="true">$INFO[ListItem(-2).Icon]</texture>
					</control>
					<control type="image">
						<posx>0</posx>
						<posy>240</posy>
						<width>242</width>
						<height>242</height>
						<aspectratio scalediffuse="false">stretch</aspectratio>
						<texture diffuse="cover-diffuse.png" background="true">$INFO[ListItem(-2).Icon]</texture>
					</control>
					<control type="image">
						<posx>242</posx>
						<posy>240</posy>
						<width>242</width>
						<height>242</height>
						<aspectratio scalediffuse="false">stretch</aspectratio>
						<texture diffuse="cover-diffuse.png" background="true">$INFO[ListItem(-1).Icon]</texture>
					</control>
					<control type="image">
						<posx>484</posx>
						<posy>240</posy>
						<width>242</width>
						<height>242</height>
						<aspectratio scalediffuse="false">stretch</aspectratio>
						<texture diffuse="cover-diffuse.png" background="true">$INFO[ListItem(0).Icon]</texture>
					</control>
					<control type="image">
						<posx>726</posx>
						<posy>240</posy>
						<width>242</width>
						<height>242</height>
						<aspectratio scalediffuse="false">stretch</aspectratio>
						<texture diffuse="cover-diffuse.png" background="true">$INFO[ListItem(1).Icon]</texture>
					</control>
					<control type="image">
						<posx>968</posx>
						<posy>240</posy>
						<width>242</width>
						<height>242</height>
						<aspectratio scalediffuse="false">stretch</aspectratio>
						<texture diffuse="cover-diffuse.png" background="true">$INFO[ListItem(2).Icon]</texture>
					</control>
					<control type="image">
						<posx>1210</posx>
						<posy>240</posy>
						<width>242</width>
						<height>242</height>
						<aspectratio scalediffuse="false">stretch</aspectratio>
						<texture diffuse="cover-diffuse.png" background="true">$INFO[ListItem(3).Icon]</texture>
					</control>
					<control type="image">
						<posx>0</posx>
						<posy>480</posy>
						<width>242</width>
						<height>242</height>
						<aspectratio scalediffuse="false">stretch</aspectratio>
						<texture diffuse="cover-diffuse.png" background="true">$INFO[ListItem(3).Icon]</texture>
					</control>
					<control type="image">
						<posx>242</posx>
						<posy>480</posy>
						<width>242</width>
						<height>242</height>
						<aspectratio scalediffuse="false">stretch</aspectratio>
						<texture diffuse="cover-diffuse.png" background="true">$INFO[ListItem(4).Icon]</texture>
					</control>
					<control type="image">
						<posx>484</posx>
						<posy>480</posy>
						<width>242</width>
						<height>242</height>
						<aspectratio scalediffuse="false">stretch</aspectratio>
						<texture diffuse="cover-diffuse.png" background="true">$INFO[ListItem(5).Icon]</texture>
					</control>
					<control type="image">
						<posx>726</posx>
						<posy>480</posy>
						<width>242</width>
						<height>242</height>
						<aspectratio scalediffuse="false">stretch</aspectratio>
						<texture diffuse="cover-diffuse.png" background="true">$INFO[ListItem(6).Icon]</texture>
					</control>
					<control type="image">
						<posx>968</posx>
						<posy>480</posy>
						<width>242</width>
						<height>242</height>
						<aspectratio scalediffuse="false">stretch</aspectratio>
						<texture diffuse="cover-diffuse.png" background="true">$INFO[ListItem(7).Icon]</texture>
					</control>
					<control type="image">
						<posx>1210</posx>
						<posy>480</posy>
						<width>242</width>
						<height>242</height>
						<aspectratio scalediffuse="false">stretch</aspectratio>
						<texture diffuse="cover-diffuse.png" background="true">$INFO[ListItem(8).Icon]</texture>
					</control>
				</control>
			</control>
			<control type="group" id="7014">
				<animation effect="rotatey" center="1280" start="-15" end="-15" time="0" condition="true">Conditional</animation>
				<animation reversible="false" effect="slide" start="0,0" end="242,0" time="400" tween="quadratic" easing="out">Hidden</animation>
				<visible>Container.OnPrevious</visible>
				<control type="group">
					<control type="image">
						<posx>-242</posx>
						<posy>0</posy>
						<width>242</width>
						<height>242</height>
						<aspectratio scalediffuse="false">stretch</aspectratio>
						<texture diffuse="cover-diffuse.png" background="true">$INFO[ListItem(-6).Icon]</texture>
					</control>
					<control type="image">
						<posx>0</posx>
						<posy>0</posy>
						<width>242</width>
						<height>242</height>
						<aspectratio scalediffuse="false">stretch</aspectratio>
						<texture diffuse="cover-diffuse.png" background="true">$INFO[ListItem(-5).Icon]</texture>
					</control>
					<control type="image">
						<posx>242</posx>
						<posy>0</posy>
						<width>242</width>
						<height>242</height>
						<aspectratio scalediffuse="false">stretch</aspectratio>
						<texture diffuse="cover-diffuse.png" background="true">$INFO[ListItem(-4).Icon]</texture>
					</control>
					<control type="image">
						<posx>484</posx>
						<posy>0</posy>
						<width>242</width>
						<height>242</height>
						<aspectratio scalediffuse="false">stretch</aspectratio>
						<texture diffuse="cover-diffuse.png" background="true">$INFO[ListItem(-3).Icon]</texture>
					</control>
					<control type="image">
						<posx>726</posx>
						<posy>0</posy>
						<width>242</width>
						<height>242</height>
						<aspectratio scalediffuse="false">stretch</aspectratio>
						<texture diffuse="cover-diffuse.png" background="true">$INFO[ListItem(-2).Icon]</texture>
					</control>
					<control type="image">
						<posx>968</posx>
						<posy>0</posy>
						<width>242</width>
						<height>242</height>
						<aspectratio scalediffuse="false">stretch</aspectratio>
						<texture diffuse="cover-diffuse.png" background="true">$INFO[ListItem(-1).Icon]</texture>
					</control>
					<control type="image">
						<posx>-242</posx>
						<posy>240</posy>
						<width>242</width>
						<height>242</height>
						<aspectratio scalediffuse="false">stretch</aspectratio>
						<texture diffuse="cover-diffuse.png" background="true">$INFO[ListItem(-1).Icon]</texture>
					</control>
					<control type="image">
						<posx>0</posx>
						<posy>240</posy>
						<width>242</width>
						<height>242</height>
						<aspectratio scalediffuse="false">stretch</aspectratio>
						<texture diffuse="cover-diffuse.png" background="true">$INFO[ListItem(0).Icon]</texture>
					</control>
					<control type="image">
						<posx>242</posx>
						<posy>240</posy>
						<width>242</width>
						<height>242</height>
						<aspectratio scalediffuse="false">stretch</aspectratio>
						<texture diffuse="cover-diffuse.png" background="true">$INFO[ListItem(1).Icon]</texture>
					</control>
					<control type="image">
						<posx>484</posx>
						<posy>240</posy>
						<width>242</width>
						<height>242</height>
						<aspectratio scalediffuse="false">stretch</aspectratio>
						<texture diffuse="cover-diffuse.png" background="true">$INFO[ListItem(2).Icon]</texture>
					</control>
					<control type="image">
						<posx>726</posx>
						<posy>240</posy>
						<width>242</width>
						<height>242</height>
						<aspectratio scalediffuse="false">stretch</aspectratio>
						<texture diffuse="cover-diffuse.png" background="true">$INFO[ListItem(3).Icon]</texture>
					</control>
					<control type="image">
						<posx>968</posx>
						<posy>240</posy>
						<width>242</width>
						<height>242</height>
						<aspectratio scalediffuse="false">stretch</aspectratio>
						<texture diffuse="cover-diffuse.png" background="true">$INFO[ListItem(4).Icon]</texture>
					</control>
					<control type="image">
						<posx>-242</posx>
						<posy>480</posy>
						<width>242</width>
						<height>242</height>
						<aspectratio scalediffuse="false">stretch</aspectratio>
						<texture diffuse="cover-diffuse.png" background="true">$INFO[ListItem(4).Icon]</texture>
					</control>
					<control type="image">
						<posx>0</posx>
						<posy>480</posy>
						<width>242</width>
						<height>242</height>
						<aspectratio scalediffuse="false">stretch</aspectratio>
						<texture diffuse="cover-diffuse.png" background="true">$INFO[ListItem(5).Icon]</texture>
					</control>
					<control type="image">
						<posx>242</posx>
						<posy>480</posy>
						<width>242</width>
						<height>242</height>
						<aspectratio scalediffuse="false">stretch</aspectratio>
						<texture diffuse="cover-diffuse.png" background="true">$INFO[ListItem(6).Icon]</texture>
					</control>
					<control type="image">
						<posx>484</posx>
						<posy>480</posy>
						<width>242</width>
						<height>242</height>
						<aspectratio scalediffuse="false">stretch</aspectratio>
						<texture diffuse="cover-diffuse.png" background="true">$INFO[ListItem(7).Icon]</texture>
					</control>
					<control type="image">
						<posx>726</posx>
						<posy>480</posy>
						<width>242</width>
						<height>242</height>
						<aspectratio scalediffuse="false">stretch</aspectratio>
						<texture diffuse="cover-diffuse.png" background="true">$INFO[ListItem(8).Icon]</texture>
					</control>
					<control type="image">
						<posx>968</posx>
						<posy>480</posy>
						<width>242</width>
						<height>242</height>
						<aspectratio scalediffuse="false">stretch</aspectratio>
						<texture diffuse="cover-diffuse.png" background="true">$INFO[ListItem(9).Icon]</texture>
					</control>
				</control>
			</control>
			<control type="group">
				<animation type="WindowOpen">
					<effect type="fade" start="0" end="100" time="1000"/>
					<effect type="rotatey" center="1280" start="0" end="-15" time="1000" delay="2250"/>
				</animation>
				<animation type="WindowClose">
					<effect type="rotatey" center="1280" start="-15" end="0" time="1000"/>
					<effect type="fade" start="100" end="0" time="1000" delay="2250"/>
				</animation>
				<visible>!Control.IsVisible(7013) + !Control.IsVisible(7014)</visible>
				<control type="group">
					<control type="image">
						<posx>0</posx>
						<posy>0</posy>
						<width>242</width>
						<height>242</height>
						<aspectratio scalediffuse="false">stretch</aspectratio>
						<texture diffuse="cover-diffuse.png" background="true">$INFO[ListItem(-6).Icon]</texture>
					</control>
					<control type="image">
						<posx>242</posx>
						<posy>0</posy>
						<width>242</width>
						<height>242</height>
						<aspectratio scalediffuse="false">stretch</aspectratio>
						<texture diffuse="cover-diffuse.png" background="true">$INFO[ListItem(-5).Icon]</texture>
					</control>
					<control type="image">
						<posx>484</posx>
						<posy>0</posy>
						<width>242</width>
						<height>242</height>
						<aspectratio scalediffuse="false">stretch</aspectratio>
						<texture diffuse="cover-diffuse.png" background="true">$INFO[ListItem(-4).Icon]</texture>
					</control>
					<control type="image">
						<posx>726</posx>
						<posy>0</posy>
						<width>242</width>
						<height>242</height>
						<aspectratio scalediffuse="false">stretch</aspectratio>
						<texture diffuse="cover-diffuse.png" background="true">$INFO[ListItem(-3).Icon]</texture>
					</control>
					<control type="image">
						<posx>968</posx>
						<posy>0</posy>
						<width>242</width>
						<height>242</height>
						<aspectratio scalediffuse="false">stretch</aspectratio>
						<texture diffuse="cover-diffuse.png" background="true">$INFO[ListItem(-2).Icon]</texture>
					</control>
					<control type="image">
						<posx>0</posx>
						<posy>240</posy>
						<width>242</width>
						<height>242</height>
						<aspectratio scalediffuse="false">stretch</aspectratio>
						<texture diffuse="cover-diffuse.png" background="true">$INFO[ListItem(-1).Icon]</texture>
					</control>
					<control type="image">
						<posx>242</posx>
						<posy>240</posy>
						<width>242</width>
						<height>242</height>
						<aspectratio scalediffuse="false">stretch</aspectratio>
						<texture diffuse="cover-diffuse.png" background="true">$INFO[ListItem(0).Icon]</texture>
					</control>
					<control type="image">
						<posx>484</posx>
						<posy>240</posy>
						<width>242</width>
						<height>242</height>
						<aspectratio scalediffuse="false">stretch</aspectratio>
						<texture diffuse="cover-diffuse.png" background="true">$INFO[ListItem(1).Icon]</texture>
					</control>
					<control type="image">
						<posx>726</posx>
						<posy>240</posy>
						<width>242</width>
						<height>242</height>
						<aspectratio scalediffuse="false">stretch</aspectratio>
						<texture diffuse="cover-diffuse.png" background="true">$INFO[ListItem(2).Icon]</texture>
					</control>
					<control type="image">
						<posx>968</posx>
						<posy>240</posy>
						<width>242</width>
						<height>242</height>
						<aspectratio scalediffuse="false">stretch</aspectratio>
						<texture diffuse="cover-diffuse.png" background="true">$INFO[ListItem(3).Icon]</texture>
					</control>
					<control type="image">
						<posx>0</posx>
						<posy>480</posy>
						<width>242</width>
						<height>242</height>
						<aspectratio scalediffuse="false">stretch</aspectratio>
						<texture diffuse="cover-diffuse.png" background="true">$INFO[ListItem(4).Icon]</texture>
					</control>
					<control type="image">
						<posx>242</posx>
						<posy>480</posy>
						<width>242</width>
						<height>242</height>
						<aspectratio scalediffuse="false">stretch</aspectratio>
						<texture diffuse="cover-diffuse.png" background="true">$INFO[ListItem(5).Icon]</texture>
					</control>
					<control type="image">
						<posx>484</posx>
						<posy>480</posy>
						<width>242</width>
						<height>242</height>
						<aspectratio scalediffuse="false">stretch</aspectratio>
						<texture diffuse="cover-diffuse.png" background="true">$INFO[ListItem(6).Icon]</texture>
					</control>
					<control type="image">
						<posx>726</posx>
						<posy>480</posy>
						<width>242</width>
						<height>242</height>
						<aspectratio scalediffuse="false">stretch</aspectratio>
						<texture diffuse="cover-diffuse.png" background="true">$INFO[ListItem(7).Icon]</texture>
					</control>
					<control type="image">
						<posx>968</posx>
						<posy>480</posy>
						<width>242</width>
						<height>242</height>
						<aspectratio scalediffuse="false">stretch</aspectratio>
						<texture diffuse="cover-diffuse.png" background="true">$INFO[ListItem(8).Icon]</texture>
					</control>
				</control>
			</control>
		</control>
		<control type="wraplist" id="592">
			<posx>-360</posx>
			<posy>166</posy>
			<width>1925</width>
			<height>385</height>
			<onleft>592</onleft>
			<onright>592</onright>
			<onup>9000</onup>
			<ondown>60</ondown>
			<viewtype label="31038">icon</viewtype>
			<pagecontrol>60</pagecontrol>
			<orientation>horizontal</orientation>
			<scrolltime>250</scrolltime>
			<preloaditems>2</preloaditems>
			<focusposition>2</focusposition>
			<hitrect x="409" y="166" w="385" h="385"/>
			<visible>Container.Content(Artists) | Container.Content(Albums) | Container.Content(Songs)</visible>
			<itemlayout width="385" height="385"/>
			<focusedlayout width="385" height="385">
				<control type="image">
					<posx>0</posx>
					<posy>0</posy>
					<width>385</width>
					<height>385</height>
					<texture>-</texture>
				</control>
			</focusedlayout>
		</control>
		<control type="group">
			<visible>Control.IsVisible(592)</visible>
			<control type="image">
				<posx>0</posx>
				<posy>0</posy>
				<width>1280</width>
				<height>720</height>
				<texture>wall-mask.png</texture>
			</control>
			<control type="group">
				<animation reversible="true" effect="zoom" start="100" end="95" center="auto" time="300" tween="quadratic" easing="in" condition="Control.IsVisible(7013) | Control.IsVisible(7014)">Conditional</animation>
				<control type="image">
					<posx>369</posx>
					<posy>126</posy>
					<width>465</width>
					<height>465</height>
					<texture border="40" diffuse="cover-diffuse2.png">cover-glow.png</texture>
					<animation type="WindowOpen">
						<effect type="fade" start="0" end="100" time="1000" delay="2000"/>
					</animation>
					<animation type="WindowClose">
						<effect type="fade" start="100" end="0" time="1000"/>
					</animation>
					<visible>!stringcompare(ListItem.Label,..)</visible>
				</control>
				<control type="image">
					<posx>409</posx>
					<posy>166</posy>
					<width>385</width>
					<height>385</height>
					<aspectratio scalediffuse="false">stretch</aspectratio>
					<texture background="true" diffuse="cover-diffuse3.png">$INFO[ListItem.Icon]</texture>
					<animation type="WindowOpen">
						<effect type="fade" start="0" end="100" time="500" delay="500"/>
						<effect type="zoom" start="460,239,242,242" end="409,166,385,385" time="1000" delay="1000"/>
					</animation>
					<animation type="WindowClose">
						<effect type="zoom" start="409,166,385,385" end="460,239,242,242" time="1000" delay="1000"/>
						<effect type="fade" start="100" end="0" time="500" delay="3250"/>
						<effect type="rotatey" center="auto" start="0" end="-60" time="500" delay="3250"/>
					</animation>
					<visible>!stringcompare(ListItem.Label,..)</visible>
				</control>
				<control type="image">
					<posx>409</posx>
					<posy>166</posy>
					<width>385</width>
					<height>385</height>
					<aspectratio scalediffuse="false">stretch</aspectratio>
					<texture background="true" diffuse="cover-diffuse3.png">$INFO[ListItem(-1).Icon]</texture>
					<animation effect="fade" start="100" end="0" time="200" delay="200" condition="Control.IsVisible(7013)">Conditional</animation>
					<visible>Control.IsVisible(7013) + !stringcompare(ListItem(-1).Label,..)</visible>
				</control>
				<control type="image">
					<posx>409</posx>
					<posy>166</posy>
					<width>385</width>
					<height>385</height>
					<aspectratio scalediffuse="false">stretch</aspectratio>
					<texture background="true" diffuse="cover-diffuse3.png">$INFO[ListItem(1).Icon]</texture>
					<animation effect="fade" start="100" end="0" time="200" delay="200" condition="Control.IsVisible(7014)">Conditional</animation>
					<visible>Control.IsVisible(7014) + !stringcompare(ListItem(1).Label,..)</visible>
				</control>
			</control>
			<control type="group">
				<animation type="WindowOpen">
					<effect type="fade" start="0" end="100" time="2000" delay="1000"/>
				</animation>
				<animation type="WindowClose">
					<effect type="slide" start="0,0" end="-1200" time="1500" delay="2250"/>
					<effect type="fade" start="100" end="0" time="500" delay="2250"/>
				</animation>
				<control type="label">
					<posx>40</posx>
					<posy>80</posy>
					<width>1200</width>
					<height>30</height>
					<label>$VAR[ViewWallLabel1]</label>
					<font>font-30</font>
				</control>
				<control type="label">
					<posx>40</posx>
					<posy>115</posy>
					<width>1200</width>
					<height>60</height>
					<label>$VAR[ViewWallLabel2]</label>
					<textcolor>lightblue</textcolor>
					<font>font-21</font>
				</control>
				<control type="textbox">
					<posx>40</posx>
					<posy>182</posy>
					<width>335</width>
					<height>344</height>
					<font>font-19</font>
					<align>justify</align>
					<textcolor>white</textcolor>
					<shadowcolor>black</shadowcolor>
					<label>$VAR[ViewWallText]</label>
					<autoscroll time="2000" delay="8000" repeat="5000">Skin.HasSetting(AutoScroll)</autoscroll>
				</control>
			</control>
			<control type="group">
				<animation type="WindowOpen">
					<effect type="fade" start="0" end="100" time="3000"/>
				</animation>
				<animation type="WindowClose">
					<effect type="fade" start="100" end="0" time="3000"/>
				</animation>
				<control type="group">
					<posx>440</posx>
					<posy>31</posy>
					<animation effect="fade" start="40" end="40" time="0" condition="true">Conditional</animation>
					<include condition="!Skin.HasSetting(Enable_Music_Media_Flags)">MusicMediaFlags</include>
					<visible>!Container.Content(Artists)</visible>
				</control>
			</control>
		</control>
	</include>
</includes>
