<?xml version="1.0" encoding="UTF-8"?>
<includes>
	<include name="Thumbwall-Videos">
		<control type="panel" id="589">
			<visible>Container.Content(Movies)</visible>
			<posx>0</posx>
			<posy>0</posy>
			<width>1280</width>
			<height>720</height>
			<onleft>9000</onleft>
			<onright>60</onright>
			<onup>589</onup>
			<ondown>589</ondown>
			<viewtype label="31037">icon</viewtype>
			<pagecontrol>60</pagecontrol>
			<scrolltime>200</scrolltime>
			<preloaditems>2</preloaditems>
			<animation type="WindowOpen">
				<effect type="fade" start="0" end="100" time="500"/>
				<effect type="zoom" start="200" end="100" center="auto" time="500"/>
			</animation>
			<animation type="WindowClose">
				<effect type="fade" start="100" end="0" time="500"/>
				<effect type="zoom" start="100" end="200" center="auto" time="500"/>
			</animation>
			<itemlayout width="80" height="120">
				<control type="image">
					<posx>0</posx>
					<posy>0</posy>
					<width>80</width>
					<height>120</height>
					<texture>black-frame.png</texture>
					<colordiffuse>AAFFFFFF</colordiffuse>
				</control>
				<control type="image">
					<posx>0</posx>
					<posy>0</posy>
					<width>80</width>
					<height>120</height>
					<aspectratio>stretch</aspectratio>
					<texture fallback="DefaultVideo.png" background="true">$INFO[ListItem.Icon]</texture>
					<bordersize>1</bordersize>
					<colordiffuse>39FFFFFF</colordiffuse>
					<visible>stringcompare(ListItem.Label,..)</visible>
				</control>
				<control type="image">
					<posx>0</posx>
					<posy>0</posy>
					<width>80</width>
					<height>120</height>
					<aspectratio>stretch</aspectratio>
					<texture fallback="DefaultVideo.png" background="true">$VAR[IconPoster]</texture>
					<bordersize>1</bordersize>
					<colordiffuse>39FFFFFF</colordiffuse>
					<visible>!stringcompare(ListItem.Label,..)</visible>
				</control>
			</itemlayout>
			<focusedlayout width="80" height="120">
				<control type="image">
					<posx>0</posx>
					<posy>0</posy>
					<width>80</width>
					<height>120</height>
					<aspectratio>stretch</aspectratio>
					<texture fallback="DefaultVideo.png" background="true">$INFO[ListItem.Icon]</texture>
					<bordertexture>black.png</bordertexture>
					<bordersize>2</bordersize>
					<animation effect="zoom" start="100" end="140" center="auto">Focus</animation>
					<animation effect="slide" start="0,0" end="11,0" time="0" condition="Container.Column(0)">Conditional</animation>
					<animation effect="slide" start="0,0" end="-11,0" time="0" condition="Container.Column(15)">Conditional</animation>
					<animation effect="slide" start="0,0" end="0,17" time="0" condition="Container.Row(0)">Conditional</animation>
					<animation effect="slide" start="0,0" end="0,-17" time="0" condition="Container.Row(5)">Conditional</animation>
					<visible>stringcompare(ListItem.Label,..)</visible>
				</control>
				<control type="image">
					<posx>0</posx>
					<posy>0</posy>
					<width>80</width>
					<height>120</height>
					<aspectratio>stretch</aspectratio>
					<texture fallback="DefaultVideo.png" background="true">$VAR[IconPoster]</texture>
					<bordertexture>black.png</bordertexture>
					<bordersize>2</bordersize>
					<animation effect="zoom" start="100" end="140" center="auto">Focus</animation>
					<animation effect="slide" start="0,0" end="11,0" time="0" condition="Container.Column(0)">Conditional</animation>
					<animation effect="slide" start="0,0" end="-11,0" time="0" condition="Container.Column(15)">Conditional</animation>
					<animation effect="slide" start="0,0" end="0,17" time="0" condition="Container.Row(0)">Conditional</animation>
					<animation effect="slide" start="0,0" end="0,-17" time="0" condition="Container.Row(5)">Conditional</animation>
					<visible>!stringcompare(ListItem.Label,..)</visible>
				</control>
			</focusedlayout>
		</control>
	</include>
</includes>
