<?xml version="1.0" encoding="UTF-8"?>
<includes>
	<include name="PicThumb">
		<control type="group">
			<posx>0</posx>
			<posy>15</posy>
			<visible>Control.IsVisible(594)</visible>
			<include>VisibleFadeEffect</include>
			<control type="image">
				<posx>0</posx>
				<posy>13</posy>
				<width>1280</width>
				<height>91</height>
				<texture diffuse="underlay-diffuse.png" border="0,10,0,10">underlay.png</texture>
			</control>
			<control type="label">
				<posx>0</posx>
				<posy>28</posy>
				<width>1280</width>
				<height>35</height>
				<font>font-30</font>
				<textcolor>white</textcolor>
				<align>center</align>
				<aligny>center</aligny>
				<label>$INFO[ListItem.Label]</label>
			</control>
			<control type="label">
				<posx>0</posx>
				<posy>58</posy>
				<width>1280</width>
				<height>35</height>
				<font>font-23</font>
				<textcolor>white</textcolor>
				<align>center</align>
				<aligny>center</aligny>
				<label>$INFO[ListItem.Date,]$INFO[ListItem.PictureResolution, - ]$INFO[ListItem.size, - ]</label>
			</control>
			<control type="button" id="7009">
				<posx>1030</posx>
				<posy>54</posy>
				<width>40</width>
				<height>40</height>
				<texturefocus>fullscreen-focus.png</texturefocus>
				<texturenofocus>fullscreen-nofocus.png</texturenofocus>
				<onclick>Skin.ToggleSetting(Picture_Fullscreen)</onclick>
				<onup>9000</onup>
				<ondown>594</ondown>
				<onleft>9000</onleft>
				<onright>7009</onright>
				<visible>!IsEmpty(ListItem.FileName)</visible>
			</control>
		</control>
		<control type="wraplist" id="594">
			<posx>0</posx>
			<posy>578</posy>
			<width>1280</width>
			<height>180</height>
			<onleft>594</onleft>
			<onright>594</onright>
			<onup>7009</onup>
			<ondown>60</ondown>
			<viewtype label="31033">icon</viewtype>
			<pagecontrol>60</pagecontrol>
			<scrolltime>200</scrolltime>
			<orientation>horizontal</orientation>
			<preloaditems>2</preloaditems>
			<focusposition>2</focusposition>
			<hitrect x="500" y="568" w="250" h="280"/>
			<visible>!Container.Content(AddOns)</visible>
			<itemlayout width="256" height="130">
				<control type="image">
					<posx>30</posx>
					<posy>-2</posy>
					<width>194</width>
					<height>151</height>
					<aspectratio scalediffuse="false">scale</aspectratio>
					<texture diffuse="picture-diffuse.png" background="true">black.png</texture>
					<bordersize>12</bordersize>
					<visible>!stringcompare(ListItem.Label,..)</visible>
				</control>
				<control type="image">
					<posx>30</posx>
					<posy>-2</posy>
					<width>194</width>
					<height>151</height>
					<aspectratio scalediffuse="false">scale</aspectratio>
					<texture diffuse="picture-diffuse.png" background="true">$INFO[ListItem.Icon]</texture>
					<bordertexture border="13">picture-shadow.png</bordertexture>
					<bordersize>12</bordersize>
					<colordiffuse>66FFFFFF</colordiffuse>
				</control>
				<control type="image">
					<posx>177</posx>
					<posy>90</posy>
					<width>35</width>
					<height>35</height>
					<aspectratio>keep</aspectratio>
					<texture>$INFO[ListItem.Overlay]</texture>
				</control>
			</itemlayout>
			<focusedlayout width="256" height="130">
				<control type="image">
					<posx>30</posx>
					<posy>-2</posy>
					<width>194</width>
					<height>151</height>
					<aspectratio scalediffuse="false">scale</aspectratio>
					<texture diffuse="picture-diffuse.png" background="true">$INFO[ListItem.Icon]</texture>
					<animation reversible="false" effect="zoom" start="30,-2,194,151" end="-36,-97,326,254" time="200">focus</animation>
					<animation reversible="false" effect="zoom" start="-36,-97,326,254" end="30,-2,194,151" time="200">unfocus</animation>
					<bordertexture border="13">picture-shadow.png</bordertexture>
					<bordersize>12</bordersize>
				</control>
				<control type="image">
					<posx>177</posx>
					<posy>90</posy>
					<width>35</width>
					<height>35</height>
					<aspectratio>keep</aspectratio>
					<texture>$INFO[ListItem.Overlay]</texture>
					<animation effect="slide" start="0,0" end="5,5" time="200">Focus</animation>
					<animation effect="slide" end="0,0" start="5,5" time="200">UnFocus</animation>
				</control>
			</focusedlayout>
		</control>
	</include>
</includes>
