<?xml version="1.0" encoding="UTF-8"?>
<includes>
	<include name="Slide">
		<control type="group" id="7003">
			<posx>0</posx>
			<posy>489</posy>
			<include>Window_OpenClose_Animation</include>
			<visible>Control.IsVisible(596) + Container.OnNext</visible>
			<animation effect="fade" start="100" end="100" time="250">Hidden</animation>
			<control type="image">
				<posx>-35</posx>
				<posy>129</posy>
				<width>71</width>
				<height>100</height>
				<texture background="true">$VAR[Icon(-8)Poster]</texture>
				<animation reversible="false" effect="zoom" start="-35,129,71,100" end="-106,129,70,99" time="250">Hidden</animation>
				<visible>Container(596).OnNext</visible>
			</control>
			<control type="image">
				<posx>-35</posx>
				<posy>120</posy>
				<width>76</width>
				<height>116</height>
				<texture fallback="case-sets.png">case$INFO[ListItem(-8).VideoResolution].png</texture>
				<animation reversible="false" effect="zoom" start="-35,120,76,116" end="-111,120,75,115" time="250">Hidden</animation>
				<visible>Container.Content(Movies) + Container(596).OnNext + !stringcompare(ListItem(-8).Label,..) + !Skin.HasSetting(HideMovieCase)</visible>
			</control>		
			<control type="image">
				<posx>-35</posx>
				<posy>120</posy>
				<width>76</width>
				<height>116</height>
				<texture>case-tv.png</texture>
				<animation reversible="false" effect="zoom" start="-35,120,76,116" end="-111,120,75,115" time="250">Hidden</animation>
				<visible>[Container.Content(TVShows) | Container.Content(Seasons)] + Container(596).OnNext + !stringcompare(ListItem(-8).Label,..) + !Skin.HasSetting(HideTVShowCase)</visible>
			</control>
			<control type="image">
				<posx>37</posx>
				<posy>127</posy>
				<width>73</width>
				<height>102</height>
				<texture background="true">$VAR[Icon(-7)Poster]</texture>
				<animation reversible="false" effect="zoom" start="37,127,73,102" end="-35,129,71,100" time="250">Hidden</animation>
				<visible>Container(596).OnNext</visible>
			</control>
			<control type="image">
				<posx>37</posx>
				<posy>118</posy>
				<width>78</width>
				<height>118</height>
				<texture fallback="case-sets.png">case$INFO[ListItem(-7).VideoResolution].png</texture>
				<animation reversible="false" effect="zoom" start="37,118,78,118" end="-35,120,76,116" time="250">Hidden</animation>
				<visible>Container.Content(Movies) + Container(596).OnNext + !stringcompare(ListItem(-7).Label,..) + !Skin.HasSetting(HideMovieCase)</visible>
			</control>
			<control type="image">
				<posx>37</posx>
				<posy>118</posy>
				<width>78</width>
				<height>118</height>
				<texture>case-tv.png</texture>
				<animation reversible="false" effect="zoom" start="37,118,78,118" end="-35,120,76,116" time="250">Hidden</animation>
				<visible>[Container.Content(TVShows) | Container.Content(Seasons)] + Container(596).OnNext + !stringcompare(ListItem(-7).Label,..) + !Skin.HasSetting(HideTVShowCase)</visible>
			</control>
			<control type="image">
				<posx>111</posx>
				<posy>124</posy>
				<width>74</width>
				<height>105</height>
				<texture background="true">$VAR[Icon(-6)Poster]</texture>
				<animation reversible="false" effect="zoom" start="111,124,74,105" end="37,127,73,102" time="250">Hidden</animation>
				<visible>Container(596).OnNext</visible>
			</control>
			<control type="image">
				<posx>111</posx>
				<posy>115</posy>
				<width>80</width>
				<height>122</height>
				<texture fallback="case-sets.png">case$INFO[ListItem(-6).VideoResolution].png</texture>
				<animation reversible="false" effect="zoom" start="111,115,80,122" end="37,118,78,118" time="250">Hidden</animation>
				<visible>Container.Content(Movies) + Container(596).OnNext + !stringcompare(ListItem(-6).Label,..) + !Skin.HasSetting(HideMovieCase)</visible>
			</control>
			<control type="image">
				<posx>111</posx>
				<posy>115</posy>
				<width>80</width>
				<height>122</height>
				<texture>case-tv.png</texture>
				<animation reversible="false" effect="zoom" start="111,115,80,122" end="37,118,78,118" time="250">Hidden</animation>
				<visible>[Container.Content(TVShows) | Container.Content(Seasons)] + Container(596).OnNext + !stringcompare(ListItem(-6).Label,..) + !Skin.HasSetting(HideTVShowCase)</visible>
			</control>
			<control type="image">
				<posx>187</posx>
				<posy>120</posy>
				<width>76</width>
				<height>109</height>
				<texture background="true">$VAR[Icon(-5)Poster]</texture>
				<animation reversible="false" effect="zoom" start="187,120,76,109" end="111,124,74,105" time="250">Hidden</animation>
				<visible>Container(596).OnNext</visible>
			</control>
			<control type="image">
				<posx>187</posx>
				<posy>110</posy>
				<width>82</width>
				<height>127</height>
				<texture fallback="case-sets.png">case$INFO[ListItem(-5).VideoResolution].png</texture>
				<animation reversible="false" effect="zoom" start="187,110,82,127" end="111,115,80,122" time="250">Hidden</animation>
				<visible>Container.Content(Movies) + Container(596).OnNext + !stringcompare(ListItem(-5).Label,..) + !Skin.HasSetting(HideMovieCase)</visible>
			</control>
			<control type="image">
				<posx>187</posx>
				<posy>110</posy>
				<width>82</width>
				<height>127</height>
				<texture>case-tv.png</texture>
				<animation reversible="false" effect="zoom" start="187,110,82,127" end="111,115,80,122" time="250">Hidden</animation>
				<visible>[Container.Content(TVShows) | Container.Content(Seasons)] + Container(596).OnNext + !stringcompare(ListItem(-5).Label,..) + !Skin.HasSetting(HideTVShowCase)</visible>
			</control>
			<control type="image">
				<posx>265</posx>
				<posy>112</posy>
				<width>82</width>
				<height>116</height>
				<texture background="true">$VAR[Icon(-4)Poster]</texture>
				<animation reversible="false" effect="zoom" start="265,112,82,116" end="187,120,76,109" time="250">Hidden</animation>
				<visible>Container(596).OnNext</visible>
			</control>
			<control type="image">
				<posx>265</posx>
				<posy>102</posy>
				<width>88</width>
				<height>135</height>
				<texture fallback="case-sets.png">case$INFO[ListItem(-4).VideoResolution].png</texture>
				<animation reversible="false" effect="zoom" start="265,102,88,135" end="187,110,82,127" time="250">Hidden</animation>
				<visible>Container.Content(Movies) + Container(596).OnNext + !stringcompare(ListItem(-4).Label,..) + !Skin.HasSetting(HideMovieCase)</visible>
			</control>
			<control type="image">
				<posx>265</posx>
				<posy>102</posy>
				<width>88</width>
				<height>135</height>
				<texture>case-tv.png</texture>
				<animation reversible="false" effect="zoom" start="265,102,88,135" end="187,110,82,127" time="250">Hidden</animation>
				<visible>[Container.Content(TVShows) | Container.Content(Seasons)] + Container(596).OnNext + !stringcompare(ListItem(-4).Label,..) + !Skin.HasSetting(HideTVShowCase)</visible>
			</control>
			<control type="image">
				<posx>349</posx>
				<posy>96</posy>
				<width>93</width>
				<height>132</height>
				<texture background="true">$VAR[Icon(-3)Poster]</texture>
				<animation reversible="false" effect="zoom" start="349,96,93,132" end="265,112,82,116" time="250">Hidden</animation>
				<visible>Container(596).OnNext</visible>
			</control>
			<control type="image">
				<posx>349</posx>
				<posy>84</posy>
				<width>100</width>
				<height>154</height>
				<texture fallback="case-sets.png">case$INFO[ListItem(-3).VideoResolution].png</texture>
				<animation reversible="false" effect="zoom" start="349,84,100,154" end="265,102,88,135" time="250">Hidden</animation>
				<visible>Container.Content(Movies) + Container(596).OnNext + !stringcompare(ListItem(-3).Label,..) + !Skin.HasSetting(HideMovieCase)</visible>
			</control>
			<control type="image">
				<posx>349</posx>
				<posy>84</posy>
				<width>100</width>
				<height>154</height>
				<texture>case-tv.png</texture>
				<animation reversible="false" effect="zoom" start="349,84,100,154" end="265,102,88,135" time="250">Hidden</animation>
				<visible>[Container.Content(TVShows) | Container.Content(Seasons)] + Container(596).OnNext + !stringcompare(ListItem(-3).Label,..) + !Skin.HasSetting(HideTVShowCase)</visible>
			</control>
			<control type="image">
				<posx>444</posx>
				<posy>65</posy>
				<width>114</width>
				<height>162</height>
				<texture background="true">$VAR[Icon(-2)Poster]</texture>
				<animation reversible="false" effect="zoom" start="444,65,114,162" end="349,96,93,132" time="250">Hidden</animation>
				<visible>Container(596).OnNext</visible>
			</control>
			<control type="image">
				<posx>444</posx>
				<posy>50</posy>
				<width>122</width>
				<height>189</height>
				<texture fallback="case-sets.png">case$INFO[ListItem(-2).VideoResolution].png</texture>
				<animation reversible="false" effect="zoom" start="444,50,122,189" end="349,84,100,154" time="250">Hidden</animation>
				<visible>Container.Content(Movies) + Container(596).OnNext + !stringcompare(ListItem(-2).Label,..) + !Skin.HasSetting(HideMovieCase)</visible>
			</control>
			<control type="image">
				<posx>444</posx>
				<posy>50</posy>
				<width>122</width>
				<height>189</height>
				<texture>case-tv.png</texture>
				<animation reversible="false" effect="zoom" start="444,50,122,189" end="349,84,100,154" time="250">Hidden</animation>
				<visible>[Container.Content(TVShows) | Container.Content(Seasons)] + Container(596).OnNext + !stringcompare(ListItem(-2).Label,..) + !Skin.HasSetting(HideTVShowCase)</visible>
			</control>
			<control type="image">
				<posx>560</posx>
				<posy>12</posy>
				<width>150</width>
				<height>214</height>
				<texture background="true">$VAR[Icon(-1)Poster]</texture>
				<animation reversible="false" effect="zoom" start="560,12,150,214" end="444,65,114,162" time="250">Hidden</animation>
				<visible>Container(596).OnNext</visible>
			</control>
			<control type="image">
				<posx>560</posx>
				<posy>-6</posy>
				<width>160</width>
				<height>248</height>
				<texture fallback="case-sets.png">case$INFO[ListItem(-1).VideoResolution].png</texture>
				<animation reversible="false" effect="zoom" start="560,-6,160,248" end="444,50,122,189" time="250">Hidden</animation>
				<visible>Container.Content(Movies) + Container(596).OnNext + !stringcompare(ListItem(-1).Label,..) + !Skin.HasSetting(HideMovieCase)</visible>
			</control>
			<control type="image">
				<posx>560</posx>
				<posy>-6</posy>
				<width>160</width>
				<height>248</height>
				<texture>case-tv.png</texture>
				<animation reversible="false" effect="zoom" start="560,-6,160,248" end="444,50,122,189" time="250">Hidden</animation>
				<visible>[Container.Content(TVShows) | Container.Content(Seasons)] + Container(596).OnNext + !stringcompare(ListItem(-1).Label,..) + !Skin.HasSetting(HideTVShowCase)</visible>
			</control>
			<control type="image">
				<posx>712</posx>
				<posy>65</posy>
				<width>114</width>
				<height>162</height>
				<texture background="true">$VAR[Icon(0)Poster]</texture>
				<animation reversible="false" effect="zoom" start="712,65,114,162" end="560,12,150,214" time="250">Hidden</animation>
				<visible>Container(596).OnNext</visible>
			</control>
			<control type="image">
				<posx>712</posx>
				<posy>50</posy>
				<width>122</width>
				<height>189</height>
				<texture fallback="case-sets.png">case$INFO[ListItem(0).VideoResolution].png</texture>
				<animation reversible="false" effect="zoom" start="712,50,122,189" end="560,-6,160,248" time="250">Hidden</animation>
				<visible>Container.Content(Movies) + Container(596).OnNext + !stringcompare(ListItem(0).Label,..) + !Skin.HasSetting(HideMovieCase)</visible>
			</control>
			<control type="image">
				<posx>712</posx>
				<posy>50</posy>
				<width>122</width>
				<height>189</height>
				<texture>case-tv.png</texture>
				<animation reversible="false" effect="zoom" start="712,50,122,189" end="560,-6,160,248" time="250">Hidden</animation>
				<visible>[Container.Content(TVShows) | Container.Content(Seasons)] + Container(596).OnNext + !stringcompare(ListItem(0).Label,..) + !Skin.HasSetting(HideTVShowCase)</visible>
			</control>
			<control type="image">
				<posx>828</posx>
				<posy>96</posy>
				<width>93</width>
				<height>132</height>
				<texture background="true">$VAR[Icon(1)Poster]</texture>
				<animation reversible="false" effect="zoom" start="828,96,93,132" end="712,65,114,162" time="250">Hidden</animation>
				<visible>Container(596).OnNext</visible>
			</control>
			<control type="image">
				<posx>828</posx>
				<posy>84</posy>
				<width>100</width>
				<height>154</height>
				<texture fallback="case-sets.png">case$INFO[ListItem(1).VideoResolution].png</texture>
				<animation reversible="false" effect="zoom" start="828,84,100,154" end="712,50,122,189" time="250">Hidden</animation>
				<visible>Container.Content(Movies) + Container(596).OnNext + !stringcompare(ListItem(1).Label,..) + !Skin.HasSetting(HideMovieCase)</visible>
			</control>
			<control type="image">
				<posx>828</posx>
				<posy>84</posy>
				<width>100</width>
				<height>154</height>
				<texture>case-tv.png</texture>
				<animation reversible="false" effect="zoom" start="828,84,100,154" end="712,50,122,189" time="250">Hidden</animation>
				<visible>[Container.Content(TVShows) | Container.Content(Seasons)] + Container(596).OnNext + !stringcompare(ListItem(1).Label,..) + !Skin.HasSetting(HideTVShowCase)</visible>
			</control>
			<control type="image">
				<posx>924</posx>
				<posy>112</posy>
				<width>82</width>
				<height>116</height>
				<texture background="true">$VAR[Icon(2)Poster]</texture>
				<animation reversible="false" effect="zoom" start="924,112,82,116" end="828,96,93,132" time="250">Hidden</animation>
				<visible>Container(596).OnNext</visible>
			</control>
			<control type="image">
				<posx>924</posx>
				<posy>102</posy>
				<width>88</width>
				<height>135</height>
				<texture fallback="case-sets.png">case$INFO[ListItem(2).VideoResolution].png</texture>
				<animation reversible="false" effect="zoom" start="924,102,88,135" end="828,84,100,154" time="250">Hidden</animation>
				<visible>Container.Content(Movies) + Container(596).OnNext + !stringcompare(ListItem(2).Label,..) + !Skin.HasSetting(HideMovieCase)</visible>
			</control>
			<control type="image">
				<posx>924</posx>
				<posy>102</posy>
				<width>88</width>
				<height>135</height>
				<texture>case-tv.png</texture>
				<animation reversible="false" effect="zoom" start="924,102,88,135" end="828,84,100,154" time="250">Hidden</animation>
				<visible>[Container.Content(TVShows) | Container.Content(Seasons)] + Container(596).OnNext + !stringcompare(ListItem(2).Label,..) + !Skin.HasSetting(HideTVShowCase)</visible>
			</control>
			<control type="image">
				<posx>1008</posx>
				<posy>120</posy>
				<width>76</width>
				<height>109</height>
				<texture background="true">$VAR[Icon(3)Poster]</texture>
				<animation reversible="false" effect="zoom" start="1008,120,76,109" end="924,112,82,116" time="250">Hidden</animation>
				<visible>Container(596).OnNext</visible>
			</control>
			<control type="image">
				<posx>1008</posx>
				<posy>110</posy>
				<width>82</width>
				<height>127</height>
				<texture fallback="case-sets.png">case$INFO[ListItem(3).VideoResolution].png</texture>
				<animation reversible="false" effect="zoom" start="1008,110,82,127" end="924,102,88,135" time="250">Hidden</animation>
				<visible>Container.Content(Movies) + Container(596).OnNext + !stringcompare(ListItem(3).Label,..) + !Skin.HasSetting(HideMovieCase)</visible>
			</control>
			<control type="image">
				<posx>1008</posx>
				<posy>110</posy>
				<width>82</width>
				<height>127</height>
				<texture>case-tv.png</texture>
				<animation reversible="false" effect="zoom" start="1008,110,82,127" end="924,102,88,135" time="250">Hidden</animation>
				<visible>[Container.Content(TVShows) | Container.Content(Seasons)] + Container(596).OnNext + !stringcompare(ListItem(3).Label,..) + !Skin.HasSetting(HideTVShowCase)</visible>
			</control>
			<control type="image">
				<posx>1087</posx>
				<posy>124</posy>
				<width>74</width>
				<height>105</height>
				<texture background="true">$VAR[Icon(4)Poster]</texture>
				<animation reversible="false" effect="zoom" start="1087,124,74,105" end="1008,120,76,109" time="250">Hidden</animation>
				<visible>Container(596).OnNext</visible>
			</control>
			<control type="image">
				<posx>1087</posx>
				<posy>115</posy>
				<width>80</width>
				<height>122</height>
				<texture fallback="case-sets.png">case$INFO[ListItem(4).VideoResolution].png</texture>
				<animation reversible="false" effect="zoom" start="1087,115,80,122" end="1008,110,82,127" time="250">Hidden</animation>
				<visible>Container.Content(Movies) + Container(596).OnNext + !stringcompare(ListItem(4).Label,..) + !Skin.HasSetting(HideMovieCase)</visible>
			</control>
			<control type="image">
				<posx>1087</posx>
				<posy>115</posy>
				<width>80</width>
				<height>122</height>
				<texture>case-tv.png</texture>
				<animation reversible="false" effect="zoom" start="1087,115,80,122" end="1008,110,82,127" time="250">Hidden</animation>
				<visible>[Container.Content(TVShows) | Container.Content(Seasons)] + Container(596).OnNext + !stringcompare(ListItem(4).Label,..) + !Skin.HasSetting(HideTVShowCase)</visible>
			</control>
			<control type="image">
				<posx>1164</posx>
				<posy>127</posy>
				<width>73</width>
				<height>102</height>
				<texture background="true">$VAR[Icon(5)Poster]</texture>
				<animation reversible="false" effect="zoom" start="1164,127,73,102" end="1087,124,74,105" time="250">Hidden</animation>
				<visible>Container(596).OnNext</visible>
			</control>
			<control type="image">
				<posx>1164</posx>
				<posy>118</posy>
				<width>78</width>
				<height>118</height>
				<texture fallback="case-sets.png">case$INFO[ListItem(5).VideoResolution].png</texture>
				<animation reversible="false" effect="zoom" start="1164,118,78,118" end="1087,115,80,122" time="250">Hidden</animation>
				<visible>Container.Content(Movies) + Container(596).OnNext + !stringcompare(ListItem(5).Label,..) + !Skin.HasSetting(HideMovieCase)</visible>
			</control>
			<control type="image">
				<posx>1164</posx>
				<posy>118</posy>
				<width>78</width>
				<height>118</height>
				<texture>case-tv.png</texture>
				<animation reversible="false" effect="zoom" start="1164,118,78,118" end="1087,115,80,122" time="250">Hidden</animation>
				<visible>[Container.Content(TVShows) | Container.Content(Seasons)] + Container(596).OnNext + !stringcompare(ListItem(5).Label,..) + !Skin.HasSetting(HideTVShowCase)</visible>
			</control>
			<control type="image">
				<posx>1239</posx>
				<posy>129</posy>
				<width>71</width>
				<height>100</height>
				<texture background="true">$VAR[Icon(6)Poster]</texture>
				<animation reversible="false" effect="zoom" start="1239,129,71,100" end="1164,127,73,102" time="250">Hidden</animation>
				<visible>Container(596).OnNext</visible>
			</control>
			<control type="image">
				<posx>1239</posx>
				<posy>120</posy>
				<width>76</width>
				<height>116</height>
				<texture fallback="case-sets.png">case$INFO[ListItem(6).VideoResolution].png</texture>
				<animation reversible="false" effect="zoom" start="1239,120,76,116" end="1164,118,78,118" time="250">Hidden</animation>
				<visible>Container.Content(Movies) + Container(596).OnNext + !stringcompare(ListItem(6).Label,..) + !Skin.HasSetting(HideMovieCase)</visible>
			</control>
			<control type="image">
				<posx>1239</posx>
				<posy>120</posy>
				<width>76</width>
				<height>116</height>
				<texture>case-tv.png</texture>
				<animation reversible="false" effect="zoom" start="1239,120,76,116" end="1164,118,78,118" time="250">Hidden</animation>
				<visible>[Container.Content(TVShows) | Container.Content(Seasons)] + Container(596).OnNext + !stringcompare(ListItem(6).Label,..) + !Skin.HasSetting(HideTVShowCase)</visible>
			</control>
			<control type="image">
				<posx>1312</posx>
				<posy>129</posy>
				<width>70</width>
				<height>99</height>
				<texture background="true">$VAR[Icon(7)Poster]</texture>
				<animation reversible="false" effect="zoom" start="1312,129,70,99" end="1239,129,71,100" time="250">Hidden</animation>
				<visible>Container(596).OnNext</visible>
			</control>
			<control type="image">
				<posx>1312</posx>
				<posy>120</posy>
				<width>75</width>
				<height>115</height>
				<texture fallback="case-sets.png">case$INFO[ListItem(7).VideoResolution].png</texture>
				<animation reversible="false" effect="zoom" start="1312,120,75,115" end="1239,120,76,116" time="250">Hidden</animation>
				<visible>Container.Content(Movies) + Container(596).OnNext + !stringcompare(ListItem(7).Label,..) + !Skin.HasSetting(HideMovieCase)</visible>
			</control>
			<control type="image">
				<posx>1312</posx>
				<posy>120</posy>
				<width>75</width>
				<height>115</height>
				<texture>case-tv.png</texture>
				<animation reversible="false" effect="zoom" start="1312,120,75,115" end="1239,120,76,116" time="250">Hidden</animation>
				<visible>[Container.Content(TVShows) | Container.Content(Seasons)] + Container(596).OnNext + !stringcompare(ListItem(7).Label,..) + !Skin.HasSetting(HideTVShowCase)</visible>
			</control>
		</control>
		<control type="group" id="7004">
			<posx>0</posx>
			<posy>489</posy>
			<include>Window_OpenClose_Animation</include>
			<visible>Control.IsVisible(596) + Container.OnPrevious</visible>
			<animation effect="fade" start="100" end="100" time="250">Hidden</animation>
			<control type="image">
				<posx>-107</posx>
				<posy>129</posy>
				<width>70</width>
				<height>99</height>
				<texture background="true">$VAR[Icon(-7)Poster]</texture>
				<animation reversible="false" effect="zoom" start="-107,129,70,99" end="-35,129,71,100" time="250">Hidden</animation>
				<visible>Container(596).OnPrevious</visible>
			</control>
			<control type="image">
				<posx>-107</posx>
				<posy>120</posy>
				<width>75</width>
				<height>115</height>
				<texture fallback="case-sets.png">case$INFO[ListItem(-7).VideoResolution].png</texture>
				<animation reversible="false" effect="zoom" start="-107,120,75,115" end="-35,120,76,116" time="250">Hidden</animation>
				<visible>Container.Content(Movies) + Container(596).OnPrevious + !stringcompare(ListItem(-7).Label,..) + !Skin.HasSetting(HideMovieCase)</visible>
			</control>
			<control type="image">
				<posx>-107</posx>
				<posy>120</posy>
				<width>75</width>
				<height>115</height>
				<texture>case-tv.png</texture>
				<animation reversible="false" effect="zoom" start="-107,120,75,115" end="-35,120,76,116" time="250">Hidden</animation>
				<visible>[Container.Content(TVShows) | Container.Content(Seasons)] + Container(596).OnPrevious + !stringcompare(ListItem(-7).Label,..) + !Skin.HasSetting(HideTVShowCase)</visible>
			</control>
			<control type="image">
				<posx>-35</posx>
				<posy>129</posy>
				<width>71</width>
				<height>100</height>
				<texture background="true">$VAR[Icon(-6)Poster]</texture>
				<animation reversible="false" effect="zoom" start="-35,129,71,100" end="37,127,73,102" time="250">Hidden</animation>
				<visible>Container(596).OnPrevious</visible>
			</control>
			<control type="image">
				<posx>-35</posx>
				<posy>120</posy>
				<width>76</width>
				<height>116</height>
				<texture fallback="case-sets.png">case$INFO[ListItem(-6).VideoResolution].png</texture>
				<animation reversible="false" effect="zoom" start="-35,120,76,116" end="37,118,78,118" time="250">Hidden</animation>
				<visible>Container.Content(Movies) + Container(596).OnPrevious + !stringcompare(ListItem(-6).Label,..) + !Skin.HasSetting(HideMovieCase)</visible>
			</control>
			<control type="image">
				<posx>-35</posx>
				<posy>120</posy>
				<width>76</width>
				<height>116</height>
				<texture>case-tv.png</texture>
				<animation reversible="false" effect="zoom" start="-35,120,76,116" end="37,118,78,118" time="250">Hidden</animation>
				<visible>[Container.Content(TVShows) | Container.Content(Seasons)] + Container(596).OnPrevious + !stringcompare(ListItem(-6).Label,..) + !Skin.HasSetting(HideTVShowCase)</visible>
			</control>
			<control type="image">
				<posx>37</posx>
				<posy>127</posy>
				<width>73</width>
				<height>102</height>
				<texture background="true">$VAR[Icon(-5)Poster]</texture>
				<animation reversible="false" effect="zoom" start="37,127,73,102" end="111,124,74,105" time="250">Hidden</animation>
				<visible>Container(596).OnPrevious</visible>
			</control>
			<control type="image">
				<posx>37</posx>
				<posy>118</posy>
				<width>78</width>
				<height>118</height>
				<texture fallback="case-sets.png">case$INFO[ListItem(-5).VideoResolution].png</texture>
				<animation reversible="false" effect="zoom" start="37,118,78,118" end="111,115,80,122" time="250">Hidden</animation>
				<visible>Container.Content(Movies) + Container(596).OnPrevious + !stringcompare(ListItem(-5).Label,..) + !Skin.HasSetting(HideMovieCase)</visible>
			</control>
			<control type="image">
				<posx>37</posx>
				<posy>118</posy>
				<width>78</width>
				<height>118</height>
				<texture>case-tv.png</texture>
				<animation reversible="false" effect="zoom" start="37,118,78,118" end="111,115,80,122" time="250">Hidden</animation>
				<visible>[Container.Content(TVShows) | Container.Content(Seasons)] + Container(596).OnPrevious + !stringcompare(ListItem(-5).Label,..) + !Skin.HasSetting(HideTVShowCase)</visible>
			</control>
			<control type="image">
				<posx>111</posx>
				<posy>124</posy>
				<width>74</width>
				<height>105</height>
				<texture background="true">$VAR[Icon(-4)Poster]</texture>
				<animation reversible="false" effect="zoom" start="111,124,74,105" end="187,120,76,109" time="250">Hidden</animation>
				<visible>Container(596).OnPrevious</visible>
			</control>
			<control type="image">
				<posx>111</posx>
				<posy>115</posy>
				<width>80</width>
				<height>122</height>
				<texture fallback="case-sets.png">case$INFO[ListItem(-4).VideoResolution].png</texture>
				<animation reversible="false" effect="zoom" start="111,115,80,122" end="187,110,82,127" time="250">Hidden</animation>
				<visible>Container.Content(Movies) + Container(596).OnPrevious + !stringcompare(ListItem(-4).Label,..) + !Skin.HasSetting(HideMovieCase)</visible>
			</control>
			<control type="image">
				<posx>111</posx>
				<posy>115</posy>
				<width>80</width>
				<height>122</height>
				<texture>case-tv.png</texture>
				<animation reversible="false" effect="zoom" start="111,115,80,122" end="187,110,82,127" time="250">Hidden</animation>
				<visible>[Container.Content(TVShows) | Container.Content(Seasons)] + Container(596).OnPrevious + !stringcompare(ListItem(-4).Label,..) + !Skin.HasSetting(HideTVShowCase)</visible>
			</control>
			<control type="image">
				<posx>187</posx>
				<posy>120</posy>
				<width>76</width>
				<height>109</height>
				<texture background="true">$VAR[Icon(-3)Poster]</texture>
				<animation reversible="false" effect="zoom" start="187,120,76,109" end="265,112,82,116" time="250">Hidden</animation>
				<visible>Container(596).OnPrevious</visible>
			</control>
			<control type="image">
				<posx>187</posx>
				<posy>110</posy>
				<width>82</width>
				<height>127</height>
				<texture fallback="case-sets.png">case$INFO[ListItem(-3).VideoResolution].png</texture>
				<animation reversible="false" effect="zoom" start="187,110,82,127" end="265,102,88,135" time="250">Hidden</animation>
				<visible>Container.Content(Movies) + Container(596).OnPrevious + !stringcompare(ListItem(-3).Label,..) + !Skin.HasSetting(HideMovieCase)</visible>
			</control>
			<control type="image">
				<posx>187</posx>
				<posy>110</posy>
				<width>82</width>
				<height>127</height>
				<texture>case-tv.png</texture>
				<animation reversible="false" effect="zoom" start="187,110,82,127" end="265,102,88,135" time="250">Hidden</animation>
				<visible>[Container.Content(TVShows) | Container.Content(Seasons)] + Container(596).OnPrevious + !stringcompare(ListItem(-2).Label,..) + !Skin.HasSetting(HideTVShowCase)</visible>
			</control>
			<control type="image">
				<posx>265</posx>
				<posy>112</posy>
				<width>82</width>
				<height>116</height>
				<texture background="true">$VAR[Icon(-2)Poster]</texture>
				<animation reversible="false" effect="zoom" start="265,112,82,116" end="349,96,93,132" time="250">Hidden</animation>
				<visible>Container(596).OnPrevious</visible>
			</control>
			<control type="image">
				<posx>265</posx>
				<posy>102</posy>
				<width>88</width>
				<height>135</height>
				<texture fallback="case-sets.png">case$INFO[ListItem(-2).VideoResolution].png</texture>
				<animation reversible="false" effect="zoom" start="265,102,88,135" end="349,84,100,154" time="250">Hidden</animation>
				<visible>Container.Content(Movies) + Container(596).OnPrevious + !stringcompare(ListItem(-2).Label,..) + !Skin.HasSetting(HideMovieCase)</visible>
			</control>
			<control type="image">
				<posx>265</posx>
				<posy>102</posy>
				<width>88</width>
				<height>135</height>
				<texture>case-tv.png</texture>
				<animation reversible="false" effect="zoom" start="265,102,88,135" end="349,84,100,154" time="250">Hidden</animation>
				<visible>[Container.Content(TVShows) | Container.Content(Seasons)] + Container(596).OnPrevious + !stringcompare(ListItem(-2).Label,..) + !Skin.HasSetting(HideTVShowCase)</visible>
			</control>
			<control type="image">
				<posx>349</posx>
				<posy>96</posy>
				<width>93</width>
				<height>132</height>
				<texture background="true">$VAR[Icon(-1)Poster]</texture>
				<animation reversible="false" effect="zoom" start="349,96,93,132" end="444,65,114,162" time="250">Hidden</animation>
				<visible>Container(596).OnPrevious</visible>
			</control>
			<control type="image">
				<posx>349</posx>
				<posy>84</posy>
				<width>100</width>
				<height>154</height>
				<texture fallback="case-sets.png">case$INFO[ListItem(-1).VideoResolution].png</texture>
				<animation reversible="false" effect="zoom" start="349,84,100,154" end="444,50,122,189" time="250">Hidden</animation>
				<visible>Container.Content(Movies) + Container(596).OnPrevious + !stringcompare(ListItem(-1).Label,..) + !Skin.HasSetting(HideMovieCase)</visible>
			</control>
			<control type="image">
				<posx>349</posx>
				<posy>84</posy>
				<width>100</width>
				<height>154</height>
				<texture>case-tv.png</texture>
				<animation reversible="false" effect="zoom" start="349,84,100,154" end="444,50,122,189" time="250">Hidden</animation>
				<visible>[Container.Content(TVShows) | Container.Content(Seasons)] + Container(596).OnPrevious + !stringcompare(ListItem(-1).Label,..) + !Skin.HasSetting(HideTVShowCase)</visible>
			</control>
			<control type="image">
				<posx>444</posx>
				<posy>65</posy>
				<width>114</width>
				<height>162</height>
				<texture background="true">$VAR[Icon(0)Poster]</texture>
				<animation reversible="false" effect="zoom" start="444,65,114,162" end="560,12,150,214" time="250">Hidden</animation>
				<visible>Container(596).OnPrevious</visible>
			</control>
			<control type="image">
				<posx>444</posx>
				<posy>50</posy>
				<width>122</width>
				<height>189</height>
				<texture fallback="case-sets.png">case$INFO[ListItem(0).VideoResolution].png</texture>
				<animation reversible="false" effect="zoom" start="444,50,122,189" end="560,-6,160,248" time="250">Hidden</animation>
				<visible>Container.Content(Movies) + Container(596).OnPrevious + !stringcompare(ListItem(0).Label,..) + !Skin.HasSetting(HideMovieCase)</visible>
			</control>
			<control type="image">
				<posx>444</posx>
				<posy>50</posy>
				<width>122</width>
				<height>189</height>
				<texture>case-tv.png</texture>
				<animation reversible="false" effect="zoom" start="444,50,122,189" end="560,-6,160,248" time="250">Hidden</animation>
				<visible>[Container.Content(TVShows) | Container.Content(Seasons)] + Container(596).OnPrevious + !stringcompare(ListItem(0).Label,..) + !Skin.HasSetting(HideTVShowCase)</visible>
			</control>
			<control type="image">
				<posx>560</posx>
				<posy>12</posy>
				<width>150</width>
				<height>214</height>
				<texture background="true">$VAR[Icon(1)Poster]</texture>
				<animation reversible="false" effect="zoom" start="560,12,150,214" end="712,65,114,162" time="250">Hidden</animation>
				<visible>Container(596).OnPrevious</visible>
			</control>
			<control type="image">
				<posx>560</posx>
				<posy>-6</posy>
				<width>160</width>
				<height>248</height>
				<texture fallback="case-sets.png">case$INFO[ListItem(1).VideoResolution].png</texture>
				<animation reversible="false" effect="zoom" start="560,-6,160,248" end="712,50,122,189" time="250">Hidden</animation>
				<visible>Container.Content(Movies) + Container(596).OnPrevious + !stringcompare(ListItem(1).Label,..) + !Skin.HasSetting(HideMovieCase)</visible>
			</control>
			<control type="image">
				<posx>560</posx>
				<posy>-6</posy>
				<width>160</width>
				<height>248</height>
				<texture>case-tv.png</texture>
				<animation reversible="false" effect="zoom" start="560,-6,160,248" end="712,50,122,189" time="250">Hidden</animation>
				<visible>[Container.Content(TVShows) | Container.Content(Seasons)] + Container(596).OnPrevious + !stringcompare(ListItem(1).Label,..) + !Skin.HasSetting(HideTVShowCase)</visible>
			</control>
			<control type="image">
				<posx>712</posx>
				<posy>65</posy>
				<width>114</width>
				<height>162</height>
				<texture background="true">$VAR[Icon(2)Poster]</texture>
				<animation reversible="false" effect="zoom" start="712,65,114,162" end="828,96,93,132" time="250">Hidden</animation>
				<visible>Container(596).OnPrevious</visible>
			</control>
			<control type="image">
				<posx>712</posx>
				<posy>50</posy>
				<width>122</width>
				<height>189</height>
				<texture fallback="case-sets.png">case$INFO[ListItem(2).VideoResolution].png</texture>
				<animation reversible="false" effect="zoom" start="712,50,122,189" end="828,84,100,154" time="250">Hidden</animation>
				<visible>Container.Content(Movies) + Container(596).OnPrevious + !stringcompare(ListItem(2).Label,..) + !Skin.HasSetting(HideMovieCase)</visible>
			</control>
			<control type="image">
				<posx>712</posx>
				<posy>50</posy>
				<width>122</width>
				<height>189</height>
				<texture>case-tv.png</texture>
				<animation reversible="false" effect="zoom" start="712,50,122,189" end="828,84,100,154" time="250">Hidden</animation>
				<visible>[Container.Content(TVShows) | Container.Content(Seasons)] + Container(596).OnPrevious + !stringcompare(ListItem(2).Label,..) + !Skin.HasSetting(HideTVShowCase)</visible>
			</control>
			<control type="image">
				<posx>828</posx>
				<posy>96</posy>
				<width>93</width>
				<height>132</height>
				<texture background="true">$VAR[Icon(3)Poster]</texture>
				<animation reversible="false" effect="zoom" start="828,96,93,132" end="924,112,82,116" time="250">Hidden</animation>
				<visible>Container(596).OnPrevious</visible>
			</control>
			<control type="image">
				<posx>828</posx>
				<posy>84</posy>
				<width>100</width>
				<height>154</height>
				<texture fallback="case-sets.png">case$INFO[ListItem(3).VideoResolution].png</texture>
				<animation reversible="false" effect="zoom" start="828,84,100,154" end="924,102,88,135" time="250">Hidden</animation>
				<visible>Container.Content(Movies) + Container(596).OnPrevious + !stringcompare(ListItem(3).Label,..) + !Skin.HasSetting(HideMovieCase)</visible>
			</control>
			<control type="image">
				<posx>828</posx>
				<posy>84</posy>
				<width>100</width>
				<height>154</height>
				<texture>case-tv.png</texture>
				<animation reversible="false" effect="zoom" start="828,84,100,154" end="924,102,88,135" time="250">Hidden</animation>
				<visible>[Container.Content(TVShows) | Container.Content(Seasons)] + Container(596).OnPrevious + !stringcompare(ListItem(3).Label,..) + !Skin.HasSetting(HideTVShowCase)</visible>
			</control>
			<control type="image">
				<posx>924</posx>
				<posy>112</posy>
				<width>82</width>
				<height>116</height>
				<texture background="true">$VAR[Icon(4)Poster]</texture>
				<animation reversible="false" effect="zoom" start="924,112,82,116" end="1008,120,76,109" time="250">Hidden</animation>
				<visible>Container(596).OnPrevious</visible>
			</control>
			<control type="image">
				<posx>924</posx>
				<posy>102</posy>
				<width>88</width>
				<height>135</height>
				<texture fallback="case-sets.png">case$INFO[ListItem(4).VideoResolution].png</texture>
				<animation reversible="false" effect="zoom" start="924,102,88,135" end="1008,110,82,127" time="250">Hidden</animation>
				<visible>Container.Content(Movies) + Container(596).OnPrevious + !stringcompare(ListItem(4).Label,..) + !Skin.HasSetting(HideMovieCase)</visible>
			</control>
			<control type="image">
				<posx>924</posx>
				<posy>102</posy>
				<width>88</width>
				<height>135</height>
				<texture>case-tv.png</texture>
				<animation reversible="false" effect="zoom" start="924,102,88,135" end="1008,110,82,127" time="250">Hidden</animation>
				<visible>[Container.Content(TVShows) | Container.Content(Seasons)] + Container(596).OnPrevious + !stringcompare(ListItem(4).Label,..) + !Skin.HasSetting(HideTVShowCase)</visible>
			</control>
			<control type="image">
				<posx>1008</posx>
				<posy>120</posy>
				<width>76</width>
				<height>109</height>
				<texture background="true">$VAR[Icon(5)Poster]</texture>
				<animation reversible="false" effect="zoom" start="1008,120,76,109" end="1087,124,74,105" time="250">Hidden</animation>
				<visible>Container(596).OnPrevious</visible>
			</control>
			<control type="image">
				<posx>1008</posx>
				<posy>110</posy>
				<width>82</width>
				<height>127</height>
				<texture fallback="case-sets.png">case$INFO[ListItem(5).VideoResolution].png</texture>
				<animation reversible="false" effect="zoom" start="1008,110,82,127" end="1087,115,80,122" time="250">Hidden</animation>
				<visible>Container.Content(Movies) + Container(596).OnPrevious + !stringcompare(ListItem(5).Label,..) + !Skin.HasSetting(HideMovieCase)</visible>
			</control>
			<control type="image">
				<posx>1008</posx>
				<posy>110</posy>
				<width>82</width>
				<height>127</height>
				<texture>case-tv.png</texture>
				<animation reversible="false" effect="zoom" start="1008,110,82,127" end="1087,115,80,122" time="250">Hidden</animation>
				<visible>[Container.Content(TVShows) | Container.Content(Seasons)] + Container(596).OnPrevious + !stringcompare(ListItem(5).Label,..) + !Skin.HasSetting(HideTVShowCase)</visible>
			</control>
			<control type="image">
				<posx>1087</posx>
				<posy>124</posy>
				<width>74</width>
				<height>105</height>
				<texture background="true">$VAR[Icon(6)Poster]</texture>
				<animation reversible="false" effect="zoom" start="1087,124,74,105" end="1164,127,73,102" time="250">Hidden</animation>
				<visible>Container(596).OnPrevious</visible>
			</control>
			<control type="image">
				<posx>1087</posx>
				<posy>115</posy>
				<width>80</width>
				<height>122</height>
				<texture fallback="case-sets.png">case$INFO[ListItem(6).VideoResolution].png</texture>
				<animation reversible="false" effect="zoom" start="1087,115,80,122" end="1164,118,78,118" time="250">Hidden</animation>
				<visible>Container.Content(Movies) + Container(596).OnPrevious + !stringcompare(ListItem(6).Label,..) + !Skin.HasSetting(HideMovieCase)</visible>
			</control>
			<control type="image">
				<posx>1087</posx>
				<posy>115</posy>
				<width>80</width>
				<height>122</height>
				<texture>case-tv.png</texture>
				<animation reversible="false" effect="zoom" start="1087,115,80,122" end="1164,118,78,118" time="250">Hidden</animation>
				<visible>[Container.Content(TVShows) | Container.Content(Seasons)] + Container(596).OnPrevious + !stringcompare(ListItem(6).Label,..) + !Skin.HasSetting(HideTVShowCase)</visible>
			</control>
			<control type="image">
				<posx>1164</posx>
				<posy>127</posy>
				<width>73</width>
				<height>102</height>
				<texture background="true">$VAR[Icon(7)Poster]</texture>
				<animation reversible="false" effect="zoom" start="1164,127,73,102" end="1239,129,71,100" time="250">Hidden</animation>
				<visible>Container(596).OnPrevious</visible>
			</control>
			<control type="image">
				<posx>1164</posx>
				<posy>118</posy>
				<width>78</width>
				<height>118</height>
				<texture fallback="case-sets.png">case$INFO[ListItem(7).VideoResolution].png</texture>
				<animation reversible="false" effect="zoom" start="1164,118,78,118" end="1239,120,76,116" time="250">Hidden</animation>
				<visible>Container.Content(Movies) + Container(596).OnPrevious + !stringcompare(ListItem(7).Label,..) + !Skin.HasSetting(HideMovieCase)</visible>
			</control>
			<control type="image">
				<posx>1164</posx>
				<posy>118</posy>
				<width>78</width>
				<height>118</height>
				<texture>case-tv.png</texture>
				<animation reversible="false" effect="zoom" start="1164,118,78,118" end="1239,120,76,116" time="250">Hidden</animation>
				<visible>[Container.Content(TVShows) | Container.Content(Seasons)] + Container(596).OnPrevious + !stringcompare(ListItem(7).Label,..) + !Skin.HasSetting(HideTVShowCase)</visible>
			</control>
			<control type="image">
				<posx>1239</posx>
				<posy>129</posy>
				<width>71</width>
				<height>100</height>
				<texture background="true">$VAR[Icon(8)Poster]</texture>
				<animation reversible="false" effect="zoom" start="1239,129,71,100" end="1310,129,70,99" time="250">Hidden</animation>
				<visible>Container(596).OnPrevious</visible>
			</control>
			<control type="image">
				<posx>1239</posx>
				<posy>120</posy>
				<width>76</width>
				<height>116</height>
				<texture fallback="case-sets.png">case$INFO[ListItem(8).VideoResolution].png</texture>
				<animation reversible="false" effect="zoom" start="1239,120,76,116" end="1315,120,75,115" time="250">Hidden</animation>
				<visible>Container.Content(Movies) + Container(596).OnPrevious + !stringcompare(ListItem(8).Label,..) + !Skin.HasSetting(HideMovieCase)</visible>
			</control>
			<control type="image">
				<posx>1239</posx>
				<posy>120</posy>
				<width>76</width>
				<height>116</height>
				<texture>case-tv.png</texture>
				<animation reversible="false" effect="zoom" start="1239,120,76,116" end="1315,120,75,115" time="250">Hidden</animation>
				<visible>[Container.Content(TVShows) | Container.Content(Seasons)] + Container(596).OnPrevious + !stringcompare(ListItem(8).Label,..) + !Skin.HasSetting(HideTVShowCase)</visible>
			</control>
		</control>
		<control type="group">
			<posx>0</posx>
			<posy>489</posy>
			<visible>Control.IsVisible(596) + !Control.IsVisible(7003) + !Control.IsVisible(7004)</visible>
			<control type="group">
				<include>Window_OpenClose_Visible_Slide(-7)_Animation</include>
				<control type="image">
					<posx>-35</posx>
					<posy>129</posy>
					<width>71</width>
					<height>100</height>
					<texture background="true">$VAR[Icon(-7)Poster]</texture>
				</control>
				<control type="image">
					<posx>-35</posx>
					<posy>120</posy>
					<width>76</width>
					<height>116</height>
					<texture fallback="case-sets.png">case$INFO[ListItem(-7).VideoResolution].png</texture>
					<visible>Container.Content(Movies) + !stringcompare(ListItem(-7).Label,..) + !Skin.HasSetting(HideMovieCase)</visible>
				</control>
				<control type="image">
					<posx>-35</posx>
					<posy>120</posy>
					<width>76</width>
					<height>116</height>
					<texture>case-tv.png</texture>
					<visible>[Container.Content(TVShows) | Container.Content(Seasons)] + !stringcompare(ListItem(-7).Label,..) + !Skin.HasSetting(HideTVShowCase)</visible>
				</control>
			</control>
			<control type="group">
				<include>Window_OpenClose_Visible_Slide(-6)_Animation</include>
				<control type="image">
					<posx>37</posx>
					<posy>127</posy>
					<width>73</width>
					<height>102</height>
					<texture background="true">$VAR[Icon(-6)Poster]</texture>
				</control>
				<control type="image">
					<posx>37</posx>
					<posy>118</posy>
					<width>78</width>
					<height>118</height>
					<texture fallback="case-sets.png">case$INFO[ListItem(-6).VideoResolution].png</texture>
					<visible>Container.Content(Movies) + !stringcompare(ListItem(-6).Label,..) + !Skin.HasSetting(HideMovieCase)</visible>
				</control>
				<control type="image">
					<posx>37</posx>
					<posy>118</posy>
					<width>78</width>
					<height>118</height>
					<texture>case-tv.png</texture>
					<visible>[Container.Content(TVShows) | Container.Content(Seasons)] + !stringcompare(ListItem(-6).Label,..) + !Skin.HasSetting(HideTVShowCase)</visible>
				</control>
			</control>
			<control type="group">
				<include>Window_OpenClose_Visible_Slide(-5)_Animation</include>
				<control type="image">
					<posx>111</posx>
					<posy>124</posy>
					<width>74</width>
					<height>105</height>
					<texture background="true">$VAR[Icon(-5)Poster]</texture>
				</control>
				<control type="image">
					<posx>111</posx>
					<posy>115</posy>
					<width>80</width>
					<height>122</height>
					<texture fallback="case-sets.png">case$INFO[ListItem(-5).VideoResolution].png</texture>
					<visible>Container.Content(Movies) + !stringcompare(ListItem(-5).Label,..) + !Skin.HasSetting(HideMovieCase)</visible>
				</control>
				<control type="image">
					<posx>111</posx>
					<posy>115</posy>
					<width>80</width>
					<height>122</height>
					<texture>case-tv.png</texture>
					<visible>[Container.Content(TVShows) | Container.Content(Seasons)] + !stringcompare(ListItem(-5).Label,..) + !Skin.HasSetting(HideTVShowCase)</visible>
				</control>
			</control>
			<control type="group">
				<include>Window_OpenClose_Visible_Slide(-4)_Animation</include>
				<control type="image">
					<posx>187</posx>
					<posy>120</posy>
					<width>76</width>
					<height>109</height>
					<texture background="true">$VAR[Icon(-4)Poster]</texture>
				</control>
				<control type="image">
					<posx>187</posx>
					<posy>110</posy>
					<width>82</width>
					<height>127</height>
					<texture fallback="case-sets.png">case$INFO[ListItem(-4).VideoResolution].png</texture>
					<visible>Container.Content(Movies) + !stringcompare(ListItem(-4).Label,..) + !Skin.HasSetting(HideMovieCase)</visible>
				</control>
				<control type="image">
					<posx>187</posx>
					<posy>110</posy>
					<width>82</width>
					<height>127</height>
					<texture>case-tv.png</texture>
					<visible>[Container.Content(TVShows) | Container.Content(Seasons)] + !stringcompare(ListItem(-4).Label,..) + !Skin.HasSetting(HideTVShowCase)</visible>
				</control>
			</control>
			<control type="group">
				<include>Window_OpenClose_Visible_Slide(-3)_Animation</include>
				<control type="image">
					<posx>265</posx>
					<posy>112</posy>
					<width>82</width>
					<height>116</height>
					<texture background="true">$VAR[Icon(-3)Poster]</texture>
				</control>
				<control type="image">
					<posx>265</posx>
					<posy>102</posy>
					<width>88</width>
					<height>135</height>
					<texture fallback="case-sets.png">case$INFO[ListItem(-3).VideoResolution].png</texture>
					<visible>Container.Content(Movies) + !stringcompare(ListItem(-3).Label,..) + !Skin.HasSetting(HideMovieCase)</visible>
				</control>
				<control type="image">
					<posx>265</posx>
					<posy>102</posy>
					<width>88</width>
					<height>135</height>
					<texture>case-tv.png</texture>
					<visible>[Container.Content(TVShows) | Container.Content(Seasons)] + !stringcompare(ListItem(-3).Label,..) + !Skin.HasSetting(HideTVShowCase)</visible>
				</control>
			</control>
			<control type="group">
				<include>Window_OpenClose_Visible_Slide(-2)_Animation</include>
				<control type="image">
					<posx>349</posx>
					<posy>96</posy>
					<width>93</width>
					<height>132</height>
					<texture background="true">$VAR[Icon(-2)Poster]</texture>
				</control>
				<control type="image">
					<posx>349</posx>
					<posy>84</posy>
					<width>100</width>
					<height>154</height>
					<texture fallback="case-sets.png">case$INFO[ListItem(-2).VideoResolution].png</texture>
					<visible>Container.Content(Movies) + !stringcompare(ListItem(-2).Label,..) + !Skin.HasSetting(HideMovieCase)</visible>
				</control>
				<control type="image">
					<posx>349</posx>
					<posy>84</posy>
					<width>100</width>
					<height>154</height>
					<texture>case-tv.png</texture>
					<visible>[Container.Content(TVShows) | Container.Content(Seasons)] + !stringcompare(ListItem(-2).Label,..) + !Skin.HasSetting(HideTVShowCase)</visible>
				</control>
			</control>
			<control type="group">
				<include>Window_OpenClose_Visible_Slide(-1)_Animation</include>
				<control type="image">
					<posx>444</posx>
					<posy>65</posy>
					<width>114</width>
					<height>162</height>
					<texture background="true">$VAR[Icon(-1)Poster]</texture>
				</control>
				<control type="image">
					<posx>444</posx>
					<posy>50</posy>
					<width>122</width>
					<height>189</height>
					<texture fallback="case-sets.png">case$INFO[ListItem(-1).VideoResolution].png</texture>
					<visible>Container.Content(Movies) + !stringcompare(ListItem(-1).Label,..) + !Skin.HasSetting(HideMovieCase)</visible>
				</control>
				<control type="image">
					<posx>444</posx>
					<posy>50</posy>
					<width>122</width>
					<height>189</height>
					<texture>case-tv.png</texture>
					<visible>[Container.Content(TVShows) | Container.Content(Seasons)] + !stringcompare(ListItem(-1).Label,..) + !Skin.HasSetting(HideTVShowCase)</visible>
				</control>
			</control>
			<control type="group">
				<include>Window_OpenClose_Visible_Slide(0)_Animation</include>
				<control type="image">
					<posx>560</posx>
					<posy>12</posy>
					<width>150</width>
					<height>214</height>
					<texture background="true">$VAR[Icon(0)Poster]</texture>
				</control>
				<control type="image">
					<posx>560</posx>
					<posy>-6</posy>
					<width>160</width>
					<height>248</height>
					<texture fallback="case-sets.png">case$INFO[ListItem(0).VideoResolution].png</texture>
					<visible>Container.Content(Movies) + Container.Content(Movies) + !stringcompare(ListItem(0).Label,..) + !Skin.HasSetting(HideMovieCase)</visible>
				</control>
				<control type="image">
					<posx>560</posx>
					<posy>-6</posy>
					<width>160</width>
					<height>248</height>
					<texture>case-tv.png</texture>
					<visible>[Container.Content(TVShows) | Container.Content(Seasons)] + !stringcompare(ListItem(0).Label,..) + !Skin.HasSetting(HideTVShowCase)</visible>
				</control>
				<control type="image">
					<posx>658</posx>
					<posy>194</posy>
					<width>44</width>
					<height>26</height>
					<texture>movieset.png</texture>
					<visible>Container.Content(Movies) + ListItem.IsFolder + !stringcompare(ListItem.Label,..) + SubString(Container.FolderPath,plugin://,left)</visible>
				</control>
			</control>
			<control type="group">
				<include>Window_OpenClose_Visible_Slide(1)_Animation</include>
				<control type="image">
					<posx>712</posx>
					<posy>65</posy>
					<width>114</width>
					<height>162</height>
					<texture background="true">$VAR[Icon(1)Poster]</texture>
				</control>
				<control type="image">
					<posx>712</posx>
					<posy>50</posy>
					<width>122</width>
					<height>189</height>
					<texture fallback="case-sets.png">case$INFO[ListItem(1).VideoResolution].png</texture>
					<visible>Container.Content(Movies) + !stringcompare(ListItem(1).Label,..) + !Skin.HasSetting(HideMovieCase)</visible>
				</control>
				<control type="image">
					<posx>712</posx>
					<posy>50</posy>
					<width>122</width>
					<height>189</height>
					<texture>case-tv.png</texture>
					<visible>[Container.Content(TVShows) | Container.Content(Seasons)] + !stringcompare(ListItem(1).Label,..) + !Skin.HasSetting(HideTVShowCase)</visible>
				</control>
			</control>
			<control type="group">
				<include>Window_OpenClose_Visible_Slide(2)_Animation</include>
				<control type="image">
					<posx>828</posx>
					<posy>96</posy>
					<width>93</width>
					<height>132</height>
					<texture background="true">$VAR[Icon(2)Poster]</texture>
				</control>
				<control type="image">
					<posx>828</posx>
					<posy>84</posy>
					<width>100</width>
					<height>154</height>
					<texture fallback="case-sets.png">case$INFO[ListItem(2).VideoResolution].png</texture>
					<visible>Container.Content(Movies) + !stringcompare(ListItem(2).Label,..) + !Skin.HasSetting(HideMovieCase)</visible>
				</control>
				<control type="image">
					<posx>828</posx>
					<posy>84</posy>
					<width>100</width>
					<height>154</height>
					<texture>case-tv.png</texture>
					<visible>[Container.Content(TVShows) | Container.Content(Seasons)] + !stringcompare(ListItem(2).Label,..) + !Skin.HasSetting(HideTVShowCase)</visible>
				</control>
			</control>
			<control type="group">
				<include>Window_OpenClose_Visible_Slide(3)_Animation</include>
				<control type="image">
					<posx>924</posx>
					<posy>112</posy>
					<width>82</width>
					<height>116</height>
					<texture background="true">$VAR[Icon(3)Poster]</texture>
				</control>
				<control type="image">
					<posx>924</posx>
					<posy>102</posy>
					<width>88</width>
					<height>135</height>
					<texture fallback="case-sets.png">case$INFO[ListItem(3).VideoResolution].png</texture>
					<visible>Container.Content(Movies) + !stringcompare(ListItem(3).Label,..) + !Skin.HasSetting(HideMovieCase)</visible>
				</control>
				<control type="image">
					<posx>924</posx>
					<posy>102</posy>
					<width>88</width>
					<height>135</height>
					<texture>case-tv.png</texture>
					<visible>[Container.Content(TVShows) | Container.Content(Seasons)] + !stringcompare(ListItem(3).Label,..) + !Skin.HasSetting(HideTVShowCase)</visible>
				</control>
			</control>
			<control type="group">
				<include>Window_OpenClose_Visible_Slide(4)_Animation</include>
				<control type="image">
					<posx>1008</posx>
					<posy>120</posy>
					<width>76</width>
					<height>109</height>
					<texture background="true">$VAR[Icon(4)Poster]</texture>
				</control>
				<control type="image">
					<posx>1008</posx>
					<posy>110</posy>
					<width>82</width>
					<height>127</height>
					<texture fallback="case-sets.png">case$INFO[ListItem(4).VideoResolution].png</texture>
					<visible>Container.Content(Movies) + !stringcompare(ListItem(4).Label,..) + !Skin.HasSetting(HideMovieCase)</visible>
				</control>
				<control type="image">
					<posx>1008</posx>
					<posy>110</posy>
					<width>82</width>
					<height>127</height>
					<texture>case-tv.png</texture>
					<visible>[Container.Content(TVShows) | Container.Content(Seasons)] + !stringcompare(ListItem(4).Label,..) + !Skin.HasSetting(HideTVShowCase)</visible>
				</control>
			</control>
			<control type="group">
				<include>Window_OpenClose_Visible_Slide(5)_Animation</include>
				<control type="image">
					<posx>1087</posx>
					<posy>124</posy>
					<width>74</width>
					<height>105</height>
					<texture background="true">$VAR[Icon(5)Poster]</texture>
				</control>
				<control type="image">
					<posx>1087</posx>
					<posy>115</posy>
					<width>80</width>
					<height>122</height>
					<texture fallback="case-sets.png">case$INFO[ListItem(5).VideoResolution].png</texture>
					<visible>Container.Content(Movies) + !stringcompare(ListItem(5).Label,..) + !Skin.HasSetting(HideMovieCase)</visible>
				</control>
				<control type="image">
					<posx>1087</posx>
					<posy>115</posy>
					<width>80</width>
					<height>122</height>
					<texture>case-tv.png</texture>
					<visible>[Container.Content(TVShows) | Container.Content(Seasons)] + !stringcompare(ListItem(5).Label,..) + !Skin.HasSetting(HideTVShowCase)</visible>
				</control>
			</control>
			<control type="group">
				<include>Window_OpenClose_Visible_Slide(6)_Animation</include>
				<control type="image">
					<posx>1164</posx>
					<posy>127</posy>
					<width>73</width>
					<height>102</height>
					<texture background="true">$VAR[Icon(6)Poster]</texture>
				</control>
				<control type="image">
					<posx>1164</posx>
					<posy>118</posy>
					<width>78</width>
					<height>118</height>
					<texture fallback="case-sets.png">case$INFO[ListItem(6).VideoResolution].png</texture>
					<visible>Container.Content(Movies) + !stringcompare(ListItem(6).Label,..) + !Skin.HasSetting(HideMovieCase)</visible>
				</control>
				<control type="image">
					<posx>1164</posx>
					<posy>118</posy>
					<width>78</width>
					<height>118</height>
					<texture>case-tv.png</texture>
					<visible>[Container.Content(TVShows) | Container.Content(Seasons)] + !stringcompare(ListItem(6).Label,..) + !Skin.HasSetting(HideTVShowCase)</visible>
				</control>
			</control>
			<control type="group">
				<include>Window_OpenClose_Visible_Slide(7)_Animation</include>
				<control type="image">
					<posx>1239</posx>
					<posy>129</posy>
					<width>71</width>
					<height>100</height>
					<texture background="true">$VAR[Icon(7)Poster]</texture>
				</control>
				<control type="image">
					<posx>1239</posx>
					<posy>120</posy>
					<width>76</width>
					<height>116</height>
					<texture fallback="case-sets.png">case$INFO[ListItem(7).VideoResolution].png</texture>
					<visible>Container.Content(Movies) + !stringcompare(ListItem(7).Label,..) + !Skin.HasSetting(HideMovieCase)</visible>
				</control>
				<control type="image">
					<posx>1239</posx>
					<posy>120</posy>
					<width>76</width>
					<height>116</height>
					<texture>case-tv.png</texture>
					<visible>[Container.Content(TVShows) | Container.Content(Seasons)] + !stringcompare(ListItem(7).Label,..) + !Skin.HasSetting(HideTVShowCase)</visible>
				</control>
			</control>
		</control>
		<control type="wraplist" id="596">
			<include>Window_OpenClose_Animation</include>
			<description>Fake list</description>
			<visible>Container.Content(Movies) | [Container.Content(TVShows) + !Skin.HasSetting(TVShowsPosters)] | Container.Content(Seasons)</visible>
			<posx>-635</posx>
			<posy>487</posy>
			<width>2550</width>
			<height>233</height>
			<onleft>596</onleft>
			<onright>596</onright>
			<onup>7008</onup>
			<ondown>60</ondown>
			<viewtype label="31035">icon</viewtype>
			<pagecontrol>60</pagecontrol>
			<orientation>horizontal</orientation>
			<scrolltime>250</scrolltime>
			<focusposition>7</focusposition>
			<preloaditems>2</preloaditems>
			<hitrect x="560" y="500" w="150" h="233"/>
			<itemlayout width="190" height="233"/>
			<focusedlayout width="190" height="233">
				<control type="image">
					<posx>0</posx>
					<posy>0</posy>
					<width>190</width>
					<height>233</height>
					<texture/>
				</control>
			</focusedlayout>
		</control>
		<control type="group">
			<posx>0</posx>
			<posy>15</posy>
			<include>Window_OpenClose_Visible_TopInfo_Animation</include>
			<visible>Control.IsVisible(596)</visible>
			<control type="image">
				<posx>0</posx>
				<posy>13</posy>
				<width>1280</width>
				<height>81</height>
				<texture diffuse="underlay-diffuse.png" border="0,10,0,10">underlay.png</texture>
				<visible>Skin.HasSetting(Enable_Movies_Media_Flags)</visible>
			</control>
			<control type="image">
				<posx>0</posx>
				<posy>13</posy>
				<width>1280</width>
				<height>100</height>
				<texture diffuse="underlay-diffuse.png" border="0,10,0,10">underlay.png</texture>
				<visible>!Skin.HasSetting(Enable_Movies_Media_Flags)</visible>
			</control>
			<control type="image">
				<posx>1156</posx>
				<posy>27</posy>
				<width>30</width>
				<height>30</height>
				<aspectratio>keep</aspectratio>
				<texture background="true">$VAR[PartlyWatched]</texture>
				<visible>!Skin.HasSetting(Enable_Movies_Watched_Flags)</visible>
			</control>
			<control type="image">
				<posx>1156</posx>
				<posy>27</posy>
				<width>30</width>
				<height>30</height>
				<aspectratio>keep</aspectratio>
				<texture background="true">$INFO[ListItem.Overlay]</texture>
				<visible>!Skin.HasSetting(Enable_Movies_Watched_Flags)</visible>
			</control>
			<control type="label">
				<posx>140</posx>
				<posy>27</posy>
				<width>1000</width>
				<height>35</height>
				<font>font-30</font>
				<textcolor>blue</textcolor>
				<shadowcolor>FF000000</shadowcolor>
				<align>center</align>
				<aligny>center</aligny>
				<label>[B]$INFO[ListItem.Label][/B]</label>
			</control>
			<control type="label">
				<posx>355</posx>
				<posy>60</posy>
				<width>577</width>
				<height>40</height>
				<label>[B]$INFO[ListItem.Property(TotalSeasons),$LOCALIZE[33054] : , - ]$INFO[ListItem.Property(TotalEpisodes),$LOCALIZE[20360] : ][/B]</label>
				<textcolor>lightblue</textcolor>
				<font>font-21</font>
				<align>center</align>
				<aligny>center</aligny>
				<visible>[Container.Content(TVShows) | Container.Content(Seasons)]</visible>
			</control>
			<control type="button" id="7008">
				<posx>1147</posx>
				<posy>60</posy>
				<width>48</width>
				<height>48</height>
				<label>-</label>
				<font>-</font>
				<texturefocus>trailer-focus.png</texturefocus>
				<texturenofocus>trailer-nofocus.png</texturenofocus>
				<onup>9000</onup>
				<ondown>596</ondown>
				<onleft>9000</onleft>
				<onright>9000</onright>
				<onclick condition="Skin.HasSetting(Fullscreen_Trailer)">PlayMedia("$INFO[ListItem.Trailer]")</onclick>
				<onclick condition="!Skin.HasSetting(Fullscreen_Trailer)">PlayMedia("$INFO[ListItem.Trailer]",1)</onclick>
				<visible>!Skin.HasSetting(Hide_Trailer_Icon) + !IsEmpty(Listitem.Trailer)</visible>
			</control>
			<control type="group">
				<posx>370</posx>
				<posy>60</posy>
				<width>540</width>
				<height>48</height>
				<include condition="!Skin.HasSetting(Enable_Movies_Media_Flags)">VideoMediaFlags</include>
				<visible>Container.Content(Movies)</visible>
			</control>
		</control>
		<control type="group">
			<posx>0</posx>
			<posy>6</posy>
			<include>Window_OpenClose_Animation</include>
			<visible>Control.IsVisible(596)</visible>
			<control type="group">
				<animation type="Conditional" condition="Player.HasVideo" reversible="false">
					<effect type="rotatey" center="640" start="0" end="-90" time="450" tween="cubic" easing="in"/>
					<effect type="rotatey" center="640" start="-90" end="90" time="0" delay="450"/>
					<effect type="fade" start="0" end="100" time="0" delay="450"/>
					<effect type="rotatey" center="640" start="90" end="0" time="450" delay="450" tween="cubic" easing="out"/>
				</animation>
				<animation type="Conditional" condition="!Player.HasVideo" reversible="false">
					<effect type="rotatey" center="640" start="0" end="90" time="450" tween="cubic" easing="in"/>
					<effect type="rotatey" center="640" start="90" end="-90" time="0" delay="450"/>
					<effect type="fade" start="100" end="0" time="0" delay="450"/>
					<effect type="rotatey" center="640" start="-90" end="0" time="450" delay="450" tween="cubic" easing="out"/>
				</animation>
				<control type="image">
					<posx>160</posx>
					<posy>127</posy>
					<width>960</width>
					<height>339</height>
					<texture diffuse="underlay5-diffuse.png" border="0,10,0,10">underlay4.png</texture>
				</control>
				<control type="videowindow">
					<description>trailer preview</description>
					<posx>160</posx>
					<posy>136</posy>
					<width>960</width>
					<height>321</height>
					<animation effect="fade" start="0" end="100" time="250" delay="900">Visible</animation>
					<visible>!Skin.HasSetting(Fullscreen_Trailer) + [Player.HasVideo + !!Skin.HasSetting(HideVideoBackgrounds)]</visible>
				</control>
			</control>
		</control>
		<control type="group">
			<posx>0</posx>
			<posy>6</posy>
			<include>Window_OpenClose_Animation</include>
			<visible>Control.IsVisible(596) + !Skin.HasSetting(HideInfoPanelSlideView)</visible>
			<control type="group">
				<animation effect="zoom" start="640,0,1,720" end="0,0,1280,720" time="200" delay="2000">Visible</animation>
				<animation effect="zoom" start="0,0,1280,720" end="0,360,1280,1" time="200">Hidden</animation>
				<animation type="Conditional" condition="Player.HasVideo" reversible="false">
					<effect type="rotatey" center="640" start="0" end="-90" time="450" tween="cubic" easing="in"/>
					<effect type="rotatey" center="640" start="-90" end="90" time="0" delay="450"/>
					<effect type="fade" start="100" end="0" time="0" delay="450"/>
					<effect type="rotatey" center="640" start="90" end="0" time="450" delay="450" tween="cubic" easing="out"/>
				</animation>
				<animation type="Conditional" condition="!Player.HasVideo" reversible="false">
					<effect type="rotatey" center="640" start="0" end="90" time="450" tween="cubic" easing="in"/>
					<effect type="rotatey" center="640" start="90" end="-90" time="0" delay="450"/>
					<effect type="fade" start="0" end="100" time="0" delay="450"/>
					<effect type="rotatey" center="640" start="-90" end="0" time="450" delay="450" tween="cubic" easing="out"/>
				</animation>
				<visible>Control.IsVisible(596) + ![Container.Content(TVShows) + !StringCompare(Container.FolderPath,videodb://tvshows/titles/)] + !Container.Content(Seasons) + !stringcompare(ListItem.Label,..) + !Control.IsVisible(7003) + !Control.IsVisible(7004)</visible>
				<control type="image">
					<posx>160</posx>
					<posy>127</posy>
					<width>960</width>
					<height>339</height>
					<texture diffuse="underlay5-diffuse.png" border="0,10,0,10">underlay4.png</texture>
				</control>
				<control type="group">
					<control type="label">
						<posx>257</posx>
						<posy>145</posy>
						<width>300</width>
						<height>30</height>
						<font>font-20c</font>
						<textcolor>lightblue</textcolor>
						<shadowcolor>black</shadowcolor>
						<align>left</align>
						<aligny>center</aligny>
						<label>[UPPERCASE][B]$LOCALIZE[572]:[/B][/UPPERCASE]</label>
					</control>
					<control type="label">
						<posx>257</posx>
						<posy>165</posy>
						<width>300</width>
						<height>30</height>
						<font>font-20</font>
						<textcolor>white</textcolor>
						<shadowcolor>black</shadowcolor>
						<align>left</align>
						<aligny>center</aligny>
						<label>$INFO[ListItem.Studio]</label>
					</control>
					<control type="label">
						<posx>257</posx>
						<posy>195</posy>
						<width>300</width>
						<height>30</height>
						<font>font-20c</font>
						<textcolor>lightblue</textcolor>
						<shadowcolor>black</shadowcolor>
						<align>left</align>
						<aligny>center</aligny>
						<label>[UPPERCASE][B]$LOCALIZE[20339]:[/B][/UPPERCASE]</label>
						<visible>!Container.Content(TVShows)</visible>
					</control>
					<control type="label">
						<posx>257</posx>
						<posy>215</posy>
						<width>300</width>
						<height>30</height>
						<font>font-20</font>
						<textcolor>white</textcolor>
						<shadowcolor>black</shadowcolor>
						<align>left</align>
						<aligny>center</aligny>
						<label>$INFO[ListItem.Director]</label>
						<visible>!Container.Content(TVShows)</visible>
					</control>
					<control type="label">
						<posx>257</posx>
						<posy>195</posy>
						<width>150</width>
						<height>30</height>
						<font>font-20c</font>
						<textcolor>lightblue</textcolor>
						<shadowcolor>black</shadowcolor>
						<align>left</align>
						<aligny>center</aligny>
						<label>[UPPERCASE][B]$LOCALIZE[33054]:[/B][/UPPERCASE]</label>
						<visible>Container.Content(TVShows)</visible>
					</control>
					<control type="label">
						<posx>257</posx>
						<posy>215</posy>
						<width>150</width>
						<height>30</height>
						<font>font-20</font>
						<textcolor>white</textcolor>
						<shadowcolor>black</shadowcolor>
						<align>left</align>
						<aligny>center</aligny>
						<label>$INFO[ListItem.Property(TotalSeasons)]</label>
						<visible>Container.Content(TVShows)</visible>
					</control>
					<control type="label">
						<posx>257</posx>
						<posy>245</posy>
						<width>300</width>
						<height>30</height>
						<font>font-20c</font>
						<textcolor>lightblue</textcolor>
						<shadowcolor>black</shadowcolor>
						<align>left</align>
						<aligny>center</aligny>
						<label>[UPPERCASE][B]$LOCALIZE[20417]:[/B][/UPPERCASE]</label>
						<visible>!Container.Content(TVShows)</visible>
					</control>
					<control type="label">
						<posx>257</posx>
						<posy>265</posy>
						<width>300</width>
						<height>30</height>
						<font>font-20</font>
						<textcolor>white</textcolor>
						<shadowcolor>black</shadowcolor>
						<align>left</align>
						<aligny>center</aligny>
						<label>$INFO[ListItem.Writer]</label>
						<visible>!Container.Content(TVShows)</visible>
					</control>
					<control type="label">
						<posx>257</posx>
						<posy>245</posy>
						<width>150</width>
						<height>30</height>
						<font>font-20c</font>
						<textcolor>lightblue</textcolor>
						<shadowcolor>black</shadowcolor>
						<align>left</align>
						<aligny>center</aligny>
						<label>[UPPERCASE][B]$LOCALIZE[16102]:[/B][/UPPERCASE]</label>
						<visible>Container.Content(TVShows)</visible>
					</control>
					<control type="label">
						<posx>257</posx>
						<posy>265</posy>
						<width>150</width>
						<height>30</height>
						<font>font-20</font>
						<textcolor>white</textcolor>
						<shadowcolor>black</shadowcolor>
						<align>left</align>
						<aligny>center</aligny>
						<label>$INFO[ListItem.Property(WatchedEpisodes)]</label>
						<visible>Container.Content(TVShows)</visible>
					</control>
					<control type="label">
						<posx>407</posx>
						<posy>195</posy>
						<width>150</width>
						<height>30</height>
						<font>font-20c</font>
						<textcolor>lightblue</textcolor>
						<shadowcolor>black</shadowcolor>
						<align>left</align>
						<aligny>center</aligny>
						<label>[UPPERCASE][B]$LOCALIZE[20360]:[/B][/UPPERCASE]</label>
						<visible>Container.Content(TVShows)</visible>
					</control>
					<control type="label">
						<posx>407</posx>
						<posy>215</posy>
						<width>150</width>
						<height>30</height>
						<font>font-20</font>
						<textcolor>white</textcolor>
						<shadowcolor>black</shadowcolor>
						<align>left</align>
						<aligny>center</aligny>
						<label>$INFO[ListItem.Property(TotalEpisodes)]</label>
						<visible>Container.Content(TVShows)</visible>
					</control>
					<control type="label">
						<posx>407</posx>
						<posy>245</posy>
						<width>150</width>
						<height>30</height>
						<font>font-20c</font>
						<textcolor>lightblue</textcolor>
						<shadowcolor>black</shadowcolor>
						<align>left</align>
						<aligny>center</aligny>
						<label>[UPPERCASE][B]$LOCALIZE[16101]:[/B][/UPPERCASE]</label>
						<visible>Container.Content(TVShows)</visible>
					</control>
					<control type="label">
						<posx>407</posx>
						<posy>265</posy>
						<width>150</width>
						<height>30</height>
						<font>font-20</font>
						<textcolor>white</textcolor>
						<shadowcolor>black</shadowcolor>
						<align>left</align>
						<aligny>center</aligny>
						<label>$INFO[ListItem.Property(UnWatchedEpisodes)]</label>
						<visible>Container.Content(TVShows)</visible>
					</control>
					<control type="label">
						<posx>257</posx>
						<posy>295</posy>
						<width>300</width>
						<height>30</height>
						<font>font-20c</font>
						<textcolor>lightblue</textcolor>
						<shadowcolor>black</shadowcolor>
						<align>left</align>
						<aligny>center</aligny>
						<label>[UPPERCASE][B]$LOCALIZE[515]:[/B][/UPPERCASE]</label>
					</control>
					<control type="label">
						<posx>257</posx>
						<posy>315</posy>
						<width>300</width>
						<height>30</height>
						<font>font-20</font>
						<textcolor>white</textcolor>
						<shadowcolor>black</shadowcolor>
						<align>left</align>
						<aligny>center</aligny>
						<label>$INFO[ListItem.Genre]</label>
					</control>
					<control type="label">
						<posx>257</posx>
						<posy>345</posy>
						<width>300</width>
						<height>30</height>
						<font>font-20c</font>
						<textcolor>lightblue</textcolor>
						<shadowcolor>black</shadowcolor>
						<align>left</align>
						<aligny>center</aligny>
						<label>[UPPERCASE][B]$LOCALIZE[2050]:[/B][/UPPERCASE]</label>
						<visible>!Container.Content(TVShows)</visible>
					</control>
					<control type="label">
						<posx>257</posx>
						<posy>365</posy>
						<width>300</width>
						<height>30</height>
						<font>font-20</font>
						<textcolor>white</textcolor>
						<shadowcolor>black</shadowcolor>
						<align>left</align>
						<aligny>center</aligny>
						<label>$VAR[ViewSlideLabel1]</label>
					</control>
					<control type="label">
						<posx>257</posx>
						<posy>345</posy>
						<width>300</width>
						<height>30</height>
						<font>font-20c</font>
						<textcolor>lightblue</textcolor>
						<shadowcolor>black</shadowcolor>
						<align>left</align>
						<aligny>center</aligny>
						<label>[UPPERCASE][B]$LOCALIZE[20074]:[/B][/UPPERCASE]</label>
						<visible>Container.Content(TVShows)</visible>
					</control>
					<control type="label">
						<posx>257</posx>
						<posy>365</posy>
						<width>300</width>
						<height>30</height>
						<font>font-20</font>
						<textcolor>white</textcolor>
						<shadowcolor>black</shadowcolor>
						<align>left</align>
						<aligny>center</aligny>
						<label>$INFO[ListItem.Mpaa]</label>
						<visible>Container.Content(TVShows)</visible>
					</control>
					<control type="label">
						<posx>257</posx>
						<posy>395</posy>
						<width>150</width>
						<height>30</height>
						<font>font-20c</font>
						<textcolor>lightblue</textcolor>
						<shadowcolor>black</shadowcolor>
						<align>left</align>
						<aligny>center</aligny>
						<label>[UPPERCASE][B]$LOCALIZE[345]:[/B][/UPPERCASE]</label>
					</control>
					<control type="label">
						<posx>257</posx>
						<posy>415</posy>
						<width>150</width>
						<height>30</height>
						<font>font-20</font>
						<textcolor>white</textcolor>
						<shadowcolor>black</shadowcolor>
						<align>left</align>
						<aligny>center</aligny>
						<label>$INFO[ListItem.Year]</label>
					</control>
					<control type="label">
						<posx>407</posx>
						<posy>395</posy>
						<width>150</width>
						<height>30</height>
						<font>font-20c</font>
						<textcolor>lightblue</textcolor>
						<shadowcolor>black</shadowcolor>
						<align>left</align>
						<aligny>center</aligny>
						<label>[UPPERCASE][B]$LOCALIZE[563]:[/B][/UPPERCASE]</label>
					</control>
					<control type="label">
						<posx>407</posx>
						<posy>415</posy>
						<width>150</width>
						<height>30</height>
						<font>font-20</font>
						<textcolor>white</textcolor>
						<shadowcolor>black</shadowcolor>
						<align>left</align>
						<aligny>center</aligny>
						<label>$INFO[ListItem.Rating]</label>
					</control>
					<control type="image">
						<posx>566</posx>
						<posy>160</posy>
						<width>2</width>
						<height>270</height>
						<texture>separator.png</texture>
					</control>
					<control type="label">
						<posx>588</posx>
						<posy>145</posy>
						<width>300</width>
						<height>30</height>
						<font>font-20c</font>
						<textcolor>lightblue</textcolor>
						<shadowcolor>black</shadowcolor>
						<align>left</align>
						<aligny>center</aligny>
						<label>[UPPERCASE][B]$LOCALIZE[207]:[/B][/UPPERCASE]</label>
					</control>
					<control type="textbox">
						<posx>588</posx>
						<posy>182</posy>
						<width>440</width>
						<height>254</height>
						<font>font-20</font>
						<textcolor>white</textcolor>
						<shadowcolor>black</shadowcolor>
						<align>justify</align>
						<label>$VAR[ViewSlideLabel2]</label>
						<autoscroll time="2000" delay="18000" repeat="5000">Skin.HasSetting(AutoScroll)</autoscroll>
					</control>
				</control>
			</control>
		</control>
	</include>
</includes>
