<?xml version="1.0" encoding="UTF-8"?>
<includes>
	<include name="Fanart-PVRChannels">
		<control type="list" id="50">
			<posx>200</posx>
			<posy>142</posy>
			<width>355</width>
			<include condition="!Skin.HasSetting(FanartShort) + !Skin.HasSetting(FanartLong)">FanartNormal</include>
			<include condition="Skin.HasSetting(FanartShort)">FanartShort</include>
			<include condition="Skin.HasSetting(FanartLong)">FanartLong</include>
			<onleft>9000</onleft>
			<onright>60</onright>
			<onup>50</onup>
			<ondown>50</ondown>
			<viewtype label="31030">list</viewtype>
			<pagecontrol>60</pagecontrol>
			<scrolltime>200</scrolltime>
			<preloaditems>2</preloaditems>
			<itemlayout width="355" height="29">
				<control type="progress">
					<description>Progressbar</description>
					<posx>0</posx>
					<posy>0</posy>
					<width>355</width>
					<height>29</height>
					<colordiffuse>60FFFFFF</colordiffuse>
					<texturebg>Empty.png</texturebg>
					<midtexture>ProgressFront.png</midtexture>
					<info>ListItem.Progress</info>
				</control>
				<control type="image">
					<posx>0</posx>
					<posy>0</posy>
					<width>355</width>
					<height>30</height>
					<texture border="7">list-nofocus.png</texture>
					<include>VisibleFadeEffect</include>
				</control>
				<control type="label">
					<posx>10</posx>
					<posy>0</posy>
					<width>335</width>
					<height>30</height>
					<font>font-20</font>
					<textcolor>white</textcolor>
					<selectedcolor>blue</selectedcolor>
					<align>left</align>
					<aligny>center</aligny>
					<label>$INFO[ListItem.ChannelNumberLabel,,. ]$INFO[ListItem.Label]</label>
				</control>
			</itemlayout>
			<focusedlayout width="355" height="29">
				<control type="progress">
					<description>Progressbar</description>
					<posx>0</posx>
					<posy>0</posy>
					<width>355</width>
					<height>29</height>
					<colordiffuse>60FFFFFF</colordiffuse>
					<texturebg>Empty.png</texturebg>
					<midtexture>ProgressFront.png</midtexture>
					<info>ListItem.Progress</info>
				</control>
				<control type="image">
					<posx>0</posx>
					<posy>0</posy>
					<width>355</width>
					<height>30</height>
					<texture border="7">list-nofocus.png</texture>
					<include>VisibleFadeEffect</include>
				</control>
				<control type="image">
					<posx>0</posx>
					<posy>0</posy>
					<width>355</width>
					<height>30</height>
					<texture border="7">list-focus2.png</texture>
					<visible>Control.HasFocus(50)</visible>
					<include>VisibleFadeEffect</include>
					<include>ListFocusScroll</include>
				</control>
				<control type="label">
					<posx>10</posx>
					<posy>0</posy>
					<width>335</width>
					<height>30</height>
					<font>font-20</font>
					<textcolor>white</textcolor>
					<selectedcolor>blue</selectedcolor>
					<align>left</align>
					<aligny>center</aligny>
					<label>$INFO[ListItem.ChannelNumberLabel,,. ]$INFO[ListItem.Label]</label>
				</control>
			</focusedlayout>
		</control>
	</include>
	<include name="Fanart-PVRChannels_Extras">
		<control type="group">
			<visible>Control.IsVisible(50)</visible>
			<include>Window_OpenClose_Visible_FanartInfo_Animation</include>
			<control type="image">
				<posx>0</posx>
				<posy>560</posy>
				<width>875</width>
				<height>148</height>
				<texture border="10">underlay.png</texture>
			</control>
			<control type="label">
				<posx>225</posx>
				<posy>572</posy>
				<width>636</width>
				<height>30</height>
				<font>font-30</font>
				<textcolor>blue</textcolor>
				<shadowcolor>black</shadowcolor>
				<align>left</align>
				<aligny>center</aligny>
				<label>$INFO[ListItem.Title]</label>
			</control>
			<control type="textbox">
				<description>Description Value</description>
				<posx>225</posx>
				<posy>607</posy>
				<width>636</width>
				<height>83</height>
				<font>font-19</font>
				<align>justify</align>
				<textcolor>white</textcolor>
				<label>$INFO[ListItem.Plot]</label>
				<autoscroll time="2000" delay="8000" repeat="5000">Skin.HasSetting(AutoScroll)</autoscroll>
			</control>
		</control>
		<control type="group">
			<visible>Control.IsVisible(50)</visible>
			<include>Window_OpenClose_Visible_FanartIcon_Animation</include>
			<control type="image">
				<posx>8</posx>
				<posy>505</posy>
				<width>210</width>
				<height>210</height>
				<aspectratio scalediffuse="true">keep</aspectratio>
				<texture diffuse="thumb-diffuse.png" background="true">$INFO[Listitem.Icon]</texture>
				<bordersize>6</bordersize>
				<fadetime>IconCrossfadeTime</fadetime>
			</control>
		</control>
	</include>
	<include name="Grid-PVRGuideEPG">
		<control type="epggrid" id="10">
			<description>EPG Grid</description>
			<posx>41</posx>
			<posy>60</posy>
			<width>1195</width>
			<height>510</height>
			<onleft>31</onleft>
			<onright>31</onright>
			<onup>10</onup>
			<ondown>999</ondown>
			<viewtype label="19069">list</viewtype>
			<pagecontrol>10</pagecontrol>
			<scrolltime>350</scrolltime>
			<timeblocks>40</timeblocks>
			<rulerunit>6</rulerunit>
			<progresstexture border="0,3,8,3">epg-marker.png</progresstexture>
			<rulerlayout height="29" width="40">
				<control type="image" id="1">
					<posx>0</posx>
					<posy>0</posy>
					<width>40</width>
					<height>29</height>
					<texture border="3">guide.png</texture>
				</control>
				<control type="label" id="2">
					<posx>10</posx>
					<posy>0</posy>
					<width>34</width>
					<height>29</height>
					<font>font-19</font>
					<aligny>center</aligny>
					<selectedcolor>blue</selectedcolor>
					<align>left</align>
					<label>[B]$INFO[ListItem.Label][/B]</label>
				</control>
				<control type="image">
					<posx>0</posx>
					<posy>0</posy>
					<width>210</width>
					<height>28</height>
					<visible>ListItem.Property(DateLabel)</visible>
					<texture>ruler-side-horiz.png</texture>
					<colordiffuse>77AAD9FF</colordiffuse>
				</control>
				<control type="image">
					<posx>0</posx>
					<posy>0</posy>
					<width>1</width>
					<height>29</height>
					<visible>!ListItem.Property(DateLabel)</visible>
					<texture>ruler-side-vert.png</texture>
				</control>
			</rulerlayout>
			<channellayout height="60" width="210">
				<control type="image" id="1">
					<posx>0</posx>
					<posy>0</posy>
					<width>210</width>
					<height>60</height>
					<texture border="3">guide.png</texture>
				</control>
				<control type="image">
					<posx>0</posx>
					<posy>60</posy>
					<width>210</width>
					<height>1</height>
					<texture>ruler-side-horiz.png</texture>
				</control>
				<control type="image">
					<posx>2</posx>
					<posy>10</posy>
					<width>40</width>
					<height>40</height>
					<texture background="true">$INFO[ListItem.Icon]</texture>
					<aspectratio>keep</aspectratio>
				</control>
				<control type="label" id="1">
					<posx>48</posx>
					<posy>1</posy>
					<width>160</width>
					<height>60</height>
					<font>font-20bc</font>
					<aligny>center</aligny>
					<selectedcolor>blue</selectedcolor>
					<align>right</align>
					<label>$INFO[ListItem.ChannelNumberLabel,,.] $INFO[ListItem.ChannelName]</label>
					<scroll>false</scroll>
				</control>
			</channellayout>
			<focusedchannellayout height="60" width="210">
				<control type="image" id="1">
					<posx>0</posx>
					<posy>0</posy>
					<width>210</width>
					<height>60</height>
					<texture border="3">guide.png</texture>
				</control>
				<control type="image">
					<posx>0</posx>
					<posy>60</posy>
					<width>210</width>
					<height>1</height>
					<texture>ruler-side-horiz.png</texture>
					<colordiffuse>AAFFFFFF</colordiffuse>
				</control>
				<control type="image" id="1">
					<posx>0</posx>
					<posy>0</posy>
					<width>210</width>
					<height>60</height>
					<texture border="3">list-focus2.png</texture>
					<animation effect="fade" start="70" end="100" time="750" pulse="true" condition="true">Conditional</animation>
				</control>
				<control type="image">
					<posx>2</posx>
					<posy>10</posy>
					<width>40</width>
					<height>40</height>
					<texture background="true">$INFO[ListItem.Icon]</texture>
					<aspectratio>keep</aspectratio>
				</control>
				<control type="label" id="1">
					<posx>48</posx>
					<posy>1</posy>
					<width>160</width>
					<height>60</height>
					<font>font-20bc</font>
					<aligny>center</aligny>
					<selectedcolor>blue</selectedcolor>
					<align>right</align>
					<label>$INFO[ListItem.ChannelNumberLabel,,.] $INFO[ListItem.ChannelName]</label>
					<scroll>false</scroll>
				</control>
			</focusedchannellayout>
			<itemlayout width="40" height="60">
				<control type="image" id="2">
					<width>40</width>
					<height>60</height>
					<posx>0</posx>
					<posy>0</posy>
					<aspectratio>stretch</aspectratio>
					<texture border="3">$INFO[ListItem.Property(GenreType),epg-,.png]</texture>
				</control>
				<control type="label" id="1">
					<posx>6</posx>
					<posy>0</posy>
					<width>30</width>
					<height>60</height>
					<font>font-20</font>
					<aligny>center</aligny>
					<selectedcolor>blue</selectedcolor>
					<align>left</align>
					<label>$INFO[ListItem.Label]</label>
					<scroll>false</scroll>
				</control>
				<control type="image">
					<posx>5</posx>
					<posy>39</posy>
					<width>20</width>
					<height>20</height>
					<texture>pvr_record.png</texture>
					<visible>ListItem.IsRecording</visible>
				</control>
				<control type="image">
					<posx>5</posx>
					<posy>39</posy>
					<width>20</width>
					<height>20</height>
					<texture>pvr_schedule.png</texture>
					<visible>ListItem.HasTimer</visible>
				</control>
			</itemlayout>
			<focusedlayout width="40" height="60">
				<control type="image" id="2">
					<width>40</width>
					<height>60</height>
					<posx>0</posx>
					<posy>0</posy>
					<aspectratio>stretch</aspectratio>
					<texture border="3">$INFO[ListItem.Property(GenreType),epg-,.png]</texture>
				</control>
				<control type="image" id="2">
					<width>40</width>
					<height>60</height>
					<posx>0</posx>
					<posy>0</posy>
					<texture border="7">guide-focus.png</texture>
					<animation effect="fade" start="100" end="70" time="750" pulse="true" condition="true">Conditional</animation>
				</control>
				<control type="label" id="1">
					<posx>6</posx>
					<posy>0</posy>
					<width>30</width>
					<height>60</height>
					<font>font-20</font>
					<aligny>center</aligny>
					<selectedcolor>blue</selectedcolor>
					<align>left</align>
					<label>$INFO[ListItem.Label]</label>
					<scroll>false</scroll>
				</control>
				<control type="image">
					<posx>5</posx>
					<posy>39</posy>
					<width>20</width>
					<height>20</height>
					<texture>pvr_record.png</texture>
					<visible>ListItem.IsRecording</visible>
				</control>
				<control type="image">
					<posx>5</posx>
					<posy>39</posy>
					<width>20</width>
					<height>20</height>
					<texture>pvr_schedule.png</texture>
					<visible>ListItem.HasTimer</visible>
				</control>
			</focusedlayout>
		</control>
		<control type="group">
			<visible>Control.IsVisible(10)</visible>
			<control type="label">
				<posx>40</posx>
				<posy>577</posy>
				<width>1200</width>
				<height>30</height>
				<font>font-23</font>
				<align>center</align>
				<aligny>center</aligny>
				<textcolor>lightblue</textcolor>
				<label>[B]$INFO[ListItem.Label][/B]</label>
			</control>
			<control type="label">
				<posx>40</posx>
				<posy>599</posy>
				<width>1200</width>
				<height>30</height>
				<font>font-23</font>
				<align>center</align>
				<aligny>center</aligny>
				<label>[B]$INFO[ListItem.Date]  -  $INFO[ListItem.ChannelName][/B]</label>
			</control>
		</control>
	</include>
	<include name="Grid-PVRGuideEPG_Extras">
		<control type="group">
			<posx>60</posx>
			<visible>Control.IsVisible(10)</visible>
			<include>Window_OpenClose_Visible_FanartInfo_Animation</include>
			<control type="image">
				<posx>-60</posx>
				<posy>640</posy>
				<width>1280</width>
				<height>80</height>
				<texture border="10">underlay4.png</texture>
			</control>
			<control type="button" id="999">
				<posx>80</posx>
				<posy>663</posy>
				<width>40</width>
				<height>40</height>
				<label>-</label>
				<font>-</font>
				<onclick>Skin.ToggleSetting(EpgLegend)</onclick>
				<texturefocus>osd-info-focus.png</texturefocus>
				<texturenofocus>osd-info-nofocus.png</texturenofocus>
				<pulseonselect>true</pulseonselect>
				<onleft>10</onleft>
				<onright>10</onright>
				<onup>10</onup>
				<ondown>10</ondown>
			</control>
			<control type="textbox">
				<posx>140</posx>
				<posy>658</posy>
				<width>880</width>
				<height>44</height>
				<label>$INFO[ListItem.Plot]</label>
				<autoscroll time="3000" delay="10000" repeat="5000">Skin.HasSetting(AutoScroll)</autoscroll>
				<visible>!Skin.HasSetting(EpgLegend)</visible>
			</control>
			<control type="group">
				<visible>Skin.HasSetting(EpgLegend)</visible>
				<control type="image">
					<posx>140</posx>
					<posy>653</posy>
					<width>15</width>
					<height>15</height>
					<texture>epg-32.png</texture>
				</control>
				<control type="label">
					<description>News Genre</description>
					<posx>160</posx>
					<posy>652</posy>
					<width>230</width>
					<height>15</height>
					<font>font-19</font>
					<label>19516</label>
					<align>left</align>
					<aligny>center</aligny>
					<textcolor>white</textcolor>
				</control>
				<control type="image">
					<posx>390</posx>
					<posy>653</posy>
					<width>15</width>
					<height>15</height>
					<texture>epg-16.png</texture>
				</control>
				<control type="label">
					<description>Movie Genre</description>
					<posx>410</posx>
					<posy>652</posy>
					<width>230</width>
					<height>15</height>
					<font>font-19</font>
					<label>19500</label>
					<align>left</align>
					<aligny>center</aligny>
					<textcolor>white</textcolor>
				</control>
				<control type="image">
					<posx>640</posx>
					<posy>653</posy>
					<width>15</width>
					<height>15</height>
					<texture>epg-176.png</texture>
				</control>
				<control type="label">
					<description>Special Genre</description>
					<posx>660</posx>
					<posy>652</posy>
					<width>230</width>
					<height>15</height>
					<font>font-19</font>
					<label>19549</label>
					<align>left</align>
					<aligny>center</aligny>
					<textcolor>white</textcolor>
				</control>
				<control type="image">
					<posx>890</posx>
					<posy>653</posy>
					<width>15</width>
					<height>15</height>
					<texture>epg-48.png</texture>
				</control>
				<control type="label">
					<description>News Genre</description>
					<posx>910</posx>
					<posy>652</posy>
					<width>230</width>
					<height>15</height>
					<font>font-19</font>
					<label>19532</label>
					<align>left</align>
					<aligny>center</aligny>
					<textcolor>white</textcolor>
				</control>
				<control type="image">
					<posx>140</posx>
					<posy>672</posy>
					<width>15</width>
					<height>15</height>
					<texture>epg-64.png</texture>
				</control>
				<control type="label">
					<description>Sports Genre</description>
					<posx>160</posx>
					<posy>671</posy>
					<width>230</width>
					<height>15</height>
					<font>font-19</font>
					<label>19548</label>
					<align>left</align>
					<aligny>center</aligny>
					<textcolor>white</textcolor>
				</control>
				<control type="image">
					<posx>390</posx>
					<posy>672</posy>
					<width>15</width>
					<height>15</height>
					<texture>epg-80.png</texture>
				</control>
				<control type="label">
					<description>Children Genre</description>
					<posx>410</posx>
					<posy>671</posy>
					<width>230</width>
					<height>15</height>
					<font>font-19</font>
					<label>19564</label>
					<align>left</align>
					<aligny>center</aligny>
					<textcolor>white</textcolor>
				</control>
				<control type="image">
					<posx>640</posx>
					<posy>672</posy>
					<width>15</width>
					<height>15</height>
					<texture>epg-144.png</texture>
				</control>
				<control type="label">
					<description>Educational/Science Genre</description>
					<posx>660</posx>
					<posy>671</posy>
					<width>230</width>
					<height>15</height>
					<font>font-19</font>
					<label>19628</label>
					<align>left</align>
					<aligny>center</aligny>
					<textcolor>white</textcolor>
				</control>
				<control type="image">
					<posx>890</posx>
					<posy>672</posy>
					<width>15</width>
					<height>15</height>
					<texture>epg-96.png</texture>
				</control>
				<control type="label">
					<description>Music Genre</description>
					<posx>910</posx>
					<posy>671</posy>
					<width>230</width>
					<height>15</height>
					<font>font-19</font>
					<label>19580</label>
					<align>left</align>
					<aligny>center</aligny>
					<textcolor>white</textcolor>
				</control>
				<control type="image">
					<posx>140</posx>
					<posy>691</posy>
					<width>15</width>
					<height>15</height>
					<texture>epg-112.png</texture>
				</control>
				<control type="label">
					<description>Arts Genre</description>
					<posx>160</posx>
					<posy>690</posy>
					<width>230</width>
					<height>15</height>
					<font>font-19</font>
					<label>19596</label>
					<align>left</align>
					<aligny>center</aligny>
					<textcolor>white</textcolor>
				</control>
				<control type="image">
					<posx>390</posx>
					<posy>691</posy>
					<width>15</width>
					<height>15</height>
					<texture>epg-160.png</texture>
				</control>
				<control type="label">
					<description>Leisure/Hobbies Genre</description>
					<posx>410</posx>
					<posy>690</posy>
					<width>230</width>
					<height>15</height>
					<font>font-19</font>
					<label>19644</label>
					<align>left</align>
					<aligny>center</aligny>
					<textcolor>white</textcolor>
				</control>
				<control type="image">
					<posx>640</posx>
					<posy>691</posy>
					<width>15</width>
					<height>15</height>
					<texture>epg-128.png</texture>
				</control>
				<control type="label">
					<description>Social Genre</description>
					<posx>660</posx>
					<posy>690</posy>
					<width>230</width>
					<height>15</height>
					<font>font-19</font>
					<label>19612</label>
					<align>left</align>
					<aligny>center</aligny>
					<textcolor>white</textcolor>
				</control>
				<control type="image">
					<posx>890</posx>
					<posy>691</posy>
					<width>15</width>
					<height>15</height>
					<texture>epg-0.png</texture>
				</control>
				<control type="label">
					<description>Other/Unknown Genre</description>
					<posx>910</posx>
					<posy>690</posy>
					<width>230</width>
					<height>15</height>
					<font>font-19</font>
					<label>19499</label>
					<align>left</align>
					<aligny>center</aligny>
					<textcolor>white</textcolor>
				</control>
			</control>
		</control>
	</include>
	<include name="FullList-PVRGuideNow">
		<control type="list" id="11">
			<description>TV Guide Now</description>
			<posx>200</posx>
			<posy>142</posy>
			<width>880</width>
			<height>436</height>
			<onup>11</onup>
			<ondown>11</ondown>
			<onleft>9000</onleft>
			<onright>60</onright>
			<viewtype label="19030">list</viewtype>
			<pagecontrol>61</pagecontrol>
			<scrolltime>200</scrolltime>
			<preloaditems>2</preloaditems>
			<itemlayout width="880" height="29">
				<control type="image">
					<posx>0</posx>
					<posy>0</posy>
					<width>880</width>
					<height>30</height>
					<texture border="7">list-nofocus.png</texture>
					<include>VisibleFadeEffect</include>
				</control>
				<control type="image">
					<posx>10</posx>
					<posy>4</posy>
					<width>22</width>
					<height>22</height>
					<texture background="true">$INFO[ListItem.Icon]</texture>
					<aspectratio>keep</aspectratio>
				</control>
				<control type="label">
					<posx>40</posx>
					<posy>0</posy>
					<width>180</width>
					<height>30</height>
					<font>font-20</font>
					<textcolor>white</textcolor>
					<selectedcolor>blue</selectedcolor>
					<align>left</align>
					<aligny>center</aligny>
					<label>$INFO[ListItem.Filename]</label>
				</control>
				<control type="label">
					<posx>240</posx>
					<posy>0</posy>
					<width>400</width>
					<height>30</height>
					<font>font-20</font>
					<textcolor>blue</textcolor>
					<selectedcolor>blue</selectedcolor>
					<align>left</align>
					<aligny>center</aligny>
					<label>$INFO[ListItem.Label2]</label>
				</control>
				<control type="label">
					<posx>340</posx>
					<posy>0</posy>
					<width>500</width>
					<height>30</height>
					<font>font-20</font>
					<textcolor>lightblue</textcolor>
					<selectedcolor>blue</selectedcolor>
					<align>right</align>
					<aligny>center</aligny>
					<label>$INFO[ListItem.Label]</label>
				</control>
				<control type="image">
					<posx>850</posx>
					<posy>4</posy>
					<width>22</width>
					<height>22</height>
					<texture>pvr_record.png</texture>
					<visible>ListItem.IsRecording</visible>
				</control>
				<control type="image">
					<posx>850</posx>
					<posy>4</posy>
					<width>22</width>
					<height>22</height>
					<texture>pvr_schedule.png</texture>
					<visible>ListItem.HasTimer</visible>
				</control>
			</itemlayout>
			<focusedlayout width="880" height="29">
				<control type="image">
					<posx>0</posx>
					<posy>0</posy>
					<width>880</width>
					<height>30</height>
					<texture border="7">list-nofocus.png</texture>
					<include>VisibleFadeEffect</include>
				</control>
				<control type="image">
					<posx>0</posx>
					<posy>0</posy>
					<width>880</width>
					<height>30</height>
					<texture border="7">list-focus2.png</texture>
					<visible>Control.HasFocus(11)</visible>
					<include>VisibleFadeEffect</include>
					<include>ListFocusScroll</include>
				</control>
				<control type="image">
					<posx>10</posx>
					<posy>4</posy>
					<width>22</width>
					<height>22</height>
					<texture background="true">$INFO[ListItem.Icon]</texture>
					<aspectratio>keep</aspectratio>
				</control>
				<control type="label">
					<posx>40</posx>
					<posy>0</posy>
					<width>180</width>
					<height>30</height>
					<font>font-20</font>
					<textcolor>white</textcolor>
					<selectedcolor>blue</selectedcolor>
					<align>left</align>
					<aligny>center</aligny>
					<label>$INFO[ListItem.Filename]</label>
				</control>
				<control type="label">
					<posx>240</posx>
					<posy>0</posy>
					<width>400</width>
					<height>30</height>
					<font>font-20</font>
					<textcolor>blue</textcolor>
					<selectedcolor>blue</selectedcolor>
					<align>left</align>
					<aligny>center</aligny>
					<label>$INFO[ListItem.Label2]</label>
				</control>
				<control type="label">
					<posx>340</posx>
					<posy>0</posy>
					<width>500</width>
					<height>30</height>
					<font>font-20</font>
					<textcolor>lightblue</textcolor>
					<selectedcolor>blue</selectedcolor>
					<align>right</align>
					<aligny>center</aligny>
					<label>$INFO[ListItem.Label]</label>
				</control>
				<control type="image">
					<posx>850</posx>
					<posy>4</posy>
					<width>22</width>
					<height>22</height>
					<texture>pvr_record.png</texture>
					<visible>ListItem.IsRecording</visible>
				</control>
				<control type="image">
					<posx>850</posx>
					<posy>4</posy>
					<width>22</width>
					<height>22</height>
					<texture>pvr_schedule.png</texture>
					<visible>ListItem.HasTimer</visible>
				</control>
			</focusedlayout>
		</control>
	</include>
	<include name="FullList-PVRGuideNext">
		<control type="list" id="12">
			<description>TV Guide Next</description>
			<posx>200</posx>
			<posy>142</posy>
			<width>880</width>
			<height>436</height>
			<onup>12</onup>
			<ondown>12</ondown>
			<onleft>9000</onleft>
			<onright>60</onright>
			<viewtype label="19031">list</viewtype>
			<pagecontrol>61</pagecontrol>
			<scrolltime>200</scrolltime>
			<preloaditems>2</preloaditems>
			<itemlayout width="880" height="29">
				<control type="image">
					<posx>0</posx>
					<posy>0</posy>
					<width>880</width>
					<height>30</height>
					<texture border="7">list-nofocus.png</texture>
					<include>VisibleFadeEffect</include>
				</control>
				<control type="image">
					<posx>10</posx>
					<posy>4</posy>
					<width>22</width>
					<height>22</height>
					<texture background="true">$INFO[ListItem.Icon]</texture>
					<aspectratio>keep</aspectratio>
				</control>
				<control type="label">
					<posx>40</posx>
					<posy>0</posy>
					<width>180</width>
					<height>30</height>
					<font>font-20</font>
					<textcolor>white</textcolor>
					<selectedcolor>blue</selectedcolor>
					<align>left</align>
					<aligny>center</aligny>
					<label>$INFO[ListItem.Filename]</label>
				</control>
				<control type="label">
					<posx>240</posx>
					<posy>0</posy>
					<width>400</width>
					<height>30</height>
					<font>font-20</font>
					<textcolor>blue</textcolor>
					<selectedcolor>blue</selectedcolor>
					<align>left</align>
					<aligny>center</aligny>
					<label>$INFO[ListItem.Label2]</label>
				</control>
				<control type="label">
					<posx>340</posx>
					<posy>0</posy>
					<width>500</width>
					<height>30</height>
					<font>font-20</font>
					<textcolor>lightblue</textcolor>
					<selectedcolor>blue</selectedcolor>
					<align>right</align>
					<aligny>center</aligny>
					<label>$INFO[ListItem.Label]</label>
				</control>
				<control type="image">
					<posx>850</posx>
					<posy>4</posy>
					<width>22</width>
					<height>22</height>
					<texture>pvr_record.png</texture>
					<visible>ListItem.IsRecording</visible>
				</control>
				<control type="image">
					<posx>850</posx>
					<posy>4</posy>
					<width>22</width>
					<height>22</height>
					<texture>pvr_schedule.png</texture>
					<visible>ListItem.HasTimer</visible>
				</control>
			</itemlayout>
			<focusedlayout width="880" height="29">
				<control type="image">
					<posx>0</posx>
					<posy>0</posy>
					<width>880</width>
					<height>30</height>
					<texture border="7">list-nofocus.png</texture>
					<include>VisibleFadeEffect</include>
				</control>
				<control type="image">
					<posx>0</posx>
					<posy>0</posy>
					<width>880</width>
					<height>30</height>
					<texture border="7">list-focus2.png</texture>
					<visible>Control.HasFocus(12)</visible>
					<include>VisibleFadeEffect</include>
					<include>ListFocusScroll</include>
				</control>
				<control type="image">
					<posx>10</posx>
					<posy>4</posy>
					<width>22</width>
					<height>22</height>
					<texture background="true">$INFO[ListItem.Icon]</texture>
					<aspectratio>keep</aspectratio>
				</control>
				<control type="label">
					<posx>40</posx>
					<posy>0</posy>
					<width>180</width>
					<height>30</height>
					<font>font-20</font>
					<textcolor>white</textcolor>
					<selectedcolor>blue</selectedcolor>
					<align>left</align>
					<aligny>center</aligny>
					<label>$INFO[ListItem.Filename]</label>
				</control>
				<control type="label">
					<posx>240</posx>
					<posy>0</posy>
					<width>400</width>
					<height>30</height>
					<font>font-20</font>
					<textcolor>blue</textcolor>
					<selectedcolor>blue</selectedcolor>
					<align>left</align>
					<aligny>center</aligny>
					<label>$INFO[ListItem.Label2]</label>
				</control>
				<control type="label">
					<posx>340</posx>
					<posy>0</posy>
					<width>500</width>
					<height>30</height>
					<font>font-20</font>
					<textcolor>lightblue</textcolor>
					<selectedcolor>blue</selectedcolor>
					<align>right</align>
					<aligny>center</aligny>
					<label>$INFO[ListItem.Label]</label>
				</control>
				<control type="image">
					<posx>850</posx>
					<posy>4</posy>
					<width>22</width>
					<height>22</height>
					<texture>pvr_record.png</texture>
					<visible>ListItem.IsRecording</visible>
				</control>
				<control type="image">
					<posx>850</posx>
					<posy>4</posy>
					<width>22</width>
					<height>22</height>
					<texture>pvr_schedule.png</texture>
					<visible>ListItem.HasTimer</visible>
				</control>
			</focusedlayout>
		</control>
	</include>
	<include name="FullList-PVRGuideChannel">
		<control type="list" id="13">
			<description>TV Guide Channel</description>
			<posx>200</posx>
			<posy>142</posy>
			<width>880</width>
			<height>436</height>
			<onup>13</onup>
			<ondown>13</ondown>
			<onleft>9000</onleft>
			<onright>60</onright>
			<viewtype label="19019">list</viewtype>
			<pagecontrol>61</pagecontrol>
			<scrolltime>200</scrolltime>
			<itemlayout width="880" height="29">
				<control type="image">
					<posx>0</posx>
					<posy>0</posy>
					<width>880</width>
					<height>30</height>
					<texture border="7">list-nofocus.png</texture>
					<include>VisibleFadeEffect</include>
				</control>
				<control type="label">
					<posx>10</posx>
					<posy>0</posy>
					<width>810</width>
					<height>30</height>
					<font>font-20</font>
					<textcolor>white</textcolor>
					<selectedcolor>blue</selectedcolor>
					<align>left</align>
					<aligny>center</aligny>
					<label>$INFO[ListItem.Label2]</label>
				</control>
				<control type="label">
					<posx>30</posx>
					<posy>0</posy>
					<width>810</width>
					<height>30</height>
					<font>font-20</font>
					<textcolor>lightblue</textcolor>
					<selectedcolor>blue</selectedcolor>
					<align>right</align>
					<aligny>center</aligny>
					<label>$INFO[ListItem.Label]</label>
				</control>
				<control type="image">
					<posx>850</posx>
					<posy>4</posy>
					<width>22</width>
					<height>22</height>
					<texture>pvr_record.png</texture>
					<visible>ListItem.IsRecording</visible>
				</control>
				<control type="image">
					<posx>850</posx>
					<posy>4</posy>
					<width>22</width>
					<height>22</height>
					<texture>pvr_schedule.png</texture>
					<visible>ListItem.HasTimer</visible>
				</control>
			</itemlayout>
			<focusedlayout width="880" height="29">
				<control type="image">
					<posx>0</posx>
					<posy>0</posy>
					<width>880</width>
					<height>30</height>
					<texture border="7">list-nofocus.png</texture>
					<include>VisibleFadeEffect</include>
				</control>
				<control type="image">
					<posx>0</posx>
					<posy>0</posy>
					<width>880</width>
					<height>30</height>
					<texture border="7">list-focus2.png</texture>
					<visible>Control.HasFocus(13)</visible>
					<include>VisibleFadeEffect</include>
					<include>ListFocusScroll</include>
				</control>
				<control type="label">
					<posx>10</posx>
					<posy>0</posy>
					<width>810</width>
					<height>30</height>
					<font>font-20</font>
					<textcolor>white</textcolor>
					<selectedcolor>blue</selectedcolor>
					<align>left</align>
					<aligny>center</aligny>
					<label>$INFO[ListItem.Label2]</label>
				</control>
				<control type="label">
					<posx>30</posx>
					<posy>0</posy>
					<width>810</width>
					<height>30</height>
					<font>font-20</font>
					<textcolor>lightblue</textcolor>
					<selectedcolor>blue</selectedcolor>
					<align>right</align>
					<aligny>center</aligny>
					<label>$INFO[ListItem.Label]</label>
				</control>
				<control type="image">
					<posx>850</posx>
					<posy>4</posy>
					<width>22</width>
					<height>22</height>
					<texture>pvr_record.png</texture>
					<visible>ListItem.IsRecording</visible>
				</control>
				<control type="image">
					<posx>850</posx>
					<posy>4</posy>
					<width>22</width>
					<height>22</height>
					<texture>pvr_schedule.png</texture>
					<visible>ListItem.HasTimer</visible>
				</control>
			</focusedlayout>
		</control>
	</include>
	<include name="Fanart-PVRRecordings">
		<control type="list" id="50">
			<posx>200</posx>
			<posy>142</posy>
			<width>355</width>
			<include condition="!Skin.HasSetting(FanartShort) + !Skin.HasSetting(FanartLong)">FanartNormal</include>
			<include condition="Skin.HasSetting(FanartShort)">FanartShort</include>
			<include condition="Skin.HasSetting(FanartLong)">FanartLong</include>
			<onleft>9000</onleft>
			<onright>60</onright>
			<onup>50</onup>
			<ondown>50</ondown>
			<viewtype label="31030">list</viewtype>
			<pagecontrol>60</pagecontrol>
			<scrolltime>200</scrolltime>
			<preloaditems>2</preloaditems>
			<itemlayout width="355" height="29">
				<control type="image">
					<posx>0</posx>
					<posy>0</posy>
					<width>355</width>
					<height>30</height>
					<texture border="7">list-nofocus.png</texture>
					<include>VisibleFadeEffect</include>
				</control>
				<control type="label">
					<posx>10</posx>
					<posy>0</posy>
					<width>310</width>
					<height>30</height>
					<font>font-20</font>
					<textcolor>white</textcolor>
					<selectedcolor>blue</selectedcolor>
					<align>left</align>
					<aligny>center</aligny>
					<label>$INFO[ListItem.Label][COLOR=blue]$INFO[ListItem.Date, (,)][/COLOR]</label>
				</control>
				<control type="image">
					<posx>325</posx>
					<posy>0</posy>
					<width>30</width>
					<height>30</height>
					<aspectratio>keep</aspectratio>
					<texture>$INFO[ListItem.Overlay]</texture>
				</control>
			</itemlayout>
			<focusedlayout width="355" height="29">
				<control type="image">
					<posx>0</posx>
					<posy>0</posy>
					<width>355</width>
					<height>30</height>
					<texture border="7">list-nofocus.png</texture>
					<include>VisibleFadeEffect</include>
				</control>
				<control type="image">
					<posx>0</posx>
					<posy>0</posy>
					<width>355</width>
					<height>30</height>
					<texture border="7">list-focus2.png</texture>
					<visible>Control.HasFocus(50)</visible>
					<include>VisibleFadeEffect</include>
					<include>ListFocusScroll</include>
				</control>
				<control type="label">
					<posx>10</posx>
					<posy>0</posy>
					<width>310</width>
					<height>30</height>
					<font>font-20</font>
					<textcolor>white</textcolor>
					<selectedcolor>blue</selectedcolor>
					<align>left</align>
					<aligny>center</aligny>
					<label>$INFO[ListItem.Label][COLOR=blue]$INFO[ListItem.Date, (,)][/COLOR]</label>
				</control>
				<control type="image">
					<posx>325</posx>
					<posy>0</posy>
					<width>30</width>
					<height>30</height>
					<aspectratio>keep</aspectratio>
					<texture>$INFO[ListItem.Overlay]</texture>
				</control>
			</focusedlayout>
		</control>
	</include>
	<include name="Fanart-PVRRecordings_Extras">
		<control type="group">
			<visible>Control.IsVisible(50)</visible>
			<include>Window_OpenClose_Visible_FanartInfo_Animation</include>
			<control type="image">
				<posx>0</posx>
				<posy>560</posy>
				<width>875</width>
				<height>148</height>
				<texture border="10">underlay.png</texture>
			</control>
			<control type="label">
				<posx>225</posx>
				<posy>572</posy>
				<width>636</width>
				<height>30</height>
				<font>font-30</font>
				<textcolor>blue</textcolor>
				<shadowcolor>black</shadowcolor>
				<align>left</align>
				<aligny>center</aligny>
				<label>[UPPERCASE]$INFO[ListItem.Title][/UPPERCASE]</label>
			</control>
			<control type="label">
				<posx>225</posx>
				<posy>603</posy>
				<width>636</width>
				<height>20</height>
				<font>font-23</font>
				<textcolor>white</textcolor>
				<shadowcolor>black</shadowcolor>
				<align>left</align>
				<aligny>center</aligny>
				<label>[B]$INFO[ListItem.Date][/B]</label>
			</control>
			<control type="textbox">
				<description>Description Value</description>
				<posx>225</posx>
				<posy>627</posy>
				<width>636</width>
				<height>63</height>
				<font>font-19</font>
				<align>justify</align>
				<textcolor>white</textcolor>
				<label>$INFO[Container(50).ListItem.Plot]</label>
				<autoscroll time="2000" delay="8000" repeat="5000">Skin.HasSetting(AutoScroll)</autoscroll>
			</control>
		</control>
		<control type="group">
			<visible>Control.IsVisible(50)</visible>
			<include>Window_OpenClose_Visible_FanartIcon_Animation</include>
			<control type="image">
				<posx>8</posx>
				<posy>505</posy>
				<width>210</width>
				<height>210</height>
				<aspectratio scalediffuse="true">keep</aspectratio>
				<texture diffuse="thumb-diffuse.png" background="true">$INFO[Listitem.Icon]</texture>
				<bordersize>6</bordersize>
				<fadetime>IconCrossfadeTime</fadetime>
			</control>
		</control>
	</include>
	<include name="FullList-PVRSearch">
		<control type="list" id="52">
			<posx>200</posx>
			<posy>142</posy>
			<width>880</width>
			<height>436</height>
			<onup>52</onup>
			<ondown>52</ondown>
			<onleft>9000</onleft>
			<onright>60</onright>
			<viewtype label="535">list</viewtype>
			<pagecontrol>60</pagecontrol>
			<scrolltime>200</scrolltime>
			<preloaditems>2</preloaditems>
			<itemlayout width="880" height="29">
				<control type="image">
					<posx>0</posx>
					<posy>0</posy>
					<width>880</width>
					<height>30</height>
					<texture border="7">list-nofocus.png</texture>
					<include>VisibleFadeEffect</include>
				</control>
				<control type="image">
					<posx>10</posx>
					<posy>4</posy>
					<width>40</width>
					<height>22</height>
					<texture background="true">$INFO[ListItem.Icon]</texture>
					<aspectratio>keep</aspectratio>
				</control>
				<control type="label">
					<posx>60</posx>
					<posy>0</posy>
					<width>180</width>
					<height>30</height>
					<font>font-20</font>
					<textcolor>lightblue</textcolor>
					<selectedcolor>blue</selectedcolor>
					<align>left</align>
					<aligny>center</aligny>
					<label>$INFO[ListItem.ChannelName]</label>
				</control>
				<control type="label">
					<posx>250</posx>
					<posy>0</posy>
					<width>400</width>
					<height>30</height>
					<font>font-20</font>
					<textcolor>blue</textcolor>
					<selectedcolor>blue</selectedcolor>
					<align>left</align>
					<aligny>center</aligny>
					<label>$INFO[ListItem.Date]</label>
				</control>
				<control type="label">
					<posx>440</posx>
					<posy>0</posy>
					<width>400</width>
					<height>30</height>
					<font>font-20</font>
					<textcolor>white</textcolor>
					<selectedcolor>blue</selectedcolor>
					<align>right</align>
					<aligny>center</aligny>
					<label>$INFO[ListItem.Label]</label>
				</control>
				<control type="image">
					<posx>850</posx>
					<posy>4</posy>
					<width>22</width>
					<height>22</height>
					<texture>pvr_record.png</texture>
					<visible>ListItem.IsRecording</visible>
				</control>
				<control type="image">
					<posx>850</posx>
					<posy>4</posy>
					<width>22</width>
					<height>22</height>
					<texture>pvr_schedule.png</texture>
					<visible>ListItem.HasTimer</visible>
				</control>
			</itemlayout>
			<focusedlayout width="880" height="29">
				<control type="image">
					<posx>0</posx>
					<posy>0</posy>
					<width>880</width>
					<height>30</height>
					<texture border="7">list-nofocus.png</texture>
					<include>VisibleFadeEffect</include>
				</control>
				<control type="image">
					<posx>0</posx>
					<posy>0</posy>
					<width>880</width>
					<height>30</height>
					<texture border="7">list-focus2.png</texture>
					<include>VisibleFadeEffect</include>
					<include>ListFocusScroll</include>
					<visible>Control.HasFocus(52)</visible>
				</control>
				<control type="image">
					<posx>10</posx>
					<posy>4</posy>
					<width>40</width>
					<height>22</height>
					<texture background="true">$INFO[ListItem.Icon]</texture>
					<aspectratio>keep</aspectratio>
				</control>
				<control type="label">
					<posx>60</posx>
					<posy>0</posy>
					<width>180</width>
					<height>30</height>
					<font>font-20</font>
					<textcolor>lightblue</textcolor>
					<selectedcolor>blue</selectedcolor>
					<align>left</align>
					<aligny>center</aligny>
					<label>$INFO[ListItem.ChannelName]</label>
				</control>
				<control type="label">
					<posx>250</posx>
					<posy>0</posy>
					<width>400</width>
					<height>30</height>
					<font>font-20</font>
					<textcolor>blue</textcolor>
					<selectedcolor>blue</selectedcolor>
					<align>left</align>
					<aligny>center</aligny>
					<label>$INFO[ListItem.Date]</label>
				</control>
				<control type="label">
					<posx>440</posx>
					<posy>0</posy>
					<width>400</width>
					<height>30</height>
					<font>font-20</font>
					<textcolor>white</textcolor>
					<selectedcolor>blue</selectedcolor>
					<align>right</align>
					<aligny>center</aligny>
					<label>$INFO[ListItem.Label]</label>
				</control>
				<control type="image">
					<posx>850</posx>
					<posy>4</posy>
					<width>22</width>
					<height>22</height>
					<texture>pvr_record.png</texture>
					<visible>ListItem.IsRecording</visible>
				</control>
				<control type="image">
					<posx>850</posx>
					<posy>4</posy>
					<width>22</width>
					<height>22</height>
					<texture>pvr_schedule.png</texture>
					<visible>ListItem.HasTimer</visible>
				</control>
			</focusedlayout>
		</control>
	</include>
	<include name="FullList-PVRTimers">
		<control type="list" id="52">
			<posx>200</posx>
			<posy>142</posy>
			<width>880</width>
			<height>436</height>
			<onup>52</onup>
			<ondown>52</ondown>
			<onleft>9000</onleft>
			<onright>60</onright>
			<viewtype label="535">list</viewtype>
			<pagecontrol>60</pagecontrol>
			<scrolltime>200</scrolltime>
			<itemlayout width="880" height="29">
				<control type="image">
					<posx>0</posx>
					<posy>0</posy>
					<width>880</width>
					<height>30</height>
					<texture border="7">list-nofocus.png</texture>
					<include>VisibleFadeEffect</include>
				</control>
				<control type="label">
					<posx>10</posx>
					<posy>0</posy>
					<width>260</width>
					<height>30</height>
					<font>font-20</font>
					<textcolor>white</textcolor>
					<selectedcolor>blue</selectedcolor>
					<align>left</align>
					<aligny>center</aligny>
					<label>$INFO[ListItem.Label]</label>
				</control>
				<control type="label">
					<posx>270</posx>
					<posy>0</posy>
					<width>400</width>
					<height>30</height>
					<font>font-20</font>
					<textcolor>blue</textcolor>
					<selectedcolor>blue</selectedcolor>
					<align>left</align>
					<aligny>center</aligny>
					<label>$INFO[ListItem.Date]</label>
				</control>
				<control type="label">
					<posx>670</posx>
					<posy>0</posy>
					<width>200</width>
					<height>30</height>
					<font>font-20</font>
					<textcolor>lightblue</textcolor>
					<selectedcolor>blue</selectedcolor>
					<align>right</align>
					<aligny>center</aligny>
					<label>$INFO[ListItem.Comment]</label>
				</control>
			</itemlayout>
			<focusedlayout width="880" height="29">
				<control type="image">
					<posx>0</posx>
					<posy>0</posy>
					<width>880</width>
					<height>30</height>
					<texture border="7">list-nofocus.png</texture>
					<include>VisibleFadeEffect</include>
				</control>
				<control type="image">
					<posx>0</posx>
					<posy>0</posy>
					<width>880</width>
					<height>30</height>
					<texture border="7">list-focus2.png</texture>
					<visible>Control.HasFocus(52)</visible>
					<include>VisibleFadeEffect</include>
					<include>ListFocusScroll</include>
				</control>
				<control type="label">
					<posx>10</posx>
					<posy>0</posy>
					<width>260</width>
					<height>30</height>
					<font>font-20</font>
					<textcolor>white</textcolor>
					<selectedcolor>blue</selectedcolor>
					<align>left</align>
					<aligny>center</aligny>
					<label>$INFO[ListItem.Label]</label>
				</control>
				<control type="label">
					<posx>270</posx>
					<posy>0</posy>
					<width>400</width>
					<height>30</height>
					<font>font-20</font>
					<textcolor>blue</textcolor>
					<selectedcolor>blue</selectedcolor>
					<align>left</align>
					<aligny>center</aligny>
					<label>$INFO[ListItem.Date]</label>
				</control>
				<control type="label">
					<posx>670</posx>
					<posy>0</posy>
					<width>200</width>
					<height>30</height>
					<font>font-20</font>
					<textcolor>lightblue</textcolor>
					<selectedcolor>blue</selectedcolor>
					<align>right</align>
					<aligny>center</aligny>
					<label>$INFO[ListItem.Comment]</label>
				</control>
			</focusedlayout>
		</control>
	</include>
	<include name="FullList-PVRTimers_Extras">
		<control type="group">
			<visible>Control.IsVisible(52)</visible>
			<include>Window_OpenClose_Visible_MediaFlags_Animation</include>
			<control type="image">
				<posx>330</posx>
				<posy>618</posy>
				<width>626</width>
				<height>42</height>
				<texture diffuse="underlay2-diffuse.png" border="4">underlay2.png</texture>
				<visible>PVR.HasTimer</visible>
			</control>
			<control type="label">
				<description>Next timer date</description>
				<posx>300</posx>
				<posy>623</posy>
				<width>680</width>
				<height>35</height>
				<font>font-20</font>
				<align>center</align>
				<aligny>center</aligny>
				<textcolor>white</textcolor>
				<label>$INFO[PVR.NextTimer]</label>
				<visible>PVR.HasTimer</visible>
			</control>
		</control>
	</include>
</includes>
