<?xml version="1.0" encoding="UTF-8"?>
<includes>
	<include name="MediaInfo-Movies">
		<control type="list" id="58">
			<visible>Container.Content(Movies) | Container.Content(Episodes) | Container.Content(MusicVideos) | Window.IsVisible(VideoPlaylist)</visible>
			<posx>448</posx>
			<posy>135</posy>
			<width>630</width>
			<height>320</height>
			<onleft>9000</onleft>
			<onright>60</onright>
			<onup>58</onup>
			<ondown>58</ondown>
			<viewtype label="544">list</viewtype>
			<pagecontrol>60</pagecontrol>
			<scrolltime>200</scrolltime>
			<preloaditems>2</preloaditems>
			<itemlayout width="630" height="29">
				<control type="image">
					<posx>0</posx>
					<posy>0</posy>
					<width>630</width>
					<height>30</height>
					<texture border="7">list-nofocus.png</texture>
					<include>VisibleFadeEffect</include>
				</control>
				<control type="label">
					<posx>10</posx>
					<posy>0</posy>
					<width>570</width>
					<height>30</height>
					<font>font-20</font>
					<textcolor>white</textcolor>
					<selectedcolor>blue</selectedcolor>
					<align>left</align>
					<aligny>center</aligny>
					<label>$INFO[ListItem.Label]</label>
				</control>
				<control type="label">
					<posx>10</posx>
					<posy>0</posy>
					<width>570</width>
					<height>30</height>
					<font>font-20</font>
					<textcolor>lightblue</textcolor>
					<selectedcolor>blue</selectedcolor>
					<align>right</align>
					<aligny>center</aligny>
					<label>$INFO[ListItem.Label2]</label>
					<animation effect="slide" start="0,0" end="40,0" time="0" condition="[Container.Content(Movies) + Skin.HasSetting(Enable_Movies_Watched_Flags)] | [Container.Content(Episodes) + Skin.HasSetting(Enable_TVShows_Watched_Flags)] | [Container.Content(MusicVideos) + Skin.HasSetting(Enable_MusicVideos_Watched_Flags)]">Conditional</animation>
				</control>
				<control type="image">
					<posx>590</posx>
					<posy>0</posy>
					<width>30</width>
					<height>30</height>
					<aspectratio>keep</aspectratio>
					<texture>$VAR[PartlyWatched]</texture>
					<visible>[Container.Content(Movies) + !Skin.HasSetting(Enable_Movies_Watched_Flags)] | [Container.Content(Episodes) + !Skin.HasSetting(Enable_TVShows_Watched_Flags)] | [Container.Content(MusicVideos) + !Skin.HasSetting(Enable_MusicVideos_Watched_Flags)] | Window.IsVisible(VideoPlaylist)</visible>
				</control>
				<control type="image">
					<posx>590</posx>
					<posy>0</posy>
					<width>30</width>
					<height>30</height>
					<aspectratio>keep</aspectratio>
					<texture>$INFO[ListItem.Overlay]</texture>
					<visible>[Container.Content(Movies) + !Skin.HasSetting(Enable_Movies_Watched_Flags)] | [Container.Content(Episodes) + !Skin.HasSetting(Enable_TVShows_Watched_Flags)] | [Container.Content(MusicVideos) + !Skin.HasSetting(Enable_MusicVideos_Watched_Flags)] | Window.IsVisible(VideoPlaylist)</visible>
				</control>
			</itemlayout>
			<focusedlayout width="630" height="29">
				<control type="image">
					<posx>0</posx>
					<posy>0</posy>
					<width>630</width>
					<height>30</height>
					<texture border="7">list-nofocus.png</texture>
					<include>VisibleFadeEffect</include>
				</control>
				<control type="image">
					<posx>0</posx>
					<posy>0</posy>
					<width>630</width>
					<height>30</height>
					<texture border="7">list-focus2.png</texture>
					<visible>Control.HasFocus(58)</visible>
					<include>VisibleFadeEffect</include>
					<include>ListFocusScroll</include>
				</control>
				<control type="label">
					<posx>10</posx>
					<posy>0</posy>
					<width>570</width>
					<height>30</height>
					<font>font-20</font>
					<textcolor>white</textcolor>
					<selectedcolor>blue</selectedcolor>
					<align>left</align>
					<aligny>center</aligny>
					<label>$INFO[ListItem.Label]</label>
				</control>
				<control type="label">
					<posx>10</posx>
					<posy>0</posy>
					<width>570</width>
					<height>30</height>
					<font>font-20</font>
					<textcolor>lightblue</textcolor>
					<selectedcolor>blue</selectedcolor>
					<align>right</align>
					<aligny>center</aligny>
					<label>$INFO[ListItem.Label2]</label>
					<animation effect="slide" start="0,0" end="40,0" time="0" condition="[Container.Content(Movies) + Skin.HasSetting(Enable_Movies_Watched_Flags)] | [Container.Content(Episodes) + Skin.HasSetting(Enable_TVShows_Watched_Flags)] | [Container.Content(MusicVideos) + Skin.HasSetting(Enable_MusicVideos_Watched_Flags)]">Conditional</animation>
				</control>
				<control type="image">
					<posx>590</posx>
					<posy>0</posy>
					<width>30</width>
					<height>30</height>
					<aspectratio>keep</aspectratio>
					<texture>$VAR[PartlyWatched]</texture>
					<visible>[Container.Content(Movies) + !Skin.HasSetting(Enable_Movies_Watched_Flags)] | [Container.Content(Episodes) + !Skin.HasSetting(Enable_TVShows_Watched_Flags)] | [Container.Content(MusicVideos) + !Skin.HasSetting(Enable_MusicVideos_Watched_Flags)] | Window.IsVisible(VideoPlaylist)</visible>
				</control>
				<control type="image">
					<posx>590</posx>
					<posy>0</posy>
					<width>30</width>
					<height>30</height>
					<aspectratio>keep</aspectratio>
					<texture>$INFO[ListItem.Overlay]</texture>
					<visible>[Container.Content(Movies) + !Skin.HasSetting(Enable_Movies_Watched_Flags)] | [Container.Content(Episodes) + !Skin.HasSetting(Enable_TVShows_Watched_Flags)] | [Container.Content(MusicVideos) + !Skin.HasSetting(Enable_MusicVideos_Watched_Flags)] | Window.IsVisible(VideoPlaylist)</visible>
				</control>
			</focusedlayout>
		</control>
		<control type="group">
			<posx>200</posx>
			<posy>135</posy>
			<visible>Control.IsVisible(58) + Container.Content(Movies)</visible>
			<control type="image">
				<posx>20</posx>
				<posy>320</posy>
				<width>196</width>
				<height>278</height>
				<texture flipy="true" diffuse="diffuse_mirror2.png" background="true">$INFO[ListItem.Icon]</texture>
				<visible>!stringcompare(ListItem.Label,..)</visible>
			</control>
			<control type="image">
				<posx>20</posx>
				<posy>320</posy>
				<width>196</width>
				<height>278</height>
				<texture flipy="true" diffuse="diffuse_mirror2.png" background="true">$VAR[IconPoster]</texture>
				<fadetime>IconCrossfadeTime</fadetime>
				<visible>!stringcompare(ListItem.Label,..)</visible>
			</control>
			<control type="image">
				<posx>20</posx>
				<posy>300</posy>
				<width>210</width>
				<height>324</height>
				<texture flipy="true" diffuse="diffuse_mirror_case.png" fallback="case-sets.png">case$INFO[ListItem.VideoResolution].png</texture>
				<visible>!stringcompare(ListItem.Label,..) + !Skin.HasSetting(HideMovieCase)</visible>
			</control>
			<control type="image">
				<posx>20</posx>
				<posy>30</posy>
				<width>196</width>
				<height>278</height>
				<texture background="true">$INFO[ListItem.Icon]</texture>
				<visible>stringcompare(ListItem.Label,..)</visible>
			</control>
			<control type="image">
				<posx>20</posx>
				<posy>30</posy>
				<width>196</width>
				<height>278</height>
				<texture background="true">$VAR[IconPoster]</texture>
				<fadetime>IconCrossfadeTime</fadetime>
				<visible>!stringcompare(ListItem.Label,..)</visible>
			</control>
			<control type="image">
				<posx>20</posx>
				<posy>4</posy>
				<width>210</width>
				<height>324</height>
				<texture fallback="case-sets.png">case$INFO[ListItem.VideoResolution].png</texture>
				<visible>!stringcompare(ListItem.Label,..) + !Skin.HasSetting(HideMovieCase)</visible>
			</control>
			<control type="image">
				<posx>106</posx>
				<posy>10</posy>
				<width>27</width>
				<height>16</height>
				<texture>movieset.png</texture>
				<visible>ListItem.IsFolder + !stringcompare(ListItem.Label,..) + SubString(Container.Folderpath,videodb://,left)</visible>
			</control>
			<control type="label">
				<description>Year Value</description>
				<posx>0</posx>
				<posy>318</posy>
				<width>233</width>
				<height>25</height>
				<label>$INFO[ListItem.Year,[UPPERCASE][B][COLOR=lightblue]$LOCALIZE[562]: [/COLOR][/UPPERCASE][/B]]</label>
				<align>center</align>
				<font>font-23</font>
			</control>
			<control type="image">
				<posx>0</posx>
				<posy>345</posy>
				<width>880</width>
				<height>2</height>
				<texture>separator.png</texture>
			</control>
		</control>
		<control type="group">
			<posx>200</posx>
			<posy>135</posy>
			<visible>Control.IsVisible(58) + [Container.Content(Episodes) | Container.Content(MusicVideos)]</visible>
			<control type="image">
				<posx>-4</posx>
				<posy>24</posy>
				<width>232</width>
				<height>135</height>
				<aspectratio>keep</aspectratio>
				<texture background="true">$INFO[ListItem.Icon]</texture>
				<bordersize>8</bordersize>
				<visible>stringcompare(ListItem.Label,..)</visible>
			</control>
			<control type="image">
				<posx>-4</posx>
				<posy>143</posy>
				<width>232</width>
				<height>135</height>
				<aspectratio>keep</aspectratio>
				<texture flipy="true" diffuse="video-diffuse-mirror.png" background="true">$INFO[ListItem.Icon]</texture>
				<bordersize>8</bordersize>
				<visible>stringcompare(ListItem.Label,..)</visible>
			</control>
			<control type="image">
				<posx>-4</posx>
				<posy>24</posy>
				<width>232</width>
				<height>135</height>
				<aspectratio scalediffuse="false">scale</aspectratio>
				<texture diffuse="video-diffuse.png" background="true">$INFO[ListItem.Icon]</texture>
				<bordertexture border="9">video-shadow.png</bordertexture>
				<bordersize>8</bordersize>
				<fadetime>IconCrossfadeTime</fadetime>
				<visible>!stringcompare(ListItem.Label,..)</visible>
			</control>
			<control type="image">
				<posx>-4</posx>
				<posy>143</posy>
				<width>232</width>
				<height>135</height>
				<aspectratio scalediffuse="false">scale</aspectratio>
				<texture flipy="true" diffuse="video-diffuse-mirror.png" background="true">$INFO[ListItem.Icon]</texture>
				<bordertexture flipy="true" diffuse="video-diffuse-mirror.png" border="9">video-shadow.png</bordertexture>
				<bordersize>8</bordersize>
				<fadetime>IconCrossfadeTime</fadetime>
				<visible>!stringcompare(ListItem.Label,..)</visible>
			</control>
			<control type="label">
				<posx>0</posx>
				<posy>180</posy>
				<width>225</width>
				<height>25</height>
				<label>$VAR[ViewMediaInfoLabel1]</label>
				<align>left</align>
				<aligny>center</aligny>
				<font>font-20c</font>
				<textcolor>lightblue</textcolor>
			</control>
			<control type="label">
				<posx>0</posx>
				<posy>200</posy>
				<width>225</width>
				<height>25</height>
				<label fallback="416">$VAR[ViewMediaInfoLabel2]</label>
				<align>left</align>
				<aligny>center</aligny>
				<font>font-20</font>
			</control>
			<control type="label">
				<posx>0</posx>
				<posy>230</posy>
				<width>225</width>
				<height>25</height>
				<label>$VAR[ViewMediaInfoLabel3]</label>
				<align>left</align>
				<aligny>center</aligny>
				<font>font-20c</font>
				<textcolor>lightblue</textcolor>
			</control>
			<control type="label">
				<posx>0</posx>
				<posy>250</posy>
				<width>225</width>
				<height>25</height>
				<label fallback="416">$VAR[ViewMediaInfoLabel4]</label>
				<align>left</align>
				<aligny>center</aligny>
				<font>font-20</font>
			</control>
			<control type="label">
				<description>Studio txt</description>
				<posx>0</posx>
				<posy>280</posy>
				<width>225</width>
				<height>25</height>
				<label>[UPPERCASE][B]$LOCALIZE[572]:[/UPPERCASE][/B]</label>
				<align>left</align>
				<aligny>center</aligny>
				<font>font-20c</font>
				<textcolor>lightblue</textcolor>
				<visible>!stringcompare(ListItem.Label,..)</visible>
			</control>
			<control type="label">
				<description>Studio Value</description>
				<posx>0</posx>
				<posy>300</posy>
				<width>225</width>
				<height>25</height>
				<label fallback="416">$INFO[ListItem.Studio]</label>
				<align>left</align>
				<aligny>center</aligny>
				<font>font-20</font>
				<visible>!stringcompare(ListItem.Label,..)</visible>
			</control>
			<control type="image">
				<posx>0</posx>
				<posy>345</posy>
				<width>880</width>
				<height>2</height>
				<texture>separator.png</texture>
			</control>
		</control>
		<control type="group">
			<posx>200</posx>
			<posy>135</posy>
			<visible>Control.IsVisible(58) + Window.IsVisible(VideoPlaylist)</visible>
			<control type="image">
				<posx>28</posx>
				<posy>14</posy>
				<width>200</width>
				<height>295</height>
				<aspectratio scalediffuse="true">keep</aspectratio>
				<texture diffuse="gamecase-diffuse.png" background="true">$INFO[ListItem.Icon]</texture>
				<fadetime>IconCrossfadeTime</fadetime>
			</control>
			<control type="label">
				<description>Year Value</description>
				<posx>0</posx>
				<posy>316</posy>
				<width>233</width>
				<height>25</height>
				<label>$INFO[ListItem.Year,[UPPERCASE][B][COLOR=lightblue]$LOCALIZE[562]: [/COLOR][/UPPERCASE][/B]]</label>
				<align>center</align>
				<font>font-23</font>
			</control>
			<control type="image">
				<posx>0</posx>
				<posy>345</posy>
				<width>880</width>
				<height>2</height>
				<texture>separator.png</texture>
			</control>
		</control>
		<control type="textbox">
			<description>Description Value for Movies</description>
			<posx>200</posx>
			<posy>504</posy>
			<width>880</width>
			<height>86</height>
			<font>font-20</font>
			<align>justify</align>
			<textcolor>white</textcolor>
			<label>$INFO[ListItem.Plot]</label>
			<autoscroll time="2000" delay="8000" repeat="5000">Skin.HasSetting(AutoScroll)</autoscroll>
			<visible>Control.IsVisible(58) + [Container.Content(Movies) | Container.Content(Episodes) | Container.Content(MusicVideos) | Window.IsVisible(VideoPlaylist)]</visible>
		</control>
	</include>
	<include name="MediaInfo-Movies_Extras">
		<control type="group">
			<visible>Control.IsVisible(58) + [Container.Content(Movies) | Container.Content(Episodes) | Container.Content(MusicVideos) | Window.IsVisible(VideoPlaylist)]</visible>
			<include>Window_OpenClose_Visible_MediaFlags_Animation2</include>
			<control type="image">
				<posx>330</posx>
				<posy>618</posy>
				<width>626</width>
				<height>42</height>
				<texture diffuse="underlay2-diffuse.png" border="4">underlay2.png</texture>
				<visible>[!Skin.HasSetting(Enable_Movies_Media_Flags) + Container.Content(Movies)]</visible>
			</control>
			<control type="image">
				<posx>330</posx>
				<posy>618</posy>
				<width>626</width>
				<height>42</height>
				<texture diffuse="underlay2-diffuse.png" border="4">underlay2.png</texture>
				<visible>!Skin.HasSetting(Enable_TVShows_Media_Flags) + Container.Content(Episodes)</visible>
			</control>
			<control type="image">
				<posx>330</posx>
				<posy>618</posy>
				<width>626</width>
				<height>42</height>
				<texture diffuse="underlay2-diffuse.png" border="4">underlay2.png</texture>
				<visible>!Skin.HasSetting(Enable_MusicVideos_Media_Flags) + Container.Content(MusicVideos)</visible>
			</control>
			<control type="group">
				<posx>370</posx>
				<posy>615</posy>
				<width>540</width>
				<height>48</height>
				<include condition="!Skin.HasSetting(Enable_Movies_Media_Flags)">VideoMediaFlags</include>
				<visible>Container.Content(Movies)</visible>
			</control>
			<control type="group">
				<posx>370</posx>
				<posy>615</posy>
				<width>540</width>
				<height>48</height>
				<include condition="!Skin.HasSetting(Enable_TVShows_Media_Flags)">VideoMediaFlags</include>
				<visible>Container.Content(Episodes)</visible>
			</control>
			<control type="group">
				<posx>370</posx>
				<posy>615</posy>
				<width>540</width>
				<height>48</height>
				<include condition="!Skin.HasSetting(Enable_MusicVideos_Media_Flags)">VideoMediaFlags</include>
				<visible>Container.Content(MusicVideos)</visible>
			</control>
		</control>
	</include>
	<include name="MediaInfo-TVShows">
		<control type="list" id="59">
			<visible>Container.Content(TVShows) | Container.Content(Seasons)</visible>
			<posx>660</posx>
			<posy>142</posy>
			<width>420</width>
			<height>436</height>
			<onleft>9000</onleft>
			<onright>60</onright>
			<onup>59</onup>
			<ondown>59</ondown>
			<viewtype label="$LOCALIZE[544]">list</viewtype>
			<pagecontrol>60</pagecontrol>
			<scrolltime>200</scrolltime>
			<preloaditems>2</preloaditems>
			<itemlayout width="420" height="29">
				<control type="image">
					<posx>0</posx>
					<posy>0</posy>
					<width>420</width>
					<height>30</height>
					<texture border="7">list-nofocus.png</texture>
					<include>VisibleFadeEffect</include>
				</control>
				<control type="label">
					<posx>10</posx>
					<posy>0</posy>
					<width>370</width>
					<height>30</height>
					<font>font-20</font>
					<textcolor>white</textcolor>
					<selectedcolor>blue</selectedcolor>
					<align>left</align>
					<aligny>center</aligny>
					<label>$INFO[ListItem.Label]</label>
				</control>
				<control type="image">
					<posx>380</posx>
					<posy>0</posy>
					<width>30</width>
					<height>30</height>
					<aspectratio>keep</aspectratio>
					<texture>$VAR[PartlyWatched]</texture>
					<visible>!Skin.HasSetting(Enable_TVShows_Watched_Flags)</visible>
				</control>
				<control type="image">
					<posx>380</posx>
					<posy>0</posy>
					<width>30</width>
					<height>30</height>
					<aspectratio>keep</aspectratio>
					<texture>$INFO[ListItem.Overlay]</texture>
					<visible>!Skin.HasSetting(Enable_TVShows_Watched_Flags)</visible>
				</control>
			</itemlayout>
			<focusedlayout width="420" height="29">
				<control type="image">
					<posx>0</posx>
					<posy>0</posy>
					<width>420</width>
					<height>30</height>
					<texture border="7">list-nofocus.png</texture>
					<include>VisibleFadeEffect</include>
				</control>
				<control type="image">
					<posx>0</posx>
					<posy>0</posy>
					<width>420</width>
					<height>30</height>
					<texture border="7">list-focus2.png</texture>
					<visible>Control.HasFocus(59)</visible>
					<include>VisibleFadeEffect</include>
					<include>ListFocusScroll</include>
				</control>
				<control type="label">
					<posx>10</posx>
					<posy>0</posy>
					<width>370</width>
					<height>30</height>
					<font>font-20</font>
					<textcolor>white</textcolor>
					<selectedcolor>blue</selectedcolor>
					<align>left</align>
					<aligny>center</aligny>
					<label>$INFO[ListItem.Label]</label>
				</control>
				<control type="image">
					<posx>380</posx>
					<posy>0</posy>
					<width>30</width>
					<height>30</height>
					<aspectratio>keep</aspectratio>
					<texture>$VAR[PartlyWatched]</texture>
					<visible>!Skin.HasSetting(Enable_TVShows_Watched_Flags)</visible>
				</control>
				<control type="image">
					<posx>380</posx>
					<posy>0</posy>
					<width>30</width>
					<height>30</height>
					<aspectratio>keep</aspectratio>
					<texture>$INFO[ListItem.Overlay]</texture>
					<visible>!Skin.HasSetting(Enable_TVShows_Watched_Flags)</visible>
				</control>
			</focusedlayout>
		</control>
		<control type="group">
			<visible>Control.IsVisible(59) + [Container.Content(TVShows) + Skin.HasSetting(TVShowsPosters)]</visible>
			<posx>200</posx>
			<posy>110</posy>
			<control type="image">
				<posx>-13</posx>
				<posy>26</posy>
				<width>466</width>
				<height>107</height>
				<aspectratio>keep</aspectratio>
				<texture diffuse="banner-diffuse.png" background="true">$INFO[ListItem.Icon]</texture>
				<bordersize>13</bordersize>
				<fadetime>IconCrossfadeTime</fadetime>
				<visible>stringcompare(ListItem.Label,..)</visible>
			</control>
			<control type="image">
				<posx>-13</posx>
				<posy>107</posy>
				<width>466</width>
				<height>107</height>
				<aspectratio>keep</aspectratio>
				<texture flipy="true" diffuse="banner-diffuse-mirror.png" background="true">$INFO[ListItem.Icon]</texture>
				<bordersize>13</bordersize>
				<fadetime>IconCrossfadeTime</fadetime>
				<visible>stringcompare(ListItem.Label,..)</visible>
			</control>
			<control type="image">
				<posx>-13</posx>
				<posy>26</posy>
				<width>466</width>
				<height>107</height>
				<aspectratio scalediffuse="false">stretch</aspectratio>
				<texture fallback="DefaultBanner.png" diffuse="banner-diffuse.png" background="true">$VAR[IconBanner]</texture>
				<bordertexture border="13">banner-shadow.png</bordertexture>
				<bordersize>13</bordersize>
				<fadetime>IconCrossfadeTime</fadetime>
				<visible>!stringcompare(ListItem.Label,..)</visible>
			</control>
			<control type="image">
				<posx>-13</posx>
				<posy>107</posy>
				<width>466</width>
				<height>107</height>
				<aspectratio scalediffuse="false">stretch</aspectratio>
				<texture fallback="DefaultBanner.png" flipy="true" diffuse="banner-diffuse-mirror.png" background="true">$VAR[IconBanner]</texture>
				<bordertexture flipy="true" diffuse="banner-diffuse-mirror.png" border="13">banner-shadow.png</bordertexture>
				<bordersize>13</bordersize>
				<fadetime>IconCrossfadeTime</fadetime>
				<visible>!stringcompare(ListItem.Label,..)</visible>
			</control>
		</control>
		<control type="group">
			<visible>Control.IsVisible(59) + [Container.Content(TVShows) | Container.Content(Seasons)]</visible>
			<posx>200</posx>
			<posy>110</posy>
			<animation effect="slide" start="0,0" end="0,252" time="0" condition="[[Container.Content(TVShows) + !Skin.HasSetting(TVShowsPosters)] | Container.Content(Seasons)]">Conditional</animation>
			<control type="label">
				<description>Seasons txt</description>
				<posx>225</posx>
				<posy>130</posy>
				<width>240</width>
				<height>20</height>
				<label>[UPPERCASE][B]$LOCALIZE[33054]:[/UPPERCASE][/B]</label>
				<align>right</align>
				<aligny>center</aligny>
				<font>font-20c</font>
				<textcolor>lightblue</textcolor>
				<visible>!stringcompare(ListItem.Label,..)</visible>
			</control>
			<control type="label">
				<description>Seasons Value</description>
				<posx>232</posx>
				<posy>130</posy>
				<width>220</width>
				<height>20</height>
				<label fallback="416">$INFO[ListItem.Property(TotalSeasons)]</label>
				<align>left</align>
				<aligny>center</aligny>
				<font>font-20</font>
				<visible>!stringcompare(ListItem.Label,..)</visible>
			</control>
			<control type="label">
				<description>Episodes txt</description>
				<posx>225</posx>
				<posy>150</posy>
				<width>240</width>
				<height>20</height>
				<label>[UPPERCASE][B]$LOCALIZE[20360]:[/UPPERCASE][/B]</label>
				<align>right</align>
				<aligny>center</aligny>
				<font>font-20c</font>
				<textcolor>lightblue</textcolor>
				<visible>!stringcompare(ListItem.Label,..)</visible>
			</control>
			<control type="label">
				<description>Episodes Value</description>
				<posx>232</posx>
				<posy>150</posy>
				<width>220</width>
				<height>20</height>
				<label fallback="416">$INFO[ListItem.Property(TotalEpisodes)]</label>
				<align>left</align>
				<aligny>center</aligny>
				<font>font-20</font>
				<visible>!stringcompare(ListItem.Label,..)</visible>
			</control>
			<control type="label">
				<posx>225</posx>
				<posy>170</posy>
				<width>240</width>
				<height>20</height>
				<label>$VAR[ViewMediaInfoLabel5]</label>
				<align>right</align>
				<aligny>center</aligny>
				<font>font-20c</font>
				<textcolor>lightblue</textcolor>
			</control>
			<control type="label">
				<posx>232</posx>
				<posy>170</posy>
				<width>220</width>
				<height>20</height>
				<label fallback="416">$VAR[ViewMediaInfoLabel6]</label>
				<align>left</align>
				<aligny>center</aligny>
				<font>font-20</font>
			</control>
			<control type="label">
				<description>Genre txt</description>
				<posx>225</posx>
				<posy>190</posy>
				<width>240</width>
				<height>20</height>
				<label>[UPPERCASE][B]$LOCALIZE[515]:[/UPPERCASE][/B]</label>
				<align>right</align>
				<aligny>center</aligny>
				<font>font-20c</font>
				<textcolor>lightblue</textcolor>
				<visible>!stringcompare(ListItem.Label,..)</visible>
			</control>
			<control type="label">
				<description>Genre Value</description>
				<posx>232</posx>
				<posy>190</posy>
				<width>220</width>
				<height>20</height>
				<label fallback="416">$INFO[ListItem.Genre]</label>
				<align>left</align>
				<aligny>center</aligny>
				<font>font-20</font>
				<visible>!stringcompare(ListItem.Label,..)</visible>
			</control>
			<control type="label">
				<description>Episodes Value</description>
				<posx>0</posx>
				<posy>210</posy>
				<width>440</width>
				<height>20</height>
				<label fallback="416">[COLOR=lightgrey]($INFO[ListItem.Property(WatchedEpisodes),, $LOCALIZE[16102]] - $INFO[ListItem.Property(UnWatchedEpisodes),, $LOCALIZE[16101]])[/COLOR]</label>
				<align>center</align>
				<aligny>center</aligny>
				<font>font-20</font>
				<visible>!stringcompare(ListItem.Label,..)</visible>
			</control>
			<control type="image">
				<posx>0</posx>
				<posy>245</posy>
				<width>440</width>
				<height>4</height>
				<texture>separator.png</texture>
				<animation effect="slide" start="0,0" end="0,-124" time="0" condition="[[Container.Content(TVShows) + !Skin.HasSetting(TVShowsPosters)] | Container.Content(Seasons)]">Conditional</animation>
			</control>
		</control>
		<control type="group">
			<visible>Control.IsVisible(59) + [[Container.Content(TVShows) + !Skin.HasSetting(TVShowsPosters)] | Container.Content(Seasons)]</visible>
			<posx>302</posx>
			<posy>140</posy>
			<control type="image">
				<posx>20</posx>
				<posy>30</posy>
				<width>196</width>
				<height>278</height>
				<texture background="true">$INFO[ListItem.Icon]</texture>
				<visible>stringcompare(ListItem.Label,..)</visible>
			</control>
			<control type="image">
				<posx>20</posx>
				<posy>30</posy>
				<width>196</width>
				<height>278</height>
				<texture background="true">$VAR[IconPoster]</texture>
				<fadetime>IconCrossfadeTime</fadetime>
				<visible>!stringcompare(ListItem.Label,..)</visible>
			</control>
			<control type="image">
				<posx>20</posx>
				<posy>4</posy>
				<width>210</width>
				<height>324</height>
				<texture>case-tv.png</texture>
				<visible>!stringcompare(ListItem.Label,..) + !Skin.HasSetting(HideTVShowCase)</visible>
			</control>
			<control type="image">
				<posx>20</posx>
				<posy>320</posy>
				<width>196</width>
				<height>278</height>
				<texture flipy="true" diffuse="diffuse_mirror2.png" background="true">$INFO[ListItem.Icon]</texture>
				<visible>stringcompare(ListItem.Label,..)</visible>
			</control>
			<control type="image">
				<posx>20</posx>
				<posy>320</posy>
				<width>196</width>
				<height>278</height>
				<texture flipy="true" diffuse="diffuse_mirror2.png" background="true">$VAR[IconPoster]</texture>
				<fadetime>IconCrossfadeTime</fadetime>
				<visible>!stringcompare(ListItem.Label,..)</visible>
			</control>
			<control type="image">
				<posx>20</posx>
				<posy>300</posy>
				<width>210</width>
				<height>324</height>
				<texture flipy="true" diffuse="diffuse_mirror_case.png">case-tv.png</texture>
				<visible>!stringcompare(ListItem.Label,..) + !Skin.HasSetting(HideTVShowCase)</visible>
			</control>
		</control>
		<control type="textbox">
			<description>Description Value for TVShows</description>
			<posx>200</posx>
			<posy>372</posy>
			<width>440</width>
			<height>210</height>
			<font>font-20</font>
			<align>justify</align>
			<textcolor>white</textcolor>
			<label>$INFO[ListItem.Plot]</label>
			<autoscroll time="2000" delay="10000" repeat="5000">Skin.HasSetting(AutoScroll)</autoscroll>
			<visible>Control.IsVisible(59) + Container.Content(TVShows) + Skin.HasSetting(TVShowsPosters)</visible>
		</control>
	</include>
	<include name="MediaInfo-Music">
		<control type="list" id="59">
			<visible>Window.IsVisible(MusicPlaylist) | Container.Content(Artists) | Container.Content(Albums) | Container.Content(Songs) | Container.Content(MusicVideos)</visible>
			<posx>450</posx>
			<posy>142</posy>
			<width>630</width>
			<height>320</height>
			<onleft>9000</onleft>
			<onright>60</onright>
			<onup>59</onup>
			<ondown>59</ondown>
			<viewtype label="544">list</viewtype>
			<pagecontrol>60</pagecontrol>
			<scrolltime>200</scrolltime>
			<preloaditems>2</preloaditems>
			<itemlayout width="630" height="29">
				<control type="image">
					<posx>0</posx>
					<posy>0</posy>
					<width>630</width>
					<height>30</height>
					<texture border="7">list-nofocus.png</texture>
					<include>VisibleFadeEffect</include>
				</control>
				<control type="label">
					<posx>10</posx>
					<posy>0</posy>
					<width>610</width>
					<height>30</height>
					<font>font-20</font>
					<textcolor>white</textcolor>
					<selectedcolor>blue</selectedcolor>
					<align>left</align>
					<aligny>center</aligny>
					<label>$INFO[ListItem.Label]</label>
				</control>
				<control type="label">
					<posx>10</posx>
					<posy>0</posy>
					<width>610</width>
					<height>30</height>
					<font>font-20</font>
					<textcolor>white</textcolor>
					<selectedcolor>blue</selectedcolor>
					<align>right</align>
					<aligny>center</aligny>
					<label>$INFO[ListItem.Label2]</label>
				</control>
			</itemlayout>
			<focusedlayout width="630" height="29">
				<control type="image">
					<posx>0</posx>
					<posy>0</posy>
					<width>630</width>
					<height>30</height>
					<texture border="7">list-nofocus.png</texture>
					<include>VisibleFadeEffect</include>
				</control>
				<control type="image">
					<posx>0</posx>
					<posy>0</posy>
					<width>630</width>
					<height>30</height>
					<texture border="7">list-focus2.png</texture>
					<include>VisibleFadeEffect</include>
					<include>ListFocusScroll</include>
					<visible>Control.HasFocus(59)</visible>
				</control>
				<control type="label">
					<posx>10</posx>
					<posy>0</posy>
					<width>610</width>
					<height>30</height>
					<font>font-20</font>
					<textcolor>white</textcolor>
					<selectedcolor>blue</selectedcolor>
					<align>left</align>
					<aligny>center</aligny>
					<label>$INFO[ListItem.Label]</label>
				</control>
				<control type="label">
					<posx>10</posx>
					<posy>0</posy>
					<width>610</width>
					<height>30</height>
					<font>font-20</font>
					<textcolor>white</textcolor>
					<selectedcolor>blue</selectedcolor>
					<align>right</align>
					<aligny>center</aligny>
					<label>$INFO[ListItem.Label2]</label>
				</control>
			</focusedlayout>
		</control>
		<control type="group">
			<posx>175</posx>
			<posy>110</posy>
			<visible>Control.IsVisible(59) + Container.Content(Artists)</visible>
			<control type="image">
				<posx>47</posx>
				<posy>87</posy>
				<width>191</width>
				<height>186</height>
				<texture background="true">$INFO[ListItem.Icon]</texture>
				<visible>stringcompare(ListItem.Label,..)</visible>
			</control>
			<control type="image">
				<posx>47</posx>
				<posy>281</posy>
				<width>191</width>
				<height>186</height>
				<texture flipy="true" diffuse="diffuse_mirror2.png" background="true">$INFO[ListItem.Icon]</texture>
				<visible>stringcompare(ListItem.Label,..)</visible>
			</control>
			<control type="image">
				<posx>25</posx>
				<posy>70</posy>
				<width>235</width>
				<height>235</height>
				<texture>thumb-shadow.png</texture>
				<visible>!stringcompare(ListItem.Label,..)</visible>
			</control>
			<control type="image">
				<posx>25</posx>
				<posy>293</posy>
				<width>235</width>
				<height>235</height>
				<texture flipy="true" diffuse="thumb-diffuse-mirror.png">thumb-shadow.png</texture>
				<visible>!stringcompare(ListItem.Label,..)</visible>
			</control>
			<control type="image">
				<posx>25</posx>
				<posy>70</posy>
				<width>235</width>
				<height>235</height>
				<aspectratio scalediffuse="false">scale</aspectratio>
				<texture diffuse="thumb-diffuse.png" background="true">$INFO[ListItem.Icon]</texture>
				<bordersize>6</bordersize>
				<fadetime>IconCrossfadeTime</fadetime>
				<visible>!stringcompare(ListItem.Label,..)</visible>
			</control>
			<control type="image">
				<posx>25</posx>
				<posy>293</posy>
				<width>235</width>
				<height>235</height>
				<aspectratio scalediffuse="false">scale</aspectratio>
				<texture flipy="true" diffuse="thumb-diffuse-mirror.png" background="true">$INFO[ListItem.Icon]</texture>
				<bordersize>6</bordersize>
				<fadetime>IconCrossfadeTime</fadetime>
				<visible>!stringcompare(ListItem.Label,..)</visible>
			</control>
			<control type="image">
				<posx>25</posx>
				<posy>372</posy>
				<width>880</width>
				<height>2</height>
				<texture>separator.png</texture>
			</control>
		</control>
		<control type="group">
			<posx>175</posx>
			<posy>110</posy>
			<visible>Control.IsVisible(59) + [Container.Content(Albums) | Container.Content(Songs) | Window.IsVisible(MusicPlaylist)]</visible>
			<control type="image">
				<posx>47</posx>
				<posy>87</posy>
				<width>191</width>
				<height>186</height>
				<texture background="true">$INFO[ListItem.Icon]</texture>
				<visible>stringcompare(ListItem.Label,..)</visible>
			</control>
			<control type="image">
				<posx>47</posx>
				<posy>281</posy>
				<width>191</width>
				<height>186</height>
				<texture flipy="true" diffuse="diffuse_mirror2.png" background="true">$INFO[ListItem.Icon]</texture>
				<visible>stringcompare(ListItem.Label,..)</visible>
			</control>
			<control type="image">
				<posx>47</posx>
				<posy>87</posy>
				<width>191</width>
				<height>186</height>
				<texture background="true">$INFO[ListItem.Icon]</texture>
				<fadetime>IconCrossfadeTime</fadetime>
				<visible>!stringcompare(ListItem.Label,..)</visible>
			</control>
			<control type="image">
				<posx>25</posx>
				<posy>83</posy>
				<width>220</width>
				<height>194</height>
				<texture>cdcase.png</texture>
				<visible>!stringcompare(ListItem.Label,..) + !Skin.HasSetting(HideMusicCase)</visible>
			</control>
			<control type="image">
				<posx>47</posx>
				<posy>281</posy>
				<width>191</width>
				<height>186</height>
				<texture flipy="true" diffuse="diffuse_mirror2.png" background="true">$INFO[ListItem.Icon]</texture>
				<visible>!stringcompare(ListItem.Label,..)</visible>
				<fadetime>IconCrossfadeTime</fadetime>
			</control>
			<control type="image">
				<posx>25</posx>
				<posy>277</posy>
				<width>220</width>
				<height>194</height>
				<texture flipy="true" diffuse="diffuse_mirror2.png">cdcase.png</texture>
				<visible>!stringcompare(ListItem.Label,..) + !Skin.HasSetting(HideMusicCase)</visible>
			</control>
			<control type="image">
				<posx>25</posx>
				<posy>372</posy>
				<width>880</width>
				<height>2</height>
				<texture>separator.png</texture>
			</control>
		</control>
		<control type="group">
			<posx>175</posx>
			<posy>110</posy>
			<visible>Control.IsVisible(59) + Container.Content(MusicVideos)</visible>
			<control type="image">
				<posx>47</posx>
				<posy>87</posy>
				<width>191</width>
				<height>186</height>
				<texture background="true">$INFO[ListItem.Icon]</texture>
				<visible>stringcompare(ListItem.Label,..)</visible>
			</control>
			<control type="image">
				<posx>47</posx>
				<posy>281</posy>
				<width>191</width>
				<height>186</height>
				<texture flipy="true" diffuse="diffuse_mirror2.png" background="true">$INFO[ListItem.Icon]</texture>
				<visible>stringcompare(ListItem.Label,..)</visible>
			</control>
			<control type="image">
				<posx>25</posx>
				<posy>102</posy>
				<width>232</width>
				<height>135</height>
				<aspectratio scalediffuse="false">scale</aspectratio>
				<texture diffuse="video-diffuse.png" background="true">$INFO[ListItem.Icon]</texture>
				<bordertexture border="9">video-shadow.png</bordertexture>
				<bordersize>8</bordersize>
				<fadetime>IconCrossfadeTime</fadetime>
				<visible>!stringcompare(ListItem.Label,..)</visible>
			</control>
			<control type="image">
				<posx>25</posx>
				<posy>221</posy>
				<width>232</width>
				<height>135</height>
				<aspectratio scalediffuse="false">scale</aspectratio>
				<texture flipy="true" diffuse="video-diffuse-mirror.png" background="true">$INFO[ListItem.Icon]</texture>
				<bordertexture flipy="true" diffuse="video-diffuse-mirror.png" border="9">video-shadow.png</bordertexture>
				<bordersize>8</bordersize>
				<fadetime>IconCrossfadeTime</fadetime>
				<visible>!stringcompare(ListItem.Label,..)</visible>
			</control>
			<control type="image">
				<posx>25</posx>
				<posy>372</posy>
				<width>880</width>
				<height>2</height>
				<texture>separator.png</texture>
			</control>
		</control>
		<control type="group">
			<posx>125</posx>
			<posy>490</posy>
			<visible>Control.IsVisible(59) + [Container.Content(Artists) | Container.Content(MusicVideos)]</visible>
			<control type="label">
				<posx>190</posx>
				<posy>0</posy>
				<width>140</width>
				<height>25</height>
				<label>$VAR[ViewMediaInfoLabel7]</label>
				<align>right</align>
				<aligny>center</aligny>
				<font>font-20c</font>
				<textcolor>lightblue</textcolor>
			</control>
			<control type="label">
				<posx>200</posx>
				<posy>0</posy>
				<width>770</width>
				<height>25</height>
				<label fallback="416">$VAR[ViewMediaInfoLabel8]</label>
				<align>left</align>
				<aligny>center</aligny>
				<font>font-20</font>
			</control>
			<control type="label">
				<posx>190</posx>
				<posy>25</posy>
				<width>140</width>
				<height>25</height>
				<label>$VAR[ViewMediaInfoLabel9]</label>
				<align>right</align>
				<aligny>center</aligny>
				<font>font-20c</font>
				<textcolor>lightblue</textcolor>
			</control>
			<control type="label">
				<posx>200</posx>
				<posy>25</posy>
				<width>770</width>
				<height>25</height>
				<label fallback="416">$VAR[ViewMediaInfoLabel10]</label>
				<align>left</align>
				<aligny>center</aligny>
				<font>font-20</font>
			</control>
			<control type="label">
				<posx>190</posx>
				<posy>50</posy>
				<width>140</width>
				<height>25</height>
				<label>$VAR[ViewMediaInfoLabel11]</label>
				<align>right</align>
				<aligny>center</aligny>
				<font>font-20c</font>
				<textcolor>lightblue</textcolor>
			</control>
			<control type="label">
				<posx>200</posx>
				<posy>50</posy>
				<width>770</width>
				<height>25</height>
				<label fallback="416">$VAR[ViewMediaInfoLabel12]</label>
				<align>left</align>
				<aligny>center</aligny>
				<font>font-20</font>
			</control>
			<control type="label">
				<posx>190</posx>
				<posy>75</posy>
				<width>140</width>
				<height>25</height>
				<label>$VAR[ViewMediaInfoLabel13]</label>
				<align>right</align>
				<aligny>center</aligny>
				<font>font-20c</font>
				<textcolor>lightblue</textcolor>
			</control>
			<control type="label">
				<posx>200</posx>
				<posy>75</posy>
				<width>770</width>
				<height>25</height>
				<label fallback="416">$VAR[ViewMediaInfoLabel14]</label>
				<align>left</align>
				<aligny>center</aligny>
				<font>font-20</font>
			</control>
		</control>
		<control type="group">
			<posx>125</posx>
			<posy>490</posy>
			<visible>Control.IsVisible(59) + [Container.Content(Albums) | Container.Content(Songs)]</visible>
			<control type="label">
				<posx>190</posx>
				<posy>0</posy>
				<width>140</width>
				<height>25</height>
				<label>$VAR[ViewMediaInfoLabel15]</label>
				<align>right</align>
				<aligny>center</aligny>
				<font>font-20c</font>
				<textcolor>lightblue</textcolor>
			</control>
			<control type="label">
				<posx>200</posx>
				<posy>0</posy>
				<width>480</width>
				<height>25</height>
				<label fallback="416">$VAR[ViewMediaInfoLabel16]</label>
				<align>left</align>
				<aligny>center</aligny>
				<font>font-20</font>
			</control>
			<control type="label">
				<posx>190</posx>
				<posy>25</posy>
				<width>140</width>
				<height>25</height>
				<label>$VAR[ViewMediaInfoLabel17]</label>
				<align>right</align>
				<aligny>center</aligny>
				<font>font-20c</font>
				<textcolor>lightblue</textcolor>
			</control>
			<control type="label">
				<posx>200</posx>
				<posy>25</posy>
				<width>480</width>
				<height>25</height>
				<label fallback="416">$VAR[ViewMediaInfoLabel18]</label>
				<align>left</align>
				<aligny>center</aligny>
				<font>font-20</font>
			</control>
			<control type="label">
				<posx>190</posx>
				<posy>50</posy>
				<width>140</width>
				<height>25</height>
				<label>$VAR[ViewMediaInfoLabel19]</label>
				<align>right</align>
				<aligny>center</aligny>
				<font>font-20c</font>
				<textcolor>lightblue</textcolor>
			</control>
			<control type="label">
				<posx>200</posx>
				<posy>50</posy>
				<width>480</width>
				<height>25</height>
				<label fallback="416">$VAR[ViewMediaInfoLabel20]</label>
				<align>left</align>
				<aligny>center</aligny>
				<font>font-20</font>
			</control>
			<control type="label">
				<posx>190</posx>
				<posy>75</posy>
				<width>140</width>
				<height>25</height>
				<label>$VAR[ViewMediaInfoLabel21]</label>
				<align>right</align>
				<aligny>center</aligny>
				<font>font-20c</font>
				<textcolor>lightblue</textcolor>
			</control>
			<control type="label">
				<posx>200</posx>
				<posy>75</posy>
				<width>480</width>
				<height>25</height>
				<label fallback="416">$VAR[ViewMediaInfoLabel22]</label>
				<align>left</align>
				<aligny>center</aligny>
				<font>font-20</font>
			</control>
			<control type="label">
				<posx>785</posx>
				<posy>0</posy>
				<width>140</width>
				<height>25</height>
				<label>$VAR[ViewMediaInfoLabel23]</label>
				<align>right</align>
				<aligny>center</aligny>
				<font>font-20c</font>
				<textcolor>lightblue</textcolor>
			</control>
			<control type="label">
				<posx>795</posx>
				<posy>0</posy>
				<width>185</width>
				<height>25</height>
				<label fallback="416">$VAR[ViewMediaInfoLabel24]</label>
				<align>left</align>
				<aligny>center</aligny>
				<font>font-20</font>
			</control>
			<control type="label">
				<posx>785</posx>
				<posy>25</posy>
				<width>140</width>
				<height>25</height>
				<label>$VAR[ViewMediaInfoLabel25]</label>
				<align>right</align>
				<aligny>center</aligny>
				<font>font-20c</font>
				<textcolor>lightblue</textcolor>
			</control>
			<control type="label">
				<posx>795</posx>
				<posy>25</posy>
				<width>185</width>
				<height>25</height>
				<label fallback="416">$VAR[ViewMediaInfoLabel26]</label>
				<align>left</align>
				<aligny>center</aligny>
				<font>font-20</font>
			</control>
			<control type="label">
				<posx>785</posx>
				<posy>50</posy>
				<width>140</width>
				<height>25</height>
				<label>$VAR[ViewMediaInfoLabel27]</label>
				<align>right</align>
				<aligny>center</aligny>
				<font>font-20c</font>
				<textcolor>lightblue</textcolor>
			</control>
			<control type="label">
				<posx>795</posx>
				<posy>50</posy>
				<width>185</width>
				<height>25</height>
				<label fallback="416">$VAR[ViewMediaInfoLabel28]</label>
				<align>left</align>
				<aligny>center</aligny>
				<font>font-20</font>
			</control>
			<control type="label">
				<posx>785</posx>
				<posy>75</posy>
				<width>140</width>
				<height>25</height>
				<label>$VAR[ViewMediaInfoLabel29]</label>
				<align>right</align>
				<aligny>center</aligny>
				<font>font-20c</font>
				<textcolor>lightblue</textcolor>
			</control>
			<control type="image">
				<posx>795</posx>
				<posy>75</posy>
				<width>125</width>
				<height>25</height>
				<texture fallback="rating0.png">$INFO[ListItem.StarRating]</texture>
			</control>
		</control>
	</include>
	<include name="MediaInfo-AddOns">
		<control type="list" id="599">
			<visible>Container.Content(AddOns)</visible>
			<posx>448</posx>
			<posy>135</posy>
			<width>630</width>
			<height>320</height>
			<onleft>9000</onleft>
			<onright>60</onright>
			<onup>599</onup>
			<ondown>599</ondown>
			<viewtype label="544">list</viewtype>
			<pagecontrol>60</pagecontrol>
			<scrolltime>200</scrolltime>
			<preloaditems>2</preloaditems>
			<itemlayout width="630" height="29">
				<control type="image">
					<posx>0</posx>
					<posy>0</posy>
					<width>630</width>
					<height>30</height>
					<texture border="7">list-nofocus.png</texture>
					<include>VisibleFadeEffect</include>
				</control>
				<control type="label">
					<posx>10</posx>
					<posy>0</posy>
					<width>570</width>
					<height>30</height>
					<font>font-20</font>
					<textcolor>white</textcolor>
					<selectedcolor>blue</selectedcolor>
					<align>left</align>
					<aligny>center</aligny>
					<label>$INFO[ListItem.Label]</label>
				</control>
				<control type="label">
					<posx>10</posx>
					<posy>0</posy>
					<width>570</width>
					<height>30</height>
					<font>font-20</font>
					<textcolor>lightblue</textcolor>
					<selectedcolor>blue</selectedcolor>
					<align>right</align>
					<aligny>center</aligny>
					<label>$INFO[ListItem.Label2]</label>
				</control>
			</itemlayout>
			<focusedlayout width="630" height="29">
				<control type="image">
					<posx>0</posx>
					<posy>0</posy>
					<width>630</width>
					<height>30</height>
					<texture border="7">list-nofocus.png</texture>
					<include>VisibleFadeEffect</include>
				</control>
				<control type="image">
					<posx>0</posx>
					<posy>0</posy>
					<width>630</width>
					<height>30</height>
					<texture border="7">list-focus2.png</texture>
					<include>VisibleFadeEffect</include>
					<include>ListFocusScroll</include>
					<visible>Control.HasFocus(599)</visible>
				</control>
				<control type="label">
					<posx>10</posx>
					<posy>0</posy>
					<width>570</width>
					<height>30</height>
					<font>font-20</font>
					<textcolor>white</textcolor>
					<selectedcolor>blue</selectedcolor>
					<align>left</align>
					<aligny>center</aligny>
					<label>$INFO[ListItem.Label]</label>
				</control>
				<control type="label">
					<posx>10</posx>
					<posy>0</posy>
					<width>570</width>
					<height>30</height>
					<font>font-20</font>
					<textcolor>lightblue</textcolor>
					<selectedcolor>blue</selectedcolor>
					<align>right</align>
					<aligny>center</aligny>
					<label>$INFO[ListItem.Label2]</label>
				</control>
			</focusedlayout>
		</control>
		<control type="group">
			<posx>175</posx>
			<posy>110</posy>
			<visible>Control.IsVisible(599)</visible>
			<control type="image">
				<posx>47</posx>
				<posy>87</posy>
				<width>191</width>
				<height>186</height>
				<texture background="true">$INFO[ListItem.Icon]</texture>
				<visible>stringcompare(ListItem.Label,..)</visible>
			</control>
			<control type="image">
				<posx>47</posx>
				<posy>281</posy>
				<width>191</width>
				<height>186</height>
				<texture flipy="true" diffuse="diffuse_mirror2.png" background="true">$INFO[ListItem.Icon]</texture>
				<visible>stringcompare(ListItem.Label,..)</visible>
			</control>
			<control type="image">
				<posx>25</posx>
				<posy>70</posy>
				<width>235</width>
				<height>235</height>
				<aspectratio scalediffuse="false">scale</aspectratio>
				<texture diffuse="thumb-diffuse.png" background="true" fallback="DefaultAddon.png">$INFO[ListItem.Icon]</texture>
				<bordersize>6</bordersize>
				<fadetime>IconCrossfadeTime</fadetime>
				<visible>!stringcompare(ListItem.Label,..)</visible>
			</control>
			<control type="image">
				<posx>25</posx>
				<posy>293</posy>
				<width>235</width>
				<height>235</height>
				<aspectratio scalediffuse="false">scale</aspectratio>
				<texture flipy="true" diffuse="thumb-diffuse-mirror.png" background="true" fallback="DefaultAddon.png">$INFO[ListItem.Icon]</texture>
				<bordersize>6</bordersize>
				<fadetime>IconCrossfadeTime</fadetime>
				<visible>!stringcompare(ListItem.Label,..)</visible>
			</control>
			<control type="image">
				<posx>25</posx>
				<posy>372</posy>
				<width>880</width>
				<height>2</height>
				<texture>separator.png</texture>
			</control>
		</control>
		<control type="group">
			<posx>125</posx>
			<posy>490</posy>
			<visible>Control.IsVisible(599) + !IsEmpty(ListItem.Property(Addon.Name))</visible>
			<control type="label">
				<description>Author txt</description>
				<posx>190</posx>
				<posy>0</posy>
				<width>140</width>
				<height>25</height>
				<label>[UPPERCASE][B]$LOCALIZE[21863]:[/UPPERCASE][/B]</label>
				<align>right</align>
				<aligny>center</aligny>
				<font>font-20c</font>
				<textcolor>lightblue</textcolor>
			</control>
			<control type="label">
				<description>Author Value</description>
				<posx>200</posx>
				<posy>0</posy>
				<width>250</width>
				<height>25</height>
				<label>$INFO[ListItem.Property(Addon.Creator)]</label>
				<align>left</align>
				<aligny>center</aligny>
				<font>font-20</font>
			</control>
			<control type="label">
				<description>Type txt</description>
				<posx>190</posx>
				<posy>25</posy>
				<width>140</width>
				<height>25</height>
				<label>[UPPERCASE][B]$LOCALIZE[146][/UPPERCASE][/B]</label>
				<align>right</align>
				<aligny>center</aligny>
				<font>font-20c</font>
				<textcolor>lightblue</textcolor>
			</control>
			<control type="label">
				<description>Type Value</description>
				<posx>200</posx>
				<posy>25</posy>
				<width>250</width>
				<height>25</height>
				<label>$INFO[ListItem.Property(Addon.Type)]</label>
				<align>left</align>
				<aligny>center</aligny>
				<font>font-20</font>
			</control>
			<control type="label">
				<description>Version txt</description>
				<posx>190</posx>
				<posy>50</posy>
				<width>140</width>
				<height>25</height>
				<label>[UPPERCASE][B]$LOCALIZE[24051][/UPPERCASE][/B]</label>
				<align>right</align>
				<aligny>center</aligny>
				<font>font-20c</font>
				<textcolor>lightblue</textcolor>
			</control>
			<control type="label">
				<description>Version Value</description>
				<posx>200</posx>
				<posy>50</posy>
				<width>250</width>
				<height>25</height>
				<label>$INFO[ListItem.Property(Addon.Version)]</label>
				<align>left</align>
				<aligny>center</aligny>
				<font>font-20</font>
			</control>
			<control type="label">
				<description>Rating txt</description>
				<posx>190</posx>
				<posy>75</posy>
				<width>140</width>
				<height>25</height>
				<label>[UPPERCASE][B]$LOCALIZE[563]:[/UPPERCASE][/B]</label>
				<align>right</align>
				<aligny>center</aligny>
				<font>font-20c</font>
				<textcolor>lightblue</textcolor>
			</control>
			<control type="image">
				<description>Rating value</description>
				<posx>200</posx>
				<posy>75</posy>
				<width>125</width>
				<height>25</height>
				<texture fallback="rating0.png">$INFO[ListItem.Property(Addon.StarRating)]</texture>
			</control>
			<control type="textbox">
				<description>Description Value</description>
				<posx>450</posx>
				<posy>2</posy>
				<width>505</width>
				<height>103</height>
				<label>$INFO[ListItem.Property(Addon.Description)]</label>
				<font>font-19</font>
				<align>center</align>
				<textcolor>white</textcolor>
				<autoscroll time="2000" delay="8000" repeat="5000">Skin.HasSetting(AutoScroll)</autoscroll>
			</control>
		</control>
		<control type="group">
			<posx>125</posx>
			<posy>490</posy>
			<visible>Control.IsVisible(599) + StringCompare(ListItem.Path,addons://)</visible>
			<control type="label">
				<description>textarea</description>
				<posx>55</posx>
				<posy>2</posy>
				<width>920</width>
				<height>103</height>
				<label>[B]$LOCALIZE[31061] $INFO[Window.Property(Updated)][/B]</label>
				<font>font-19</font>
				<align>center</align>
				<aligny>center</aligny>
				<textcolor>white</textcolor>
				<shadowcolor>black</shadowcolor>
			</control>
		</control>
	</include>
</includes>
