<?xml version="1.0" encoding="UTF-8" standalone="yes"?>
<addon id="plugin.video.kodiportugal" name="Kodi Portugal" version="1.0.0" provider-name="xsteal">
 <requires>
  <import addon="xbmc.python" version="2.14.0"/>
  </requires>
 <extension library="addon.py" point="xbmc.python.pluginsource">
  <provides>video</provides>
 </extension>
 <extension point="xbmc.addon.metadata">
    <summary lang="en">Kodi Portugal</summary>
    <description lang="en">Videos do KodiPortugal</description>
    <language></language>
    <platform>all</platform>
    <license></license>
    <forum></forum>
    <website></website>
    <email></email>
    <source></source>
 </extension>
</addon>
