﻿<?xml version="1.0" encoding="UTF-8" standalone="yes"?>
<addon id="repository.mrquim" name="Mr. Quim repository" version="1.0.8" provider-name="Mr. Quim">
	<extension point="xbmc.addon.repository" name="Mr. Quim Add-on Repository">
		<info compressed="false">http://raw.github.com/mrquim/repository.mrquim/master/addons.xml</info>
		<checksum>http://raw.github.com/mrquim/repository.mrquim/master/addons.xml.md5</checksum>
		<datadir zip="true">http://raw.github.com/mrquim/repository.mrquim/master/zips/</datadir>
	</extension>
	<extension point="xbmc.addon.metadata">
		<summary lang="en">Mr. Quim Repository</summary>
        <description lang="en">This repository is for you to have all the addons created by me, updated automatically.
		In this repository you will also find other repositories and add-ons.
		All repositories and add-ons that are here are add-ons developed by third parties to use on the software Kodi (Not Official Add-ons), as Kodi be a OpenSource project as soon not have any connection with the Kodi.tv.
		</description>
		<summary lang="pt">Mr. Quim Repository</summary>
        <description lang="pt">Este repositório serve para que tenhas todos os add-ons criados por mim, actualizados de forma automática.
		Neste repositório irás encontrar também outros repositórios e add-ons.
		Todos os repositórios e add-ons que se encontram aqui são add-ons desenvolvidos por terceiros para usar no programa Kodi (Add-ons Não Oficiais), visto o Kodi ser um projecto OpenSource, logo não têm qualquer ligação com o Kodi.tv.</description>
		<disclaimer lang="en"></disclaimer>
		<language></language>
		<platform>all</platform>
		<license>GNU GENERAL PUBLIC LICENSE. Version 2, June 1991</license>
		<website>http://www.JoaquimdeOliveira.eu</website>
		<email>misterquim.com@gmail.com</email>
		<source>https://github.com/mrquim/repository.mrquim</source>
	</extension>
</addon>