<?xml version="1.0" encoding="UTF-8" standalone="yes"?>
<addon id="plugin.video.playlistLoaderPT" name="Playlist Loader" version="2.0.0" provider-name="Avigdor & Mr. Quim">
  <requires>
    <import addon="xbmc.python" version="2.1.0"/>
  </requires>
  <extension point="xbmc.python.pluginsource" library="default.py">
        <provides>video</provides>
  </extension>
  <extension point="xbmc.addon.metadata">
    <summary lang="en">Playlist Loader - Traduzido para Portugues de Portugal</summary>
    <description lang="en">Este add-on não é da minha autoria, só me limitei a traduzir para português.</description>
    <platform>all</platform>
  </extension>
</addon>
