<?xml version="1.0" encoding="UTF-8"?>
<colors>
    <color name="Highlight">ff2d8dbe</color>
    <color name="Selected">FFededed</color>
    <color name="Dark1">ff333333</color>
    <color name="Dark2">b3333333</color>
    <color name="Dark3">4d333333</color>
    <color name="Dark4">1f333333</color>

    <color name="White100">FFcccccc</color>
    <color name="White70">B3cccccc</color>
    <color name="White30">4Dcccccc</color>
    <color name="White12">1Fcccccc</color>
    
    <color name="Black100">FF000000</color>
    <color name="Black70">B3000000</color>
    <color name="Black30">4D000000</color>
    <color name="Black12">1F000000</color>
    
    <color name="Background">ff181818</color>
    <color name="FanartFade">1Fffffff</color>

    <color name="Panel">AA333333</color>
    <color name="PanelFull">11cccccc</color>
    
    <color name="PanelWhite100">FFdddddd</color>
    <color name="PanelWhite70">B3dddddd</color>
    <color name="PanelWhite30">4Ddddddd</color>
    <color name="PanelWhite12">1Fdddddd</color>
    <color name="PanelBlack30">4D000000</color>
</colors>
