<?xml version="1.0" encoding="UTF-8"?>
<window id="1128" type="dialog">
	<defaultcontrol always="true">90100</defaultcontrol>
	<coordinates>
		<system>1</system>
		<left>614</left>
		<top>240</top>
	</coordinates>
	<include>dialogeffect</include>
	<controls>
		<include name="DialogBackgroundCommons">
            <param name="DialogBackgroundWidth" value="692" />
            <param name="DialogBackgroundHeight" value="600" />
            <param name="DialogHeaderLabel" value="$LOCALIZE[31412]" />
            <param name="DialogHeaderId" value="1" />
        </include>
		<control type="list" id="90100">
			<left>32</left>
			<top>88</top>
			<width>630</width>
			<height>480</height>
			<onup>90100</onup>
			<ondown>90100</ondown>
			<onleft>90100</onleft>
			<onright>60</onright>
			<pagecontrol>60</pagecontrol>
			<scrolltime tween="quadratic" easing="out">200</scrolltime>
			<itemlayout height="60" width="630">
				<control type="label">
					<width>630</width>
					<height>60</height>
					<textoffsetx>15</textoffsetx>
					<font>font14</font>
					<textcolor>$VAR[ColorTextVar]</textcolor>
					<selectedcolor>$VAR[ColorHighlightVar]</selectedcolor>
					<align>left</align>
					<aligny>center</aligny>
					<label>$INFO[ListItem.Label]</label>
				</control>
			</itemlayout>
			<focusedlayout height="60" width="630">
				<control type="image">
					<width>629</width>
					<height>60</height>
					<texture border="5">listselect_fo.png</texture>
					<colordiffuse>$VAR[ColorHighlightVar]</colordiffuse>
					<visible>Control.HasFocus(90100)</visible>
					<include>VisibleFadeEffect</include>
				</control>
				<control type="label">
					<width>630</width>
					<height>60</height>
					<textoffsetx>15</textoffsetx>
					<font>font14</font>
					<textcolor>$VAR[ColorTextVar]</textcolor>
					<selectedcolor>$VAR[ColorHighlightVar]</selectedcolor>
					<scroll>true</scroll>
					<align>left</align>
					<aligny>center</aligny>
					<label>$INFO[ListItem.Label]</label>
				</control>
			</focusedlayout>
			<content>
				<item>
					<label>$VAR[GlobalFanartSetting]</label>
					<onclick>Skin.ToggleSetting(Disable.Fanart)</onclick>
				</item>
				<item>
					<label>$LOCALIZE[20342]</label>
					<onclick>Skin.Reset(ItemToEdit.MultiFanart)</onclick>
					<onclick>SetProperty(No.Cases,True,home)</onclick>
					<onclick>SetProperty(Mimic.Temp,Movies.Fallback,home)</onclick>
					<onclick>ActivateWindow(1122)</onclick>
				</item>
				<item>
					<label>$LOCALIZE[20343]</label>
					<onclick>Skin.Reset(ItemToEdit.MultiFanart)</onclick>
					<onclick>SetProperty(No.Cases,True,home)</onclick>
					<onclick>SetProperty(Mimic.Temp,TVShows.Fallback,home)</onclick>
					<onclick>ActivateWindow(1122)</onclick>
				</item>
				<item>
					<label>$LOCALIZE[10006]</label>
					<onclick>Skin.Reset(ItemToEdit.MultiFanart)</onclick>
					<onclick>SetProperty(No.Cases,True,home)</onclick>
					<onclick>SetProperty(Mimic.Temp,Videos.Fallback,home)</onclick>
					<onclick>ActivateWindow(1122)</onclick>
				</item>
				<item>
					<label>$LOCALIZE[2]</label>
					<onclick>Skin.Reset(ItemToEdit.MultiFanart)</onclick>
					<onclick>SetProperty(No.Cases,True,home)</onclick>
					<onclick>SetProperty(Mimic.Temp,Music.Fallback,home)</onclick>
					<onclick>ActivateWindow(1122)</onclick>
				</item>
				<item>
					<label>$LOCALIZE[31502]</label>
					<onclick>Skin.Reset(ItemToEdit.MultiFanart)</onclick>
					<onclick>SetProperty(No.Cases,True,home)</onclick>
					<onclick>SetProperty(Mimic.Temp,LiveTV.Fallback,home)</onclick>
					<onclick>ActivateWindow(1122)</onclick>
				</item>
				<item>
					<label>$LOCALIZE[13000]</label>
					<onclick>Skin.Reset(ItemToEdit.MultiFanart)</onclick>
					<onclick>SetProperty(No.Cases,True,home)</onclick>
					<onclick>SetProperty(Mimic.Temp,System.Fallback,home)</onclick>
					<onclick>ActivateWindow(1122)</onclick>
				</item>
				<item>
					<label>$LOCALIZE[10001]</label>
					<onclick>Skin.Reset(ItemToEdit.MultiFanart)</onclick>
					<onclick>SetProperty(No.Cases,True,home)</onclick>
					<onclick>SetProperty(Mimic.Temp,Apps.Fallback,home)</onclick>
					<onclick>ActivateWindow(1122)</onclick>
				</item>
				<item>
					<label>$LOCALIZE[10002]</label>
					<onclick>Skin.Reset(ItemToEdit.MultiFanart)</onclick>
					<onclick>SetProperty(No.Cases,True,home)</onclick>
					<onclick>SetProperty(Mimic.Temp,Pictures.Fallback,home)</onclick>
					<onclick>ActivateWindow(1122)</onclick>
				</item>
				<!--<item>
					<label>$LOCALIZE[24027]</label>
					<onclick>Skin.Reset(ItemToEdit.MultiFanart)</onclick>
					<onclick>SetProperty(No.Cases,True,home)</onclick>
					<onclick>SetProperty(Mimic.Temp,Weather.Fallback,home)</onclick>
					<onclick>ActivateWindow(1122)</onclick>
				</item>-->
			</content>
		</control>
		<control type="scrollbar" id="60">
			<left>664</left>
			<top>88</top>
			<height>480</height>
			<width>8</width>
			<onleft>90100</onleft>
			<onright>90100</onright>
			<ondown>60</ondown>
			<onup>60</onup>
		</control>
	</controls>
</window>