<?xml version="1.0" encoding="UTF-8"?>
<window id="1127" type="dialog">
	<defaultcontrol always="true">90100</defaultcontrol>
	<coordinates>
		<system>1</system>
		<left>614</left>
		<top>330</top>
	</coordinates>
	<include>dialogeffect</include>
	<controls>
		<include name="DialogBackgroundCommons">
            <param name="DialogBackgroundWidth" value="692" />
            <param name="DialogBackgroundHeight" value="420" />
            <param name="DialogHeaderLabel" value="$LOCALIZE[31091]" />
            <param name="DialogHeaderId" value="1" />
        </include>
		<control type="list" id="90100">
			<left>32</left>
			<top>88</top>
			<width>630</width>
			<height>480</height>
			<onup>90100</onup>
			<ondown>90100</ondown>
			<onleft>90100</onleft>
			<onright>60</onright>
			<pagecontrol>60</pagecontrol>
			<scrolltime tween="quadratic" easing="out">200</scrolltime>
			<itemlayout height="100" width="630">
				<control type="label">
					<left>110</left>
					<width>520</width>
					<height>100</height>
					<textoffsetx>15</textoffsetx>
					<font>font14</font>
					<textcolor>$VAR[ColorTextVar]</textcolor>
					<selectedcolor>$VAR[ColorHighlightVar]</selectedcolor>
					<align>left</align>
					<aligny>center</aligny>
					<label>$INFO[ListItem.Label]</label>
				</control>
				<control type="image">
					<left>10</left>
					<top>10</top>
					<width>80</width>
					<height>80</height>
					<texture>$INFO[ListItem.Icon]</texture>
				</control>
				<control type="label">
					<left>500</left>
					<width>100</width>
					<height>100</height>
					<font>font14</font>
					<align>right</align>
					<label>$INFO[ListItem.Property(Radio)]</label>
				</control>
			</itemlayout>
			<focusedlayout height="100" width="630">
				<control type="image">
					<width>629</width>
					<height>100</height>
					<texture>listselect_fo.png</texture>
					<colordiffuse>$VAR[ColorHighlightVar]</colordiffuse>
					<visible>Control.HasFocus(90100)</visible>
					<include>VisibleFadeEffect</include>
				</control>
				<control type="label">
					<left>110</left>
					<width>520</width>
					<height>100</height>
					<textoffsetx>15</textoffsetx>
					<font>font14</font>
					<textcolor>$VAR[ColorTextVar]</textcolor>
					<selectedcolor>$VAR[ColorHighlightVar]</selectedcolor>
					<scroll>true</scroll>
					<align>left</align>
					<aligny>center</aligny>
					<label>$INFO[ListItem.Label]</label>
				</control>
				<control type="image">
					<left>10</left>
					<top>10</top>
					<width>80</width>
					<height>80</height>
					<texture>$INFO[ListItem.Icon]</texture>
				</control>
				<control type="label">
					<left>500</left>
					<width>100</width>
					<height>100</height>
					<font>font14</font>
					<align>right</align>
					<label>$INFO[ListItem.Property(Radio)]</label>
				</control>
			</focusedlayout>
			<content>
				<item>
					<label>$LOCALIZE[13404]</label>
					<icon>overlays/OverlayResumable.png</icon>
					<onclick>Skin.SetBool(Overlay.Resumable)</onclick>
					<property name="Radio">$LOCALIZE[16039]</property>
					<visible>!Skin.HasSetting(Overlay.Resumable)</visible>
				</item>
				<item>
					<label>$LOCALIZE[13404]</label>
					<icon>overlays/OverlayResumable.png</icon>
					<onclick>Skin.Reset(Overlay.Resumable)</onclick>
					<property name="Radio">$LOCALIZE[16041]</property>
					<visible>Skin.HasSetting(Overlay.Resumable)</visible>
				</item>
				<item>
					<label>$LOCALIZE[16102]</label>
					<icon>overlays/OverlayWatched.png</icon>
					<onclick>Skin.SetBool(Overlay.Watched)</onclick>
					<property name="Radio">$LOCALIZE[16039]</property>
					<visible>!Skin.HasSetting(Overlay.Watched)</visible>
				</item>
				<item>
					<label>$LOCALIZE[16102]</label>
					<icon>overlays/OverlayWatched.png</icon>
					<onclick>Skin.Reset(Overlay.Watched)</onclick>
					<property name="Radio">$LOCALIZE[16041]</property>
					<visible>Skin.HasSetting(Overlay.Watched)</visible>
				</item>
				<item>
					<label>$LOCALIZE[16101]</label>
					<icon>overlays/OverlayUnwatched.png</icon>
					<onclick>Skin.SetBool(Overlay.Unwatched)</onclick>
					<property name="Radio">$LOCALIZE[16039]</property>
					<visible>!Skin.HasSetting(Overlay.Unwatched)</visible>
				</item>
				<item>
					<label>$LOCALIZE[16101]</label>
					<icon>overlays/OverlayUnwatched.png</icon>
					<onclick>Skin.Reset(Overlay.Unwatched)</onclick>
					<property name="Radio">$LOCALIZE[16041]</property>
					<visible>Skin.HasSetting(Overlay.Unwatched)</visible>
				</item>
			</content>
		</control>
		<control type="scrollbar" id="60">
			<left>664</left>
			<top>88</top>
			<height>480</height>
			<width>8</width>
			<onleft>90100</onleft>
			<onright>90100</onright>
			<ondown>60</ondown>
			<onup>60</onup>
		</control>
	</controls>
</window>