<?xml version="1.0" encoding="utf-8"?>
<window>
    <defaultcontrol always="true">10</defaultcontrol>
    <coordinates>
        <system>1</system>
        <left>510</left>
        <top>240</top>
    </coordinates>
    <include>dialogeffect</include>
    <controls>
        <include name="DialogBackgroundCommons">
            <param name="DialogBackgroundWidth" value="900" />
            <param name="DialogBackgroundHeight" value="600" />
            <param name="DialogHeaderLabel" value="$ADDON[pvr.wmc 30120]" />
            <param name="DialogHeaderId" value="" />
        </include>
        <control type="label">
            <left>30</left>
            <top>90</top>
            <width>840</width>
            <height>45</height>
            <font>font14</font>
            <textoffsetx>15</textoffsetx>
            <label>$LOCALIZE[369]:</label>
            <align>left</align>
            <aligny>center</aligny>
            <textcolor>$VAR[ColorTextVar]</textcolor>
        </control>
        <control type="label" id="20">
            <left>30</left>
            <top>90</top>
            <width>840</width>
            <height>45</height>
            <font>font14</font>
            <textoffsetx>15</textoffsetx>
            <!--<label>filled in by code</label>-->
            <align>right</align>
            <aligny>center</aligny>
            <textcolor>$VAR[ColorTextVar]</textcolor>
        </control>
        <control type="group">
            <left>30</left>
            <top>150</top>
            <width>840</width>
            <height>150</height>
            <control type="radiobutton" id="10">
                <description>episode recording</description>
                <left>0</left>
                <top>0</top>
                <height>60</height>
                <width>840</width>
                <label>$ADDON[pvr.wmc 30121]</label>
                <font>font14</font>
                <textcolor>$VAR[ColorTextVar]</textcolor>
                <focusedcolor>$VAR[ColorTextVar]</focusedcolor>
                <onright>10</onright>
                <onleft>10</onleft>
                <onup>1</onup>
                <ondown>11</ondown>
            </control>
            <control type="radiobutton" id="11">
                <description>series recording</description>
                <left>0</left>
                <top>68</top>
                <height>60</height>
                <width>840</width>
                <label>$ADDON[pvr.wmc 30122]</label>
                <font>font14</font>
                <textcolor>$VAR[ColorTextVar]</textcolor>
                <focusedcolor>$VAR[ColorTextVar]</focusedcolor>
                <onright>11</onright>
                <onleft>11</onleft>
                <onup>10</onup>
                <ondown>2</ondown>
            </control>
        </control>
        <control type="group" id="9001">
            <left>30</left>
            <top>510</top>
            <control type="button" id="1">
                <description>Ok Button</description>
                <left>0</left>
                <top>0</top>
                <width>410</width>
                <height>60</height>
                <align>center</align>
                <aligny>center</aligny>
                <label>186</label>
                <font>font14_title</font>
                <onup>11</onup>
                <onleft>2</onleft>
                <onright>2</onright>
                <ondown>10</ondown>
            </control>
            <control type="button" id="2">
                <description>Cancel Button</description>
                <left>430</left>
                <top>0</top>
                <width>410</width>
                <height>60</height>
                <align>center</align>
                <aligny>center</aligny>
                <label>222</label>
                <font>font14_title</font>
                <onup>11</onup>
                <onleft>1</onleft>
                <onright>1</onright>
                <ondown>10</ondown>
            </control>
        </control>
    </controls>
</window>
