<?xml version="1.0" encoding="UTF-8"?>
<window>
	<defaultcontrol always="true">5</defaultcontrol>
	<coordinates>
		<system>1</system>
		<left>399</left>
		<top>165</top>
	</coordinates>
	<include>dialogeffect</include>
	<controls>
		<control type="group">
			<include name="DialogBackgroundCommons">
				<param name="DialogBackgroundWidth" value="1122" />
				<param name="DialogBackgroundHeight" value="750" />
				<param name="DialogHeaderLabel" value="$LOCALIZE[19047]" />
				<param name="DialogHeaderId" value="2" />
			</include>
			<control type="group">
				<control type="panel" id="9002">
					<left>31</left>
					<top>88</top>
					<width>738</width>
					<height>540</height>
					<onup>noop</onup>
					<ondown>noop</ondown>
					<onleft>noop</onleft>
					<onright>noop</onright>
					<pagecontrol>-</pagecontrol>
					<scrolltime tween="quadratic" easing="out">200</scrolltime>
					<itemlayout height="90" width="738">
						<control type="label">
							<top>45</top>
							<width>738</width>
							<height>38</height>
							<font>font14</font>
							<textcolor>$VAR[ColorTextVar]</textcolor>
							<selectedcolor>$VAR[ColorHighlightVar]</selectedcolor>
							<label>$INFO[ListItem.Label]</label>
							<textoffsetx>15</textoffsetx>
						</control>
						<control type="label">
							<top>0</top>
							<width>738</width>
							<height>45</height>
							<font>font14</font>
							<textcolor>$VAR[ColorHighlightVar]</textcolor>
							<selectedcolor>$VAR[ColorHighlightVar]</selectedcolor>
							<label>$INFO[ListItem.Label2]</label>
							<textoffsetx>15</textoffsetx>
						</control>
					</itemlayout>
					<focusedlayout height="90" width="738">
						<control type="image">
							<top>0</top>
							<width>738</width>
							<height>90</height>
							<texture>listselect_fo.png</texture>
							<colordiffuse>$VAR[ColorHighlightVar]</colordiffuse>
							<visible>Control.HasFocus(9002)</visible>
							<include>VisibleFadeEffect</include>
						</control>
						<control type="label">
							<top>45</top>
							<width>738</width>
							<height>38</height>
							<font>font14</font>
							<textcolor>$VAR[ColorTextVar]</textcolor>
							<selectedcolor>$VAR[ColorHighlightVar]</selectedcolor>
							<label>$INFO[ListItem.Label]</label>
							<textoffsetx>15</textoffsetx>
						</control>
						<control type="label">
							<top>0</top>
							<width>738</width>
							<height>45</height>
							<font>font14</font>
							<textcolor>$VAR[ColorTextVar]</textcolor>
							<selectedcolor>$VAR[ColorHighlightVar]</selectedcolor>
							<label>$INFO[ListItem.Label2]</label>
							<textoffsetx>15</textoffsetx>
						</control>
					</focusedlayout>
					<content>
						<item>
							<label>$INFO[ListItem.Title]</label>
							<label2>$LOCALIZE[369]:</label2>
							<onclick>noop</onclick>
						</item>
						<item>
							<label>$INFO[ListItem.StartTime] - $INFO[ListItem.EndTime] ($INFO[ListItem.StartDate])</label>
							<label2>$LOCALIZE[142]</label2>
							<onclick>noop</onclick>
							<visible>!IsEmpty(ListItem.StartTime)</visible>
						</item>
						<item>
							<label>$INFO[ListItem.Duration]</label>
							<label2>$LOCALIZE[180]:</label2>
							<onclick>noop</onclick>
							<visible>!IsEmpty(ListItem.Duration)</visible>
						</item>
						<item>
							<label>[CAPITALIZE]$INFO[ListItem.Genre][/CAPITALIZE]</label>
							<label2>$LOCALIZE[515]:</label2>
							<onclick>noop</onclick>
							<visible>!IsEmpty(ListItem.Genre)</visible>
						</item>
					</content>
				</control>
				<control type="textbox" id="400">
					<description>Plot value</description>
					<left>46</left>
					<top>480</top>
					<width>708</width>
					<height>220</height>
					<font>font14_textbox4</font>
					<textcolor>$VAR[ColorTextVar]</textcolor>
					<pagecontrol>60</pagecontrol>
					<autoscroll time="3000" delay="4000" repeat="5000">Skin.HasSetting(Enable.AutoScroll) + !Control.HasFocus(60)</autoscroll>
					<label fallback="161">$INFO[ListItem.Plot]</label>
				</control>
				<control type="scrollbar" id="60">
					<left>770</left>
					<top>480</top>
					<height>220</height>
					<width>8</width>
					<onup>PageUp(400)</onup>
					<ondown>PageUp(400)</ondown>
					<onleft>9001</onleft>
					<onright>9001</onright>
					<orientation>vertical</orientation>
				</control>
				<!-- right group -->
				<control type="group">
					<left>782</left>
					<top>88</top>
					<control type="image">
						<top>15</top>
						<width>310</width>
						<height>310</height>
						<aspectratio align="center" aligny="center">keep</aspectratio>
						<texture background="true">$INFO[ListItem.Icon]</texture>
					</control>
					<control type="grouplist" id="9001">
						<top>330</top>
						<onup>9001</onup>
						<onleft>60</onleft>
						<onright>60</onright>
						<ondown>9001</ondown>
						<control type="button" id="10">
							<description>Ok Button</description>
							<width>310</width>
							<label>-</label>
							<height>120</height>
							<font>-</font>
							<enable>no</enable>
						</control>
						<control type="button" id="5">
							<description>Switch to Channel</description>
							<width>310</width>
							<label>19165</label>
						</control>
						<control type="button" id="6">
							<description>Record</description>
							<width>310</width>
							<label>-</label>
							<visible>!Window.IsActive(tvrecordings)</visible>
						</control>
						<control type="button" id="7">
							<description>OK</description>
							<width>310</width>
							<label>186</label>
						</control>
					</control>
				</control>
			</control>
		</control>
	</controls>
</window>