<?xml version="1.0" encoding="UTF-8"?>
<window>
	<defaultcontrol always="true">5</defaultcontrol>
	<coordinates>
		<system>1</system>
		<left>199</left>
		<top>210</top>
	</coordinates>
	<include>dialogeffect</include>
	<controls>
		<include name="DialogBackgroundCommons">
			<param name="DialogBackgroundWidth" value="1522" />
			<param name="DialogBackgroundHeight" value="660" />
			<param name="DialogHeaderLabel" value="$LOCALIZE[587]" />
			<param name="DialogHeaderId" value="2" />
		</include>
		<control type="grouplist" id="5">
			<description>control area</description>
			<left>31</left>
			<top>88</top>
			<width>1138</width>
			<height>540</height>
			<itemgap>0</itemgap>
			<pagecontrol>6</pagecontrol>
			<onup>5</onup>
			<ondown>5</ondown>
			<onleft>9001</onleft>
			<onright>6</onright>
		</control>
		<control type="scrollbar" id="6">
			<left>1170</left>
			<top>88</top>
			<width>8</width>
			<height>540</height>
			<onleft>5</onleft>
			<onright>9001</onright>
			<orientation>vertical</orientation>
		</control>
		<control type="button" id="7">
			<description>Default Button</description>
		</control>
		<control type="radiobutton" id="8">
			<description>Default RadioButton</description>
		</control>
		<control type="spincontrolex" id="9">
			<description>Default SpinControlex</description>
			<reverse>yes</reverse>
		</control>
		<control type="sliderex" id="13">
			<description>Default Slider</description>
		</control>
		<control type="edit" id="12">
			<description>Default Edit</description>
		</control>
		<!-- right group -->
		<control type="group">
			<left>1182</left>
			<top>88</top>
			<control type="grouplist" id="9001">
				<onup>9001</onup>
				<onleft>6</onleft>
				<onright>5</onright>
				<ondown>9001</ondown>
				<control type="button" id="28">
					<description>Ok Button</description>
					<width>310</width>
					<label>186</label>
				</control>
				<control type="button" id="27">
					<description>Clear Button</description>
					<width>310</width>
					<label>192</label>
				</control>
			</control>
		</control>
	</controls>
</window>