<?xml version="1.0" encoding="UTF-8"?>
<window>
	<defaultcontrol always="true">8</defaultcontrol>
	<allowoverlay>no</allowoverlay>
	<onload>SendClick(9000,5)</onload>
	<controls>
		<control type="group">
			<animation effect="fade" start="100" end="0" time="300" condition="Window.IsVisible(script-ExtendedInfo Script-DialogVideoInfo.xml) | Window.IsVisible(script-ExtendedInfo Script-DialogInfo.xml)">Conditional</animation>
			<animation effect="fade" time="300">WindowClose</animation>
			<include>FullscreenDimensions</include>
			<control type="image">
				<texture>black.png</texture>
				<visible>IsEmpty(ListItem.Art(fanart))</visible>
			</control>
			<control type="image">
				<aspectratio align="center">scale</aspectratio>
				<texture background="true">$INFO[ListItem.Art(fanart)]</texture>
			</control>
			<control type="image">
				<texture>background.png</texture>
				<colordiffuse>$VAR[ColorBackgroundVar]</colordiffuse>
			</control>
		</control>
		<control type="group">
			<include>dialogeffect</include>
			<include>Animation_ExtendedInfo</include>
			<left>741</left>
			<control type="group">
				<top>20</top>
				<width>1042</width>
				<height>854</height>
				<control type="grouplist">
					<top>-15</top>
					<left>5</left>
					<width>1100</width>
					<height>110</height>
					<itemgap>0</itemgap>
					<align>center</align>
					<control type="label">
						<width>1100</width>
						<height>60</height>
						<aligny>center</aligny>
						<align>left</align>
						<font>font30_title</font>
						<textcolor>$VAR[ColorTextVar]</textcolor>
						<scroll>true</scroll>
						<label>$INFO[ListItem.Label]</label>
					</control>
					<control type="label">
						<width>1100</width>
						<height>30</height>
						<aligny>center</aligny>
						<align>left</align>
						<font>font15</font>
						<textcolor>$VAR[ColorHighlightVar]</textcolor>
						<scroll>true</scroll>
						<label>$INFO[ListItem.Tagline]</label>
						<visible>Container.Content(movies) + !IsEmpty(ListItem.Tagline)</visible>
					</control>
					<control type="label">
						<width>1100</width>
						<height>30</height>
						<aligny>center</aligny>
						<align>left</align>
						<font>font15</font>
						<textcolor>$VAR[ColorHighlightVar]</textcolor>
						<scroll>true</scroll>
						<label>$INFO[ListItem.OriginalTitle]</label>
						<visible>Container.Content(movies) + IsEmpty(ListItem.Tagline)</visible>
					</control>
					<control type="label">
						<width>1100</width>
						<height>30</height>
						<aligny>center</aligny>
						<align>left</align>
						<font>font15</font>
						<textcolor>$VAR[ColorHighlightVar]</textcolor>
						<scroll>true</scroll>
						<label>$INFO[Window(Home).Property(NextAired.Status)]</label>
						<visible>Container.Content(tvshows) + !IsEmpty(Window(Home).Property(NextAired.Status))</visible>
					</control>
					<control type="label">
						<width>1100</width>
						<height>30</height>
						<aligny>center</aligny>
						<align>left</align>
						<font>font15</font>
						<textcolor>$VAR[ColorHighlightVar]</textcolor>
						<scroll>true</scroll>
						<label>$INFO[ListItem.TvShowTitle]</label>
						<visible>Container.Content(episodes) + !IsEmpty(ListItem.TvShowTitle)</visible>
					</control>
					<control type="label">
						<width>1100</width>
						<height>30</height>
						<aligny>center</aligny>
						<align>left</align>
						<font>font15</font>
						<textcolor>$VAR[ColorHighlightVar]</textcolor>
						<scroll>true</scroll>
						<label>$INFO[ListItem.Artist]</label>
						<visible>Container.Content(musicvideos) + !IsEmpty(ListItem.Artist)</visible>
					</control>
				</control>
				<control type="panel">
					<left>5</left>
					<top>130</top>
					<width>1150</width>
					<height>300</height>
					<orientation>horizontal</orientation>
					<pagecontrol>61</pagecontrol>
					<scrolltime tween="quadratic" easing="out">200</scrolltime>
					<itemlayout height="50" width="1150">
						<control type="label">
							<width>180</width>
							<height>50</height>
							<font>font15</font>
							<textcolor>$VAR[ColorHighlightVar]</textcolor>
							<selectedcolor>$VAR[ColorTextVar]</selectedcolor>
							<label>$INFO[ListItem.Label2]</label>
						</control>
						<control type="label">
							<left>180</left>
							<width>970</width>
							<height>50</height>
							<font>font15</font>
							<textcolor>$VAR[ColorTextVar]</textcolor>
							<selectedcolor>$VAR[ColorTextVar]</selectedcolor>
							<label>$INFO[ListItem.Label]</label>
						</control>
					</itemlayout>
					<focusedlayout height="50" width="1150">
						<control type="label">
							<width>180</width>
							<height>50</height>
							<font>font15</font>
							<textcolor>$VAR[ColorHighlightVar]</textcolor>
							<selectedcolor>$VAR[ColorTextVar]</selectedcolor>
							<label>$INFO[ListItem.Label2]</label>
						</control>
						<control type="label">
							<left>180</left>
							<width>970</width>
							<height>50</height>
							<font>font15</font>
							<textcolor>$VAR[ColorTextVar]</textcolor>
							<selectedcolor>$VAR[ColorTextVar]</selectedcolor>
							<label>$INFO[ListItem.Label]</label>
						</control>
					</focusedlayout>
					<content>
						<item>
							<label>$INFO[ListItem.Year]</label>
							<label2>$LOCALIZE[345]:</label2>
							<onclick>noop</onclick>
							<visible>!IsEmpty(ListItem.Year) + ![Container.Content(tvshows) | Container.Content(seasons) | Container.Content(episodes)]</visible>
						</item>
						<item>
							<label>$INFO[ListItem.Premiered]</label>
							<label2>$LOCALIZE[20416]:</label2>
							<onclick>noop</onclick>
							<visible>!IsEmpty(ListItem.Premiered) + [Container.Content(tvshows) | Container.Content(seasons) | Container.Content(episodes)]</visible>
						</item>
						<item>
							<label>$INFO[ListItem.mpaa]</label>
							<label2>$LOCALIZE[31189]:</label2>
							<onclick>noop</onclick>
							<visible>!IsEmpty(ListItem.mpaa)</visible>
						</item>
						<item>
							<label>$VAR[DurationVar] [LOWERCASE]$LOCALIZE[12391][/LOWERCASE]</label>
							<label2>$LOCALIZE[180]:</label2>
							<onclick>noop</onclick>
							<visible>![Container.Content(tvshows) + Skin.HasSetting(Disable.NextAired)]</visible>
						</item>
						<item>
							<label>$INFO[ListItem.Top250,#]</label>
							<label2>$LOCALIZE[13409]:</label2>
							<onclick>noop</onclick>
							<visible>!IsEmpty(ListItem.Top250)</visible>
						</item>
						<item>
							<label>$INFO[ListItem.UserRating]</label>
							<label2>$LOCALIZE[38018]:</label2>
							<onclick>noop</onclick>
							<visible>!IsEmpty(ListItem.UserRating)</visible>
						</item>
						<item>
							<label>$INFO[ListItem.Rating] $VAR[RatingAndVotesVar,(,)]</label>
							<label2>$LOCALIZE[563]:</label2>
							<onclick>noop</onclick>
							<visible>!IsEmpty(ListItem.Rating)</visible>
						</item>
						<item>
							<label>$INFO[ListItem.Genre]</label>
							<label2>$LOCALIZE[515]:</label2>
							<onclick>noop</onclick>
							<visible>!IsEmpty(ListItem.Genre)</visible>
						</item>
						<item>
							<label>$INFO[ListItem.Studio]</label>
							<label2>$LOCALIZE[572]:</label2>
							<onclick>noop</onclick>
							<visible>!IsEmpty(ListItem.Studio)</visible>
						</item>
						<item>
							<label>$INFO[Window(Home).Property(NextAired.NextNumber),, - ]$INFO[Window(Home).Property(NextAired.NextTitle)]</label>
							<label2>$LOCALIZE[31010]:</label2>
							<onclick>noop</onclick>
							<visible>Container.Content(tvshows) + !IsEmpty(Window(Home).Property(NextAired.NextDate))</visible>
						</item>
						<item>
							<label>$INFO[Window(Home).Property(NextAired.LatestNumber),, - ]$INFO[Window(Home).Property(NextAired.LatestTitle)]</label>
							<label2>$LOCALIZE[31011]:</label2>
							<onclick>noop</onclick>
							<visible>Container.Content(tvshows) + !IsEmpty(Window(Home).Property(NextAired.LatestDate)) + IsEmpty(Window(Home).Property(NextAired.NextDate))</visible>
						</item>
						<item>
							<label>$INFO[Window(Home).Property(NextAired.NextDate),, | ]$INFO[Window(Home).Property(NextAired.AirTime)]</label>
							<label2>$LOCALIZE[31012]:</label2>
							<onclick>noop</onclick>
							<visible>Container.Content(tvshows) + !IsEmpty(Window(Home).Property(NextAired.NextDate))</visible>
						</item>
						<item>
							<label>$INFO[ListItem.Director]</label>
							<label2>$LOCALIZE[20339]:</label2>
							<onclick>SendClick(2003,13)</onclick>
							<visible>!IsEmpty(ListItem.Director)</visible>
						</item>
						<item>
							<label>$INFO[ListItem.Writer]</label>
							<label2>$LOCALIZE[20417]:</label2>
							<onclick>noop</onclick>
							<visible>!IsEmpty(ListItem.Writer)</visible>
						</item>
						<item>
							<label>[UPPERCASE]$INFO[ListItem.Property(AudioLanguage.1)]$INFO[ListItem.Property(AudioLanguage.2),/]$INFO[ListItem.Property(AudioLanguage.3),/]$INFO[ListItem.Property(AudioLanguage.4),/]$INFO[ListItem.Property(AudioLanguage.5),/]$INFO[ListItem.Property(AudioLanguage.6),/]$INFO[ListItem.Property(AudioLanguage.7),/][/UPPERCASE]</label>
							<label2>$LOCALIZE[292]:</label2>
							<onclick>noop</onclick>
							<visible>!IsEmpty(ListItem.Property(AudioLanguage.1))</visible>
						</item>
						<item>
							<label>[UPPERCASE]$INFO[ListItem.Property(SubtitleLanguage.1)]$INFO[ListItem.Property(SubtitleLanguage.2),/]$INFO[ListItem.Property(SubtitleLanguage.3),/]$INFO[ListItem.Property(SubtitleLanguage.4),/]$INFO[ListItem.Property(SubtitleLanguage.5),/]$INFO[ListItem.Property(SubtitleLanguage.6),/]$INFO[ListItem.Property(SubtitleLanguage.7),/][/UPPERCASE]</label>
							<label2>$LOCALIZE[462]:</label2>
							<onclick>noop</onclick>
							<visible>!IsEmpty(ListItem.Property(SubtitleLanguage.1))</visible>
						</item>
						<item>
							<label>$INFO[ListItem.Country]</label>
							<label2>$LOCALIZE[574]:</label2>
							<onclick>noop</onclick>
							<visible>!IsEmpty(ListItem.Country)</visible>
						</item>
						<item>
							<label>$INFO[Window(Home).Property(NextAired.Country)]</label>
							<label2>$LOCALIZE[574]:</label2>
							<onclick>noop</onclick>
							<visible>Container.Content(tvshows) + !IsEmpty(Window(Home).Property(NextAired.Country))</visible>
						</item>
						<item>
							<label>$INFO[ListItem.PlayCount]</label>
							<label2>$LOCALIZE[567]:</label2>
							<onclick>noop</onclick>
							<visible>!IsEmpty(ListItem.PlayCount)</visible>
						</item>
						<item>
							<label>$INFO[ListItem.PercentPlayed,,%]</label>
							<label2 fallback="-">$LOCALIZE[575]:</label2>
							<onclick>noop</onclick>
							<visible>ListItem.IsResumable</visible>
						</item>
						<item>
							<label>$INFO[ListItem.LastPlayed]</label>
							<label2 fallback="-">$LOCALIZE[568]:</label2>
							<onclick>noop</onclick>
							<visible>!IsEmpty(ListItem.LastPlayed)</visible>
						</item>
						<item>
							<label>$INFO[ListItem.DateAdded]</label>
							<label2>$LOCALIZE[31190]:</label2>
							<onclick>noop</onclick>
							<visible>!IsEmpty(ListItem.DateAdded)</visible>
						</item>
						<item>
							<label>$INFO[ListItem.Path]</label>
							<label2>$LOCALIZE[573]:</label2>
							<onclick>noop</onclick>
							<visible>!IsEmpty(ListItem.Path)</visible>
						</item>
						<item>
							<label>$INFO[ListItem.Filename]</label>
							<label2>$LOCALIZE[21800]:</label2>
							<onclick>noop</onclick>
							<visible>!IsEmpty(ListItem.Filename)</visible>
						</item>
					</content>
				</control>
				<control type="scrollbar" id="61">
					<visible allowhiddenfocus="true">Control.HasFocus(61)</visible>
					<left>2</left>
					<top>450</top>
					<width>1145</width>
					<height>8</height>
					<onup>9000</onup>
					<ondown>9000</ondown>
					<onleft>61</onleft>
					<onright>61</onright>
					<orientation>horizontal</orientation>
				</control>
				<control type="textbox" id="4">
					<description>Plot</description>
					<include>HiddenObject</include>
				</control>
				<control type="textbox" id="400">
					<description>Plot</description>
					<left>5</left>
					<top>575</top>
					<width>1120</width>
					<height>395</height>
					<font>font15_textbox</font>
					<align>left</align>
					<label>$VAR[VideoInfoPlotVar]</label>
					<textcolor>$VAR[ColorTextVar]</textcolor>
					<pagecontrol>60</pagecontrol>
					<autoscroll time="3000" delay="4000" repeat="5000">Skin.HasSetting(Enable.AutoScroll)</autoscroll>
					<visible>![Control.IsVisible(50) | Control.IsVisible(150)]</visible>
				</control>
				<control type="scrollbar" id="60">
					<visible allowhiddenfocus="true">Control.HasFocus(60)</visible>
					<left>1142</left>
					<top>585</top>
					<width>8</width>
					<height>445</height>
					<onleft>9000</onleft>
					<onright>9000</onright>
					<orientation>vertical</orientation>
				</control>
				<control type="group">
					<left>0</left>
					<top>992</top>
					<visible>!Control.IsVisible(150) | Container.Content(tvshows)</visible>
					<control type="grouplist">
						<left>0</left>
						<top>0</top>
						<width>1188</width>
						<height>40</height>
						<align>left</align>
						<itemgap>0</itemgap>
						<orientation>horizontal</orientation>
						<usecontrolcoords>true</usecontrolcoords>							
						<control type="label">
							<visible>Container.Content(tvshows) + !IsEmpty(ListItem.Property(TotalSeasons))</visible>
							<left>0</left>
							<top>0</top>
							<width>auto</width>
							<height>40</height>
							<align>left</align>
							<aligny>top</aligny>
							<label>$INFO[ListItem.Property(TotalSeasons)] $VAR[OneOrMoreSeasonsVar,,  •  ]</label>
							<font>font13_title</font>
							<textcolor>$VAR[ColorHighlightVar]</textcolor>
						</control>
						<control type="label">
							<visible>Container.Content(tvshows)</visible>
							<left>0</left>
							<top>0</top>
							<width>auto</width>
							<height>40</height>
							<align>left</align>
							<aligny>top</aligny>
							<label>$INFO[ListItem.Property(TotalEpisodes] $VAR[OneOrMoreEpisodesVar,,  • ] $INFO[ListItem.Property(UnWatchedEpisodes)] $LOCALIZE[16101]</label>
							<font>font13_title</font>
							<textcolor>$VAR[ColorHighlightVar]</textcolor>
						</control>
						<control type="image">
							<visible>!Container.Content(tvshows) + ![IsEmpty(ListItem.VideoResolution) + IsEmpty(ListItem.VideoCodec) + IsEmpty(ListItem.VideoAspect)]</visible>
							<left>-20</left>
							<top>9</top>
							<width>80</width>
							<height>32</height>
							<aspectratio align="center" aligny="bottom">keep</aspectratio>
							<texture>DefaultFlagVideo.png</texture>
							<colordiffuse>$VAR[ColorHighlightVar]</colordiffuse>
						</control>
						<control type="label">
							<visible>!IsEmpty(ListItem.VideoResolution)</visible>
							<left>0</left>
							<top>0</top>
							<width>auto</width>
							<height>40</height>
							<align>left</align>
							<aligny>top</aligny>
							<label>$INFO[ListItem.VideoResolution]</label>
							<font>font13_title</font>
							<textcolor>$VAR[ColorHighlightVar]</textcolor>
						</control>
						<control type="label">
							<visible>!IsEmpty(ListItem.VideoCodec)</visible>
							<left>0</left>
							<top>0</top>
							<width>auto</width>
							<height>40</height>
							<align>left</align>
							<aligny>top</aligny>
							<label>$INFO[ListItem.VideoCodec,  •  ]</label>
							<font>font13_title</font>
							<textcolor>$VAR[ColorHighlightVar]</textcolor>
						</control>
						<control type="label">
							<visible>!IsEmpty(ListItem.VideoAspect)</visible>
							<left>0</left>
							<top>0</top>
							<width>auto</width>
							<height>40</height>
							<align>left</align>
							<aligny>top</aligny>
							<label>$INFO[ListItem.VideoAspect,  •  ]</label>
							<font>font13_title</font>
							<textcolor>$VAR[ColorHighlightVar]</textcolor>
						</control>
						<control type="image">
							<visible>!Container.Content(tvshows) + ![IsEmpty(ListItem.AudioCodec) + IsEmpty(ListItem.AudioChannels)]</visible>
							<left>0</left>
							<top>9</top>
							<width>80</width>
							<height>32</height>
							<aspectratio align="center" aligny="bottom">keep</aspectratio>
							<texture>DefaultFlagAudio.png</texture>
							<colordiffuse>$VAR[ColorHighlightVar]</colordiffuse>
						</control>
						<control type="label">
							<visible>!IsEmpty(ListItem.AudioCodec)</visible>
							<left>0</left>
							<top>0</top>
							<width>auto</width>
							<height>40</height>
							<align>left</align>
							<aligny>top</aligny>
							<label>$INFO[ListItem.AudioCodec]</label>
							<font>font13_title</font>
							<textcolor>$VAR[ColorHighlightVar]</textcolor>
						</control>
						<control type="label">
							<visible>!IsEmpty(ListItem.AudioChannels)</visible>
							<left>0</left>
							<top>0</top>
							<width>auto</width>
							<height>40</height>
							<align>left</align>
							<aligny>top</aligny>
							<label>$VAR[AudioChannelVar,  •  ]</label>
							<font>font13_title</font>
							<textcolor>$VAR[ColorHighlightVar]</textcolor>
						</control>
					</control>
				</control>
				<control type="group">
	                <visible>IntegerGreaterThan(Container(50).NumItems,0)</visible>
	                <animation effect="fade" time="320" delay="300">Visible</animation>
	                <control type="image">
	                	<visible>Control.HasFocus(50)</visible>
	                    <left>-9</left>
	                    <top>571</top>
	                    <width>301</width>
	                    <height>410</height>
	                    <animation effect="fade" time="320" delay="200">Visible</animation>
	                    <animation effect="fade" time="200">Hidden</animation>
	                    <texture colordiffuse="$VAR[ColorHighlightVar]">listselect_fo.png</texture>
	                    <animation effect="slide" end="289,0" time="300" tween="cubic" easing="inout" condition="Container(50).Column(3)">Conditional</animation>
	                    <animation effect="slide" end="289,0" time="300" tween="cubic" easing="inout" condition="Container(50).Column(3) | Container(50).Column(2)">Conditional</animation>
	                    <animation effect="slide" end="289,0" time="300" tween="cubic" easing="inout" condition="Container(50).Column(3) | Container(50).Column(2) | Container(50).Column(1)">Conditional</animation>
	                </control>
	            </control>
				<control type="panel" id="50">
					<animation effect="fade" time="300" delay="0" tween="sine" easing="inout" start="0" end="100">Visible</animation>
					<visible>ControlGroup(9000).HasFocus(555)</visible>
					<left>-3</left>
					<top>577</top>
					<width>1156</width>
					<height>398</height>
					<onleft>50</onleft>
					<onright>50</onright>
					<onup>9000</onup>
					<!--<ondown condition="System.HasAddon(script.extendedinfo)">Dialog.Close(movieinformation)</ondown>-->
					<ondown condition="System.HasAddon(script.extendedinfo)">RunScript(script.extendedinfo,info=extendedactorinfo,name=$INFO[Container(50).ListItem.Label])</ondown>
					<viewtype label="">list</viewtype>
					<scrolltime tween="quadratic" easing="out">300</scrolltime>
					<orientation>horizontal</orientation>
					<itemlayout height="398" width="289">
						<control type="image">
							<top>6</top>
							<left>6</left>
							<width>277</width>
							<height>386</height>
							<aspectratio align="center" aligny="center">scale</aspectratio>
							<texture fallback="default_Actor.png" background="true">$INFO[ListItem.Art(thumb)]</texture>
						</control>
						<control type="image">
							<top>6</top>
							<left>6</left>
							<width>277</width>
							<height>386</height>
							<texture>thumbs/diffuse.png</texture>
						</control>
						<control type="image">
							<top>297</top>
							<left>6</left>
							<width>277</width>
							<height>95</height>
							<texture>black.png</texture>
							<colordiffuse>bbffffff</colordiffuse>
						</control>
						<control type="textbox">
							<left>16</left>
							<top>299</top>
							<width>257</width>
							<height>90</height>
							<font>font_Actor</font>
							<textcolor>$VAR[ColorTextVar]</textcolor>
							<selectedcolor>$VAR[ColorHighlightVar]</selectedcolor>
							<label>$INFO[ListItem.Label]$INFO[ListItem.Label2, $LOCALIZE[20347] ,]</label>
						</control>
					</itemlayout>
					<focusedlayout height="398" width="289">
						<control type="group">
							<include>PanelFocusedItemZoom</include>
							<control type="image">
								<top>6</top>
								<left>6</left>
								<width>277</width>
								<height>386</height>
								<aspectratio align="center" aligny="center">scale</aspectratio>
								<texture fallback="default_Actor.png" background="true">$INFO[ListItem.Art(thumb)]</texture>
							</control>
							<control type="image">
								<animation center="auto" condition="Control.HasFocus(50)" easing="inout" effect="fade" end="0" start="100" time="300" tween="sine">Focus</animation>
								<animation center="auto" condition="Control.HasFocus(50)" easing="inout" effect="fade" end="100" start="0" time="300" tween="sine">UnFocus</animation>
								<top>6</top>
								<left>6</left>
								<width>277</width>
								<height>386</height>
								<texture>thumbs/diffuse.png</texture>
							</control>
							<control type="image">
								<top>297</top>
								<left>6</left>
								<width>277</width>
								<height>95</height>
								<texture>black.png</texture>
								<colordiffuse>bbffffff</colordiffuse>
							</control>
							<control type="textbox">
								<left>16</left>
								<top>299</top>
								<width>257</width>
								<height>90</height>
								<font>font_Actor</font>
								<selectedcolor>$VAR[ColorHighlightVar]</selectedcolor>
								<label>$INFO[ListItem.Label]$INFO[ListItem.Label2, $LOCALIZE[20347] ,]</label>
								<!--<animation effect="fade" start="100" end="40" time="300" tween="sine" easing="inout" condition="!Control.HasFocus(50)">Conditional</animation>-->
								<autoscroll time="3000" delay="4000" repeat="5000">Skin.HasSetting(Enable.AutoScroll)</autoscroll>
							</control>
						</control>
					</focusedlayout>
				</control>
			</control>
			<control type="group">
                <visible>IntegerGreaterThan(Container(150).NumItems,0)</visible>
                <animation effect="fade" time="320" delay="300">Visible</animation>
                <control type="image">
                	<visible>Control.HasFocus(150)</visible>
                    <left>-9</left>
                    <top>591</top>
                    <width>590</width>
                    <height>396</height>
                    <animation effect="fade" time="320" delay="200">Visible</animation>
                    <animation effect="fade" time="200">Hidden</animation>
                    <texture colordiffuse="$VAR[ColorHighlightVar]">listselect_fo.png</texture>
                    <animation effect="slide" end="578,0" time="300" tween="cubic" easing="inout" condition="Container(150).Column(1)">Conditional</animation>
                </control>
            </control>
			<control type="panel" id="150">
                <description>YouTube Videos</description>
                <animation effect="fade" time="300" delay="0" tween="sine" easing="inout" start="0" end="100">Visible</animation>
                <left>-3</left>
				<top>597</top>
				<width>1156</width>
				<height>440</height>
				<onleft>150</onleft>
				<onright>150</onright>
				<onup>9000</onup>
                <ondown>9000</ondown>
				<orientation>horizontal</orientation>
                <preloaditems>2</preloaditems>
                <scrolltime tween="quadratic" easing="out">300</scrolltime>
                <visible>Container.Content(movies) + ControlGroup(9000).HasFocus(204) + System.HasAddon(script.extendedinfo)</visible>
                <itemlayout height="440" width="578">
					<control type="image">
						<top>6</top>
						<left>6</left>
						<width>566</width>
                        <height>372</height>
						<aspectratio>scale</aspectratio>
						<texture background="true">$INFO[ListItem.Art(thumb)]</texture>
					</control>
					<control type="image">
						<top>6</top>
						<left>6</left>
						<width>566</width>
						<height>372</height>
						<texture>thumbs/diffuse.png</texture>
					</control>
                    <control type="image">
                        <top>283</top>
                        <left>6</left>
                        <width>566</width>
                        <height>95</height>
                        <texture>black.png</texture>
                        <colordiffuse>bbffffff</colordiffuse>
						<visible>!IsEmpty(ListItem.Title)</visible>							
                    </control>						
					<control type="textbox">
                        <left>16</left>
                        <top>286</top>
                        <width>546</width>
                        <height>90</height>
                        <align>left</align>
						<font>font_Actor</font>
                        <textcolor>$VAR[ColorTextVar]</textcolor>
						<selectedcolor>$VAR[ColorHighlightVar]</selectedcolor>
						<label>$INFO[ListItem.Label]</label>
					</control>
				</itemlayout>
				<focusedlayout height="440" width="578">
                    <control type="group">
                    	<include>PanelFocusedItemZoom</include>
						<control type="image">
							<top>6</top>
							<left>6</left>
							<width>566</width>
							<height>372</height>
							<aspectratio>scale</aspectratio>
							<texture background="true" fallback="blank.png">$INFO[ListItem.Art(thumb)]</texture>
						</control>
						<control type="image">
							<animation center="auto" condition="Control.HasFocus(150)" easing="inout" effect="fade" end="0" start="100" time="300" tween="sine">Focus</animation>
							<animation center="auto" condition="Control.HasFocus(150)" easing="inout" effect="fade" end="100" start="0" time="300" tween="sine">UnFocus</animation>
							<top>6</top>
							<left>6</left>
							<width>566</width>
							<height>372</height>
							<texture>thumbs/diffuse.png</texture>
						</control>							
                        <control type="image">
                            <top>283</top>
							<left>6</left>
                            <width>566</width>
                            <height>95</height>
                            <texture>black.png</texture>
                            <colordiffuse>bbffffff</colordiffuse>
							<visible>!IsEmpty(ListItem.Title)</visible>							
                        </control>						
						<control type="textbox">
                           <left>16</left>
                            <top>286</top>
                            <width>546</width>
                            <height>90</height>
                            <align>left</align>
							<font>font_Actor</font>
                            <textcolor>$VAR[ColorTextVar]</textcolor>
							<selectedcolor>$VAR[ColorHighlightVar]</selectedcolor>
							<label>$INFO[ListItem.Label]</label>
							<autoscroll time="3000" delay="4000" repeat="5000">Skin.HasSetting(Enable.AutoScroll)</autoscroll>
						</control>
					</control>
				</focusedlayout>
				<content>plugin://script.extendedinfo?info=youtubesearch&amp;&amp;id=$ESCINFO[ListItem.Title] $LOCALIZE[31958] $LOCALIZE[20410]</content>
            </control>
            <control type="panel" id="150">
                <description>YouTube Videos</description>
                <animation effect="fade" time="300" delay="0" tween="sine" easing="inout" start="0" end="100">Visible</animation>
                <left>-3</left>
				<top>597</top>
				<width>1156</width>
				<height>440</height>
				<onleft>150</onleft>
				<onright>150</onright>
				<onup>9000</onup>
                <ondown>9000</ondown>
				<orientation>horizontal</orientation>
                <preloaditems>2</preloaditems>
                <scrolltime tween="quadratic" easing="out">300</scrolltime>
                <visible>Container.Content(tvshows) + ControlGroup(9000).HasFocus(204) + System.HasAddon(script.extendedinfo)</visible>
                <itemlayout height="440" width="578">
					<control type="image">
						<top>6</top>
						<left>6</left>
						<width>566</width>
                        <height>372</height>
						<aspectratio>scale</aspectratio>
						<texture background="true">$INFO[ListItem.Art(thumb)]</texture>
					</control>
					<control type="image">
						<top>6</top>
						<left>6</left>
						<width>566</width>
						<height>372</height>
						<texture>thumbs/diffuse.png</texture>
					</control>
                    <control type="image">
                        <top>283</top>
                        <left>6</left>
                        <width>566</width>
                        <height>95</height>
                        <texture>black.png</texture>
                        <colordiffuse>bbffffff</colordiffuse>
						<visible>!IsEmpty(ListItem.Title)</visible>							
                    </control>						
					<control type="textbox">
                        <left>16</left>
                        <top>286</top>
                        <width>546</width>
                        <height>90</height>
                        <align>left</align>
						<font>font_Actor</font>
                        <textcolor>$VAR[ColorTextVar]</textcolor>
						<selectedcolor>$VAR[ColorHighlightVar]</selectedcolor>
						<label>$INFO[ListItem.Label]</label>
					</control>
				</itemlayout>
				<focusedlayout height="440" width="578">
                    <control type="group">
                    	<include>PanelFocusedItemZoom</include>
						<control type="image">
							<top>6</top>
							<left>6</left>
							<width>566</width>
							<height>372</height>
							<aspectratio>scale</aspectratio>
							<texture background="true" fallback="blank.png">$INFO[ListItem.Art(thumb)]</texture>
						</control>
						<control type="image">
							<animation center="auto" condition="Control.HasFocus(150)" easing="inout" effect="fade" end="0" start="100" time="300" tween="sine">Focus</animation>
							<animation center="auto" condition="Control.HasFocus(150)" easing="inout" effect="fade" end="100" start="0" time="300" tween="sine">UnFocus</animation>
							<top>6</top>
							<left>6</left>
							<width>566</width>
							<height>372</height>
							<texture>thumbs/diffuse.png</texture>
						</control>							
                        <control type="image">
                            <top>283</top>
							<left>6</left>
                            <width>566</width>
                            <height>95</height>
                            <texture>black.png</texture>
                            <colordiffuse>bbffffff</colordiffuse>
							<visible>!IsEmpty(ListItem.Title)</visible>							
                        </control>						
						<control type="textbox">
                           <left>16</left>
                            <top>286</top>
                            <width>546</width>
                            <height>90</height>
                            <align>left</align>
							<font>font_Actor</font>
                            <textcolor>$VAR[ColorTextVar]</textcolor>
							<selectedcolor>$VAR[ColorHighlightVar]</selectedcolor>
							<label>$INFO[ListItem.Label]</label>
							<autoscroll time="3000" delay="4000" repeat="5000">Skin.HasSetting(Enable.AutoScroll)</autoscroll>
						</control>
					</control>
				</focusedlayout>
				<content>plugin://script.extendedinfo?info=youtubesearch&amp;&amp;id=$ESCINFO[ListItem.Title] $LOCALIZE[20364]</content>
            </control>
            <control type="panel" id="150">
                <description>YouTube Videos</description>
                <animation effect="fade" time="300" delay="0" tween="sine" easing="inout" start="0" end="100">Visible</animation>
                <left>-3</left>
				<top>597</top>
				<width>1156</width>
				<height>440</height>
				<onleft>150</onleft>
				<onright>150</onright>
				<onup>9000</onup>
                <ondown>9000</ondown>
				<orientation>horizontal</orientation>
                <preloaditems>2</preloaditems>
                <scrolltime tween="quadratic" easing="out">300</scrolltime>
                <visible>Container.Content(episodes) + ControlGroup(9000).HasFocus(204) + System.HasAddon(script.extendedinfo)</visible>
                <itemlayout height="440" width="578">
					<control type="image">
						<top>6</top>
						<left>6</left>
						<width>566</width>
                        <height>372</height>
						<aspectratio>scale</aspectratio>
						<texture background="true">$INFO[ListItem.Art(thumb)]</texture>
					</control>
					<control type="image">
						<top>6</top>
						<left>6</left>
						<width>566</width>
						<height>372</height>
						<texture>thumbs/diffuse.png</texture>
					</control>
                    <control type="image">
                        <top>283</top>
                        <left>6</left>
                        <width>566</width>
                        <height>95</height>
                        <texture>black.png</texture>
                        <colordiffuse>bbffffff</colordiffuse>
						<visible>!IsEmpty(ListItem.Title)</visible>							
                    </control>						
					<control type="textbox">
                        <left>16</left>
                        <top>286</top>
                        <width>546</width>
                        <height>90</height>
                        <align>left</align>
						<font>font_Actor</font>
                        <textcolor>$VAR[ColorTextVar]</textcolor>
						<selectedcolor>$VAR[ColorHighlightVar]</selectedcolor>
						<label>$INFO[ListItem.Label]</label>
					</control>
				</itemlayout>
				<focusedlayout height="440" width="578">
                    <control type="group">
                    	<include>PanelFocusedItemZoom</include>
						<control type="image">
							<top>6</top>
							<left>6</left>
							<width>566</width>
							<height>372</height>
							<aspectratio>scale</aspectratio>
							<texture background="true" fallback="blank.png">$INFO[ListItem.Art(thumb)]</texture>
						</control>
						<control type="image">
							<animation center="auto" condition="Control.HasFocus(150)" easing="inout" effect="fade" end="0" start="100" time="300" tween="sine">Focus</animation>
							<animation center="auto" condition="Control.HasFocus(150)" easing="inout" effect="fade" end="100" start="0" time="300" tween="sine">UnFocus</animation>
							<top>6</top>
							<left>6</left>
							<width>566</width>
							<height>372</height>
							<texture>thumbs/diffuse.png</texture>
						</control>							
                        <control type="image">
                            <top>283</top>
							<left>6</left>
                            <width>566</width>
                            <height>95</height>
                            <texture>black.png</texture>
                            <colordiffuse>bbffffff</colordiffuse>
							<visible>!IsEmpty(ListItem.Title)</visible>							
                        </control>						
						<control type="textbox">
                           <left>16</left>
                            <top>286</top>
                            <width>546</width>
                            <height>90</height>
                            <align>left</align>
							<font>font_Actor</font>
                            <textcolor>$VAR[ColorTextVar]</textcolor>
							<selectedcolor>$VAR[ColorHighlightVar]</selectedcolor>
							<label>$INFO[ListItem.Label]</label>
							<autoscroll time="3000" delay="4000" repeat="5000">Skin.HasSetting(Enable.AutoScroll)</autoscroll>
						</control>
					</control>
				</focusedlayout>
				<content>plugin://script.extendedinfo?info=youtubesearch&amp;&amp;id=$ESCINFO[ListItem.TVShowTitle] $LOCALIZE[20364]</content>
            </control>
            <control type="label">
            	<left>-3</left>
				<top>576</top>
				<width>1156</width>
				<height>440</height>
				<align>center</align>
				<aligny>center</aligny>
            	<visible>ControlGroup(9000).HasFocus(204) + !IntegerGreaterThan(Container(150).NumItems,0)</visible>
            	<label>31137</label>
            	<font>font16_title</font>
            	<animation effect="fade" time="400" tween="inout" easing="sine" start="0" end="100" delay="5000">Visible</animation>
            </control>
            <control type="label">
                <left>862</left>
                <top>1012</top>
                <width>300</width>
                <height>40</height>
                <font>font13_title</font>
                <textoffsetx>15</textoffsetx>
                <textcolor>$VAR[ColorTextVar]</textcolor>
                <align>right</align>
                <aligny>top</aligny>
                <label>$INFO[Container(150).NumItems,, $LOCALIZE[31025] • ][COLOR $VAR[ColorHighlightVar]]$INFO[Container(150).CurrentPage]$INFO[Container(150).NumPages,/][/COLOR]</label>
                <visible>IntegerGreaterThan(Container(150).NumItems,0) + ControlGroup(9000).HasFocus(204)</visible>
                <animation effect="fade" start="0" end="100" time="500" tween="sine" easing="inout">Visible</animation>
            </control>
            <control type="label">
                <left>862</left>
                <top>1012</top>
                <width>300</width>
                <height>40</height>
                <font>font13_title</font>
                <textoffsetx>15</textoffsetx>
                <textcolor>$VAR[ColorTextVar]</textcolor>
                <align>right</align>
                <aligny>top</aligny>
                <label>$INFO[Container(50).NumItems,, $LOCALIZE[31025] • ][COLOR $VAR[ColorHighlightVar]]$INFO[Container(50).CurrentPage]$INFO[Container(50).NumPages,/][/COLOR]</label>
                <visible>IntegerGreaterThan(Container(50).NumItems,0) + ControlGroup(9000).HasFocus(555)</visible>
                <animation effect="fade" start="0" end="100" time="500" tween="sine" easing="inout">Visible</animation>
            </control>
			<control type="group">
				<left>2</left>
				<top>510</top>
				<control type="grouplist" id="9000">
					<width>1150</width>
					<height>60</height>
					<itemgap>10</itemgap>
					<onup>61</onup>
					<onleft>9000</onleft>
					<onright>9000</onright>
					<align>left</align>
					<ondown condition="Control.IsVisible(400) + [Container(400).HasNext | Container(400).HasPrevious]">60</ondown>
					<ondown condition="Control.IsVisible(50)">50</ondown>
					<ondown condition="Control.IsVisible(150)">150</ondown>
					<orientation>horizontal</orientation>
					<control type="togglebutton" id="8">
						<description>Play/browse to Show</description>
						<include>ButtonInfoDialogsCommonValues</include>
						<label>208</label>
						<altlabel>1024</altlabel>
						<usealttexture>Container.Content(TVShows)</usealttexture>
					</control>
					<control type="button" id="5">
						<description>Cast/Plot</description>
						<include>ButtonInfoDialogsCommonValues</include>
						<label>206</label>
						<visible>False</visible>
					</control>
					<control type="button" id="555">
						<description>Cast</description>
						<include>ButtonInfoDialogsCommonValues</include>
						<label>206</label>
						<visible>IntegerGreaterThan(Container(50).NumItems,0)</visible>
					</control>
					<control type="button" id="11">
						<description>Play Trailer</description>
						<include>ButtonInfoDialogsCommonValues</include>
						<label>20410</label>
						<visible>Container.Content(movies) + !IsEmpty(ListItem.Trailer)</visible>
					</control>
					<control type="button" id="204">
						<description>YouTube</description>
						<include>ButtonInfoDialogsCommonValues</include>
						<label>31070</label>
						<onclick>noop</onclick>
						<enable>System.HasAddon(script.extendedinfo)</enable>
						<visible>[Container.Content(movies) | Container.Content(tvshows) | Container.Content(episodes)] + IsEmpty(ListItem.Trailer)</visible>
					</control>
					<control type="button" id="10">
						<description>Get Thumb</description>
						<include>ButtonInfoDialogsCommonValues</include>
						<label>13511</label>
						<enable>!Skin.HasSetting(KioskMode.Enabled)</enable>
					</control>
					<control type="button" id="203">
						<description>Spacer</description>
						<include>ButtonInfoDialogsCommonValues</include>
						<enable>False</enable>
						<visible>[!Container.Content(movies) + !System.HasAddon(script.extendedinfo)] | Container.Content(musicvideos)</visible>
					</control>
					<control type="button" id="6">
						<description>Refresh</description>
						<font>IconMedium</font>
						<width>68</width>
						<include>ButtonInfoDialogsCommonValues</include>
						<label></label>
						<enable>!Skin.HasSetting(KioskMode.Enabled)</enable>
					</control>
					<control type="button" id="207">
						<description>Extras</description>
						<font>IconMedium</font>
						<width>68</width>
						<include>ButtonInfoDialogsCommonValues</include>
						<label>+</label>
						<onclick>ActivateWindow(1119)</onclick>
						<enable>!Skin.HasSetting(KioskMode.Enabled)</enable>
					</control>
					<control type="button" id="7">
						<description>User ratings</description>
						<include>ButtonInfoDialogsCommonValues</include>
						<label>38023</label>
						<visible>False</visible>
					</control>
				</control>
			</control>
		</control>
		<control type="group">
			<include>dialogeffect</include>
			<include>Animation_ExtendedInfo</include>
			<control type="image">
				<visible>!Container.Content(musicvideos)</visible>
				<top>30</top>
				<left>30</left>
				<width>681</width>
				<height>1020</height>
				<aspectratio align="center" aligny="center">scale</aspectratio>
				<texture background="true">$VAR[PosterVar]</texture>
			</control>
			<control type="group">
				<visible>Container.Content(musicvideos)</visible>
				<top>30</top>
				<left>30</left>
				<control type="image">
					<width>680</width>
					<height>340</height>
					<aspectratio>keep</aspectratio>
					<texture background="true">$INFO[Skin.String(MusicLibraryPath)]$INFO[ListItem.Artist,,/logo.png]</texture>
				</control>
				<control type="image">
					<top>339</top>
					<width>681</width>
					<height>681</height>
					<aspectratio align="center" aligny="center">scale</aspectratio>
					<texture background="true">$VAR[PosterVar]</texture>
				</control>
			</control>
		</control>
	</controls>
</window>