<?xml version="1.0" encoding="UTF-8"?>
<window>
	<defaultcontrol always="true">9000</defaultcontrol>
	<controls>
		<control type="group">
			<animation type="WindowOpen" reversible="false">
	            <effect type="fade" start="0" end="100" time="300" tween="sine" easing="in" />
	            <effect type="zoom" start="50" end="100" time="300" center="auto" tween="quadratic" easing="out" />
	        </animation>
	        <animation type="WindowClose" reversible="false">
	            <effect type="fade" end="0" start="100" time="200" tween="sine" easing="out" />
	            <effect type="zoom" end="75" start="100" time="200" center="auto" tween="quadratic" easing="in" />
	        </animation>
			<left>0</left>
			<top>180</top>
			<control type="group">
				<control type="image">
					<left>82</left>
					<top>0</top>
					<width>356</width>
					<height>356</height>
					<aspectratio>keep</aspectratio>
					<texture>$INFO[ListItem.Icon]</texture>
				</control>
				<control type="grouplist" id="9000">
					<left>82</left>
					<top>392</top>
					<width>356</width>
					<height>480</height>
					<onleft>60</onleft>
					<onright>60</onright>
					<onup>9000</onup>
					<ondown>9000</ondown>
					<itemgap>0</itemgap>
					<animation effect="fade" start="100" end="50" time="300" tween="sine" easing="inout" condition="Window.IsActive(textviewer)">Conditional</animation>
					<control type="button" id="9">
						<description>Configure Addon</description>
						<width>356</width>
						<height>68.57</height>
						<label>24020</label>
						<align>left</align>
						<font>font15</font>
					</control>
					<control type="button" id="8">
						<description>Update Addon button</description>
						<width>356</width>
						<height>68.57</height>
						<label>24069</label>
						<align>left</align>
						<font>font15</font>
					</control>
					<control type="button" id="12">
						<description>Launch Addon button</description>
						<width>356</width>
						<height>68.57</height>
						<label>518</label>
						<align>left</align>
						<font>font15</font>
					</control>
					<control type="button" id="6">
						<description>Install/UnInstall Addon button</description>
						<width>356</width>
						<height>68.57</height>
						<label>24022</label>
						<align>left</align>
						<font>font15</font>
					</control>
					<control type="button" id="7">
						<description>Enable/Disable Addon button</description>
						<width>356</width>
						<height>68.57</height>
						<label>24021</label>
						<align>left</align>
						<font>font15</font>
					</control>
					<control type="button" id="10">
						<description>Changelog button</description>
						<width>356</width>
						<height>68.57</height>
						<label>24036</label>
						<align>left</align>
						<font>font15</font>
					</control>
				</control>
			</control>
			<control type="group">
				<control type="group">
					<left>490</left>
					<visible>!Window.isVisible(AddonSettings)</visible>
					<include>SettingsFadeEffect</include>
					<control type="grouplist">
						<left>32</left>
						<top>0</top>
						<width>658</width>
						<itemgap>10</itemgap>
						<control type="button">
							<label>[COLOR $VAR[ColorHighlightVar]]$LOCALIZE[21863]:[/COLOR][CR]$INFO[ListItem.Property(Addon.Creator)]</label>
							<include>SettingsPanelButtonsValues</include>
						</control>
						<control type="button">
							<label>[COLOR $VAR[ColorHighlightVar]]$LOCALIZE[24051][/COLOR][CR]$INFO[ListItem.Property(Addon.Version)]</label>
							<include>SettingsPanelButtonsValues</include>
						</control>
					</control>
					<control type="grouplist">
						<left>690</left>
						<top>0</top>
						<itemgap>10</itemgap>
						<width>658</width>
						<usecontrolcoords>true</usecontrolcoords>
						<control type="button">
							<label>[COLOR $VAR[ColorHighlightVar]]$LOCALIZE[146][/COLOR][CR]$INFO[ListItem.Property(Addon.Type)]</label>
							<include>SettingsPanelButtonsValues</include>
						</control>
						<control type="button">
							<label>[COLOR $VAR[ColorHighlightVar]]$LOCALIZE[560]:[/COLOR][CR]$INFO[ListItem.Property(Addon.ID)]</label>
							<include>SettingsPanelButtonsValues</include>
						</control>
					</control>
					<control type="grouplist">
						<left>47</left>
						<top>230</top>
						<usecontrolcoords>true</usecontrolcoords>
						<control type="textbox" id="400">
							<description>Description</description>
							<width>1256</width>
							<height>394</height>
							<font>font15_textbox</font>
							<textcolor>$VAR[ColorTextVar]</textcolor>
							<label>[COLOR $VAR[ColorHighlightVar]]$LOCALIZE[21821]: [/COLOR][CR]$INFO[ListItem.Property(Addon.Description)]</label>
							<pagecontrol>60</pagecontrol>
						</control>
						<control type="textbox">
							<description>Disclaimer</description>
							<top>30</top>
							<width>1256</width>
							<height>180</height>
							<font>font15_textbox</font>
							<textcolor>$VAR[ColorTextVar]</textcolor>
							<label>[COLOR $VAR[ColorHighlightVar]]$LOCALIZE[24052]: [/COLOR][CR]$INFO[ListItem.Property(Addon.Disclaimer)]</label>
							<autoscroll time="2000" delay="3000" repeat="5000">true</autoscroll>
							<visible>!IsEmpty(ListItem.Property(Addon.Disclaimer))</visible>
						</control>
					</control>
				</control>
			</control>
			<control type="group">
				<left>522</left>
				<top>770</top>
				<include>SettingsFadeEffect</include>
				<visible>!Window.isVisible(AddonSettings) + !Window.IsActive(TextViewer)</visible>
				<visible>!IsEmpty(ListItem.Property(Addon.broken))</visible>
				<control type="image">
					<width>120</width>
					<height>120</height>
					<aspectratio align="left">keep</aspectratio>
					<texture>DefaultIconError.png</texture>
				</control>
				<control type="fadelabel">
					<left>125</left>
					<top>10</top>
					<width>1210</width>
					<height>115</height>
					<aligny>top</aligny>
					<textcolor>$VAR[ColorHighlightVar]</textcolor>
					<wrapmultiline>true</wrapmultiline>
					<font>font15_title</font>
					<label>24096</label>
				</control>
				<control type="fadelabel">
					<left>125</left>
					<top>55</top>
					<width>1210</width>
					<height>50</height>
					<textcolor>$VAR[ColorTextVar]</textcolor>
					<font>font15</font>
					<label>$INFO[ListItem.Property(Addon.Broken)]</label>
				</control>
			</control>
		</control>
		<include>Scrollbar_Vertical</include>
	</controls>
</window>