<?xml version="1.0" encoding="utf-8"?>
<window type="dialog">
	<defaultcontrol always="true">120</defaultcontrol>
	<coordinates>
		<left>92</left>
		<top>180</top>
		<system>1</system>
	</coordinates>
	<controls>
		<control type="group" id="250">
			<include>dialogeffect</include>
			<include name="DialogBackgroundCommons">
				<param name="DialogBackgroundWidth" value="1736" />
				<param name="DialogBackgroundHeight" value="722" />
				<param name="DialogHeaderLabel" value="$LOCALIZE[-]" />
				<param name="DialogHeaderId" value="100" />
			</include>
			<control type="group">
				<control type="image" id="110">
					<left>1361</left>
					<top>28</top>
					<width>345</width>
					<height>60</height>
					<aspectratio align="right">keep</aspectratio>
				</control>
				<control type="label" id="140">
					<left>40</left>
					<top>640</top>
					<width>900</width>
					<height>48</height>
					<font>font15</font>
					<textcolor>$VAR[ColorTextVar]</textcolor>
					<visible>false</visible>
				</control>
				<control type="label">
					<left>1396</left>
					<top>640</top>
					<width>300</width>
					<height>48</height>
					<align>right</align>
					<font>font13_title</font>
					<textcolor>$VAR[ColorTextVar]</textcolor>
					<label>$INFO[Container(120).NumItems,, $LOCALIZE[31025]  •  ][COLOR $VAR[ColorHighlightVar]]$INFO[Container(120).CurrentPage]$INFO[Container(120).NumPages,/][/COLOR]</label>
					<visible>!IsEmpty(Container(120).ListItem.Label)</visible>
				</control>
				<control type="label">
					<description>Video label</description>
					<left>40</left>
					<top>640</top>
					<width>1357</width>
					<height>48</height>
					<font>font15</font>
					<label>$INFO[Player.Filename,$LOCALIZE[561]: ]</label>
					<textcolor>$VAR[ColorTextVar]</textcolor>
				</control>
				<control type="group" id="130">
					<control type="grouplist">
						<left>40</left>
						<top>32</top>
						<width>1734</width>
						<height>60</height>
						<align>left</align>
						<orientation>horizontal</orientation>
						<itemgap>5</itemgap>
						<control type="image">
							<width>52</width>
							<height>52</height>
							<texture>flags/subtitles/default_icon_info.png</texture>
							<colordiffuse>$VAR[ColorTextVar]</colordiffuse>
						</control>
						<control type="label">
							<width min="10" max="393">auto</width>
							<height>48</height>
							<label>$LOCALIZE[31413]</label>
							<font>font15</font>
							<textcolor>$VAR[ColorTextVar]</textcolor>
						</control>
					</control>
				</control>
			</control>
			<control type="list" id="120">
				<left>30</left>
				<top>88</top>
				<width>1262</width>
				<height>540</height>
				<onleft>121</onleft>
				<onright>121</onright>
				<onup>120</onup>
				<ondown>120</ondown>
				<pagecontrol>121</pagecontrol>
				<scrolltime tween="quadratic" easing="out">200</scrolltime>
				<itemlayout width="1262" height="90">
					<control type="image">
						<left>16</left>
						<top>25</top>
						<width>40</width>
						<height>40</height>
						<texture>$INFO[ListItem.Art(thumb),flags/subtitles/flags/,.png]</texture>
					</control>
					<control type="image">
						<left>80</left>
						<top>0</top>
						<width>60</width>
						<height>60</height>
						<aspectratio>keep</aspectratio>
						<texture>flags/subtitles/icon_sync.png</texture>
						<colordiffuse>$VAR[ColorTextVar]</colordiffuse>
						<visible>ListItem.property(sync)</visible>
						<animation effect="slide" start="0,0" end="0,15" time="0" condition="!ListItem.property(hearing_imp)">Conditional</animation>
					</control>
					<control type="image">
						<left>90</left>
						<top>45</top>
						<width>40</width>
						<height>40</height>
						<aspectratio>keep</aspectratio>
						<texture>flags/subtitles/icon_close_caption.png</texture>
						<colordiffuse>$VAR[ColorTextVar]</colordiffuse>
						<visible>ListItem.property(hearing_imp)</visible>
						<animation effect="slide" start="0,0" end="0,-20" time="0" condition="!ListItem.property(sync)">Conditional</animation>
					</control>
					<control type="label">
						<left>80</left>
						<width>1000</width>
						<height>90</height>
						<font>font15</font>
						<label>$INFO[ListItem.Label2]</label>
						<textcolor>$VAR[ColorTextVar]</textcolor>
						<visible>!ListItem.property(sync) + !ListItem.property(hearing_imp)</visible>
					</control>
					<control type="label">
						<left>1080</left>
						<width>1000</width>
						<height>90</height>
						<align>right</align>
						<font>font15</font>
						<label>$INFO[ListItem.Label]</label>
						<textcolor>disabled</textcolor>
						<visible>!ListItem.property(sync) + !ListItem.property(hearing_imp)</visible>
					</control>
					<control type="label">
						<left>155</left>
						<width>945</width>
						<height>90</height>
						<font>font15</font>
						<label>$INFO[ListItem.Label2]</label>
						<textcolor>$VAR[ColorTextVar]</textcolor>
						<visible>ListItem.property(sync) | ListItem.property(hearing_imp)</visible>
					</control>
					<control type="label">
						<left>1080</left>
						<width>945</width>
						<height>90</height>
						<align>right</align>
						<font>font15</font>
						<label>$INFO[ListItem.Label]</label>
						<textcolor>disabled</textcolor>
						<visible>ListItem.property(sync) | ListItem.property(hearing_imp)</visible>
					</control>
					<control type="image">
						<left>1100</left>
						<top>0</top>
						<width>150</width>
						<height>90</height>
						<aspectratio>keep</aspectratio>
						<texture>$INFO[ListItem.ActualIcon,rating,.png]</texture>
						<colordiffuse>$VAR[ColorTextVar]</colordiffuse>
					</control>
				</itemlayout>
				<focusedlayout width="1262" height="90">
					<control type="image">
						<width>1262</width>
						<height>90</height>
						<texture>listselect_fo.png</texture>
						<colordiffuse>$VAR[ColorHighlightVar]</colordiffuse>
						<include>VisibleFadeEffect</include>
						<visible>Control.HasFocus(120)</visible>
					</control>
					<control type="image">
						<left>16</left>
						<top>25</top>
						<width>40</width>
						<height>40</height>
						<texture>$INFO[ListItem.Art(thumb),flags/subtitles/flags/,.png]</texture>
					</control>
					<control type="image">
						<left>80</left>
						<top>0</top>
						<width>60</width>
						<height>60</height>
						<aspectratio>keep</aspectratio>
						<texture>flags/subtitles/icon_sync.png</texture>
						<colordiffuse>$VAR[ColorTextVar]</colordiffuse>
						<visible>ListItem.property(sync)</visible>
						<animation effect="slide" start="0,0" end="0,15" time="0" condition="!ListItem.property(hearing_imp)">Conditional</animation>
					</control>
					<control type="image">
						<left>90</left>
						<top>45</top>
						<width>40</width>
						<height>40</height>
						<aspectratio>keep</aspectratio>
						<texture>flags/subtitles/icon_close_caption.png</texture>
						<colordiffuse>$VAR[ColorTextVar]</colordiffuse>
						<visible>ListItem.property(hearing_imp)</visible>
						<animation effect="slide" start="0,0" end="0,-20" time="0" condition="!ListItem.property(sync)">Conditional</animation>
					</control>
					<control type="label">
						<left>80</left>
						<width>1000</width>
						<height>90</height>
						<font>font15</font>
						<label>$INFO[ListItem.Label2]</label>
						<visible>!ListItem.property(sync) + !ListItem.property(hearing_imp)</visible>
					</control>
					<control type="label">
						<left>1080</left>
						<width>1000</width>
						<height>90</height>
						<align>right</align>
						<font>font15</font>
						<label>$INFO[ListItem.Label]</label>
						<visible>!ListItem.property(sync) + !ListItem.property(hearing_imp)</visible>
					</control>
					<control type="label">
						<left>155</left>
						<width>945</width>
						<height>90</height>
						<font>font15</font>
						<label>$INFO[ListItem.Label2]</label>
						<visible>ListItem.property(sync) | ListItem.property(hearing_imp)</visible>
					</control>
					<control type="label">
						<left>1080</left>
						<width>945</width>
						<height>90</height>
						<align>right</align>
						<font>font15</font>
						<label>$INFO[ListItem.Label]</label>
						<visible>ListItem.property(sync) | ListItem.property(hearing_imp)</visible>
					</control>
					<control type="image">
						<left>1100</left>
						<top>0</top>
						<width>150</width>
						<height>90</height>
						<aspectratio>keep</aspectratio>
						<texture>$INFO[ListItem.ActualIcon,rating,.png]</texture>
					</control>
				</focusedlayout>
			</control>
			<control type="scrollbar" id="121">
				<left>1293</left>
				<top>88</top>
				<width>8</width>
				<height>540</height>
				<onup>121</onup>
				<ondown>121</ondown>
				<onleft>120</onleft>
				<onright>150</onright>
				<orientation>vertical</orientation>
			</control>
			<control type="group">
				<control type="list" id="150">
					<left>1306</left>
					<top>88</top>
					<width>400</width>
					<height>450</height>
					<onleft>120</onleft>
					<onright>120</onright>
					<onup>160</onup>
					<ondown>160</ondown>
					<viewtype label="535">list</viewtype>
					<scrolltime tween="quadratic" easing="out">200</scrolltime>
					<itemlayout width="400" height="90">
						<control type="label">
							<width>600</width>
							<height>90</height>
							<textoffsetx>15</textoffsetx>
							<font>font15</font>
							<textcolor>$VAR[ColorTextVar]</textcolor>
							<selectedcolor>$VAR[ColorTextVar]</selectedcolor>
							<info>ListItem.Label</info>
						</control>
					</itemlayout>
					<focusedlayout width="400" height="90">
						<control type="image">
							<width>400</width>
							<height>90</height>
							<texture>listselect_fo.png</texture>
							<colordiffuse>$VAR[ColorHighlightVar]</colordiffuse>
							<include>VisibleFadeEffect</include>
							<visible>Control.HasFocus(150)</visible>
						</control>
						<control type="label">
							<width>600</width>
							<height>90</height>
							<textoffsetx>15</textoffsetx>
							<font>font15</font>
							<textcolor>$VAR[ColorTextVar]</textcolor>
							<selectedcolor>$VAR[ColorTextVar]</selectedcolor>
							<info>ListItem.Label</info>
						</control>
					</focusedlayout>
				</control>
				<control type="button" id="160">
					<description>Manual Button</description>
					<top>538</top>
					<left>1306</left>
					<width>400</width>
					<height>90</height>
					<label>$LOCALIZE[24120]</label>
					<font>font15</font>
					<onleft>120</onleft>
					<onright>120</onright>
					<onup>150</onup>
					<ondown>150</ondown>
				</control>
			</control>
		</control>
	</controls>
</window>