<?xml version="1.0" encoding="UTF-8"?>
<window>
	<defaultcontrol>1</defaultcontrol>
	<visible>[Window.IsActive(videoosd) | Player.Paused | Player.Seeking | Player.DisplayAfterSeek | Player.Forwarding | Player.Rewinding] + VideoPlayer.IsFullscreen + ![Window.IsVisible(fullscreeninfo) | Window.IsVisible(musicosd) | Window.IsVisible(OSDVideoSettings) | Window.IsVisible(OSDAudioSettings) | Window.IsVisible(PVROSDGuide) | Window.IsVisible(PVROSDTeletext) | Window.IsVisible(PVROSDChannels) | Window.IsVisible(subtitlesearch) | Window.IsVisible(videobookmarks) | Window.IsActive(script.pseudotv.TVOverlay.xml) | Window.IsActive(script.pseudotv.live.TVOverlay.xml)]</visible>
	<controls>
		<control type="group">
			<animation effect="slide" start="0,400" end="0,0" time="200">WindowOpen</animation>
			<animation effect="slide" start="0,400" end="0,0" time="200">VisibleChange</animation>
			<top>985</top>
			<visible>!VideoPlayer.Content(livetv)</visible>
			<control type="image">
				<left>0</left>
				<top>0</top>
				<width>FullScreenWidth</width>
				<height>95</height>
				<texture>background.png</texture>
				<colordiffuse>$VAR[ColorBackgroundVar]</colordiffuse>
			</control>
			<control type="progress">
				<left>30</left>
				<top>29</top>
				<width>1860</width>
				<height>37</height>
				<info>Player.ProgressCache</info>
				<colordiffuse>$VAR[ColorBackgroundVar]</colordiffuse>
			</control>
			<control type="progress">
				<left>30</left>
				<top>29</top>
				<width>1860</width>
				<height>37</height>
				<info>Player.Progress</info>
			</control>
			<control type="label">
				<top>28</top>
				<left>45</left>
				<width>900</width>
				<height>35</height>
				<font>font14_title</font>
				<textcolor>$VAR[ColorTextVar]</textcolor>
				<align>left</align>
				<aligny>center</aligny>
				<label>$INFO[Player.Time]</label>
			</control>
			<control type="label">
				<top>28</top>
				<left>975</left>
				<width>900</width>
				<height>35</height>
				<font>font14_title</font>
				<textcolor>$VAR[ColorTextVar]</textcolor>
				<align>right</align>
				<aligny>center</aligny>
				<label>$INFO[Player.Duration]</label>
			</control>
			<control type="label">
				<top>28</top>
				<left>30</left>
				<width>1860</width>
				<height>35</height>
				<font>font14_title</font>
				<textcolor>$VAR[ColorTextVar]</textcolor>
				<align>center</align>
				<aligny>center</aligny>
				<label>$VAR[SeekLabelVar]</label>
			</control>
		</control>
		<control type="group">
			<animation effect="slide" start="0,290" end="0,0" time="200">WindowOpen</animation>
			<animation effect="slide" start="0,290" end="0,0" time="200">VisibleChange</animation>
			<top>780</top>
			<visible>VideoPlayer.Content(livetv)</visible>
			<control type="image">
				<left>0</left>
				<top>0</top>
				<width>FullScreenWidth</width>
				<height>300</height>
				<texture>background.png</texture>
				<colordiffuse>$VAR[ColorBackgroundVar]</colordiffuse>
			</control>
			<control type="image">
				<left>30</left>
				<top>30</top>
				<width>240</width>
				<height>240</height>
				<aspectratio aligny="center" align="center">keep</aspectratio>
				<texture background="true">$INFO[Player.Art(thumb)]</texture>
			</control>
			<control type="label">
				<left>300</left>
				<top>25</top>
				<width>1585</width>
				<height>40</height>
				<font>font16_title</font>
				<scroll>true</scroll>
				<textcolor>$VAR[ColorTextVar]</textcolor>
				<label>$INFO[VideoPlayer.Title]</label>
			</control>
			<control type="label">
				<left>300</left>
				<top>72</top>
				<width>1585</width>
				<height>40</height>
				<font>font14_title</font>
				<textcolor>$VAR[ColorHighlightVar]</textcolor>
				<label>$INFO[VideoPlayer.ChannelNumber,,: ]$INFO[VideoPlayer.ChannelName]</label>
			</control>
			<control type="label">
				<label>$INFO[VideoPlayer.Plot]</label>
				<left>300</left>
				<top>120</top>
				<width>1585</width>
				<height>40</height>
				<font>font14</font>
				<textcolor>$VAR[ColorTextVar]</textcolor>
				<scroll>true</scroll>
			</control>
			<control type="label">
				<left>300</left>
				<top>170</top>
				<width>1585</width>
				<height>40</height>
				<font>font14</font>
				<textcolor>$VAR[ColorTextVar]</textcolor>
				<label>[COLOR $VAR[ColorHighlightVar]]$LOCALIZE[19031]: [/COLOR]$INFO[VideoPlayer.NextTitle] $INFO[VideoPlayer.NextStartTime,(, - ]$INFO[VideoPlayer.NextEndTime,,)]</label>
				<scroll>true</scroll>
			</control>
			<control type="progress">
				<left>300</left>
				<top>233</top>
				<width>1587</width>
				<height>37</height>
				<info>Player.ProgressCache</info>
				<colordiffuse>$VAR[ColorBackgroundVar]</colordiffuse>
			</control>
			<control type="progress">
				<left>300</left>
				<top>233</top>
				<width>1587</width>
				<height>37</height>
				<info>Player.Progress</info>
			</control>
			<control type="label">
				<top>232</top>
				<left>315</left>
				<width>900</width>
				<height>35</height>
				<font>font14_title</font>
				<textcolor>$VAR[ColorTextVar]</textcolor>
				<align>left</align>
				<aligny>center</aligny>
				<label>$INFO[Player.Time]</label>
			</control>
			<control type="label">
				<top>232</top>
				<left>975</left>
				<width>900</width>
				<height>35</height>
				<font>font14_title</font>
				<textcolor>$VAR[ColorTextVar]</textcolor>
				<align>right</align>
				<aligny>center</aligny>
				<label>$INFO[Player.Duration]</label>
			</control>
			<control type="label">
				<top>232</top>
				<left>300</left>
				<width>1587</width>
				<height>35</height>
				<font>font14_title</font>
				<textcolor>$VAR[ColorTextVar]</textcolor>
				<align>center</align>
				<aligny>center</aligny>
				<label>$VAR[SeekLabelVar]</label>
			</control>
		</control>
		<control type="grouplist">
			<animation effect="slide" start="0,400" end="0,0" time="200">WindowOpen</animation>
			<animation effect="slide" start="0,400" end="0,0" time="200">VisibleChange</animation>
			<left>900</left>
			<top>1007</top>
			<width>748</width>
			<height>150</height>
			<itemgap>10</itemgap>
			<orientation>horizontal</orientation>
			<include>VisibleFadeEffect</include>
			<visible>Player.Forwarding | Player.Rewinding</visible>
			<usecontrolcoords>true</usecontrolcoords>
			<control type="image">
				<top>4</top>
				<width>45</width>
				<height>43</height>
				<aspectratio>keep</aspectratio>
				<texture flipx="true">osd/ff.png</texture>
				<colordiffuse>FFe5e5e5</colordiffuse>
				<animation effect="fade" start="100" end="60" time="800" pulse="true" condition="true">Conditional</animation>
				<visible>Player.Rewinding</visible>
			</control>
			<control type="label">
				<top>6</top>
				<label>$VAR[VideoPlayerForwardRewindVar]</label>
				<width min="10" max="300">auto</width>
				<height>35</height>
				<aligny>center</aligny>
				<font>font14_title</font>
				<textcolor>$VAR[ColorTextVar]</textcolor>
			</control>
			<control type="image">
				<top>4</top>
				<width>45</width>
				<height>43</height>
				<aspectratio>keep</aspectratio>
				<texture>osd/ff.png</texture>
				<colordiffuse>FFe5e5e5</colordiffuse>
				<animation effect="fade" start="100" end="60" time="800" pulse="true" condition="true">Conditional</animation>
				<visible>Player.Forwarding</visible>
			</control>
		</control>
	</controls>
</window>