<?xml version="1.0" encoding="UTF-8"?>
<window>
	<defaultcontrol always="true">996</defaultcontrol>
	<animation type="WindowOpen" reversible="false">
		<effect type="zoom" start="80" end="100" center="auto" delay="160" tween="back" time="240" />
		<effect type="fade" delay="160" end="100" time="240" />
	</animation>
	<animation type="WindowClose" reversible="false">
		<effect type="zoom" start="100" end="80" center="auto" easing="in" tween="back" time="240" />
		<effect type="fade" start="100" end="0" time="240" />
	</animation>
	<coordinates>
		<system>1</system>
		<left>0</left>
		<top>-5</top>
	</coordinates>
	<controls>
		<control type="image" id="999">
			<description>background image</description>
			<left>0</left>
			<top>-31</top>
			<width>510</width>
			<height>1142</height>
			<texture border="12">dialog_context.png</texture>
			<colordiffuse>$VAR[ColorDialogVar]</colordiffuse>
		</control>
		<control type="grouplist" id="996">
			<description>grouplist for context buttons</description>
			<left>30</left>
			<top>0</top>
			<width>510</width>
			<height min="60" max="1080">auto</height>
			<itemgap>0</itemgap>
			<control type="button" id="994">
				<label>$LOCALIZE[14098] $LOCALIZE[20410]</label>
				<onclick>PlayMedia($ESCINFO[ListItem.Trailer])</onclick>
				<visible>!IsEmpty(ListItem.Trailer) + [Container.Content(movies) | [Window.IsActive(programs) + !IsEmpty(Window(Home).Property(Progams.Games))]]</visible>
			</control>
		</control>
		<control type="button" id="1000">
			<description>button template</description>
			<left>0</left>
			<top>0</top>
			<width>450</width>
			<height>60</height>
			<texturefocus>listselect_fo.png</texturefocus>
			<font>font14</font>
			<textcolor>$VAR[ColorTextVar]</textcolor>
			<focusedcolor>$VAR[ColorTextVar]</focusedcolor>
			<disabledcolor>disabled</disabledcolor>
			<invalidcolor>invalid</invalidcolor>
			<textoffsetx>15</textoffsetx>
			<aligny>center</aligny>
			<pulseonselect>false</pulseonselect>
			<colordiffuse>$VAR[ColorHighlightVar]</colordiffuse>
		</control>
	</controls>
</window>