<?xml version="1.0" encoding="UTF-8"?>
<window>
	<defaultcontrol always="true">450</defaultcontrol>
	<allowoverlay>no</allowoverlay>
	<coordinates>
		<system>1</system>
		<left>175</left>
		<top>218</top>
	</coordinates>
	<include>dialogeffect</include>
	<controls>
		<control type="group">
			<include name="DialogBackgroundCommons">
	            <param name="DialogBackgroundWidth" value="1570" />
	            <param name="DialogBackgroundHeight" value="662" />
	            <param name="DialogHeaderLabel" value="-" />
	            <param name="DialogHeaderId" value="412" />
	        </include>
			<control type="group">
				<left>30</left>
				<top>86</top>
				<control type="panel" id="450">
					<left>1</left>
					<top>1</top>
					<width>960</width>
					<height>540</height>
					<onleft>9000</onleft>
					<onright>60</onright>
					<onup>450</onup>
					<ondown>450</ondown>
					<pagecontrol>60</pagecontrol>
					<scrolltime tween="quadratic" easing="out">200</scrolltime>
					<itemlayout height="60" width="960">
						<control type="label">
							<left>0</left>
							<top>0</top>
							<width>960</width>
							<height>60</height>
							<font>font14</font>
							<align>left</align>
							<aligny>center</aligny>
							<textoffsetx>15</textoffsetx>
							<textcolor>$VAR[ColorTextVar]</textcolor>
							<selectedcolor>green</selectedcolor>
							<info>ListItem.Label</info>
						</control>
					</itemlayout>
					<focusedlayout height="60" width="960">
						<control type="image">
							<left>0</left>
							<top>0</top>
							<width>960</width>
							<height>62</height>
							<texture>listselect_fo.png</texture>
							<colordiffuse>$VAR[ColorHighlightVar]</colordiffuse>
							<visible>Control.HasFocus(450)</visible>
							<include>VisibleFadeEffect</include>
						</control>
						<control type="label">
							<left>0</left>
							<top>0</top>
							<width>960</width>
							<height>60</height>
							<font>font14</font>
							<align>left</align>
							<aligny>center</aligny>
							<textoffsetx>15</textoffsetx>
							<selectedcolor>green</selectedcolor>
							<info>ListItem.Label</info>
						</control>
					</focusedlayout>
				</control>
				<control type="panel" id="451">
					<left>1</left>
					<top>1</top>
					<width>960</width>
					<height>540</height>
					<onleft>9000</onleft>
					<onright>60</onright>
					<onup>451</onup>
					<ondown>451</ondown>
					<pagecontrol>60</pagecontrol>
					<scrolltime tween="quadratic" easing="out">200</scrolltime>
					<itemlayout height="60" width="960">
						<control type="label">
							<left>0</left>
							<top>0</top>
							<width>960</width>
							<height>60</height>
							<font>font14</font>
							<align>left</align>
							<aligny>center</aligny>
							<textoffsetx>15</textoffsetx>
							<textcolor>$VAR[ColorTextVar]</textcolor>
							<selectedcolor>green</selectedcolor>
							<info>ListItem.Label</info>
						</control>
					</itemlayout>
					<focusedlayout height="60" width="960">
						<control type="image">
							<left>0</left>
							<top>0</top>
							<width>960</width>
							<height>62</height>
							<texture>listselect_fo.png</texture>
							<colordiffuse>$VAR[ColorHighlightVar]</colordiffuse>
							<visible>Control.HasFocus(451)</visible>
							<include>VisibleFadeEffect</include>
						</control>
						<control type="label">
							<left>0</left>
							<top>0</top>
							<width>960</width>
							<height>60</height>
							<font>font14</font>
							<align>left</align>
							<aligny>center</aligny>
							<textoffsetx>15</textoffsetx>
							<selectedcolor>green</selectedcolor>
							<info>ListItem.Label</info>
						</control>
					</focusedlayout>
				</control>
				<control type="scrollbar" id="60">
					<left>964</left>
					<top>1</top>
					<width>8</width>
					<height>540</height>
					<onleft>450</onleft>
					<onright>9000</onright>
					<orientation>vertical</orientation>
				</control>
			</control>
			<control type="group">
				<left>1006</left>
				<top>72</top>
				<control type="image">
					<width>534</width>
					<height>300</height>
					<aspectratio>keep</aspectratio>
					<texture background="true">$INFO[ListItem.Icon]</texture>
					<visible>!SubString(Control.GetLabel(416),*)</visible>
				</control>
				<control type="image">
					<width>534</width>
					<height>300</height>
					<aspectratio>keep</aspectratio>
					<texture background="true" flipx="true">$INFO[ListItem.Icon]</texture>
					<visible>SubString(Control.GetLabel(416),*)</visible>
				</control>
				<control type="grouplist" id="9000">
					<left>1</left>
					<top>316</top>
					<width>534</width>
					<height>240</height>
					<orientation>vertical</orientation>
					<onleft>60</onleft>
					<onright>450</onright>
					<onup>9000</onup>
					<ondown>9000</ondown>
					<control type="button" id="413">
						<description>OK button</description>
						<width>534</width>
						<label>186</label>
					</control>
					<control type="button" id="414">
						<description>Cancel button</description>
						<label>222</label>
						<width>534</width>
					</control>
					<control type="button" id="415">
						<description>Create folder button</description>
						<label>119</label>
						<width>534</width>
					</control>
					<control type="radiobutton" id="416">
						<description>Flip Image button</description>
						<radioposx>460</radioposx>
						<width>534</width>
						<label>749</label>
					</control>
				</control>
			</control>
		</control>
	</controls>
</window>