<?xml version="1.0" encoding="UTF-8"?>
<includes>
	<include file="defaults.xml" />
	<include file="Includes_CommonValues.xml" />
	<include file="Includes_Animations.xml" />
	<include file="Includes_Home.xml" />
	<include file="Includes_Menus.xml" />
	<include file="Includes_WidgetContent.xml" />
	<include file="Includes_LiveBG.xml" />
	<include file="IncludesHomeWidgets.xml" />
	<include file="IncludesBackgroundBuilding.xml" />
	<include file="View_50_List.xml" />
	<include file="View_51_InfoWall.xml" />
	<include file="View_52_Thumbnail.xml" />
	<include file="View_53_ShowCase.xml" />
	<include file="View_54_ShowCase.xml" />
	<include file="View_56_Posters.xml" />
	<include file="View_57_Shift.xml" />
	<include file="View_59_Fanart.xml" />
	<include file="View_500_Wall.xml" />
	<include file="View_501_LowList.xml" />
	<include file="View_502_Episode.xml" />
	<include file="View_504_Gallery.xml" />
	<include file="View_505_Panel.xml" />
	<include file="View_507_BigList.xml" />
	<include file="View_508_SongList.xml" />
	<include file="View_509_Wall.xml" />
	<include file="View_511_Logo.xml" />
	<include file="variables.xml" />
	<include file="script-skinshortcuts-includes.xml" />
	<constant name="FanartCrossfadeTime">500</constant>
	<constant name="IconCrossfadeTime">400</constant>
	<constant name="FullScreenWidth">1920</constant>
	<!-- Media Menu -->
	<include name="SideBladeLeft">
		<animation effect="slide" start="440,0" end="0,0" time="400" tween="quadratic" easing="out" condition="IsEmpty(Window(home).Property(MediaMenu))">Conditional</animation>
		<animation effect="slide" start="0,0" end="-440,0" time="400" tween="quadratic" easing="out">WindowClose</animation>
		<!--<top>44</top>-->
		<control type="button">
			<left>-12</left>
			<top>-12</top>
			<width>442</width>
			<height>1104</height>
			<texturefocus border="12">dialog_context.png</texturefocus>
			<texturenofocus border="12">dialog_context.png</texturenofocus>
 			<colordiffuse>$VAR[ColorDialogVar]</colordiffuse>
		</control>
		<control type="button" id="9051">
			<include>HiddenObject</include>
			<onfocus condition="IsEmpty(Window(Home).Property(MediaMenu))">SetProperty(MediaMenu,True,home)</onfocus>
			<onfocus condition="IsEmpty(Window(Home).Property(MediaMenu))">SetFocus(9050)</onfocus>
			<onfocus condition="!IsEmpty(Window(Home).Property(MediaMenu))">ClearProperty(MediaMenu,Home)</onfocus>
			<onfocus condition="!IsEmpty(Window(Home).Property(MediaMenu))">SetFocus(50)</onfocus>
		</control>
		<control type="button">
			<left>420</left>
			<width>30</width>
			<height>1080</height>
			<texturefocus>-</texturefocus>
			<onfocus>SetProperty(MediaMenu,True,home)</onfocus>
			<visible>system.getbool(input.enablemouse) + !Skin.HasSetting(KioskMode.Enabled)</visible>
		</control>
		<include name="SideBladeCloseIcon">
			<param name="CloseIconDialogClose" value="noop" />
			<param name="CloseIconDialogClose2" value="noop" />
			<param name="ClearMediaMenu" value="ClearProperty(MediaMenu,Home)" />
			<param name="CloseIconSetFocus" value="SetFocus(50)" />
			<param name="CloseIconVisibility" value="system.getbool(input.enablemouse) + !Window.IsActive(1118) + !Window.IsActive(1129) + !Window.IsActive(1133)" />
		</include>
	</include>
	<include name="SideBladeCloseIcon">
		<control type="button" id="8999">
			<description>Close Window button</description>
			<left>358</left>
			<top>0</top>
			<width>64</width>
			<height>48</height>
			<label></label>
			<font>CloseButton</font>
			<textcolor>$VAR[ColorTextVar]</textcolor>
			<focusedcolor>$VAR[ColorHighlightVar]</focusedcolor>
			<onclick>$PARAM[CloseIconDialogClose]</onclick>
			<onclick>$PARAM[CloseIconDialogClose2]</onclick>
			<onclick>$PARAM[ClearMediaMenu]</onclick>
			<onclick>$PARAM[CloseIconSetFocus]</onclick>
			<texturefocus>-</texturefocus>
			<texturenofocus>-</texturenofocus>
			<align>center</align>
			<aligny>center</aligny>
			<visible>$PARAM[CloseIconVisibility]</visible>
		</control>
	</include>
	<include name="KioskModeButton">
		<control type="button">
			<description>Kiosk Mode button</description>
			<include>ButtonCommonValues</include>
			<label>-</label>
			<onfocus>ClearProperty(MediaMenu,Home)</onfocus>
			<onfocus>SetFocus(50)</onfocus>
		</control>
	</include>
	<include name="MediaMenuTop">
		<left>0</left>
		<top>10</top>
		<width>400</width>
		<height>1080</height>
		<onleft>9050</onleft>
		<onright>ClearProperty(MediaMenu,Home)</onright>
		<onright condition="![Window.IsVisible(tvguide) | Window.IsActive(SettingsCategory.xml)]">50</onright>
		<onright condition="Window.IsVisible(tvguide)">10</onright>
		<onright condition="Window.IsActive(SettingsCategory.xml)">3</onright>
		<onup>9050</onup>
		<ondown>9050</ondown>
		<onback>ClearProperty(MediaMenu,Home)</onback>
		<onback>50</onback>
		<itemgap>0</itemgap>
		<include condition="Skin.HasSetting(KioskMode.Enabled)">KioskModeButton</include>
		<visible>IsEmpty(Window(home).Property(viewtypeselect)) + !Window.IsVisible(1133)</visible>
		<animation effect="slide" start="-440,0" end="0,0" time="400" tween="quadratic" easing="out">Visible</animation>
		<control type="label" id="200">
			<width>400</width>
			<height>52</height>
			<textoffsetx>15</textoffsetx>
			<font>font13_title</font>
			<label>31006</label>
			<textcolor>$VAR[ColorHighlightVar]</textcolor>
			<aligny>center</aligny>
		</control>
		<control type="button" id="1802">
			<label>$LOCALIZE[31906]</label>
			<label2>$INFO[Container.Viewmode]</label2>
			<include>ButtonCommonValues</include>
			<onclick>SetProperty(viewtypeselect,1,home)</onclick>
			<onclick>ActivateWindow(1118)</onclick>
			<visible>!Window.IsActive(musicplaylisteditor)</visible>
		</control>
		<control type="button" id="3">
			<description>Sort by button</description>
			<include>ButtonCommonValues</include>
			<label>103</label>
			<visible>false</visible>
		</control>
		<control type="togglebutton" id="4">
			<description>Sort asc</description>
			<include>ButtonCommonValues</include>
			<label>31051</label>
			<altlabel>31050</altlabel>
			<usealttexture>Container.SortDirection(Ascending)</usealttexture>
			<visible>false</visible>
		</control>
		<control type="button" id="1801">
			<description>Sort direction</description>
			<include>ButtonCommonValues</include>
			<label>31156</label>
			<label2>$VAR[SortDirection]</label2>
			<onclick>SendClick(4)</onclick>
			<enable>Control.IsEnabled(4)</enable>
		</control>
		<control type="button" id="1800">
			<description>Sort by button</description>
			<include>ButtonCommonValues</include>
			<label>31155</label>
			<label2>$INFO[Container.SortMethod]</label2>
			<onclick>Container.NextSortMethod</onclick>
			<enable>Control.IsEnabled(3)</enable>
		</control>
		<control type="button" id="1804">
			<label>$LOCALIZE[31152]</label>
			<label2>$VAR[ArtLabelVar]</label2>
			<include>ButtonCommonValues</include>
			<onclick>ActivateWindow(1133)</onclick>
			<visible>[Window.IsActive(videolibrary) + [Control.IsVisible(500) | [Control.IsVisible(57) + !Container.Content(seasons) + !Container.Content(addons)] | Control.IsVisible(51) | Control.IsVisible(509) | Control.IsVisible(505)] + !Container.Content(episodes) + !Container.Content(sets) + !Container.Content(addons) + !Container.Content(musicvideos) + !Container.Content(files)] | [Control.IsVisible(507) + [Container.Content(movies) | Container.Content(tvshows) | Container.Content(artists)]] | [Window.IsActive(musiclibrary) + Control.IsVisible(57) + !Container.Content(addons)] | [Control.IsVisible(52) + [Container.Content(movies) | Container.Content(tvshows) | Container.Content(seasons) | Container.Content(sets)]]</visible>
		</control>
		<control type="button" id="1808">
			<label>$LOCALIZE[31152] 2</label>
			<label2>$VAR[Art2LabelVar]</label2>
			<include>ButtonCommonValues</include>
			<onclick>Skin.SetBool(Art2Customizer)</onclick>
			<onclick>ActivateWindow(1133)</onclick>
			<visible>Window.IsActive(videolibrary) + [Control.IsVisible(51) | Control.IsVisible(53)] + !Container.Content(sets) + !Container.Content(seasons) + !Container.Content(addons) + !Container.Content(musicvideos)</visible>
		</control>
		<control type="radiobutton" id="1803">
			<label>31117</label>
			<include>ButtonCommonValues</include>
			<onclick>Skin.ToggleSetting(InfoWall.LargeIcons)</onclick>
			<visible>Window.IsActive(videolibrary) + Control.IsVisible(51) + !Skin.HasSetting(InfoWall.Banners)</visible>
			<selected>Skin.HasSetting(InfoWall.LargeIcons)</selected>
		</control>
		<control type="radiobutton" id="1806">
			<label>31104</label>
			<include>ButtonCommonValues</include>
			<onclick>Skin.ToggleSetting(Disable.ShowcaseInfopanel)</onclick>
			<visible>[Control.IsVisible(53) | Control.IsVisible(54)] + !Container.Content(sets)</visible>
			<selected>!Skin.HasSetting(Disable.ShowcaseInfopanel)</selected>
		</control>
		<control type="radiobutton" id="1805">
			<label>31140</label>
			<include>ButtonCommonValues</include>
			<onclick>Skin.ToggleSetting(Enable.ShiftPlot)</onclick>
			<selected>Skin.HasSetting(Enable.ShiftPlot)</selected>
			<visible>Window.IsActive(videos) + Control.IsVisible(57) + !Container.Content(sets) + !Container.Content(addons)</visible>
		</control>
		<control type="radiobutton" id="1807">
			<label>31151</label>
			<include>ButtonCommonValues</include>
			<onclick>Skin.ToggleSetting(Enable.ShowcaseWrap)</onclick>
			<selected>Skin.HasSetting(Enable.ShowcaseWrap)</selected>
			<visible>Control.IsVisible(53) | Control.IsVisible(54)</visible>
		</control>
		<control type="radiobutton" id="1809">
			<label>31095</label>
			<include>ButtonCommonValues</include>
			<onclick>Skin.ToggleSetting(Enable.SlimList)</onclick>
			<selected>Skin.HasSetting(Enable.SlimList)</selected>
			<visible>Control.IsVisible(50) + ![Window.IsActive(eventlog) | Window.IsActive(tvchannels) | Window.IsActive(tvrecordings) | Window.IsActive(tvtimers) | Window.IsActive(tvsearch) | Window.IsActive(radiochannels) | Window.IsActive(radiorecordings) | Window.IsActive(radiotimers) | Window.IsActive(radiosearch)]</visible>
		</control>
	</include>
	<include name="PVRMediaMenu">
		<control type="group">
			<left>-440</left>
			<include>SideBladeLeft</include>
			<control type="grouplist" id="9050">
				<include>MediaMenuTop</include>
				<control type="radiobutton" id="31">
					<description>Filter</description>
					<textwidth>352</textwidth>
					<include>ButtonCommonValues</include>
					<label>587</label>
					<selected>Container.Filtered</selected>
					<onclick>right</onclick>
					<visible>Window.IsActive(TVChannels) | Window.IsActive(RadioChannels)</visible>
				</control>
				<control type="button" id="203">
					<description>View options</description>
					<textwidth>352</textwidth>
					<font>font13_title</font>
					<include>ButtonCommonValues</include>
					<label>31039</label>
					<enable>no</enable>
					<disabledcolor>$VAR[ColorHighlightVar]</disabledcolor>
				</control>
				<control type="button" id="100">
					<description>Channels</description>
					<label>19019</label>
					<textwidth>352</textwidth>
					<include>ButtonCommonValues</include>
					<onclick condition="IsEmpty(Window.Property(IsRadio))">ActivateWindow(TVChannels)</onclick>
					<onclick condition="!IsEmpty(Window.Property(IsRadio))">ActivateWindow(RadioChannels)</onclick>
				</control>
				<control type="button" id="101">
					<description>Guide</description>
					<label>22020</label>
					<textwidth>352</textwidth>
					<include>ButtonCommonValues</include>
					<onclick condition="IsEmpty(Window.Property(IsRadio))">ActivateWindow(TVGuide)</onclick>
					<onclick condition="!IsEmpty(Window.Property(IsRadio))">ActivateWindow(RadioGuide)</onclick>
				</control>
				<control type="button" id="102">
					<description>Recordings</description>
					<label>19163</label>
					<textwidth>352</textwidth>
					<include>ButtonCommonValues</include>
					<onclick condition="IsEmpty(Window.Property(IsRadio))">ActivateWindow(TVRecordings)</onclick>
					<onclick condition="!IsEmpty(Window.Property(IsRadio))">ActivateWindow(RadioRecordings)</onclick>
				</control>
				<control type="button" id="103">
					<description>Timers</description>
					<label>19040</label>
					<textwidth>352</textwidth>
					<include>ButtonCommonValues</include>
					<onclick condition="IsEmpty(Window.Property(IsRadio))">ActivateWindow(TVTimers)</onclick>
					<onclick condition="!IsEmpty(Window.Property(IsRadio))">ActivateWindow(RadioTimers)</onclick>
				</control>
				<control type="button" id="104">
					<description>Search</description>
					<label>137</label>
					<textwidth>352</textwidth>
					<include>ButtonCommonValues</include>
					<onclick condition="IsEmpty(Window.Property(IsRadio))">ActivateWindow(TVSearch)</onclick>
					<onclick condition="!IsEmpty(Window.Property(IsRadio))">ActivateWindow(RadioSearch)</onclick>
				</control>
				<control type="button" id="201">
					<description>View options</description>
					<textwidth>352</textwidth>
					<font>font13_title</font>
					<include>ButtonCommonValues</include>
					<label>31026</label>
					<enable>no</enable>
					<disabledcolor>$VAR[ColorHighlightVar]</disabledcolor>
				</control>
				<control type="button" id="28">
					<description>Channel Groups</description>
					<textwidth>352</textwidth>
					<include>ButtonCommonValues</include>
					<label>-</label>
				</control>
				<control type="radiobutton" id="5">
					<description>Group recording items by folder structure</description>
					<textwidth>352</textwidth>
					<include>ButtonCommonValues</include>
					<label>19270</label>
					<visible>Window.IsActive(TVRecordings) | Window.IsActive(RadioRecordings)</visible>
				</control>
				<control type="radiobutton" id="6">
					<description>Show hidden channels</description>
					<textwidth>352</textwidth>
					<include>ButtonCommonValues</include>
					<label>19051</label>
					<visible>Window.IsActive(TVChannels) | Window.IsActive(RadioChannels)</visible>
				</control>
				<control type="radiobutton" id="7">
					<description>Show deleted recordings</description>
					<textwidth>352</textwidth>
					<include>ButtonCommonValues</include>
					<label>19184</label>
					<visible>Window.IsActive(TVRecordings) | Window.IsActive(RadioRecordings)</visible>
				</control>
				<include>PlaylistButtons</include>
				<include name="MenuPlayerControls">
					<param name="PlayerControlsOnDown" value="1802" />
				</include>
			</control>
		</control>
	</include>
	<include name="SettingsMediaMenu">
		<control type="group">
			<left>-440</left>
			<include>SideBladeLeft</include>
			<control type="label">
				<top>10</top>
				<height>60</height>
				<textoffsetx>15</textoffsetx>
				<font>font13_title</font>
				<label>31015</label>
				<textcolor>$VAR[ColorHighlightVar]</textcolor>
			</control>
			<control type="list" id="9050">
				<left>0</left>
				<top>65</top>
				<width>400</width>
				<height>1080</height>
				<onleft>9050</onleft>
				<onright>ClearProperty(MediaMenu,Home)</onright>
				<onright condition="![Window.IsActive(skinsettings) | Window.IsActive(systeminfo) | Window.IsActive(profiles)]">3</onright>
				<onright condition="Window.IsActive(skinsettings) | Window.IsActive(systeminfo)">9000</onright>
				<onright condition="Window.IsActive(profiles)">2</onright>
				<onup>9050</onup>
				<ondown>9050</ondown>
				<onback>ClearProperty(MediaMenu,Home)</onback>
				<onback>3</onback>
				<itemgap>0</itemgap>
				<include condition="Skin.HasSetting(KioskMode.Enabled)">KioskModeButton</include>
				<animation effect="slide" start="-440,0" end="0,0" time="400" tween="quadratic" easing="out">Visible</animation>
				<itemlayout width="400" height="60">
					<control type="label">
						<left>15</left>
						<width>400</width>
						<height>60</height>
						<font>font13</font>
						<label>$INFO[ListItem.Label]</label>
					</control>
				</itemlayout>
				<focusedlayout width="400" height="60">
					<control type="image">
						<width>400</width>
						<height>60</height>
						<texture>listselect_fo.png</texture>
						<colordiffuse>$VAR[ColorHighlightVar]</colordiffuse>
						<visible>Control.HasFocus(9050)</visible>
						<include>VisibleFadeEffect</include>
					</control>
					<control type="label">
						<left>15</left>
						<width>400</width>
						<height>60</height>
						<font>font13</font>
						<label>$INFO[ListItem.Label]</label>
					</control>
				</focusedlayout>
				<content>
					<item id="1">
						<label>157</label>
						<onclick>ClearProperty(MediaMenu,Home)</onclick>
						<onclick>ReplaceWindow(MyVideosSettings)</onclick>
						<onclick>Control.SetFocus(3)</onclick>
					</item>
					<item id="2">
						<label>2</label>
						<onclick>ClearProperty(MediaMenu,Home)</onclick>
						<onclick>ReplaceWindow(MyMusicSettings)</onclick>
						<onclick>Control.SetFocus(3)</onclick>
					</item>
					<item id="3">
						<label>1</label>
						<onclick>ClearProperty(MediaMenu,Home)</onclick>
						<onclick>ReplaceWindow(MyPicturesSettings)</onclick>
						<onclick>Control.SetFocus(3)</onclick>
					</item>
					<item id="4">
						<label>19020</label>
						<onclick>ClearProperty(MediaMenu,Home)</onclick>
						<onclick>ReplaceWindow(TVSettings)</onclick>
						<onclick>Control.SetFocus(3)</onclick>
					</item>
					<item id="5">
						<label>24001</label>
						<onclick>ClearProperty(MediaMenu,Home)</onclick>
						<onclick>ReplaceWindow(AddonBrowser)</onclick>
					</item>
					<item id="6">
						<label>8</label>
						<onclick>ClearProperty(MediaMenu,Home)</onclick>
						<onclick>ReplaceWindow(MyWeatherSettings)</onclick>
						<onclick>Control.SetFocus(3)</onclick>
					</item>
					<item id="7">
						<label>480</label>
						<onclick>ClearProperty(MediaMenu,Home)</onclick>
						<onclick>ReplaceWindow(AppearanceSettings)</onclick>
						<onclick>Control.SetFocus(3)</onclick>
					</item>
					<item id="8">
						<label>20077</label>
						<onclick>ClearProperty(MediaMenu,Home)</onclick>
						<onclick>ReplaceWindow(skinsettings)</onclick>
						<onclick>Control.SetFocus(9000)</onclick>
					</item>
					<item id="9">
						<label>14036</label>
						<onclick>ClearProperty(MediaMenu,Home)</onclick>
						<onclick>ReplaceWindow(ServiceSettings)</onclick>
						<onclick>Control.SetFocus(3)</onclick>
					</item>
					<item id="10">
						<label>13000</label>
						<onclick>ClearProperty(MediaMenu,Home)</onclick>
						<onclick>ReplaceWindow(SystemSettings)</onclick>
						<onclick>Control.SetFocus(3)</onclick>
					</item>
					<item id="11">
						<label>13200</label>
						<onclick>ClearProperty(MediaMenu,Home)</onclick>
						<onclick>ReplaceWindow(Profiles)</onclick>
						<onclick>Control.SetFocus(2)</onclick>
					</item>
					<item id="12">
						<label>19033</label>
						<onclick>ClearProperty(MediaMenu,Home)</onclick>
						<onclick>ReplaceWindow(systeminfo)</onclick>
						<onclick>Control.SetFocus(9000)</onclick>
					</item>
				</content>
			</control>
		</control>
	</include>
	<include name="MenuPlayerControls">
		<control type="group" id="1810">
			<visible>Player.HasMedia + Control.IsVisible(9050)</visible>
			<control type="label" id="6049">
				<top>5</top>
				<width>400</width>
				<height>52</height>
				<textoffsetx>15</textoffsetx>
				<font>font13_title</font>
				<label>31157</label>
				<textcolor>$VAR[ColorHighlightVar]</textcolor>
				<aligny>center</aligny>
			</control>
			<control type="grouplist" id="6050">
				<animation effect="slide" start="-440,0" end="0,0" time="400" tween="quadratic" easing="out">Visible</animation>
				<top>70</top>
				<left>9</left>
				<height>48</height>
				<width>400</width>
				<align>center</align>
				<itemgap>-10</itemgap>
				<scrolltime tween="sine">200</scrolltime>
				<orientation>horizontal</orientation>
				<onup>614</onup>
				<ondown>$PARAM[PlayerControlsOnDown]</ondown>
				<onleft>6050</onleft>
				<onright>6050</onright>
				<onback>ClearProperty(MediaMenu,Home)</onback>
				<onback>50</onback>
				<control type="button" id="6051">
					<texturefocus>osd/buttons/OSDPrevTrack.png</texturefocus>
					<texturenofocus>osd/buttons/OSDPrevTrack2.png</texturenofocus>
					<label>-</label>
					<width>75</width>
					<height>48</height>
					<font>-</font>
					<onclick>PlayerControl(Previous)</onclick>
					<colordiffuse>$VAR[ColorTextVar]</colordiffuse>
				</control>
				<control type="button" id="6052">
					<texturefocus>osd/buttons/OSDRewind.png</texturefocus>
					<texturenofocus>osd/buttons/OSDRewind2.png</texturenofocus>
					<label>-</label>
					<width>75</width>
					<height>48</height>
					<font>-</font>
					<onclick>PlayerControl(Rewind)</onclick>
					<colordiffuse>$VAR[ColorTextVar]</colordiffuse>
					<enable>Player.SeekEnabled</enable>
				</control>
				<control type="togglebutton" id="6053">
					<texturefocus>osd/buttons/OSDPause.png</texturefocus>
					<texturenofocus>osd/buttons/OSDPause2.png</texturenofocus>
					<alttexturefocus>osd/buttons/OSDPlay.png</alttexturefocus>
					<alttexturenofocus>osd/buttons/OSDPlay2.png</alttexturenofocus>
					<label>-</label>
					<altlabel>208</altlabel>
					<width>75</width>
					<height>48</height>
					<font>-</font>
					<usealttexture>Player.Paused | Player.Forwarding | Player.Rewinding</usealttexture>
					<onclick>PlayerControl(Play)</onclick>
					<colordiffuse>$VAR[ColorTextVar]</colordiffuse>
					<enable>Player.PauseEnabled</enable>
				</control>
				<control type="button" id="6054">
					<texturefocus>osd/buttons/OSDStop.png</texturefocus>
					<texturenofocus>osd/buttons/OSDStop2.png</texturenofocus>
					<label>-</label>
					<width>75</width>
					<height>48</height>
					<font>-</font>
					<onclick>PlayerControl(Stop)</onclick>
					<colordiffuse>$VAR[ColorTextVar]</colordiffuse>
				</control>
				<control type="button" id="6055">
					<texturefocus>osd/buttons/OSDForward.png</texturefocus>
					<texturenofocus>osd/buttons/OSDForward2.png</texturenofocus>
					<label>-</label>
					<width>75</width>
					<height>48</height>
					<font>-</font>
					<onclick>PlayerControl(Forward)</onclick>
					<colordiffuse>$VAR[ColorTextVar]</colordiffuse>
					<enable>Player.SeekEnabled</enable>
				</control>
				<control type="button" id="6056">
					<texturefocus>osd/buttons/OSDNextTrack.png</texturefocus>
					<texturenofocus>osd/buttons/OSDNextTrack2.png</texturenofocus>
					<label>-</label>
					<width>75</width>
					<height>48</height>
					<font>-</font>
					<onclick>PlayerControl(Next)</onclick>
					<colordiffuse>$VAR[ColorTextVar]</colordiffuse>
				</control>
			</control>
		</control>
	</include>
	<!-- Navigation Bar -->
	<include name="Topbar">
		<control type="group">
			<visible>!Control.IsVisible(509)</visible>
			<control type="image">
				<visible>Control.IsVisible(59) | Control.IsVisible(501) | Control.IsVisible(511)</visible>
				<width>FullScreenWidth</width>
				<height>122</height>
				<texture>background.png</texture>
				<colordiffuse>$VAR[ColorBackgroundVar]</colordiffuse>
			</control>
			<control type="group">
				<control type="group">
					<control type="image">
						<top>20</top>
						<left>20</left>
	                    <width>80</width>
	                    <height>80</height>
	                    <texture colordiffuse="33ffffff">background.png</texture>
	                </control>
	                <control type="image">
	                    <top>20</top>
	                    <left>20</left>
	                    <width>80</width>
	                    <height>80</height>
	                    <texture colordiffuse="$VAR[ColorTextVar]">$VAR[HeaderIcon]</texture>
	                    <visible>![Container.Scrolling + stringcompare(Container.SortMethod,$LOCALIZE[369])]</visible>
	                    <visible>!Window.IsVisible(DialogBusy.xml)</visible>
	                    <animation effect="fade" start="0" end="100" time="150">VisibleChange</animation>
	                </control>
	                <control type="label">
	                    <top>18</top>
	                    <left>18</left>
	                    <width>80</width>
	                    <height>80</height>
	                    <font>font35_title</font>
	                    <align>center</align>
	                    <aligny>center</aligny>
	                    <label>$INFO[ListItem.SortLetter,[UPPERCASE],[/UPPERCASE]]</label>
	                    <textcolor>$VAR[ColorTextVar]</textcolor>
	                    <visible>Container.Scrolling + stringcompare(Container.SortMethod,$LOCALIZE[369])</visible>
	                    <visible>!Window.IsVisible(DialogBusy.xml)</visible>
	                    <animation effect="fade" start="0" end="100" time="150">VisibleChange</animation>
	                </control>
	                <control type="image">
	                    <visible>Window.IsVisible(DialogBusy.xml)</visible>
	                    <description>Busy animation</description>
	                    <top>30</top>
	                    <left>30</left>
	                    <width>60</width>
	                    <height>60</height>
	                    <texture colordiffuse="$VAR[ColorTextVar]" fallback="special://skin/extras/spinners/Sun.png">$INFO[Skin.String(busyloader)]</texture>
	                    <aspectratio>keep</aspectratio>
	                    <animation effect="rotate" start="360" end="0" center="auto" time="3000" loop="true" condition="true">conditional</animation>
	                </control>
					<control type="label">
						<left>100</left>
						<top>18</top>
						<width>900</width>
						<height>45</height>
						<font>font28_title</font>
						<textoffsetx>15</textoffsetx>
						<textcolor>$VAR[ColorTextVar]</textcolor>
						<align>left</align>
						<aligny>center</aligny>
						<label>$VAR[BreadcrumbsVar]</label>
					</control>
					<control type="label">
						<left>100</left>
						<top>60</top>
						<width>900</width>
						<height>45</height>
						<font>topbar</font>
						<textoffsetx>15</textoffsetx>
						<textcolor>$VAR[ColorHighlightVar]</textcolor>
						<align>left</align>
						<aligny>center</aligny>
						<label>$VAR[HeaderSubLabel]</label>
					</control>
				</control>
			</control>
		</control>
		<control type="group">
			<visible>!Control.IsVisible(509)</visible>
			<left>1100</left>
			<top>0</top>
			<control type="image">
				<description>avatar</description>
				<left>720</left>
				<top>20</top>
				<width>80</width>
				<height>80</height>
				<aspectratio align="center" aligny="center">keep</aspectratio>
				<texture fallback="DefaultVideoCover.png">$VAR[HomeNowPlayingThumbVar]</texture>
				<visible>VideoPlayer.Content(livetv)</visible>
			</control>
			<control type="image">
				<description>avatar</description>
				<left>746</left>
				<top>20</top>
				<width>54</width>
				<height>80</height>
				<aspectratio align="center" aligny="center">scale</aspectratio>
				<texture fallback="DefaultVideoCover.png">$VAR[HomeNowPlayingThumbVar]</texture>
				<visible>VideoPlayer.Content(movies) | VideoPlayer.Content(episodes)</visible>
			</control>
			<control type="image">
				<description>avatar</description>
				<left>658</left>
				<top>20</top>
				<width>142</width>
				<height>80</height>
				<aspectratio align="center" aligny="center">scale</aspectratio>
				<texture fallback="DefaultVideoCover.png">$VAR[HomeNowPlayingThumbVar]</texture>
				<visible>Player.HasVideo + ![VideoPlayer.Content(movies) | VideoPlayer.Content(episodes) | VideoPlayer.Content(livetv) | VideoPlayer.Content(musicvideos)]</visible>
			</control>
			<control type="image">
				<description>avatar</description>
				<left>720</left>
				<top>20</top>
				<width>80</width>
				<height>80</height>
				<aspectratio align="center" aligny="center">scale</aspectratio>
				<texture fallback="DefaultAlbumCover.png">$INFO[Player.Art(thumb)]</texture>
				<visible>Player.HasAudio | VideoPlayer.Content(musicvideos)</visible>
			</control>
			<control type="group">
				<animation effect="slide" time="0" start="0" end="25" condition="VideoPlayer.Content(episodes) | VideoPlayer.Content(movies)">Conditional</animation>
				<animation effect="slide" time="0" start="0" end="-65" condition="Player.HasVideo + ![VideoPlayer.Content(episodes) | VideoPlayer.Content(movies)]">Conditional</animation>
				<animation effect="slide" time="0" start="0" end="65" condition="VideoPlayer.Content(livetv) | VideoPlayer.Content(musicvideos)">Conditional</animation>
				<control type="fadelabel">
					<description>Line 1 Label</description>
					<left>3</left>
					<top>18</top>
					<width>700</width>
					<height>45</height>
					<font>font28_title</font>
					<textcolor>$VAR[ColorTextVar]</textcolor>
					<align>right</align>
					<aligny>center</aligny>
					<scrollout>false</scrollout>
					<pauseatend>2000</pauseatend>
					<label>$VAR[TopbarFadeLabel1]</label>
					<visible>Player.HasAudio | Player.HasVideo</visible>
				</control>
				<control type="fadelabel">
					<description>Line 2 Label</description>
					<left>3</left>
					<top>60</top>
					<width>700</width>
					<height>45</height>
					<font>topbar</font>
					<textcolor>$VAR[ColorHighlightVar]</textcolor>
					<align>right</align>
					<aligny>center</aligny>
					<scrollout>false</scrollout>
					<pauseatend>2000</pauseatend>
					<label>$VAR[TopbarFadeLabel2]</label>
					<visible>Player.HasAudio | Player.HasVideo</visible>
				</control>
			</control>
			<control type="group">
				<visible>![Player.Playing | Player.HasAudio | Player.HasVideo]</visible>
				<control type="grouplist">
					<top>18</top>
					<left>195</left>
					<width>600</width>
					<height>45</height>
					<align>right</align>
					<orientation>Horizontal</orientation>
					<control type="label" id="1701">
						<width>auto</width>
						<height>45</height>
						<label>$INFO[Weather.Temperature,, • ]</label>
						<font>font28_title</font>
						<textcolor>$VAR[ColorTextVar]</textcolor>
						<visible>Weather.IsFetched + !IsEmpty(Weather.Plugin) + !substring(Weather.Temperature,$LOCALIZE[503])</visible>
					</control>
					<control type="label" id="1702">
						<width>auto</width>
						<height>45</height>
						<label>$INFO[System.Time]</label>
						<font>font28_title</font>
						<textcolor>$VAR[ColorTextVar]</textcolor>
					</control>
				</control>
				<control type="label">
					<left>195</left>
					<top>60</top>
					<width>600</width>
					<height>45</height>
					<align>right</align>
					<label>$INFO[System.Date]</label>
					<font>topbar</font>
					<textcolor>$VAR[ColorHighlightVar]</textcolor>
				</control>
			</control>
		</control>
	</include>
	<include name="DialogBackgroundCommons">
		<control type="image">
			<description>background image</description>
			<left>0</left>
			<top>0</top>
			<width>$PARAM[DialogBackgroundWidth]</width>
			<height>$PARAM[DialogBackgroundHeight]</height>
			<texture border="12">dialog_context.png</texture>
			<colordiffuse>$VAR[ColorDialogVar]</colordiffuse>
		</control>
		<control type="label" id="$PARAM[DialogHeaderId]">
			<description>header label</description>
			<top>25</top>
			<width>$PARAM[DialogBackgroundWidth]</width>
			<height>40</height>
			<font>font15_title</font>
			<label>$PARAM[DialogHeaderLabel]</label>
			<textoffsetx>30</textoffsetx>
			<align>center</align>
			<textcolor>$VAR[ColorTextVar]</textcolor>
			<scroll>true</scroll>
			<scrollspeed>20</scrollspeed>
		</control>
	</include>
	<include name="AutoComplete">
		<control type="group">
			<visible>!IsEmpty(Control.GetLabel(312).index(1)) + !Control.IsVisible(313)</visible>
			<top>563</top>
			<control type="group">
				<animation effect="fade" time="300" tween="cubic" start="0" end="100" reversible="false" condition="!IsEmpty(Container(5000).ListItem.Label)">Conditional</animation>
				<animation effect="fade" time="150" tween="cubic" start="100" end="0" reversible="false" condition="IsEmpty(Container(5000).ListItem.Label)">Conditional</animation>
				<include name="DialogBackgroundCommons">
					<param name="DialogBackgroundWidth" value="1320" />
					<param name="DialogBackgroundHeight" value="220" />
				</include>
			</control>
			<control type="panel" id="5000">
				<left>35</left>
				<top>30</top>
				<width>1280</width>
				<height>160</height>
				<onleft>5000</onleft>
				<onright>5000</onright>
				<onup>4000</onup>
				<ondown>4000</ondown>
				<onback>noop</onback>
				<orientation>vertical</orientation>
				<scrolltime tween="quadratic" easing="out">200</scrolltime>
				<itemlayout height="80" width="315">
					<control type="image">
						<top>5</top>
						<width>305</width>
						<height>70</height>
						<texture colordiffuse="white11">white.png</texture>
					</control>
					<control type="label">
						<top>5</top>
						<width>305</width>
						<height>70</height>
						<align>center</align>
						<textcolor>grey</textcolor>
						<textoffsetx>5</textoffsetx>
						<font>font14</font>
						<label>$INFO[ListItem.Label]</label>
					</control>
				</itemlayout>
				<focusedlayout height="80" width="315">
					<control type="image">
						<top>5</top>
						<width>305</width>
						<height>70</height>
						<texture colordiffuse="$VAR[ColorHighlightVar]">listselect_fo.png</texture>
						<visible>Control.HasFocus(5000)</visible>
					</control>
					<control type="label">
						<top>5</top>
						<width>305</width>
						<height>70</height>
						<align>center</align>
						<textoffsetx>5</textoffsetx>
						<font>font14</font>
						<label>$INFO[ListItem.Label]</label>
					</control>
				</focusedlayout>
				<content>plugin://plugin.program.autocompletion?info=autocomplete&amp;&amp;id=$INFO[Control.GetLabel(312).index(1)]&amp;&amp;limit=8</content>
			</control>
		</control>
	</include>
	<include name="Scrollbar_Vertical">
		<control type="scrollbar" id="60">
			<visible allowhiddenfocus="true">Control.HasFocus(60) | Container.Scrolling</visible>
			<animation effect="fade" time="300" tween="sine" easing="inout" start="0" end="100">Visible</animation>
			<left>1908</left>
			<top>0</top>
			<width>12</width>
			<height>1080</height>
			<onleft condition="!Window.IsActive(addoninformation)">50</onleft>
			<onleft condition="Window.IsActive(addoninformation)">9000</onleft>
			<onright condition="!Window.IsActive(addoninformation)">50</onright>
			<onright condition="Window.IsActive(addoninformation)">9000</onright>
			<ondown>60</ondown>
			<onup>60</onup>
		</control>
	</include>
	<include name="Scrollbar_Horizontal">
		<control type="scrollbar" id="60">
			<visible allowhiddenfocus="true">Control.HasFocus(60) | Container.Scrolling</visible>
			<animation effect="fade" time="300" tween="sine" easing="inout" start="0" end="100">Visible</animation>
	        <left>0</left>
	        <top>1068</top>
	        <width>FullScreenWidth</width>
	        <height>12</height>
	        <onup>50</onup>
	        <ondown>50</ondown>
	        <onleft>60</onleft>
	        <onright>60</onright>
	        <orientation>horizontal</orientation>
	    </control>
	</include>
	<include name="OverlayIcons">
		<control type="group">
            <left>$PARAM[OverlayLeft]</left>
            <top>$PARAM[OverlayTop]</top>
            <control type="image">
                <width>60</width>
                <height>60</height>
                <texture colordiffuse="$VAR[ColorHighlightVar]">$VAR[OverlayBGVar]</texture>
                <aspectratio align="center" aligny="top">keep</aspectratio>
            </control>
            <control type="image">
            	<top>2</top>
            	<left>2</left>
                <width>56</width>
                <height>56</height>
                <texture colordiffuse="ffffffff">$VAR[OverlayVar]</texture>
                <aspectratio align="center" aligny="top">keep</aspectratio>
            </control>
        </control>
    </include>
    <include name="PlaylistButtons">
    	<control type="button" id="612">
			<label>31926</label>
			<include>ButtonCommonValues</include>
			<onclick>ClearProperty(MediaMenu,Home)</onclick>
			<onclick condition="Player.HasVideo">ActivateWindow(fullscreenvideo)</onclick>
			<onclick condition="Player.HasAudio">ActivateWindow(visualisation)</onclick>
			<visible>Player.HasMedia</visible>
		</control>
		<control type="button" id="613">
			<description>Go to playlist</description>
			<include>ButtonCommonValues</include>
			<label>31193</label>
			<onclick>ClearProperty(MediaMenu,Home)</onclick>
			<onclick>ActivateWindow(musicplaylist)</onclick>
			<visible>!StringCompare(Playlist.Length(music),0)</visible>
			<enable>!Window.IsActive(musicplaylist)</enable>
		</control>
		<control type="button" id="614">
			<description>Go to playlist</description>
			<include>ButtonCommonValues</include>
			<label>31194</label>
			<onclick>ClearProperty(MediaMenu,Home)</onclick>
			<onclick>ActivateWindow(videoplaylist)</onclick>
			<visible>!StringCompare(Playlist.Length(video),0)</visible>
			<enable>!Window.IsActive(videoplaylist)</enable>
		</control>
    </include>
</includes>