<?xml version="1.0" encoding="UTF-8"?>
<includes>
	<!-- Main Menu Includes -->
	<include name="MainMenuList">
		<control type="image">
			<visible>!Control.HasFocus(9010) | Skin.HasSetting(Disable.SubmenuSlide)</visible>
            <left>0</left>
            <top>0</top>
            <width>384</width>
            <height>120</height>
            <animation effect="fade" start="100" end="60" time="300" condition="!Control.HasFocus(9000)">Conditional</animation>
            <texture colordiffuse="$VAR[ColorHighlightVar]">listselect_fo.png</texture>
            <animation effect="slide" end="384" time="300" tween="cubic" easing="inout" condition="Container(9000).Position(4)">Conditional</animation>
            <animation effect="slide" end="384" time="300" tween="cubic" easing="inout" condition="Container(9000).Position(4) | Container(9000).Position(3)">Conditional</animation>
            <animation effect="slide" end="384" time="300" tween="cubic" easing="inout" condition="Container(9000).Position(4) | Container(9000).Position(3) | Container(9000).Position(2)">Conditional</animation>
            <animation effect="slide" end="384" time="300" tween="cubic" easing="inout" condition="Container(9000).Position(4) | Container(9000).Position(3) | Container(9000).Position(2) | Container(9000).Position(1)">Conditional</animation>
        </control>
        <control type="image">
        	<visible>Control.HasFocus(9010) + !Skin.HasSetting(Disable.SubmenuSlide)</visible>
            <left>0</left>
            <top>0</top>
            <width>384</width>
            <height>120</height>
            <animation effect="fade" start="100" end="60" time="300" condition="!Control.HasFocus(9010)">Conditional</animation>
            <texture colordiffuse="$VAR[ColorHighlightVar]">listselect_fo.png</texture>
            <animation effect="slide" end="384" time="300" tween="cubic" easing="inout" condition="Container(9010).Position(4)">Conditional</animation>
            <animation effect="slide" end="384" time="300" tween="cubic" easing="inout" condition="Container(9010).Position(4) | Container(9010).Position(3)">Conditional</animation>
            <animation effect="slide" end="384" time="300" tween="cubic" easing="inout" condition="Container(9010).Position(4) | Container(9010).Position(3) | Container(9010).Position(2)">Conditional</animation>
            <animation effect="slide" end="384" time="300" tween="cubic" easing="inout" condition="Container(9010).Position(4) | Container(9010).Position(3) | Container(9010).Position(2) | Container(9010).Position(1)">Conditional</animation>
        </control>
        <control type="image">
        	<visible>Control.HasFocus(9010) + Skin.HasSetting(Disable.SubmenuSlide)</visible>
            <left>0</left>
            <top>120</top>
            <width>384</width>
            <height>70</height>
            <animation effect="fade" start="100" end="60" time="300" condition="!Control.HasFocus(9010)">Conditional</animation>
            <texture colordiffuse="$VAR[ColorHighlightVar]">listselect_fo.png</texture>
            <animation effect="slide" end="384" time="300" tween="cubic" easing="inout" condition="Container(9010).Position(4)">Conditional</animation>
            <animation effect="slide" end="384" time="300" tween="cubic" easing="inout" condition="Container(9010).Position(4) | Container(9010).Position(3)">Conditional</animation>
            <animation effect="slide" end="384" time="300" tween="cubic" easing="inout" condition="Container(9010).Position(4) | Container(9010).Position(3) | Container(9010).Position(2)">Conditional</animation>
            <animation effect="slide" end="384" time="300" tween="cubic" easing="inout" condition="Container(9010).Position(4) | Container(9010).Position(3) | Container(9010).Position(2) | Container(9010).Position(1)">Conditional</animation>
        </control>
		<control type="list" id="9000">
			<animation type="Conditional" condition="!Control.HasFocus(9010) | Skin.HasSetting(Disable.SubmenuSlide)" reversible="false">
                <effect type="fade" start="0" end="100" time="250" delay="0" tween="cubic" easing="inout"/>
            </animation>
            <animation effect="fade" end="0" start="100" time="150" condition="Control.HasFocus(9010) + !Skin.HasSetting(Disable.SubmenuSlide)" reversible="false">Conditional</animation>
			<include condition="!Skin.HasSetting(Disable.WeatherClockDate) + Skin.HasSetting(Enable.WeatherInMenu)" name="MainMenuListContent">
				<param name="MainMenuTopWidth" value="1536" />
			</include>
			<include condition="Skin.HasSetting(Disable.WeatherClockDate) | !Skin.HasSetting(Enable.WeatherInMenu)" name="MainMenuListContent">
				<param name="MainMenuTopWidth" value="1920" />
			</include>
			<include condition="Skin.HasSetting(Enable.CenteredMenu)">MainMenuListCentered</include>
		</control>
		<control type="group" id="9001">
			<animation type="Conditional" condition="[!Control.HasFocus(9000) + !Control.HasFocus(8000)] | Skin.HasSetting(Disable.SubmenuSlide)" reversible="false">
                <effect type="fade" start="0" end="100" time="250" delay="0" tween="cubic" easing="inout"/>
            </animation>
            <animation effect="fade" end="0" start="100" time="150" condition="!Control.HasFocus(9010) + [!Skin.HasSetting(Disable.SubmenuSlide) | system.getbool(lookandfeel.enablerssfeeds)]" reversible="false">Conditional</animation>
            <animation effect="slide" time="0" start="0,0" end="0,95" condition="Skin.HasSetting(Disable.SubmenuSlide)">Conditional</animation>
			<control type="list" id="9010">
				<include condition="!Skin.HasSetting(Disable.WeatherClockDate) + !Skin.HasSetting(Disable.SubmenuSlide) + Skin.HasSetting(Enable.WeatherInMenu)" name="SubMenuListDefault">
					<param name="SubMenuWidth" value="1536" />
				</include>
				<include condition="Skin.HasSetting(Disable.WeatherClockDate) | Skin.HasSetting(Disable.SubmenuSlide) | !Skin.HasSetting(Enable.WeatherInMenu)" name="SubMenuListDefault">
					<param name="SubMenuWidth" value="1920" />
				</include>
			</control>
		</control>
		<include name="MenuClockWeather">
			<param name="MenuClockLeft" value="1536" />
			<param name="MenuClockTop" value="10" />
			<param name="MenuClockAlign" value="right" />
		</include>
	</include>
	<include name="MainMenuListCentered">
		<control type="image">
			<visible>!Control.HasFocus(9010) | Skin.HasSetting(Disable.SubmenuSlide)</visible>
            <left>768</left>
            <top>0</top>
            <width>384</width>
            <height>120</height>
            <animation effect="fade" start="100" end="60" time="300" condition="!Control.HasFocus(9000)">Conditional</animation>
            <texture colordiffuse="$VAR[ColorHighlightVar]">listselect_fo.png</texture>
        </control>
        <control type="image">
			<visible>Control.HasFocus(9010) + !Skin.HasSetting(Disable.SubmenuSlide)</visible>
            <left>768</left>
            <top>0</top>
            <width>384</width>
            <height>120</height>
            <animation effect="fade" start="100" end="60" time="300" condition="!Control.HasFocus(9010)">Conditional</animation>
            <texture colordiffuse="$VAR[ColorHighlightVar]">listselect_fo.png</texture>
        </control>
        <control type="image">
        	<visible>Control.HasFocus(9010) + Skin.HasSetting(Disable.SubmenuSlide)</visible>
            <left>0</left>
            <top>120</top>
            <width>384</width>
            <height>70</height>
            <animation effect="fade" start="100" end="60" time="300" condition="!Control.HasFocus(9010)">Conditional</animation>
            <texture colordiffuse="$VAR[ColorHighlightVar]">listselect_fo.png</texture>
            <animation effect="slide" end="384" time="300" tween="cubic" easing="inout" condition="Container(9010).Position(4)">Conditional</animation>
            <animation effect="slide" end="384" time="300" tween="cubic" easing="inout" condition="Container(9010).Position(4) | Container(9010).Position(3)">Conditional</animation>
            <animation effect="slide" end="384" time="300" tween="cubic" easing="inout" condition="Container(9010).Position(4) | Container(9010).Position(3) | Container(9010).Position(2)">Conditional</animation>
            <animation effect="slide" end="384" time="300" tween="cubic" easing="inout" condition="Container(9010).Position(4) | Container(9010).Position(3) | Container(9010).Position(2) | Container(9010).Position(1)">Conditional</animation>
        </control>
		<control type="wraplist" id="9000">
			<animation type="Conditional" condition="!Control.HasFocus(9010) | Skin.HasSetting(Disable.SubmenuSlide)" reversible="false">
                <effect type="fade" start="0" end="100" time="250" delay="0" tween="cubic" easing="inout"/>
            </animation>
            <animation effect="fade" end="0" start="100" time="150" condition="Control.HasFocus(9010) + !Skin.HasSetting(Disable.SubmenuSlide)" reversible="false">Conditional</animation>
			<include>MainMenuListContentCentered</include>
		</control>
		<control type="group" id="9001">
			<animation type="Conditional" condition="[!Control.HasFocus(9000) + !Control.HasFocus(8000)] | Skin.HasSetting(Disable.SubmenuSlide)" reversible="false">
                <effect type="fade" start="0" end="100" time="250" delay="0" tween="cubic" easing="inout"/>
            </animation>
            <animation effect="fade" end="0" start="100" time="150" condition="!Control.HasFocus(9010) + [!Skin.HasSetting(Disable.SubmenuSlide) | system.getbool(lookandfeel.enablerssfeeds)]" reversible="false">Conditional</animation>
            <animation effect="slide" time="0" start="0,0" end="0,95" condition="Skin.HasSetting(Disable.SubmenuSlide)">Conditional</animation>
			<control type="fixedlist" id="9010">
				<focusposition>2</focusposition>
				<movement>2</movement>
				<include>SubMenuListCentered</include>
			</control>
		</control>
	</include>
	<include name="MainMenuListTop">
		<control type="image">
            <left>0</left>
            <top>0</top>
            <width>384</width>
            <height>120</height>
            <animation effect="fade" start="100" end="60" time="300" condition="!Control.HasFocus(9000)">Conditional</animation>
            <texture colordiffuse="$VAR[ColorHighlightVar]">listselect_fo.png</texture>
            <animation effect="slide" end="384" time="300" tween="cubic" easing="inout" condition="Container(9000).Position(4)">Conditional</animation>
            <animation effect="slide" end="384" time="300" tween="cubic" easing="inout" condition="Container(9000).Position(4) | Container(9000).Position(3)">Conditional</animation>
            <animation effect="slide" end="384" time="300" tween="cubic" easing="inout" condition="Container(9000).Position(4) | Container(9000).Position(3) | Container(9000).Position(2)">Conditional</animation>
            <animation effect="slide" end="384" time="300" tween="cubic" easing="inout" condition="Container(9000).Position(4) | Container(9000).Position(3) | Container(9000).Position(2) | Container(9000).Position(1)">Conditional</animation>
        </control>
		<control type="list" id="9000">
			<include condition="!Skin.HasSetting(Disable.WeatherClockDate) + Skin.HasSetting(Enable.WeatherInMenu)" name="MainMenuListContent">
				<param name="MainMenuTopWidth" value="1536" />
			</include>
			<include condition="Skin.HasSetting(Disable.WeatherClockDate) | !Skin.HasSetting(Enable.WeatherInMenu)" name="MainMenuListContent">
				<param name="MainMenuTopWidth" value="1920" />
			</include>
		</control>
		<include name="MenuClockWeather">
			<param name="MenuClockLeft" value="1536" />
			<param name="MenuClockTop" value="5" />
			<param name="MenuClockAlign" value="right" />
		</include>
	</include>
	<include name="MainMenuListVertical">
		<control type="image">
            <left>0</left>
            <top>0</top>
            <width>434</width>
            <height>120</height>
            <animation effect="fade" start="100" end="60" time="300" condition="!Control.HasFocus(9000)">Conditional</animation>
            <texture colordiffuse="$VAR[ColorHighlightVar]">listselect_fo.png</texture>
            <animation effect="slide" end="0,120" time="300" tween="cubic" easing="inout" condition="Container(9000).Position(8)">Conditional</animation>
            <animation effect="slide" end="0,120" time="300" tween="cubic" easing="inout" condition="Container(9000).Position(8) | Container(9000).Position(7)">Conditional</animation>
            <animation effect="slide" end="0,120" time="300" tween="cubic" easing="inout" condition="Container(9000).Position(8) | Container(9000).Position(7) | Container(9000).Position(6)">Conditional</animation>
            <animation effect="slide" end="0,120" time="300" tween="cubic" easing="inout" condition="Container(9000).Position(8) | Container(9000).Position(7) | Container(9000).Position(6) | Container(9000).Position(5)">Conditional</animation>
            <animation effect="slide" end="0,120" time="300" tween="cubic" easing="inout" condition="Container(9000).Position(8) | Container(9000).Position(7) | Container(9000).Position(6) | Container(9000).Position(5) | Container(9000).Position(4)">Conditional</animation>
            <animation effect="slide" end="0,120" time="300" tween="cubic" easing="inout" condition="Container(9000).Position(8) | Container(9000).Position(7) | Container(9000).Position(6) | Container(9000).Position(5) | Container(9000).Position(4) | Container(9000).Position(3)">Conditional</animation>
            <animation effect="slide" end="0,120" time="300" tween="cubic" easing="inout" condition="Container(9000).Position(8) | Container(9000).Position(7) | Container(9000).Position(6) | Container(9000).Position(5) | Container(9000).Position(4) | Container(9000).Position(3) | Container(9000).Position(2)">Conditional</animation>
            <animation effect="slide" end="0,120" time="300" tween="cubic" easing="inout" condition="Container(9000).Position(8) | Container(9000).Position(7) | Container(9000).Position(6) | Container(9000).Position(5) | Container(9000).Position(4) | Container(9000).Position(3) | Container(9000).Position(2) | Container(9000).Position(1)">Conditional</animation>
        </control>
		<control type="list" id="9000">
			<include condition="!Skin.HasSetting(Disable.WeatherClockDate) + Skin.HasSetting(Enable.WeatherInMenu)" name="MainMenuListContentVertical">
				<param name="MainMenuVerticalHeight" value="960" />
			</include>
			<include condition="Skin.HasSetting(Disable.WeatherClockDate) | !Skin.HasSetting(Enable.WeatherInMenu)" name="MainMenuListContentVertical">
				<param name="MainMenuVerticalHeight" value="1080" />
			</include>
		</control>
		<include name="MenuClockWeather">
			<param name="MenuClockLeft" value="5" />
			<param name="MenuClockTop" value="970" />
			<param name="MenuClockAlign" value="left" />
		</include>
	</include>
	<include name="MainMenuListContent">
		<animation effect="fade" start="100" end="50" time="300" condition="!Control.HasFocus(9000)">conditional</animation>
		<left>0</left>
		<top>0</top>
		<width>$PARAM[MainMenuTopWidth]</width>
		<height>120</height>
		<onup condition="!IsEmpty(Container(9000).ListItem.Property(widget))">8000</onup>
		<ondown>9010</ondown>
		<pagecontrol>-</pagecontrol>
		<scrolltime tween="quadratic" easing="out">300</scrolltime>
		<orientation>Horizontal</orientation>
		<itemlayout height="120" width="384">
			<control type="label">
				<width>384</width>
				<height>120</height>
				<top>-4</top>
				<font>font_AltMainMenu</font>
				<textcolor>$VAR[ColorMenuVar]</textcolor>
				<align>center</align>
				<aligny>center</aligny>
				<label>$INFO[ListItem.Label]</label>
			</control>
		</itemlayout>
		<focusedlayout height="120" width="384">
			<control type="label">
				<width>384</width>
				<height>120</height>
				<top>-4</top>
				<font>font_AltMainMenu</font>
				<textcolor>$VAR[ColorMenuVar]</textcolor>
				<selectedcolor>$VAR[ColorMenuVar]</selectedcolor>
				<align>center</align>
				<aligny>center</aligny>
				<label>$INFO[ListItem.Label]</label>
			</control>
		</focusedlayout>
		<content>
			<include>skinshortcuts-mainmenu</include>
		</content>
	</include>
	<include name="MainMenuListContentCentered">
		<animation effect="fade" start="100" end="50" time="300" condition="!Control.HasFocus(9000)">conditional</animation>
		<left>0</left>
		<top>0</top>
		<width>1920</width>
		<height>120</height>
		<focusposition>2</focusposition>
		<movement>1</movement>
		<onup condition="!IsEmpty(Container(9000).ListItem.Property(widget))">8000</onup>
		<ondown>9010</ondown>
		<pagecontrol>-</pagecontrol>
		<scrolltime tween="quadratic" easing="out">300</scrolltime>
		<orientation>Horizontal</orientation>
		<itemlayout height="120" width="384">
			<control type="label">
				<width>384</width>
				<height>120</height>
				<top>-4</top>
				<font>font_AltMainMenu</font>
				<textcolor>$VAR[ColorMenuVar]</textcolor>
				<align>center</align>
				<aligny>center</aligny>
				<label>$INFO[ListItem.Label]</label>
			</control>
		</itemlayout>
		<focusedlayout height="120" width="384">
			<control type="label">
				<width>384</width>
				<height>120</height>
				<top>-4</top>
				<font>font_AltMainMenu</font>
				<textcolor>$VAR[ColorMenuVar]</textcolor>
				<selectedcolor>$VAR[ColorMenuVar]</selectedcolor>
				<align>center</align>
				<aligny>center</aligny>
				<label>$INFO[ListItem.Label]</label>
			</control>
		</focusedlayout>
		<content>
			<include>skinshortcuts-mainmenu</include>
		</content>
	</include>
	<include name="MainMenuListContentVertical">
		<animation effect="fade" start="100" end="50" time="300" condition="!Control.HasFocus(9000)">conditional</animation>
		<left>0</left>
		<top>0</top>
		<width>434</width>
		<height>$PARAM[MainMenuVerticalHeight]</height>
		<onright condition="!IsEmpty(Container(9000).ListItem.Property(widget))">8000</onright>
		<ondown>9000</ondown>
		<onup>9000</onup>
		<onback>RunScript(script.skinshortcuts,type=hidesubmenu&amp;mainmenuID=9000)</onback>
		<pagecontrol>-</pagecontrol>
		<scrolltime tween="quadratic" easing="out">300</scrolltime>
		<orientation>Vertical</orientation>
		<itemlayout height="120" width="434">
			<control type="label">
				<width>434</width>
				<height>120</height>
				<top>-4</top>
				<font>font_AltMainMenu</font>
				<textoffsetx>20</textoffsetx>
				<textcolor>$VAR[ColorMenuVar]</textcolor>
				<align>left</align>
				<aligny>center</aligny>
				<label>$INFO[ListItem.Label]</label>
				<visible>IsEmpty(ListItem.Property(isSubmenu))</visible>
			</control>
			<control type="image">
				<width>434</width>
				<height>120</height>
				<texture>white.png</texture>
				<colordiffuse>0affffff</colordiffuse>
				<visible>!IsEmpty(ListItem.Property(isSubmenu))</visible>
			</control>
			<control type="label">
				<width>434</width>
				<height>120</height>
				<top>-1</top>
				<font>font_SubMenu</font>
				<textoffsetx>20</textoffsetx>
				<textcolor>$VAR[ColorMenuVar]</textcolor>
				<align>left</align>
				<aligny>center</aligny>
				<label>$INFO[ListItem.Label]</label>
				<visible>!IsEmpty(ListItem.Property(isSubmenu))</visible>
			</control>
			<control type="label">
				<left>390</left>
				<width>30</width>
				<height>110</height>
				<label></label>
				<font>IconTiny</font>
				<align>right</align>
				<aligny>center</aligny>
				<textcolor>33ffffff</textcolor>
				<visible>SubString(ListItem.Property(hasSubmenu),True)</visible>
				<visible>!StringCompare(ListItem.Property("submenuVisibility"),Window(10000).Property("submenuVisibility"))</visible>
				<animation effect="rotate" time="0" start="0" end="-90" condition="true" center="auto">Conditional</animation>
			</control>
		</itemlayout>
		<focusedlayout height="120" width="434">
			<!--<control type="image">
				<animation effect="fade" start="0" end="80" time="100" delay="1000">Focus</animation>
				<animation effect="fade" start="80" end="0" time="0">UnFocus</animation>
				<top>1</top>
				<left>1</left>
				<width>30</width>
				<height>30</height>
				<texture>WidgetIndicator.png</texture>
				<animation effect="rotate" end="90" center="auto" time="0" condition="True">Conditional</animation>
				<visible>!IsEmpty(Container(9000).ListItem.Property(widget)) + Control.HasFocus(9000) + !Skin.HasSetting(Disable.WidgetPressUp)</visible>
			</control>-->
			<control type="label">
				<width>434</width>
				<height>120</height>
				<top>-4</top>
				<font>font_AltMainMenu</font>
				<textoffsetx>20</textoffsetx>
				<textcolor>$VAR[ColorMenuVar]</textcolor>
				<align>left</align>
				<aligny>center</aligny>
				<label>$INFO[ListItem.Label]</label>
				<visible>IsEmpty(ListItem.Property(isSubmenu))</visible>
			</control>
			<control type="image">
				<width>434</width>
				<height>120</height>
				<texture>white.png</texture>
				<colordiffuse>0affffff</colordiffuse>
				<visible>!IsEmpty(ListItem.Property(isSubmenu))</visible>
			</control>
			<control type="label">
				<width>434</width>
				<height>120</height>
				<top>-1</top>
				<font>font_SubMenu</font>
				<textoffsetx>20</textoffsetx>
				<textcolor>$VAR[ColorMenuVar]</textcolor>
				<align>left</align>
				<aligny>center</aligny>
				<label>$INFO[ListItem.Label]</label>
				<visible>!IsEmpty(ListItem.Property(isSubmenu))</visible>
			</control>
			<control type="label">
				<left>390</left>
				<width>30</width>
				<height>110</height>
				<label></label>
				<font>IconTiny</font>
				<align>right</align>
				<aligny>center</aligny>
				<textcolor>33ffffff</textcolor>
				<visible>SubString(ListItem.Property(hasSubmenu),True)</visible>
				<visible>!StringCompare(ListItem.Property("submenuVisibility"),Window(10000).Property("submenuVisibility"))</visible>
				<animation effect="rotate" time="0" start="0" end="-90" condition="true" center="auto">Conditional</animation>
			</control>
		</focusedlayout>
		<content>
			<include>skinshortcuts-allmenus</include>
		</content>
	</include>
	
	<include name="SubmenuListContent">
		<itemlayout height="$PARAM[SubmenuHeight]" width="384">
			<control type="image">
				<width>384</width>
				<height>$PARAM[SubmenuHeight]</height>
				<texture>background.png</texture>
				<colordiffuse>$VAR[ColorBackgroundVar]</colordiffuse>
				<visible>StringCompare(Skin.String(HomeLayout),2) | StringCompare(Skin.String(HomeLayout),3)</visible>
			</control>
			<control type="label">
				<width>384</width>
				<height>$PARAM[SubmenuHeight]</height>
				<font>font_SubMenu</font>
				<textcolor>$VAR[ColorMenuVar]</textcolor>
				<textoffsetx>$PARAM[SubmenuTextOffset]</textoffsetx>
				<selectedcolor>$VAR[ColorMenuVar]</selectedcolor>
				<align>$PARAM[SubmenuAlign]</align>
				<aligny>center</aligny>
				<label>$INFO[ListItem.Label]</label>
			</control>
		</itemlayout>
		<focusedlayout height="$PARAM[SubmenuHeight]" width="384">
			<control type="image">
				<width>384</width>
				<height>$PARAM[SubmenuHeight]</height>
				<texture>background.png</texture>
				<colordiffuse>$VAR[ColorBackgroundVar]</colordiffuse>
				<visible>StringCompare(Skin.String(HomeLayout),2) | StringCompare(Skin.String(HomeLayout),3)</visible>
			</control>
			<control type="image">
				<width>384</width>
				<height>$PARAM[SubmenuHeight]</height>
				<texture>listselect_fo.png</texture>
				<colordiffuse>$VAR[ColorHighlightVar]</colordiffuse>
				<visible>ControlGroup(9001).HasFocus() + [StringCompare(Skin.String(HomeLayout),2) | StringCompare(Skin.String(HomeLayout),3)]</visible>
			</control>
			<control type="group">
				<visible>Control.HasFocus(9010)</visible>
				<control type="label">
					<width>384</width>
					<height>$PARAM[SubmenuHeight]</height>
					<font>font_SubMenu</font>
					<textcolor>$VAR[ColorMenuVar]</textcolor>
					<textoffsetx>$PARAM[SubmenuTextOffset]</textoffsetx>
					<align>$PARAM[SubmenuAlign]</align>
					<aligny>center</aligny>
					<label>$INFO[ListItem.Label]</label>
				</control>
			</control>
			<control type="group">
				<visible>!Control.HasFocus(9010)</visible>
				<control type="label">
					<width>384</width>
					<height>$PARAM[SubmenuHeight]</height>
					<font>font_SubMenu</font>
					<textcolor>$VAR[ColorMenuVar]</textcolor>
					<textoffsetx>$PARAM[SubmenuTextOffset]</textoffsetx>
					<align>$PARAM[SubmenuAlign]</align>
					<aligny>center</aligny>
					<label>$INFO[ListItem.Label]</label>
				</control>
			</control>
		</focusedlayout>
		<content>
			<include>skinshortcuts-submenu</include>
		</content>
	</include>
	<include name="SubMenuListDefault">
		<animation effect="fade" start="100" end="50" time="300" condition="!ControlGroup(9001).HasFocus()">conditional</animation>
		<include>VisibleFadeEffect</include>
		<left>0</left>
		<top>0</top>
		<width>$PARAM[SubMenuWidth]</width>
		<height>120</height>
		<onup>9000</onup>
		<ondown>9000</ondown>
		<pagecontrol>-</pagecontrol>
		<scrolltime tween="quadratic" easing="out">300</scrolltime>
		<focusposition>0</focusposition>
		<movement>1</movement>
		<orientation>Horizontal</orientation>
		<include name="SubmenuListContent">
			<param name="SubmenuHeight" value="120" />
			<param name="SubmenuAlign" value="center" />
			<param name="SubmenuTextOffset" value="0" />
		</include>
	</include>
	<include name="SubMenuListCentered">
		<animation effect="fade" start="100" end="50" time="300" condition="!ControlGroup(9001).HasFocus()">conditional</animation>
		<include>VisibleFadeEffect</include>
		<left>0</left>
		<top>0</top>
		<width>1920</width>
		<height>120</height>
		<onup>9000</onup>
		<ondown>9000</ondown>
		<pagecontrol>-</pagecontrol>
		<scrolltime tween="quadratic" easing="out">300</scrolltime>
		<focusposition>2</focusposition>
		<movement>1</movement>
		<orientation>Horizontal</orientation>
		<include name="SubmenuListContent">
			<param name="SubmenuHeight" value="120" />
			<param name="SubmenuAlign" value="center" />
			<param name="SubmenuTextOffset" value="0" />
		</include>
	</include>
	<include name="MenuClockWeather">
		<control type="group">
			<visible>!Skin.HasSetting(Disable.WeatherClockDate) + Skin.HasSetting(Enable.WeatherInMenu)</visible>
			<left>$PARAM[MenuClockLeft]</left>
			<top>$PARAM[MenuClockTop]</top>
			<control type="grouplist">
				<top>8</top>
				<left>15</left>
				<width>354</width>
				<height>45</height>
				<align>$PARAM[MenuClockAlign]</align>
				<orientation>Horizontal</orientation>
				<control type="label" id="1">
					<width>auto</width>
					<height>45</height>
					<label>$INFO[Weather.Temperature,, • ]</label>
					<font>font28_title</font>
					<textcolor>$VAR[ColorTextVar]</textcolor>
					<visible>Weather.IsFetched + !IsEmpty(Weather.Plugin) + !substring(Weather.Temperature,$LOCALIZE[503])</visible>
				</control>
				<control type="label" id="2">
					<width>auto</width>
					<height>45</height>
					<label>$INFO[System.Time]</label>
					<font>font28_title</font>
					<textcolor>$VAR[ColorTextVar]</textcolor>
				</control>
			</control>
			<control type="label">
				<top>55</top>
				<width>384</width>
				<height>45</height>
				<label>$INFO[System.Date(ddd)], $INFO[System.Date(mmm d)], $INFO[System.Date(yyyy)]</label>
				<font>topbar</font>
				<align>$PARAM[MenuClockAlign]</align>
				<textoffsetx>15</textoffsetx>
				<textcolor>$VAR[ColorHighlightVar]</textcolor>
			</control>
		</control>
	</include>
</includes>