<?xml version="1.0" encoding="UTF-8"?>
<window>
	<defaultcontrol always="true">50</defaultcontrol>
	<menucontrol>9051</menucontrol>
	<allowoverlay>no</allowoverlay>
	<onload>SetProperty(Window.HasSettings,True,home)</onload>
	<onload>ClearProperty(MediaMenu,Home)</onload>
	<onunload>ClearProperty(Window.HasSettings,Home)</onunload>
	<views>50,52,51,54,57,59,500,501,504,507,508,505,509,520</views>
	<controls>
		<include>CommonBackground</include>
		<control type="group">
			<visible>Control.IsVisible(54)</visible>
			<top>-10</top>
			<include>ShowCaseMusicInfoPanel</include>
		</control>
		<control type="group">
			<!--<include>Animation.Common</include>-->
			<include>View_50_List</include>
			<!-- view id = 50 -->
			<include>View_52_Thumbnail</include>
			<!-- view id = 52 -->
			<include>MusicInfoWall</include>
			<!-- view id = 51 -->
			<include>View_54_ShowCase</include>
			<!-- view id = 54 -->
			<include>ShiftFixedList</include>
			<!-- view id = 57 -->
			<include>View_59_Fanart</include>
			<!-- view id = 59 -->
			<include>MusicWall</include>
			<!-- view id = 500 -->
			<include>AddonWall</include>
			<!-- view id = 520 -->
			<include>MusicLowList</include>
			<!-- view id = 501 -->
			<include>View_504_Gallery</include>
			<!-- view id = 504 -->
			<include>View_507_BigList</include>
			<!-- view id = 507 -->
			<include>View_508_SongList</include>
			<!-- view id = 508 -->
			<include>View_505_Panel</include>
			<!-- view id = 505 -->
			<include>View_509_Wall</include>
			<!-- view id = 509 -->
		</control>
		<include>Topbar</include>
		<control type="group">
			<left>-440</left>
			<include>SideBladeLeft</include>
			<control type="grouplist" id="9050">
				<include>MediaMenuTop</include>
				<control type="radiobutton" id="97">
					<label>31141</label>
					<include>ButtonCommonValues</include>
					<onclick>Skin.ToggleSetting(Enable.ShiftDescription)</onclick>
					<selected>Skin.HasSetting(Enable.ShiftDescription)</selected>
					<visible>Control.IsVisible(57) + !Container.Content(addons)</visible>
				</control>
				<control type="button" id="201">
					<description>View options</description>
					<textwidth>352</textwidth>
					<font>font13_title</font>
					<include>ButtonCommonValues</include>
					<label>31026</label>
					<enable>no</enable>
					<disabledcolor>$VAR[ColorHighlightVar]</disabledcolor>
				</control>
				<control type="button" id="8">
					<description>Search</description>
					<include>ButtonCommonValues</include>
					<label>137</label>
					<visible>!System.HasAddon(script.globalsearch)</visible>
				</control>
				<control type="button" id="9">
					<description>Global Search</description>
					<label>137</label>
					<include>ButtonCommonValues</include>
					<visible>System.HasAddon(script.globalsearch)</visible>
					<onclick>RunScript(script.globalsearch)</onclick>
				</control>
				<control type="edit" id="19">
					<visible>Container.CanFilter + !Container.CanFilterAdvanced</visible>
					<description>Filter</description>
					<textwidth>345</textwidth>
					<include>ButtonCommonValues</include>
					<label>587</label>
				</control>
				<control type="radiobutton" id="98">
					<visible>Container.CanFilterAdvanced</visible>
					<description>Filter</description>
					<include>ButtonCommonValues</include>
					<label>587</label>
					<selected>Container.Filtered</selected>
					<onclick>right</onclick>
					<onclick>Filter</onclick>
				</control>
				<control type="radiobutton" id="16">
					<description>PartyMode</description>
					<label>589</label>
					<include>ButtonCommonValues</include>
				</control>
				<control type="button" id="203">
					<description>Actions</description>
					<textwidth>352</textwidth>
					<font>font13_title</font>
					<include>ButtonCommonValues</include>
					<label>31039</label>
					<enable>no</enable>
					<disabledcolor>$VAR[ColorHighlightVar]</disabledcolor>
				</control>
				<control type="togglebutton" id="20">
					<description>Update library</description>
					<include>ButtonCommonValues</include>
					<label>653</label>
					<altlabel>13353</altlabel>
					<usealttexture>library.isscanningmusic</usealttexture>
				</control>
				<include>PlaylistButtons</include>
				<include name="MenuPlayerControls">
					<param name="PlayerControlsOnDown" value="1802" />
				</include>
			</control>
		</control>
	</controls>
</window>