<?xml version="1.0" encoding="UTF-8"?>
<window>
	<defaultcontrol always="true">9000</defaultcontrol>
	<menucontrol>9051</menucontrol>
	<onload condition="!IsEmpty(Window(home).Property(Window.HasSettings))">ClearProperty(Window.HasSettings,Home)</onload>
	<onunload>SetProperty(Window.HasSettings,True,home)</onunload>
	<onload>ClearProperty(MediaMenu,Home)</onload>
	<allowoverlay>no</allowoverlay>
	<controls>
		<include>CommonBackground</include>
		<control type="image">
			<visible>Control.IsVisible(100)</visible>
			<include>FullscreenDimensions</include>
			<texture>background.png</texture>
			<colordiffuse>$VAR[ColorBackgroundVar]</colordiffuse>
		</control>
		<control type="group">
			<width>105</width>
			<height>30</height>
			<left>1670</left>
			<top>3</top>
			<control type="label" id="110">
				<include>HiddenObject</include>
			</control>
			<control type="label" id="120">
				<include>HiddenObject</include>
			</control>
			<control type="label" id="130">
				<include>HiddenObject</include>
			</control>
			<control type="label" id="140">
				<include>HiddenObject</include>
			</control>
			<control type="label" id="210">
				<include>HiddenObject</include>
			</control>
			<control type="label" id="150">
				<include>HiddenObject</include>
			</control>
			<control type="label" id="160">
				<include>HiddenObject</include>
			</control>
			<control type="label" id="170">
				<include>HiddenObject</include>
			</control>
			<control type="label" id="180">
				<include>HiddenObject</include>
			</control>
			<control type="label" id="220">
				<include>HiddenObject</include>
			</control>
		</control>
		<control type="group">
			<visible>Control.IsVisible(100)</visible>
			<animation type="WindowOpen" reversible="false">
	            <effect type="fade" start="0" end="100" time="300" tween="sine" easing="in" />
	            <effect type="zoom" start="50" end="100" time="300" center="auto" tween="quadratic" easing="out" />
	        </animation>
	        <animation type="WindowClose" reversible="false">
	            <effect type="fade" end="0" start="100" time="200" tween="sine" easing="out" />
	            <effect type="zoom" end="75" start="100" time="200" center="auto" tween="quadratic" easing="in" />
	        </animation>
			<control type="list" id="9000">
				<left>82</left>
				<top>152</top>
				<width>356</width>
				<height>810</height>
				<onleft condition="!Skin.HasSetting(KioskMode.Enabled)">SetProperty(MediaMenu,True,home)</onleft>
				<onleft condition="!Skin.HasSetting(KioskMode.Enabled)">9050</onleft>
				<onright>101</onright>
				<onup>9000</onup>
				<ondown>9000</ondown>
				<scrolltime tween="quadratic">300</scrolltime>
				<itemlayout height="90" width="356">
					<control type="label">
						<width>356</width>
						<height>90</height>
						<font>font15</font>
						<textoffsetx>20</textoffsetx>
						<textcolor>$VAR[ColorTextVar]</textcolor>
						<selectedcolor>$VAR[ColorTextVar]</selectedcolor>
						<align>right</align>
						<aligny>center</aligny>
						<label>$INFO[ListItem.Label]</label>
					</control>
				</itemlayout>
				<focusedlayout height="90" width="356">
					<control type="image">
						<animation effect="fade" time="50" start="100" end="50" condition="!Control.HasFocus(9000)">Conditional</animation>
						<width>356</width>
						<height>90</height>
						<texture>listselect_fo.png</texture>
						<colordiffuse>$VAR[ColorHighlightVar]</colordiffuse>
						<include>VisibleFadeEffect</include>
					</control>
					<control type="label">
						<width>356</width>
						<height>90</height>
						<font>font15</font>
						<textoffsetx>20</textoffsetx>
						<textcolor>$VAR[ColorTextVar]</textcolor>
						<selectedcolor>$VAR[ColorTextVar]</selectedcolor>
						<align>right</align>
						<aligny>center</aligny>
						<label>$INFO[ListItem.Label]</label>
					</control>
				</focusedlayout>
				<content>
					<item id="1">
						<visible>!IsEmpty(Container(221).ListItem.Label)</visible>
						<label>$LOCALIZE[19069]$INFO[Control.GetLabel(220), (,)]</label>
						<onclick>noop</onclick>
						<icon>-</icon>
					</item>
					<item id="2">
						<visible>!IsEmpty(Container(111).ListItem.Label)</visible>
						<label>$LOCALIZE[342]$INFO[Control.GetLabel(110), (,)]</label>
						<onclick>noop</onclick>
						<onright>111</onright>
						<icon>-</icon>
					</item>
					<item id="3">
						<visible>!IsEmpty(Container(121).ListItem.Label)</visible>
						<label>$LOCALIZE[20343]$INFO[Control.GetLabel(120), (,)]</label>
						<onclick>noop</onclick>
						<icon>-</icon>
					</item>
					<item id="4">
						<visible>!IsEmpty(Container(131).ListItem.Label)</visible>
						<label>$LOCALIZE[33054]$INFO[Control.GetLabel(130), (,)]</label>
						<onclick>noop</onclick>
						<icon>-</icon>
					</item>
					<item id="5">
						<visible>!IsEmpty(Container(141).ListItem.Label)</visible>
						<label>$LOCALIZE[20360]$INFO[Control.GetLabel(140), (,)]</label>
						<onclick>noop</onclick>
						<icon>-</icon>
					</item>
					<item id="6">
						<visible>!IsEmpty(Container(211).ListItem.Label)</visible>
						<label>$LOCALIZE[344]$INFO[Control.GetLabel(210), (,)]</label>
						<onclick>noop</onclick>
						<icon>-</icon>
					</item>
					<item id="7">
						<visible>!IsEmpty(Container(151).ListItem.Label)</visible>
						<label>$LOCALIZE[20389]$INFO[Control.GetLabel(150), (,)]</label>
						<onclick>noop</onclick>
						<icon>-</icon>
					</item>
					<item id="8">
						<visible>!IsEmpty(Container(161).ListItem.Label)</visible>
						<label>$LOCALIZE[133]$INFO[Control.GetLabel(160), (,)]</label>
						<onclick>noop</onclick>
						<icon>-</icon>
					</item>
					<item id="9">
						<visible>!IsEmpty(Container(171).ListItem.Label)</visible>
						<label>$LOCALIZE[132]$INFO[Control.GetLabel(170), (,)]</label>
						<onclick>noop</onclick>
						<icon>-</icon>
					</item>
					<item id="10">
						<visible>!IsEmpty(Container(181).ListItem.Label)</visible>
						<label>$LOCALIZE[134]$INFO[Control.GetLabel(180), (,)]</label>
						<onclick>noop</onclick>
						<icon>-</icon>
					</item>
				</content>
			</control>
		</control>
		<control type="group" id="100">
			<top>50</top>
			<control type="group">
				<animation type="WindowOpen" reversible="false">
		            <effect type="fade" start="0" end="100" time="300" tween="sine" easing="in" />
		            <effect type="zoom" start="50" end="100" time="300" center="auto" tween="quadratic" easing="out" />
		        </animation>
		        <animation type="WindowClose" reversible="false">
		            <effect type="fade" end="0" start="100" time="200" tween="sine" easing="out" />
		            <effect type="zoom" end="75" start="100" time="200" center="auto" tween="quadratic" easing="in" />
		        </animation>
				<control type="label" id="190">
					<include>HiddenObject</include>
				</control>
				<control type="label" id="191">
					<include>HiddenObject</include>
				</control>
				<control type="label" id="199">
					<visible>false</visible>
					<left>522</left>
					<top>120</top>
					<width>1316</width>
					<height>839</height>
					<font>font45caps_title</font>
					<align>center</align>
					<aligny>center</aligny>
					<label>$LOCALIZE[284]</label>
					<include>VisibleFadeEffect</include>
				</control>
				<control type="button" id="198">
					<onfocus>SetFocus(9000,9)</onfocus>
					<include>HiddenObject</include>
				</control>
				<control type="group">
					<control type="image">
	                    <left>522</left>
	                    <top>90</top>
	                    <width>1316</width>
	                    <height>300</height>
	                    <visible>Control.HasFocus(221)</visible>
	                    <animation effect="fade" time="320" delay="0">Visible</animation>
	                    <animation effect="fade" time="200">Hidden</animation>
	                    <texture colordiffuse="$VAR[ColorHighlightVar]">listselect_fo.png</texture>
	                    <animation effect="slide" end="0,300" time="300" tween="cubic" easing="inout" condition="Container(221).Row(2)">Conditional</animation>
	                    <animation effect="slide" end="0,300" time="300" tween="cubic" easing="inout" condition="Container(221).Row(2) | Container(221).Row(1)">Conditional</animation>
	                </control>
	                <control type="image">
	                    <left>522</left>
	                    <top>90</top>
	                    <width>1316</width>
	                    <height>300</height>
	                    <visible>Control.HasFocus(111)</visible>
	                    <animation effect="fade" time="320" delay="0">Visible</animation>
	                    <animation effect="fade" time="200">Hidden</animation>
	                    <texture colordiffuse="$VAR[ColorHighlightVar]">listselect_fo.png</texture>
	                    <animation effect="slide" end="0,300" time="300" tween="cubic" easing="inout" condition="Container(111).Row(2)">Conditional</animation>
	                    <animation effect="slide" end="0,300" time="300" tween="cubic" easing="inout" condition="Container(111).Row(2) | Container(111).Row(1)">Conditional</animation>
	                </control>
	                <control type="image">
	                    <left>522</left>
	                    <top>90</top>
	                    <width>1316</width>
	                    <height>300</height>
	                    <visible>Control.HasFocus(121)</visible>
	                    <animation effect="fade" time="320" delay="0">Visible</animation>
	                    <animation effect="fade" time="200">Hidden</animation>
	                    <texture colordiffuse="$VAR[ColorHighlightVar]">listselect_fo.png</texture>
	                    <animation effect="slide" end="0,300" time="300" tween="cubic" easing="inout" condition="Container(121).Row(2)">Conditional</animation>
	                    <animation effect="slide" end="0,300" time="300" tween="cubic" easing="inout" condition="Container(121).Row(2) | Container(121).Row(1)">Conditional</animation>
	                </control>
	                <control type="image">
	                    <left>522</left>
	                    <top>90</top>
	                    <width>1316</width>
	                    <height>300</height>
	                    <visible>Control.HasFocus(131)</visible>
	                    <animation effect="fade" time="320" delay="0">Visible</animation>
	                    <animation effect="fade" time="200">Hidden</animation>
	                    <texture colordiffuse="$VAR[ColorHighlightVar]">listselect_fo.png</texture>
	                    <animation effect="slide" end="0,300" time="300" tween="cubic" easing="inout" condition="Container(131).Row(2)">Conditional</animation>
	                    <animation effect="slide" end="0,300" time="300" tween="cubic" easing="inout" condition="Container(131).Row(2) | Container(131).Row(1)">Conditional</animation>
	                </control>
	                <control type="image">
	                    <left>522</left>
	                    <top>90</top>
	                    <width>1316</width>
	                    <height>300</height>
	                    <visible>Control.HasFocus(141)</visible>
	                    <animation effect="fade" time="320" delay="0">Visible</animation>
	                    <animation effect="fade" time="200">Hidden</animation>
	                    <texture colordiffuse="$VAR[ColorHighlightVar]">listselect_fo.png</texture>
	                    <animation effect="slide" end="0,300" time="300" tween="cubic" easing="inout" condition="Container(141).Row(2)">Conditional</animation>
	                    <animation effect="slide" end="0,300" time="300" tween="cubic" easing="inout" condition="Container(141).Row(2) | Container(141).Row(1)">Conditional</animation>
	                </control>
	                <control type="image">
	                    <left>522</left>
	                    <top>90</top>
	                    <width>1316</width>
	                    <height>300</height>
	                    <visible>Control.HasFocus(211)</visible>
	                    <animation effect="fade" time="320" delay="0">Visible</animation>
	                    <animation effect="fade" time="200">Hidden</animation>
	                    <texture colordiffuse="$VAR[ColorHighlightVar]">listselect_fo.png</texture>
	                    <animation effect="slide" end="0,300" time="300" tween="cubic" easing="inout" condition="Container(211).Row(2)">Conditional</animation>
	                    <animation effect="slide" end="0,300" time="300" tween="cubic" easing="inout" condition="Container(211).Row(2) | Container(211).Row(1)">Conditional</animation>
	                </control>
	                <control type="image">
	                    <left>522</left>
	                    <top>90</top>
	                    <width>1316</width>
	                    <height>300</height>
	                    <visible>Control.HasFocus(151)</visible>
	                    <animation effect="fade" time="320" delay="0">Visible</animation>
	                    <animation effect="fade" time="200">Hidden</animation>
	                    <texture colordiffuse="$VAR[ColorHighlightVar]">listselect_fo.png</texture>
	                    <animation effect="slide" end="0,300" time="300" tween="cubic" easing="inout" condition="Container(151).Row(2)">Conditional</animation>
	                    <animation effect="slide" end="0,300" time="300" tween="cubic" easing="inout" condition="Container(151).Row(2) | Container(151).Row(1)">Conditional</animation>
	                </control>
	                <control type="image">
	                    <left>522</left>
	                    <top>90</top>
	                    <width>1316</width>
	                    <height>300</height>
	                    <visible>Control.HasFocus(161)</visible>
	                    <animation effect="fade" time="320" delay="0">Visible</animation>
	                    <animation effect="fade" time="200">Hidden</animation>
	                    <texture colordiffuse="$VAR[ColorHighlightVar]">listselect_fo.png</texture>
	                    <animation effect="slide" end="0,300" time="300" tween="cubic" easing="inout" condition="Container(161).Row(2)">Conditional</animation>
	                    <animation effect="slide" end="0,300" time="300" tween="cubic" easing="inout" condition="Container(161).Row(2) | Container(161).Row(1)">Conditional</animation>
	                </control>
	                <control type="image">
	                    <left>522</left>
	                    <top>90</top>
	                    <width>1316</width>
	                    <height>300</height>
	                    <visible>Control.HasFocus(171)</visible>
	                    <animation effect="fade" time="320" delay="0">Visible</animation>
	                    <animation effect="fade" time="200">Hidden</animation>
	                    <texture colordiffuse="$VAR[ColorHighlightVar]">listselect_fo.png</texture>
	                    <animation effect="slide" end="0,300" time="300" tween="cubic" easing="inout" condition="Container(171).Row(2)">Conditional</animation>
	                    <animation effect="slide" end="0,300" time="300" tween="cubic" easing="inout" condition="Container(171).Row(2) | Container(171).Row(1)">Conditional</animation>
	                </control>
	                <control type="image">
	                    <left>522</left>
	                    <top>90</top>
	                    <width>1316</width>
	                    <height>300</height>
	                    <visible>Control.HasFocus(181)</visible>
	                    <animation effect="fade" time="320" delay="0">Visible</animation>
	                    <animation effect="fade" time="200">Hidden</animation>
	                    <texture colordiffuse="$VAR[ColorHighlightVar]">listselect_fo.png</texture>
	                    <animation effect="slide" end="0,300" time="300" tween="cubic" easing="inout" condition="Container(181).Row(2)">Conditional</animation>
	                    <animation effect="slide" end="0,300" time="300" tween="cubic" easing="inout" condition="Container(181).Row(2) | Container(181).Row(1)">Conditional</animation>
	                </control>
	            </control>
				<control type="grouplist" id="101">
					<left>522</left>
					<top>90</top>
					<width>1316</width>
					<height>900</height>
					<orientation>horizontal</orientation>
					<!-- EPG -->
					<control type="group" id="229">
						<visible>Container(9000).HasFocus(1)</visible>
						<include>SettingsFadeEffect</include>
						<control type="panel" id="221">
							<left>0</left>
							<top>0</top>
							<width>1316</width>
							<height>900</height>
							<pagecontrol>60</pagecontrol>
							<onleft>Control.SetFocus(9000)</onleft>
							<onright>60</onright>
							<onup>221</onup>
							<ondown>221</ondown>
							<orientation>vertical</orientation>
							<viewtype label="535">list</viewtype>
							<preloaditems>2</preloaditems>
							<itemlayout width="1316" height="300">
								<include>GlobalSearchMusicCommons</include>
								<control type="textbox">
									<left>312</left>
									<top>125</top>
									<width>976</width>
									<height>160</height>
									<label>$INFO[ListItem.Property(Plot)]</label>
									<font>font14_textbox3</font>
									<textcolor>$VAR[ColorTextVar]</textcolor>
								</control>
							</itemlayout>
							<focusedlayout width="1316" height="300">
								<include>GlobalSearchMusicCommons</include>
								<control type="textbox">
									<left>312</left>
									<top>125</top>
									<width>976</width>
									<height>160</height>
									<label>$INFO[ListItem.Property(Plot)]</label>
									<font>font14_textbox3</font>
									<textcolor>$VAR[ColorTextVar]</textcolor>
									<autoscroll time="3000" delay="4000" repeat="5000">true</autoscroll>
								</control>
							</focusedlayout>
						</control>
					</control>
					<!-- Movies -->
					<control type="group" id="119">
						<visible>Container(9000).HasFocus(2)</visible>
						<include>SettingsFadeEffect</include>
						<control type="panel" id="111">
							<left>0</left>
							<top>0</top>
							<width>1316</width>
							<height>900</height>
							<pagecontrol>60</pagecontrol>
							<onleft>Control.SetFocus(9000)</onleft>
							<onright>60</onright>
							<onup>111</onup>
							<ondown>111</ondown>
							<orientation>vertical</orientation>
							<viewtype label="535">list</viewtype>
							<preloaditems>2</preloaditems>
							<itemlayout width="1316" height="300">
								<include>GlobalSearchPosterCommons</include>
								<control type="textbox">
									<top>125</top>
									<left>220</left>
									<width>1068</width>
									<height>160</height>
									<label>$INFO[ListItem.Property(PlotOutline)]</label>
									<font>font14_textbox3</font>
									<textcolor>$VAR[ColorTextVar]</textcolor>
								</control>
								<control type="textbox">
									<top>125</top>
									<left>220</left>
									<width>1068</width>
									<height>160</height>
									<label>$INFO[ListItem.Property(Plot)]</label>
									<font>font14_textbox3</font>
									<textcolor>$VAR[ColorTextVar]</textcolor>
									<visible>IsEmpty(ListItem.Property(PlotOutline))</visible>
								</control>
							</itemlayout>
							<focusedlayout width="1316" height="300">
								<include>GlobalSearchPosterCommons</include>
								<control type="textbox">
									<top>125</top>
									<left>220</left>
									<width>1068</width>
									<height>160</height>
									<label>$INFO[ListItem.Property(PlotOutline)]</label>
									<font>font14_textbox3</font>
									<textcolor>$VAR[ColorTextVar]</textcolor>
									<autoscroll time="3000" delay="4000" repeat="5000">true</autoscroll>
								</control>
								<control type="textbox">
									<top>125</top>
									<left>220</left>
									<width>1068</width>
									<height>160</height>
									<label>$INFO[ListItem.Property(Plot)]</label>
									<font>font14_textbox3</font>
									<textcolor>$VAR[ColorTextVar]</textcolor>
									<visible>IsEmpty(ListItem.Property(PlotOutline))</visible>
									<autoscroll time="3000" delay="4000" repeat="5000">true</autoscroll>
								</control>
							</focusedlayout>
						</control>
					</control>
					<!-- TV Shows -->
					<control type="group" id="129">
						<visible>Container(9000).HasFocus(3)</visible>
						<include>SettingsFadeEffect</include>
						<control type="panel" id="121">
							<left>0</left>
							<top>0</top>
							<width>1316</width>
							<height>900</height>
							<pagecontrol>60</pagecontrol>
							<onleft>Control.SetFocus(9000)</onleft>
							<onright>60</onright>
							<onup>121</onup>
							<ondown>121</ondown>
							<orientation>vertical</orientation>
							<viewtype label="535">list</viewtype>
							<preloaditems>2</preloaditems>
							<itemlayout width="1316" height="300">
								<include>GlobalSearchPosterCommons</include>
								<control type="textbox">
									<top>125</top>
									<left>220</left>
									<width>1068</width>
									<height>160</height>
									<label>$INFO[ListItem.Property(Plot)]</label>
									<font>font14_textbox3</font>
									<textcolor>$VAR[ColorTextVar]</textcolor>
								</control>
							</itemlayout>
							<focusedlayout width="1316" height="300">
								<include>GlobalSearchPosterCommons</include>
								<control type="textbox">
									<top>125</top>
									<left>220</left>
									<width>1068</width>
									<height>160</height>
									<label>$INFO[ListItem.Property(Plot)]</label>
									<font>font14_textbox3</font>
									<textcolor>$VAR[ColorTextVar]</textcolor>
									<autoscroll time="3000" delay="4000" repeat="5000">true</autoscroll>
								</control>
							</focusedlayout>
						</control>
					</control>
					<!-- Seasons -->
					<control type="group" id="139">
						<visible>Container(9000).HasFocus(4)</visible>
						<include>SettingsFadeEffect</include>
						<control type="panel" id="131">
							<left>0</left>
							<top>0</top>
							<width>1316</width>
							<height>900</height>
							<pagecontrol>60</pagecontrol>
							<onleft>Control.SetFocus(9000)</onleft>
							<onright>60</onright>
							<onup>131</onup>
							<ondown>131</ondown>
							<orientation>vertical</orientation>
							<viewtype label="535">list</viewtype>
							<preloaditems>2</preloaditems>
							<itemlayout width="1316" height="300">
								<include>GlobalSearchPosterCommons</include>
								<control type="textbox">
									<top>125</top>
									<left>220</left>
									<width>1068</width>
									<height>160</height>
									<label>$INFO[ListItem.Property(Plot)]</label>
									<font>font14_textbox3</font>
									<textcolor>$VAR[ColorTextVar]</textcolor>
								</control>
							</itemlayout>
							<focusedlayout width="1316" height="300">
								<include>GlobalSearchPosterCommons</include>
								<control type="textbox">
									<top>125</top>
									<left>220</left>
									<width>1068</width>
									<height>160</height>
									<label>$INFO[ListItem.Property(Plot)]</label>
									<font>font14_textbox3</font>
									<textcolor>$VAR[ColorTextVar]</textcolor>
									<autoscroll time="3000" delay="4000" repeat="5000">true</autoscroll>
								</control>
							</focusedlayout>
						</control>
					</control>
					<!-- Episodes -->
					<control type="group" id="149">
						<visible>Container(9000).HasFocus(5)</visible>
						<include>SettingsFadeEffect</include>
						<control type="panel" id="141">
							<left>0</left>
							<top>0</top>
							<width>1316</width>
							<height>900</height>
							<pagecontrol>60</pagecontrol>
							<onleft>Control.SetFocus(9000)</onleft>
							<onright>60</onright>
							<onup>141</onup>
							<ondown>141</ondown>
							<orientation>vertical</orientation>
							<viewtype label="535">list</viewtype>
							<preloaditems>2</preloaditems>
							<itemlayout width="1316" height="300">
								<control type="image">
									<top>12</top>
									<left>12</left>
									<width>490</width>
									<height>276</height>
									<aspectratio>scale</aspectratio>
									<texture background="true">$INFO[ListItem.Icon]</texture>
								</control>
								<control type="group">
									<left>526</left>
									<control type="label">
										<top>22</top>
										<width>762</width>
										<height>40</height>
										<label>$INFO[ListItem.Property(Season)]x$INFO[ListItem.Property(Episode)]. $INFO[ListItem.Label]</label>
										<font>font16_title</font>
										<textcolor>$VAR[ColorTextVar]</textcolor>
									</control>
									<control type="label">
										<top>75</top>
										<width>762</width>
										<height>40</height>
										<label>$INFO[ListItem.Property(TvShowTitle)]</label>
										<font>font15</font>
										<textcolor>$VAR[ColorTextVar]</textcolor>
									</control>
									<control type="textbox">
										<top>125</top>
										<width>762</width>
										<height>160</height>
										<label>$INFO[ListItem.Property(Plot)]</label>
										<font>font14_textbox3</font>
										<textcolor>$VAR[ColorTextVar]</textcolor>
									</control>
								</control>
							</itemlayout>
							<focusedlayout width="1316" height="300">
								<control type="image">
									<animation type="Focus">
						                <effect type="zoom" time="150" start="95" end="100" center="257,149" />
						                <effect type="zoom" time="150" start="105" end="100" delay="150" center="257,149" />
						            </animation>
									<top>12</top>
									<left>12</left>
									<width>490</width>
									<height>276</height>
									<aspectratio>scale</aspectratio>
									<texture background="true">$INFO[ListItem.Icon]</texture>
								</control>
								<control type="group">
									<left>526</left>
									<control type="label">
										<top>22</top>
										<width>762</width>
										<height>40</height>
										<label>$INFO[ListItem.Property(Season)]x$INFO[ListItem.Property(Episode)]. $INFO[ListItem.Label]</label>
										<font>font16_title</font>
										<textcolor>$VAR[ColorTextVar]</textcolor>
									</control>
									<control type="label">
										<top>75</top>
										<width>762</width>
										<height>40</height>
										<label>$INFO[ListItem.Property(TvShowTitle)]</label>
										<font>font15</font>
										<textcolor>$VAR[ColorTextVar]</textcolor>
									</control>
									<control type="textbox">
										<top>125</top>
										<width>762</width>
										<height>160</height>
										<label>$INFO[ListItem.Property(Plot)]</label>
										<font>font14_textbox3</font>
										<textcolor>$VAR[ColorTextVar]</textcolor>
										<autoscroll time="3000" delay="4000" repeat="5000">true</autoscroll>
									</control>
								</control>
							</focusedlayout>
						</control>
						
					</control>
					<!-- Actors	-->
					<control type="group" id="219">
						<visible>Container(9000).HasFocus(6)</visible>
						<include>SettingsFadeEffect</include>
						<control type="panel" id="211">
							<left>0</left>
							<top>0</top>
							<width>1316</width>
							<height>900</height>
							<pagecontrol>60</pagecontrol>
							<onleft>Control.SetFocus(9000)</onleft>
							<onright>60</onright>
							<onup>211</onup>
							<ondown>211</ondown>
							<orientation>vertical</orientation>
							<viewtype label="535">list</viewtype>
							<preloaditems>2</preloaditems>
							<itemlayout width="1316" height="300">
								<include>GlobalSearchPosterCommons</include>
								<control type="textbox">
									<top>125</top>
									<left>220</left>
									<width>1068</width>
									<height>160</height>
									<label>$INFO[ListItem.Property(PlotOutline)]</label>
									<font>font14_textbox3</font>
									<textcolor>$VAR[ColorTextVar]</textcolor>
								</control>
								<control type="textbox">
									<top>125</top>
									<left>220</left>
									<width>1068</width>
									<height>160</height>
									<label>$INFO[ListItem.Property(Plot)]</label>
									<font>font14_textbox3</font>
									<textcolor>$VAR[ColorTextVar]</textcolor>
									<visible>IsEmpty(ListItem.Property(PlotOutline))</visible>
								</control>
							</itemlayout>
							<focusedlayout width="1316" height="300">
								<include>GlobalSearchPosterCommons</include>
								<control type="textbox">
									<top>125</top>
									<left>220</left>
									<width>1068</width>
									<height>160</height>
									<label>$INFO[ListItem.Property(PlotOutline)]</label>
									<font>font14_textbox3</font>
									<textcolor>$VAR[ColorTextVar]</textcolor>
									<autoscroll time="3000" delay="4000" repeat="5000">true</autoscroll>
								</control>
								<control type="textbox">
									<top>125</top>
									<left>220</left>
									<width>1068</width>
									<height>160</height>
									<label>$INFO[ListItem.Property(Plot)]</label>
									<font>font14_textbox3</font>
									<textcolor>$VAR[ColorTextVar]</textcolor>
									<visible>IsEmpty(ListItem.Property(PlotOutline))</visible>
									<autoscroll time="3000" delay="4000" repeat="5000">true</autoscroll>
								</control>
							</focusedlayout>
						</control>
					</control>
					<!-- Music Videos -->
					<control type="group" id="159">
						<visible>Container(9000).HasFocus(7)</visible>
						<include>SettingsFadeEffect</include>
						<control type="panel" id="151">
							<left>0</left>
							<top>0</top>
							<width>1316</width>
							<height>900</height>
							<pagecontrol>60</pagecontrol>
							<onleft>Control.SetFocus(9000)</onleft>
							<onright>60</onright>
							<onup>151</onup>
							<ondown>151</ondown>
							<orientation>vertical</orientation>
							<viewtype label="535">list</viewtype>
							<preloaditems>2</preloaditems>
							<itemlayout width="1316" height="300">
								<include>GlobalSearchPosterCommons</include>
								<control type="textbox">
									<top>125</top>
									<left>220</left>
									<width>1068</width>
									<height>160</height>
									<label>$INFO[ListItem.Property(Plot)]</label>
									<font>font14_textbox3</font>
									<textcolor>$VAR[ColorTextVar]</textcolor>
								</control>
							</itemlayout>
							<focusedlayout width="1316" height="300">
								<include>GlobalSearchPosterCommons</include>
								<control type="textbox">
									<top>125</top>
									<left>220</left>
									<width>1068</width>
									<height>160</height>
									<label>$INFO[ListItem.Property(Plot)]</label>
									<font>font14_textbox3</font>
									<textcolor>$VAR[ColorTextVar]</textcolor>
									<autoscroll time="3000" delay="4000" repeat="5000">true</autoscroll>
								</control>
							</focusedlayout>
						</control>
					</control>
					<!-- Artists -->
					<control type="group" id="169">
						<visible>Container(9000).HasFocus(8)</visible>
						<include>SettingsFadeEffect</include>
						<control type="panel" id="161">
							<left>0</left>
							<top>0</top>
							<width>1316</width>
							<height>900</height>
							<pagecontrol>60</pagecontrol>
							<onleft>Control.SetFocus(9000)</onleft>
							<onright>60</onright>
							<onup>161</onup>
							<ondown>161</ondown>
							<orientation>vertical</orientation>
							<viewtype label="535">list</viewtype>
							<preloaditems>2</preloaditems>
							<itemlayout width="1316" height="300">
								<include>GlobalSearchMusicCommons</include>
								<control type="textbox">
									<top>125</top>
									<left>312</left>
									<width>976</width>
									<height>160</height>
									<label>$INFO[ListItem.Property(Artist_Description)]</label>
									<font>font14_textbox3</font>
									<textcolor>$VAR[ColorTextVar]</textcolor>
								</control>
							</itemlayout>
							<focusedlayout width="1316" height="300">
								<include>GlobalSearchMusicCommons</include>
								<control type="textbox">
									<top>125</top>
									<left>312</left>
									<width>976</width>
									<height>160</height>
									<label>$INFO[ListItem.Property(Artist_Description)]</label>
									<font>font14_textbox3</font>
									<textcolor>$VAR[ColorTextVar]</textcolor>
									<autoscroll time="3000" delay="4000" repeat="5000">true</autoscroll>
								</control>
							</focusedlayout>
						</control>
					</control>
					<!-- Albums -->
					<control type="group" id="179">
						<visible>Container(9000).HasFocus(9)</visible>
						<include>SettingsFadeEffect</include>
						<control type="panel" id="171">
							<left>0</left>
							<top>0</top>
							<width>1316</width>
							<height>900</height>
							<pagecontrol>60</pagecontrol>
							<onleft>Control.SetFocus(9000)</onleft>
							<onright>60</onright>
							<onup>171</onup>
							<ondown>171</ondown>
							<orientation>vertical</orientation>
							<viewtype label="535">list</viewtype>
							<preloaditems>2</preloaditems>
							<itemlayout width="1316" height="300">
								<include>GlobalSearchMusicCommons</include>
								<control type="textbox">
									<top>125</top>
									<left>312</left>
									<width>976</width>
									<height>160</height>
									<label>$INFO[ListItem.Property(Album_Description)]</label>
									<font>font14_textbox3</font>
									<textcolor>$VAR[ColorTextVar]</textcolor>
								</control>
							</itemlayout>
							<focusedlayout width="1316" height="300">
								<include>GlobalSearchMusicCommons</include>
								<control type="textbox">
									<top>125</top>
									<left>312</left>
									<width>976</width>
									<height>160</height>
									<label>$INFO[ListItem.Property(Album_Description)]</label>
									<font>font14_textbox3</font>
									<textcolor>$VAR[ColorTextVar]</textcolor>
									<autoscroll time="3000" delay="4000" repeat="5000">true</autoscroll>
								</control>
							</focusedlayout>
						</control>
					</control>
					<!-- Songs -->
					<control type="group" id="189">
						<visible>Container(9000).HasFocus(10)</visible>
						<include>SettingsFadeEffect</include>
						<control type="panel" id="181">
							<left>0</left>
							<top>0</top>
							<width>1316</width>
							<height>900</height>
							<pagecontrol>60</pagecontrol>
							<onleft>Control.SetFocus(9000)</onleft>
							<onright>60</onright>
							<onup>181</onup>
							<ondown>181</ondown>
							<orientation>vertical</orientation>
							<viewtype label="535">list</viewtype>
							<preloaditems>2</preloaditems>
							<itemlayout width="1316" height="300">
								<include>GlobalSearchMusicCommons</include>
								<control type="textbox">
									<left>312</left>
									<top>125</top>
									<width>976</width>
									<height>160</height>
									<label>$INFO[ListItem.Property(Album)] ($INFO[ListItem.Property(Year)])[CR]$INFO[ListItem.Property(Genre),, • ]$INFO[ListItem.Property(Duration)]</label>
									<font>font14_textbox3</font>
									<textcolor>$VAR[ColorTextVar]</textcolor>
								</control>
							</itemlayout>
							<focusedlayout width="1316" height="300">
								<include>GlobalSearchMusicCommons</include>
								<control type="textbox">
									<left>312</left>
									<top>125</top>
									<width>976</width>
									<height>160</height>
									<label>$INFO[ListItem.Property(Album)] ($INFO[ListItem.Property(Year)])[CR]$INFO[ListItem.Property(Genre),, • ]$INFO[ListItem.Property(Duration)]</label>
									<font>font14_textbox3</font>
									<textcolor>$VAR[ColorTextVar]</textcolor>
								</control>
							</focusedlayout>
						</control>
					</control>
				</control>
			</control>
		</control>
		<control type="scrollbar" id="60">
			<visible allowhiddenfocus="true">Control.HasFocus(60) | Container(111).Scrolling | Container(121).Scrolling | Container(131).Scrolling | Container(141).Scrolling | Container(151).Scrolling | Container(161).Scrolling | Container(171).Scrolling | Container(181).Scrolling | Container(221).Scrolling</visible>
			<animation effect="fade" time="300" tween="sine" easing="inout" start="0" end="100">Visible</animation>
			<left>1908</left>
			<top>0</top>
			<width>12</width>
			<height>1080</height>
			<onleft>101</onleft>
			<onright>101</onright>
			<onup>60</onup>
			<ondown>60</ondown>
		</control>
		<include>Topbar</include>
		<control type="group">
			<left>-440</left>
			<include>SideBladeLeft</include>
			<control type="grouplist" id="9050">
				<left>0</left>
				<top>10</top>
				<width>400</width>
				<height>1080</height>
				<itemgap>0</itemgap>
				<control type="label" id="20001">
					<width>400</width>
					<height>52</height>
					<textoffsetx>15</textoffsetx>
					<font>font13_title</font>
					<label>$INFO[System.AddonTitle(script.globalsearch)]</label>
					<textcolor>$VAR[ColorHighlightVar]</textcolor>
					<aligny>center</aligny>
				</control>
				<control type="button" id="999">
					<description>Settings</description>
					<textwidth>352</textwidth>
					<onright>ClearProperty(MediaMenu,Home)</onright>
					<onright>9000</onright>
					<onback>ClearProperty(MediaMenu,Home)</onback>
					<onclick>SendClick(198)</onclick>
					<onclick>ClearProperty(MediaMenu,Home)</onclick>
					<include>ButtonCommonValues</include>
					<label>31184</label>
				</control>
				<control type="button" id="8">
					<description>Settings</description>
					<textwidth>352</textwidth>
					<onright>ClearProperty(MediaMenu,Home)</onright>
					<onright>9000</onright>
					<onback>ClearProperty(MediaMenu,Home)</onback>
					<onclick>Addon.OpenSettings(script.globalsearch)</onclick>
					<include>ButtonCommonValues</include>
					<label>5</label>
				</control>
				<control type="button" id="612">
					<textwidth>352</textwidth>
					<onright>ClearProperty(MediaMenu,Home)</onright>
					<onright>9000</onright>
					<onback>ClearProperty(MediaMenu,Home)</onback>
					<label>31926</label>
					<include>ButtonCommonValues</include>
					<onclick>Close</onclick>
					<onclick condition="Player.HasVideo">ActivateWindow(fullscreenvideo)</onclick>
					<onclick condition="Player.HasAudio">ActivateWindow(visualisation)</onclick>
					<visible>Player.HasMedia</visible>
				</control>
				<control type="button" id="613">
					<textwidth>352</textwidth>
					<onright>ClearProperty(MediaMenu,Home)</onright>
					<onright>9000</onright>
					<onback>ClearProperty(MediaMenu,Home)</onback>
					<include>ButtonCommonValues</include>
					<label>31193</label>
					<onclick>Close</onclick>
					<onclick>ActivateWindow(musicplaylist)</onclick>
					<visible>!StringCompare(Playlist.Length(music),0)</visible>
				</control>
				<control type="button" id="614">
					<textwidth>352</textwidth>
					<onright>ClearProperty(MediaMenu,Home)</onright>
					<onright>9000</onright>
					<onback>ClearProperty(MediaMenu,Home)</onback>
					<include>ButtonCommonValues</include>
					<label>31194</label>
					<onclick>Close</onclick>
					<onclick>ActivateWindow(videoplaylist)</onclick>
					<visible>!StringCompare(Playlist.Length(video),0)</visible>
				</control>
				<include name="MenuPlayerControls">
					<param name="PlayerControlsOnDown" value="999" />
				</include>
			</control>
		</control>
	</controls>
</window>