<?xml version="1.0" encoding="UTF-8"?>
<window>
	<defaultcontrol>-</defaultcontrol>
	<coordinates>
		<system>1</system>
		<left>0</left>
		<top>0</top>
	</coordinates>
	<include>dialogeffect</include>
	<controls>
		<control type="list" id="100">
			<left>-10</left>
			<top>-10</top>
			<width>1</width>
			<height>1</height>
			<visible>false</visible>
			<itemlayout width="1" height="1" />
			<focusedlayout width="1" height="1" />
		</control>
		<control type="group">
			<left>199</left>
			<top>158</top>
			<include name="DialogBackgroundCommons">
				<param name="DialogBackgroundWidth" value="1522" />
				<param name="DialogBackgroundHeight" value="764" />
				<param name="DialogHeaderLabel" value="$INFO[Container(100).ListItem.Label]" />
				<param name="DialogHeaderId" value="" />
			</include>
			<control type="group">
				<left>41</left>
				<top>682</top>
				<visible>Control.IsVisible(110) | Control.IsVisible(140) | Control.IsVisible(150)</visible>
				<control type="grouplist">
					<left>0</left>
					<top>0</top>
					<width>1138</width>
					<height>40</height>
					<align>left</align>
					<itemgap>0</itemgap>
					<orientation>horizontal</orientation>
					<usecontrolcoords>true</usecontrolcoords>							
					<control type="image">
						<visible>![IsEmpty(Container(100).ListItem.Property(VideoResolution)) + IsEmpty(Container(100).ListItem.Property(VideoCodec)) + IsEmpty(Container(100).ListItem.Property(VideoAspect))]</visible>
						<left>-20</left>
						<top>9</top>
						<width>80</width>
						<height>32</height>
						<aspectratio align="center" aligny="bottom">keep</aspectratio>
						<texture>DefaultFlagVideo.png</texture>
						<colordiffuse>$VAR[ColorHighlightVar]</colordiffuse>
					</control>
					<control type="label">
						<visible>!IsEmpty(Container(100).ListItem.Property(VideoResolution))</visible>
						<left>0</left>
						<top>0</top>
						<width>auto</width>
						<height>40</height>
						<align>left</align>
						<aligny>top</aligny>
						<label>$INFO[Container(100).ListItem.Property(VideoResolution)]</label>
						<font>font13_title</font>
						<textcolor>$VAR[ColorHighlightVar]</textcolor>
					</control>
					<control type="label">
						<visible>!IsEmpty(Container(100).ListItem.Property(VideoCodec))</visible>
						<left>0</left>
						<top>0</top>
						<width>auto</width>
						<height>40</height>
						<align>left</align>
						<aligny>top</aligny>
						<label>$INFO[Container(100).ListItem.Property(VideoCodec),  •  ]</label>
						<font>font13_title</font>
						<textcolor>$VAR[ColorHighlightVar]</textcolor>
					</control>
					<control type="label">
						<visible>!IsEmpty(Container(100).ListItem.Property(VideoAspect))</visible>
						<left>0</left>
						<top>0</top>
						<width>auto</width>
						<height>40</height>
						<align>left</align>
						<aligny>top</aligny>
						<label>$INFO[Container(100).ListItem.Property(VideoAspect),  •  ]</label>
						<font>font13_title</font>
						<textcolor>$VAR[ColorHighlightVar]</textcolor>
					</control>
					<control type="image">
						<visible>![IsEmpty(Container(100).ListItem.Property(AudioCodec)) + IsEmpty(Container(100).ListItem.Property(AudioChannels))]</visible>
						<left>0</left>
						<top>9</top>
						<width>80</width>
						<height>32</height>
						<aspectratio align="center" aligny="bottom">keep</aspectratio>
						<texture>DefaultFlagAudio.png</texture>
						<colordiffuse>$VAR[ColorHighlightVar]</colordiffuse>
					</control>
					<control type="label">
						<visible>!IsEmpty(Container(100).ListItem.Property(AudioCodec))</visible>
						<left>0</left>
						<top>0</top>
						<width>auto</width>
						<height>40</height>
						<align>left</align>
						<aligny>top</aligny>
						<label>$INFO[Container(100).ListItem.Property(AudioCodec)]</label>
						<font>font13_title</font>
						<textcolor>$VAR[ColorHighlightVar]</textcolor>
					</control>
					<control type="label">
						<visible>!IsEmpty(Container(100).ListItem.Property(AudioChannels))</visible>
						<left>0</left>
						<top>0</top>
						<width>auto</width>
						<height>40</height>
						<align>left</align>
						<aligny>top</aligny>
						<label>$VAR[AudioChannelSearchVar,  •  ]</label>
						<font>font13_title</font>
						<textcolor>$VAR[ColorHighlightVar]</textcolor>
					</control>
				</control>
			</control>
			<!--<control type="grouplist">
				<left>31</left>
				<top>652</top>
				<width>1138</width>
				<height>90</height>
				<align>center</align>
				<aligny>center</aligny>
				<itemgap>115</itemgap>
				<orientation>horizontal</orientation>
				<visible>Control.IsVisible(110) | Control.IsVisible(140) | Control.IsVisible(150)</visible>
				<control type="image">
					<colordiffuse>$VAR[ColorTextVar]</colordiffuse>
					<include>MediaFlagVars</include>
					<texture>$INFO[Container(100).ListItem.Property(VideoResolution),flags/resolution/,.png]</texture>
				</control>
				<control type="image">
					<colordiffuse>$VAR[ColorTextVar]</colordiffuse>
					<include>MediaFlagVars</include>
					<texture>$INFO[Container(100).ListItem.Property(VideoCodec),flags/video/,.png]</texture>
				</control>
				<control type="image">
					<colordiffuse>$VAR[ColorTextVar]</colordiffuse>
					<include>MediaFlagVars</include>
					<texture>$INFO[Container(100).ListItem.Property(VideoAspect),flags/aspectratio/,.png]</texture>
				</control>
				<control type="image">
					<colordiffuse>$VAR[ColorTextVar]</colordiffuse>
					<include>MediaFlagVars</include>
					<texture>$INFO[Container(100).ListItem.Property(AudioCodec),flags/audio/,.png]</texture>
				</control>
				<control type="image">
					<colordiffuse>$VAR[ColorTextVar]</colordiffuse>
					<include>MediaFlagVars</include>
					<texture>$INFO[Container(100).ListItem.Property(AudioChannels),flags/channels/,.png]</texture>
				</control>
			</control>-->
			<control type="group" id="101">
				<control type="panel" id="110">
					<left>31</left>
					<top>88</top>
					<width>1138</width>
					<height>328</height>
					<onleft>110</onleft>
					<onright>190</onright>
					<onup>110</onup>
					<ondown>195</ondown>
					<pagecontrol>-</pagecontrol>
					<orientation>horizontal</orientation>
					<scrolltime tween="quadratic" easing="out">200</scrolltime>
					<itemlayout height="82" width="569">
						<control type="label">
							<top>40</top>
							<width>569</width>
							<height>32</height>
							<font>font14</font>
							<textcolor>$VAR[ColorTextVar]</textcolor>
							<selectedcolor>$VAR[ColorHighlightVar]</selectedcolor>
							<label>$INFO[ListItem.Label2]</label>
							<textoffsetx>15</textoffsetx>
						</control>
						<control type="label">
							<top>0</top>
							<width>569</width>
							<height>41</height>
							<font>font14</font>
							<textcolor>$VAR[ColorHighlightVar]</textcolor>
							<selectedcolor>$VAR[ColorHighlightVar]</selectedcolor>
							<label>$INFO[ListItem.Label]</label>
							<textoffsetx>15</textoffsetx>
						</control>
					</itemlayout>
					<focusedlayout height="82" width="569">
						<control type="image">
							<top>1</top>
							<width>569</width>
							<height>80</height>
							<texture>listselect_fo.png</texture>
							<colordiffuse>$VAR[ColorHighlightVar]</colordiffuse>
							<visible>Control.HasFocus(110)</visible>
							<include>VisibleFadeEffect</include>
						</control>
						<control type="label">
							<top>40</top>
							<width>569</width>
							<height>32</height>
							<font>font14</font>
							<textcolor>$VAR[ColorTextVar]</textcolor>
							<selectedcolor>$VAR[ColorHighlightVar]</selectedcolor>
							<label>$INFO[ListItem.Label2]</label>
							<textoffsetx>15</textoffsetx>
						</control>
						<control type="label">
							<top>0</top>
							<width>569</width>
							<height>41</height>
							<font>font14</font>
							<textcolor>$VAR[ColorTextVar]</textcolor>
							<selectedcolor>$VAR[ColorHighlightVar]</selectedcolor>
							<label>$INFO[ListItem.Label]</label>
							<textoffsetx>15</textoffsetx>
						</control>
					</focusedlayout>
					<content>
						<item>
							<label>$LOCALIZE[20339]:</label>
							<label2>$INFO[Container(100).ListItem.Property(Director)]</label2>
							<onclick>noop</onclick>
							<visible>!IsEmpty(Container(100).ListItem.Property(Director))</visible>
						</item>
						<item>
							<label>$LOCALIZE[572]:</label>
							<label2>$INFO[Container(100).ListItem.Property(Studio)]</label2>
							<onclick>noop</onclick>
							<visible>!IsEmpty(Container(100).ListItem.Property(Studio))</visible>
						</item>
						<item>
							<label>$LOCALIZE[515]:</label>
							<label2>$INFO[Container(100).ListItem.Property(Genre)]</label2>
							<onclick>noop</onclick>
							<visible>!IsEmpty(Container(100).ListItem.Property(Genre))</visible>
						</item>
						<item>
							<label>$LOCALIZE[562]:</label>
							<label2>$INFO[Container(100).ListItem.Property(Year)]</label2>
							<onclick>noop</onclick>
							<visible>!IsEmpty(Container(100).ListItem.Property(Year))</visible>
						</item>
						<item>
							<label>$LOCALIZE[2050]:</label>
							<label2>$INFO[Container(100).ListItem.Property(Duration),, $LOCALIZE[12391]]</label2>
							<onclick>noop</onclick>
							<visible>!IsEmpty(Container(100).ListItem.Property(Duration)) + !SubString(Container(100).ListItem.Property(Duration),min)</visible>
						</item>
						<item>
							<label>$LOCALIZE[2050]:</label>
							<label2>$INFO[Container(100).ListItem.Property(Duration)]</label2>
							<onclick>noop</onclick>
							<visible>!IsEmpty(Container(100).ListItem.Property(Duration)) + SubString(Container(100).ListItem.Property(Duration),min)</visible>
						</item>
						<item>
							<label>$LOCALIZE[563]:</label>
							<label2>$INFO[Container(100).ListItem.Property(Rating)]</label2>
							<onclick>noop</onclick>
							<visible>!IsEmpty(Container(100).ListItem.Property(Rating))</visible>
						</item>
						<item>
							<label>$LOCALIZE[202]:</label>
							<label2>$INFO[Container(100).ListItem.Property(TagLine)]</label2>
							<onclick>noop</onclick>
							<visible>!IsEmpty(Container(100).ListItem.Property(TagLine))</visible>
						</item>
						<item>
							<label>$LOCALIZE[203]:</label>
							<label2>$INFO[Container(100).ListItem.Property(PlotOutline)]</label2>
							<onclick>noop</onclick>
							<visible>!IsEmpty(Container(100).ListItem.Property(PlotOutline))</visible>
						</item>
						<item>
							<label>$LOCALIZE[20074]:</label>
							<label2>$INFO[Container(100).ListItem.Property(Mpaa)]</label2>
							<onclick>noop</onclick>
							<visible>!IsEmpty(Container(100).ListItem.Property(Mpaa))</visible>
						</item>
						<item>
							<label>$LOCALIZE[567]:</label>
							<label2>$INFO[Container(100).ListItem.Property(Playcount)]</label2>
							<onclick>noop</onclick>
							<visible>!IsEmpty(Container(100).ListItem.Property(Playcount))</visible>
						</item>
						<item>
							<label>$LOCALIZE[15311]</label>
							<label2>$INFO[Container(100).ListItem.Property(Path)]</label2>
							<onclick>noop</onclick>
							<visible>!IsEmpty(Container(100).ListItem.Property(Path))</visible>
						</item>
					</content>
				</control>
				<control type="panel" id="120">
					<left>31</left>
					<top>88</top>
					<width>1138</width>
					<height>328</height>
					<onleft>110</onleft>
					<onright>190</onright>
					<onup>110</onup>
					<ondown>195</ondown>
					<pagecontrol>-</pagecontrol>
					<orientation>horizontal</orientation>
					<scrolltime tween="quadratic" easing="out">200</scrolltime>
					<itemlayout height="82" width="569">
						<control type="label">
							<top>40</top>
							<width>569</width>
							<height>32</height>
							<font>font14</font>
							<textcolor>$VAR[ColorTextVar]</textcolor>
							<selectedcolor>$VAR[ColorHighlightVar]</selectedcolor>
							<label>$INFO[ListItem.Label2]</label>
							<textoffsetx>15</textoffsetx>
						</control>
						<control type="label">
							<top>0</top>
							<width>569</width>
							<height>41</height>
							<font>font14</font>
							<textcolor>$VAR[ColorHighlightVar]</textcolor>
							<selectedcolor>$VAR[ColorHighlightVar]</selectedcolor>
							<label>$INFO[ListItem.Label]</label>
							<textoffsetx>15</textoffsetx>
						</control>
					</itemlayout>
					<focusedlayout height="82" width="569">
						<control type="image">
							<top>1</top>
							<width>569</width>
							<height>80</height>
							<texture>listselect_fo.png</texture>
							<colordiffuse>$VAR[ColorHighlightVar]</colordiffuse>
							<visible>Control.HasFocus(120)</visible>
							<include>VisibleFadeEffect</include>
						</control>
						<control type="label">
							<top>40</top>
							<width>569</width>
							<height>32</height>
							<font>font14</font>
							<textcolor>$VAR[ColorTextVar]</textcolor>
							<selectedcolor>$VAR[ColorHighlightVar]</selectedcolor>
							<label>$INFO[ListItem.Label2]</label>
							<textoffsetx>15</textoffsetx>
						</control>
						<control type="label">
							<top>0</top>
							<width>569</width>
							<height>41</height>
							<font>font14</font>
							<textcolor>$VAR[ColorTextVar]</textcolor>
							<selectedcolor>$VAR[ColorHighlightVar]</selectedcolor>
							<label>$INFO[ListItem.Label]</label>
							<textoffsetx>15</textoffsetx>
						</control>
					</focusedlayout>
					<content>
						<item>
							<label>$LOCALIZE[20360]:</label>
							<label2>$INFO[Container(100).ListItem.Property(Episode)]</label2>
							<onclick>noop</onclick>
							<visible>!IsEmpty(Container(100).ListItem.Property(Episode))</visible>
						</item>
						<item>
							<label>$LOCALIZE[20416]:</label>
							<label2>$INFO[Container(100).ListItem.Property(Premiered)]</label2>
							<onclick>noop</onclick>
							<visible>!IsEmpty(Container(100).ListItem.Property(Premiered))</visible>
						</item>
						<item>
							<label>$LOCALIZE[572]:</label>
							<label2>$INFO[Container(100).ListItem.Property(Studio)]</label2>
							<onclick>noop</onclick>
							<visible>!IsEmpty(Container(100).ListItem.Property(Studio))</visible>
						</item>
						<item>
							<label>$LOCALIZE[515]:</label>
							<label2>$INFO[Container(100).ListItem.Property(Genre)]</label2>
							<onclick>noop</onclick>
							<visible>!IsEmpty(Container(100).ListItem.Property(Genre))</visible>
						</item>
						<item>
							<label>$LOCALIZE[562]:</label>
							<label2>$INFO[Container(100).ListItem.Property(Year)]</label2>
							<onclick>noop</onclick>
							<visible>!IsEmpty(Container(100).ListItem.Property(Year))</visible>
						</item>
						<item>
							<label>$LOCALIZE[563]:</label>
							<label2>$INFO[Container(100).ListItem.Property(Rating)]</label2>
							<onclick>noop</onclick>
							<visible>!IsEmpty(Container(100).ListItem.Property(Rating))</visible>
						</item>
						<item>
							<label>$LOCALIZE[20074]:</label>
							<label2>$INFO[Container(100).ListItem.Property(Mpaa)]</label2>
							<onclick>noop</onclick>
							<visible>!IsEmpty(Container(100).ListItem.Property(Mpaa))</visible>
						</item>
						<item>
							<label>$LOCALIZE[567]:</label>
							<label2>$INFO[Container(100).ListItem.Property(Playcount)]</label2>
							<onclick>noop</onclick>
							<visible>!IsEmpty(Container(100).ListItem.Property(Playcount))</visible>
						</item>
						<item>
							<label>$LOCALIZE[15311]</label>
							<label2>$INFO[Container(100).ListItem.Property(Path)]</label2>
							<onclick>noop</onclick>
							<visible>!IsEmpty(Container(100).ListItem.Property(Path))</visible>
						</item>
					</content>
				</control>
				<control type="panel" id="130">
					<left>31</left>
					<top>88</top>
					<width>1138</width>
					<height>328</height>
					<onleft>110</onleft>
					<onright>190</onright>
					<onup>110</onup>
					<ondown>195</ondown>
					<pagecontrol>-</pagecontrol>
					<orientation>horizontal</orientation>
					<scrolltime tween="quadratic" easing="out">200</scrolltime>
					<itemlayout height="82" width="569">
						<control type="label">
							<top>40</top>
							<width>569</width>
							<height>32</height>
							<font>font14</font>
							<textcolor>$VAR[ColorTextVar]</textcolor>
							<selectedcolor>$VAR[ColorHighlightVar]</selectedcolor>
							<label>$INFO[ListItem.Label2]</label>
							<textoffsetx>15</textoffsetx>
						</control>
						<control type="label">
							<top>0</top>
							<width>569</width>
							<height>41</height>
							<font>font14</font>
							<textcolor>$VAR[ColorHighlightVar]</textcolor>
							<selectedcolor>$VAR[ColorHighlightVar]</selectedcolor>
							<label>$INFO[ListItem.Label]</label>
							<textoffsetx>15</textoffsetx>
						</control>
					</itemlayout>
					<focusedlayout height="82" width="569">
						<control type="image">
							<top>1</top>
							<width>569</width>
							<height>80</height>
							<texture>listselect_fo.png</texture>
							<colordiffuse>$VAR[ColorHighlightVar]</colordiffuse>
							<visible>Control.HasFocus(130)</visible>
							<include>VisibleFadeEffect</include>
						</control>
						<control type="label">
							<top>40</top>
							<width>569</width>
							<height>32</height>
							<font>font14</font>
							<textcolor>$VAR[ColorTextVar]</textcolor>
							<selectedcolor>$VAR[ColorHighlightVar]</selectedcolor>
							<label>$INFO[ListItem.Label2]</label>
							<textoffsetx>15</textoffsetx>
						</control>
						<control type="label">
							<top>0</top>
							<width>569</width>
							<height>41</height>
							<font>font14</font>
							<textcolor>$VAR[ColorTextVar]</textcolor>
							<selectedcolor>$VAR[ColorHighlightVar]</selectedcolor>
							<label>$INFO[ListItem.Label]</label>
							<textoffsetx>15</textoffsetx>
						</control>
					</focusedlayout>
					<content>
						<item>
							<label>$LOCALIZE[20364]:</label>
							<label2>$INFO[Container(100).ListItem.Property(TVShowTitle)]</label2>
							<onclick>noop</onclick>
							<visible>!IsEmpty(Container(100).ListItem.Property(TVShowTitle))</visible>
						</item>
						<item>
							<label>$LOCALIZE[20360]:</label>
							<label2>$INFO[Container(100).ListItem.Property(Episode)]</label2>
							<onclick>noop</onclick>
							<visible>!IsEmpty(Container(100).ListItem.Property(Episode))</visible>
						</item>
						<item>
							<label>$LOCALIZE[567]:</label>
							<label2>$INFO[Container(100).ListItem.Property(Playcount)]</label2>
							<onclick>noop</onclick>
							<visible>!IsEmpty(Container(100).ListItem.Property(Playcount))</visible>
						</item>
						<item>
							<label>$LOCALIZE[15311]</label>
							<label2>$INFO[Container(100).ListItem.Property(Path)]</label2>
							<onclick>noop</onclick>
							<visible>!IsEmpty(Container(100).ListItem.Property(Path))</visible>
						</item>
					</content>
				</control>
				<control type="panel" id="140">
					<left>31</left>
					<top>88</top>
					<width>1138</width>
					<height>328</height>
					<onleft>110</onleft>
					<onright>190</onright>
					<onup>110</onup>
					<ondown>195</ondown>
					<pagecontrol>-</pagecontrol>
					<orientation>horizontal</orientation>
					<scrolltime tween="quadratic" easing="out">200</scrolltime>
					<itemlayout height="82" width="569">
						<control type="label">
							<top>40</top>
							<width>569</width>
							<height>32</height>
							<font>font14</font>
							<textcolor>$VAR[ColorTextVar]</textcolor>
							<selectedcolor>$VAR[ColorHighlightVar]</selectedcolor>
							<label>$INFO[ListItem.Label2]</label>
							<textoffsetx>15</textoffsetx>
						</control>
						<control type="label">
							<top>0</top>
							<width>569</width>
							<height>41</height>
							<font>font14</font>
							<textcolor>$VAR[ColorHighlightVar]</textcolor>
							<selectedcolor>$VAR[ColorHighlightVar]</selectedcolor>
							<label>$INFO[ListItem.Label]</label>
							<textoffsetx>15</textoffsetx>
						</control>
					</itemlayout>
					<focusedlayout height="82" width="569">
						<control type="image">
							<top>1</top>
							<width>569</width>
							<height>80</height>
							<texture>listselect_fo.png</texture>
							<colordiffuse>$VAR[ColorHighlightVar]</colordiffuse>
							<visible>Control.HasFocus(140)</visible>
							<include>VisibleFadeEffect</include>
						</control>
						<control type="label">
							<top>40</top>
							<width>569</width>
							<height>32</height>
							<font>font14</font>
							<textcolor>$VAR[ColorTextVar]</textcolor>
							<selectedcolor>$VAR[ColorHighlightVar]</selectedcolor>
							<label>$INFO[ListItem.Label2]</label>
							<textoffsetx>15</textoffsetx>
						</control>
						<control type="label">
							<top>0</top>
							<width>569</width>
							<height>41</height>
							<font>font14</font>
							<textcolor>$VAR[ColorTextVar]</textcolor>
							<selectedcolor>$VAR[ColorHighlightVar]</selectedcolor>
							<label>$INFO[ListItem.Label]</label>
							<textoffsetx>15</textoffsetx>
						</control>
					</focusedlayout>
					<content>
						<item>
							<label>$LOCALIZE[20364]:</label>
							<label2>$INFO[Container(100).ListItem.Property(TVShowTitle)]</label2>
							<onclick>noop</onclick>
							<visible>!IsEmpty(Container(100).ListItem.Property(TVShowTitle))</visible>
						</item>
						<item>
							<label>$LOCALIZE[20373]:</label>
							<label2>$INFO[Container(100).ListItem.Property(Season)]</label2>
							<onclick>noop</onclick>
							<visible>!IsEmpty(Container(100).ListItem.Property(Season))</visible>
						</item>
						<item>
							<label>$LOCALIZE[20360]:</label>
							<label2>$INFO[Container(100).ListItem.Property(Episode)]</label2>
							<onclick>noop</onclick>
							<visible>!IsEmpty(Container(100).ListItem.Property(Episode))</visible>
						</item>
						<item>
							<label>$LOCALIZE[20339]:</label>
							<label2>$INFO[Container(100).ListItem.Property(Director)]</label2>
							<onclick>noop</onclick>
							<visible>!IsEmpty(Container(100).ListItem.Property(Director))</visible>
						</item>
						<item>
							<label>$LOCALIZE[20416]:</label>
							<label2>$INFO[Container(100).ListItem.Property(Premiered)]</label2>
							<onclick>noop</onclick>
							<visible>!IsEmpty(Container(100).ListItem.Property(Premiered))</visible>
						</item>
						<item>
							<label>$LOCALIZE[2050]:</label>
							<label2>$INFO[Container(100).ListItem.Property(Duration),, $LOCALIZE[12391]]</label2>
							<onclick>noop</onclick>
							<visible>!IsEmpty(Container(100).ListItem.Property(Duration)) + !SubString(Container(100).ListItem.Property(Duration),min)</visible>
						</item>
						<item>
							<label>$LOCALIZE[2050]:</label>
							<label2>$INFO[Container(100).ListItem.Property(Duration)]</label2>
							<onclick>noop</onclick>
							<visible>!IsEmpty(Container(100).ListItem.Property(Duration)) + SubString(Container(100).ListItem.Property(Duration),min)</visible>
						</item>
						<item>
							<label>$LOCALIZE[563]:</label>
							<label2>$INFO[Container(100).ListItem.Property(Rating)]</label2>
							<onclick>noop</onclick>
							<visible>!IsEmpty(Container(100).ListItem.Property(Rating))</visible>
						</item>
						<item>
							<label>$LOCALIZE[567]:</label>
							<label2>$INFO[Container(100).ListItem.Property(Playcount)]</label2>
							<onclick>noop</onclick>
							<visible>!IsEmpty(Container(100).ListItem.Property(Playcount))</visible>
						</item>
						<item>
							<label>$LOCALIZE[15311]</label>
							<label2>$INFO[Container(100).ListItem.Property(Path)]</label2>
							<onclick>noop</onclick>
							<visible>!IsEmpty(Container(100).ListItem.Property(Path))</visible>
						</item>
					</content>
				</control>
				<control type="panel" id="150">
					<left>31</left>
					<top>88</top>
					<width>1138</width>
					<height>328</height>
					<onleft>110</onleft>
					<onright>190</onright>
					<onup>110</onup>
					<ondown>195</ondown>
					<pagecontrol>-</pagecontrol>
					<orientation>horizontal</orientation>
					<scrolltime tween="quadratic" easing="out">200</scrolltime>
					<itemlayout height="82" width="569">
						<control type="label">
							<top>40</top>
							<width>569</width>
							<height>32</height>
							<font>font14</font>
							<textcolor>$VAR[ColorTextVar]</textcolor>
							<selectedcolor>$VAR[ColorHighlightVar]</selectedcolor>
							<label>$INFO[ListItem.Label2]</label>
							<textoffsetx>15</textoffsetx>
						</control>
						<control type="label">
							<top>0</top>
							<width>569</width>
							<height>41</height>
							<font>font14</font>
							<textcolor>$VAR[ColorHighlightVar]</textcolor>
							<selectedcolor>$VAR[ColorHighlightVar]</selectedcolor>
							<label>$INFO[ListItem.Label]</label>
							<textoffsetx>15</textoffsetx>
						</control>
					</itemlayout>
					<focusedlayout height="82" width="569">
						<control type="image">
							<top>1</top>
							<width>569</width>
							<height>80</height>
							<texture>listselect_fo.png</texture>
							<colordiffuse>$VAR[ColorHighlightVar]</colordiffuse>
							<visible>Control.HasFocus(150)</visible>
							<include>VisibleFadeEffect</include>
						</control>
						<control type="label">
							<top>40</top>
							<width>569</width>
							<height>32</height>
							<font>font14</font>
							<textcolor>$VAR[ColorTextVar]</textcolor>
							<selectedcolor>$VAR[ColorHighlightVar]</selectedcolor>
							<label>$INFO[ListItem.Label2]</label>
							<textoffsetx>15</textoffsetx>
						</control>
						<control type="label">
							<top>0</top>
							<width>569</width>
							<height>41</height>
							<font>font14</font>
							<textcolor>$VAR[ColorTextVar]</textcolor>
							<selectedcolor>$VAR[ColorHighlightVar]</selectedcolor>
							<label>$INFO[ListItem.Label]</label>
							<textoffsetx>15</textoffsetx>
						</control>
					</focusedlayout>
					<content>
						<item>
							<label>$LOCALIZE[557]:</label>
							<label2>$INFO[Container(100).ListItem.Property(Artist)]</label2>
							<onclick>noop</onclick>
							<visible>!IsEmpty(Container(100).ListItem.Property(Artist))</visible>
						</item>
						<item>
							<label>$LOCALIZE[558]:</label>
							<label2>$INFO[Container(100).ListItem.Property(Album)]</label2>
							<onclick>noop</onclick>
							<visible>!IsEmpty(Container(100).ListItem.Property(Album))</visible>
						</item>
						<item>
							<label>$LOCALIZE[515]:</label>
							<label2>$INFO[Container(100).ListItem.Property(Genre)]</label2>
							<onclick>noop</onclick>
							<visible>!IsEmpty(Container(100).ListItem.Property(Genre))</visible>
						</item>
						<item>
							<label>$LOCALIZE[572]:</label>
							<label2>$INFO[Container(100).ListItem.Property(Studio)]</label2>
							<onclick>noop</onclick>
							<visible>!IsEmpty(Container(100).ListItem.Property(Studio))</visible>
						</item>
						<item>
							<label>$LOCALIZE[20339]:</label>
							<label2>$INFO[Container(100).ListItem.Property(Director)]</label2>
							<onclick>noop</onclick>
							<visible>!IsEmpty(Container(100).ListItem.Property(Director))</visible>
						</item>
						<item>
							<label>$LOCALIZE[562]:</label>
							<label2>$INFO[Container(100).ListItem.Property(Year)]</label2>
							<onclick>noop</onclick>
							<visible>!IsEmpty(Container(100).ListItem.Property(Year))</visible>
						</item>
						<item>
							<label>$LOCALIZE[2050]:</label>
							<label2>$INFO[Container(100).ListItem.Property(Duration)]</label2>
							<onclick>noop</onclick>
							<visible>!IsEmpty(Container(100).ListItem.Property(Duration))</visible>
						</item>
						<item>
							<label>$LOCALIZE[567]:</label>
							<label2>$INFO[Container(100).ListItem.Property(Playcount)]</label2>
							<onclick>noop</onclick>
							<visible>!IsEmpty(Container(100).ListItem.Property(Playcount))</visible>
						</item>
						<item>
							<label>$LOCALIZE[15311]</label>
							<label2>$INFO[Container(100).ListItem.Property(Path)]</label2>
							<onclick>noop</onclick>
							<visible>!IsEmpty(Container(100).ListItem.Property(Path))</visible>
						</item>
					</content>
				</control>
				<control type="panel" id="160">
					<left>31</left>
					<top>88</top>
					<width>1138</width>
					<height>328</height>
					<onleft>110</onleft>
					<onright>190</onright>
					<onup>110</onup>
					<ondown>195</ondown>
					<pagecontrol>-</pagecontrol>
					<orientation>horizontal</orientation>
					<scrolltime tween="quadratic" easing="out">200</scrolltime>
					<itemlayout height="82" width="569">
						<control type="label">
							<top>40</top>
							<width>569</width>
							<height>32</height>
							<font>font14</font>
							<textcolor>$VAR[ColorTextVar]</textcolor>
							<selectedcolor>$VAR[ColorHighlightVar]</selectedcolor>
							<label>$INFO[ListItem.Label2]</label>
							<textoffsetx>15</textoffsetx>
						</control>
						<control type="label">
							<top>0</top>
							<width>569</width>
							<height>41</height>
							<font>font14</font>
							<textcolor>$VAR[ColorHighlightVar]</textcolor>
							<selectedcolor>$VAR[ColorHighlightVar]</selectedcolor>
							<label>$INFO[ListItem.Label]</label>
							<textoffsetx>15</textoffsetx>
						</control>
					</itemlayout>
					<focusedlayout height="82" width="569">
						<control type="image">
							<top>1</top>
							<width>569</width>
							<height>80</height>
							<texture>listselect_fo.png</texture>
							<colordiffuse>$VAR[ColorHighlightVar]</colordiffuse>
							<visible>Control.HasFocus(160)</visible>
							<include>VisibleFadeEffect</include>
						</control>
						<control type="label">
							<top>40</top>
							<width>569</width>
							<height>32</height>
							<font>font14</font>
							<textcolor>$VAR[ColorTextVar]</textcolor>
							<selectedcolor>$VAR[ColorHighlightVar]</selectedcolor>
							<label>$INFO[ListItem.Label2]</label>
							<textoffsetx>15</textoffsetx>
						</control>
						<control type="label">
							<top>0</top>
							<width>569</width>
							<height>41</height>
							<font>font14</font>
							<textcolor>$VAR[ColorTextVar]</textcolor>
							<selectedcolor>$VAR[ColorHighlightVar]</selectedcolor>
							<label>$INFO[ListItem.Label]</label>
							<textoffsetx>15</textoffsetx>
						</control>
					</focusedlayout>
					<content>
						<item>
							<label>$LOCALIZE[21893]:</label>
							<label2>$INFO[Container(100).ListItem.Property(Artist_Born)]</label2>
							<onclick>noop</onclick>
							<visible>!IsEmpty(Container(100).ListItem.Property(Artist_Born))</visible>
						</item>
						<item>
							<label>$LOCALIZE[21894]:</label>
							<label2>$INFO[Container(100).ListItem.Property(Artist_Formed)]</label2>
							<onclick>noop</onclick>
							<visible>!IsEmpty(Container(100).ListItem.Property(Artist_Formed))</visible>
						</item>
						<item>
							<label>$LOCALIZE[21897]:</label>
							<label2>$INFO[Container(100).ListItem.Property(Artist_Died)]</label2>
							<onclick>noop</onclick>
							<visible>!IsEmpty(Container(100).ListItem.Property(Artist_Died))</visible>
						</item>
						<item>
							<label>$LOCALIZE[21896]:</label>
							<label2>$INFO[Container(100).ListItem.Property(Artist_Disbanded)]</label2>
							<onclick>noop</onclick>
							<visible>!IsEmpty(Container(100).ListItem.Property(Artist_Disbanded))</visible>
						</item>
						<item>
							<label>$LOCALIZE[21898]:</label>
							<label2>$INFO[Container(100).ListItem.Property(Artist_YearsActive)]</label2>
							<onclick>noop</onclick>
							<visible>!IsEmpty(Container(100).ListItem.Property(Artist_YearsActive))</visible>
						</item>
						<item>
							<label>$LOCALIZE[175]:</label>
							<label2>$INFO[Container(100).ListItem.Property(Artist_Mood)]</label2>
							<onclick>noop</onclick>
							<visible>!IsEmpty(Container(100).ListItem.Property(Artist_Mood))</visible>
						</item>
						<item>
							<label>$LOCALIZE[176]:</label>
							<label2>$INFO[Container(100).ListItem.Property(Artist_Style)]</label2>
							<onclick>noop</onclick>
							<visible>!IsEmpty(Container(100).ListItem.Property(Artist_Style))</visible>
						</item>
						<item>
							<label>$LOCALIZE[515]:</label>
							<label2>$INFO[Container(100).ListItem.Property(Genre)]</label2>
							<onclick>noop</onclick>
							<visible>!IsEmpty(Container(100).ListItem.Property(Genre))</visible>
						</item>
						<item>
							<label>$LOCALIZE[15311]</label>
							<label2>$INFO[Container(100).ListItem.Property(Path)]</label2>
							<onclick>noop</onclick>
							<visible>!IsEmpty(Container(100).ListItem.Property(Path))</visible>
						</item>
					</content>
				</control>
				<control type="panel" id="170">
					<left>31</left>
					<top>88</top>
					<width>1138</width>
					<height>328</height>
					<onleft>110</onleft>
					<onright>190</onright>
					<onup>110</onup>
					<ondown>195</ondown>
					<pagecontrol>-</pagecontrol>
					<orientation>horizontal</orientation>
					<scrolltime tween="quadratic" easing="out">200</scrolltime>
					<itemlayout height="82" width="569">
						<control type="label">
							<top>40</top>
							<width>569</width>
							<height>32</height>
							<font>font14</font>
							<textcolor>$VAR[ColorTextVar]</textcolor>
							<selectedcolor>$VAR[ColorHighlightVar]</selectedcolor>
							<label>$INFO[ListItem.Label2]</label>
							<textoffsetx>15</textoffsetx>
						</control>
						<control type="label">
							<top>0</top>
							<width>569</width>
							<height>41</height>
							<font>font14</font>
							<textcolor>$VAR[ColorHighlightVar]</textcolor>
							<selectedcolor>$VAR[ColorHighlightVar]</selectedcolor>
							<label>$INFO[ListItem.Label]</label>
							<textoffsetx>15</textoffsetx>
						</control>
					</itemlayout>
					<focusedlayout height="82" width="569">
						<control type="image">
							<top>1</top>
							<width>569</width>
							<height>80</height>
							<texture>listselect_fo.png</texture>
							<colordiffuse>$VAR[ColorHighlightVar]</colordiffuse>
							<visible>Control.HasFocus(170)</visible>
							<include>VisibleFadeEffect</include>
						</control>
						<control type="label">
							<top>40</top>
							<width>569</width>
							<height>32</height>
							<font>font14</font>
							<textcolor>$VAR[ColorTextVar]</textcolor>
							<selectedcolor>$VAR[ColorHighlightVar]</selectedcolor>
							<label>$INFO[ListItem.Label2]</label>
							<textoffsetx>15</textoffsetx>
						</control>
						<control type="label">
							<top>0</top>
							<width>569</width>
							<height>41</height>
							<font>font14</font>
							<textcolor>$VAR[ColorTextVar]</textcolor>
							<selectedcolor>$VAR[ColorHighlightVar]</selectedcolor>
							<label>$INFO[ListItem.Label]</label>
							<textoffsetx>15</textoffsetx>
						</control>
					</focusedlayout>
					<content>
						<item>
							<label>$LOCALIZE[557]:</label>
							<label2>$INFO[Container(100).ListItem.Property(Artist)]</label2>
							<onclick>noop</onclick>
							<visible>!IsEmpty(Container(100).ListItem.Property(Artist))</visible>
						</item>
						<item>
							<label>$LOCALIZE[515]:</label>
							<label2>$INFO[Container(100).ListItem.Property(Genre)]</label2>
							<onclick>noop</onclick>
							<visible>!IsEmpty(Container(100).ListItem.Property(Genre))</visible>
						</item>
						<item>
							<label>$LOCALIZE[563]:</label>
							<label2>$INFO[Container(100).ListItem.Property(Album_Rating)]</label2>
							<onclick>noop</onclick>
							<visible>!IsEmpty(Container(100).ListItem.Property(Rating))</visible>
						</item>
						<item>
							<label>$LOCALIZE[175]:</label>
							<label2>$INFO[Container(100).ListItem.Property(Album_Mood)]</label2>
							<onclick>noop</onclick>
							<visible>!IsEmpty(Container(100).ListItem.Property(Album_Mood))</visible>
						</item>
						<item>
							<label>$LOCALIZE[176]:</label>
							<label2>$INFO[Container(100).ListItem.Property(Album_Style)]</label2>
							<onclick>noop</onclick>
							<visible>!IsEmpty(Container(100).ListItem.Property(Album_Style))</visible>
						</item>
						<item>
							<label>$LOCALIZE[21895]:</label>
							<label2>$INFO[Container(100).ListItem.Property(Album_Theme)]</label2>
							<onclick>noop</onclick>
							<visible>!IsEmpty(Container(100).ListItem.Property(Album_Theme))</visible>
						</item>
						<item>
							<label>$LOCALIZE[146]</label>
							<label2>$INFO[Container(100).ListItem.Property(Album_Type)]</label2>
							<onclick>noop</onclick>
							<visible>!IsEmpty(Container(100).ListItem.Property(Album_Type))</visible>
						</item>
						<item>
							<label>$LOCALIZE[21899]:</label>
							<label2>$INFO[Container(100).ListItem.Property(Album_Label)]</label2>
							<onclick>noop</onclick>
							<visible>!IsEmpty(Container(100).ListItem.Property(Album_Label))</visible>
						</item>
						<item>
							<label>$LOCALIZE[562]:</label>
							<label2>$INFO[Container(100).ListItem.Property(Year)]</label2>
							<onclick>noop</onclick>
							<visible>!IsEmpty(Container(100).ListItem.Property(Year))</visible>
						</item>
						<item>
							<label>$LOCALIZE[15311]</label>
							<label2>$INFO[Container(100).ListItem.Property(Path)]</label2>
							<onclick>noop</onclick>
							<visible>!IsEmpty(Container(100).ListItem.Property(Path))</visible>
						</item>
					</content>
				</control>
				<control type="panel" id="180">
					<left>31</left>
					<top>88</top>
					<width>1138</width>
					<height>328</height>
					<onleft>110</onleft>
					<onright>190</onright>
					<onup>110</onup>
					<ondown>195</ondown>
					<pagecontrol>-</pagecontrol>
					<orientation>horizontal</orientation>
					<scrolltime tween="quadratic" easing="out">200</scrolltime>
					<itemlayout height="82" width="569">
						<control type="label">
							<top>40</top>
							<width>569</width>
							<height>32</height>
							<font>font14</font>
							<textcolor>$VAR[ColorTextVar]</textcolor>
							<selectedcolor>$VAR[ColorHighlightVar]</selectedcolor>
							<label>$INFO[ListItem.Label2]</label>
							<textoffsetx>15</textoffsetx>
						</control>
						<control type="label">
							<top>0</top>
							<width>569</width>
							<height>41</height>
							<font>font14</font>
							<textcolor>$VAR[ColorHighlightVar]</textcolor>
							<selectedcolor>$VAR[ColorHighlightVar]</selectedcolor>
							<label>$INFO[ListItem.Label]</label>
							<textoffsetx>15</textoffsetx>
						</control>
					</itemlayout>
					<focusedlayout height="82" width="569">
						<control type="image">
							<top>1</top>
							<width>569</width>
							<height>80</height>
							<texture>listselect_fo.png</texture>
							<colordiffuse>$VAR[ColorHighlightVar]</colordiffuse>
							<visible>Control.HasFocus(180)</visible>
							<include>VisibleFadeEffect</include>
						</control>
						<control type="label">
							<top>40</top>
							<width>569</width>
							<height>32</height>
							<font>font14</font>
							<textcolor>$VAR[ColorTextVar]</textcolor>
							<selectedcolor>$VAR[ColorHighlightVar]</selectedcolor>
							<label>$INFO[ListItem.Label2]</label>
							<textoffsetx>15</textoffsetx>
						</control>
						<control type="label">
							<top>0</top>
							<width>569</width>
							<height>41</height>
							<font>font14</font>
							<textcolor>$VAR[ColorTextVar]</textcolor>
							<selectedcolor>$VAR[ColorHighlightVar]</selectedcolor>
							<label>$INFO[ListItem.Label]</label>
							<textoffsetx>15</textoffsetx>
						</control>
					</focusedlayout>
					<content>
						<item>
							<label>$LOCALIZE[557]:</label>
							<label2>$INFO[Container(100).ListItem.Property(Artist)]</label2>
							<onclick>noop</onclick>
							<visible>!IsEmpty(Container(100).ListItem.Property(Artist))</visible>
						</item>
						<item>
							<label>$LOCALIZE[558]</label>
							<label2>$INFO[Container(100).ListItem.Property(Album)]</label2>
							<onclick>noop</onclick>
							<visible>!IsEmpty(Container(100).ListItem.Property(Album))</visible>
						</item>
						<item>
							<label>$LOCALIZE[554]:</label>
							<label2>$INFO[Container(100).ListItem.Property(Track)]</label2>
							<onclick>noop</onclick>
							<visible>!IsEmpty(Container(100).ListItem.Property(Track))</visible>
						</item>
						<item>
							<label>$LOCALIZE[2050]:</label>
							<label2>$INFO[Container(100).ListItem.Property(Duration),, $LOCALIZE[12391]]</label2>
							<onclick>noop</onclick>
							<visible>!IsEmpty(Container(100).ListItem.Property(Duration)) + !SubString(Container(100).ListItem.Property(Duration),min)</visible>
						</item>
						<item>
							<label>$LOCALIZE[2050]:</label>
							<label2>$INFO[Container(100).ListItem.Property(Duration)]</label2>
							<onclick>noop</onclick>
							<visible>!IsEmpty(Container(100).ListItem.Property(Duration)) + SubString(Container(100).ListItem.Property(Duration),min)</visible>
						</item>
						<item>
							<label>$LOCALIZE[563]:</label>
							<label2>$INFO[Container(100).ListItem.Property(Rating)]</label2>
							<onclick>noop</onclick>
							<visible>!IsEmpty(Container(100).ListItem.Property(Rating))</visible>
						</item>
						<item>
							<label>$LOCALIZE[515]:</label>
							<label2>$INFO[Container(100).ListItem.Property(Genre)]</label2>
							<onclick>noop</onclick>
							<visible>!IsEmpty(Container(100).ListItem.Property(Genre))</visible>
						</item>
						<item>
							<label>$LOCALIZE[562]:</label>
							<label2>$INFO[Container(100).ListItem.Property(Year)]</label2>
							<onclick>noop</onclick>
							<visible>!IsEmpty(Container(100).ListItem.Property(Year))</visible>
						</item>
						<item>
							<label>$LOCALIZE[567]:</label>
							<label2>$INFO[Container(100).ListItem.Property(Playcount)]</label2>
							<onclick>noop</onclick>
							<visible>!IsEmpty(Container(100).ListItem.Property(Playcount))</visible>
						</item>
						<item>
							<label>$LOCALIZE[15311]</label>
							<label2>$INFO[Container(100).ListItem.Property(Path)]</label2>
							<onclick>noop</onclick>
							<visible>!IsEmpty(Container(100).ListItem.Property(Path))</visible>
						</item>
					</content>
				</control>
				<control type="list" id="200">
					<left>31</left>
					<top>88</top>
					<width>1138</width>
					<height>328</height>
					<onleft>110</onleft>
					<onright>190</onright>
					<onup>110</onup>
					<ondown>195</ondown>
					<pagecontrol>-</pagecontrol>
					<orientation>horizontal</orientation>
					<scrolltime tween="quadratic" easing="out">200</scrolltime>
					<itemlayout height="82" width="569">
						<control type="label">
							<top>40</top>
							<width>569</width>
							<height>32</height>
							<font>font14</font>
							<textcolor>$VAR[ColorTextVar]</textcolor>
							<selectedcolor>$VAR[ColorHighlightVar]</selectedcolor>
							<label>$INFO[ListItem.Label2]</label>
							<textoffsetx>15</textoffsetx>
						</control>
						<control type="label">
							<top>0</top>
							<width>569</width>
							<height>41</height>
							<font>font14</font>
							<textcolor>$VAR[ColorHighlightVar]</textcolor>
							<selectedcolor>$VAR[ColorHighlightVar]</selectedcolor>
							<label>$INFO[ListItem.Label]</label>
							<textoffsetx>15</textoffsetx>
						</control>
					</itemlayout>
					<focusedlayout height="82" width="569">
						<control type="image">
							<top>1</top>
							<width>569</width>
							<height>80</height>
							<texture>listselect_fo.png</texture>
							<colordiffuse>$VAR[ColorHighlightVar]</colordiffuse>
							<visible>Control.HasFocus(140)</visible>
							<include>VisibleFadeEffect</include>
						</control>
						<control type="label">
							<top>40</top>
							<width>569</width>
							<height>32</height>
							<font>font14</font>
							<textcolor>$VAR[ColorTextVar]</textcolor>
							<selectedcolor>$VAR[ColorHighlightVar]</selectedcolor>
							<label>$INFO[ListItem.Label2]</label>
							<textoffsetx>15</textoffsetx>
						</control>
						<control type="label">
							<top>0</top>
							<width>569</width>
							<height>41</height>
							<font>font14</font>
							<textcolor>$VAR[ColorTextVar]</textcolor>
							<selectedcolor>$VAR[ColorHighlightVar]</selectedcolor>
							<label>$INFO[ListItem.Label]</label>
							<textoffsetx>15</textoffsetx>
						</control>
					</focusedlayout>
					<content>
						<item>
							<label>$LOCALIZE[19080]:</label>
							<label2>$INFO[Container(100).ListItem.Property(StartTime)]</label2>
							<onclick>noop</onclick>
							<visible>!IsEmpty(Container(100).ListItem.Property(StartTime))</visible>
						</item>
						<item>
							<label>$LOCALIZE[19081]:</label>
							<label2>$INFO[Container(100).ListItem.Property(EndTime)]</label2>
							<onclick>noop</onclick>
							<visible>!IsEmpty(Container(100).ListItem.Property(EndTime))</visible>
						</item>
						<item>
							<label>$LOCALIZE[2050]:</label>
							<label2>$INFO[Container(100).ListItem.Property(Duration),, $LOCALIZE[12391]]</label2>
							<onclick>noop</onclick>
							<visible>!IsEmpty(Container(100).ListItem.Property(Duration))</visible>
						</item>
						<item>
							<label>$LOCALIZE[515]:</label>
							<label2>$INFO[Container(100).ListItem.Property(Genre)]</label2>
							<onclick>noop</onclick>
							<visible>!IsEmpty(Container(100).ListItem.Property(Genre))</visible>
						</item>
						<item>
							<label>$LOCALIZE[19148]:</label>
							<label2>$INFO[Container(100).ListItem.Property(ChannelNumber)]. $INFO[Container(100).ListItem.Property(ChannelName)]</label2>
							<onclick>noop</onclick>
							<visible>!IsEmpty(Container(100).ListItem.Property(ChannelName))</visible>
						</item>
						<item>
							<label>$LOCALIZE[15311]</label>
							<label2>$INFO[Container(100).ListItem.Property(Path)]</label2>
							<onclick>noop</onclick>
							<visible>!IsEmpty(Container(100).ListItem.Property(Path))</visible>
						</item>
					</content>
				</control>
			</control>
			<control type="textbox">
				<left>46</left>
				<top>440</top>
				<width>1108</width>
				<height>220</height>
				<font>font14_textbox4</font>
				<textcolor>$VAR[ColorTextVar]</textcolor>
				<pagecontrol>195</pagecontrol>
				<label>$INFO[Container(100).ListItem.Property(Plot)]</label>
				<autoscroll time="3000" delay="4000" repeat="5000">Skin.HasSetting(Enable.AutoScroll)</autoscroll>
				<visible>Control.IsVisible(110) | Control.IsVisible(140) | Control.IsVisible(150)</visible>
			</control>
			<control type="scrollbar" id="195">
				<left>1168</left>
				<top>440</top>
				<height>220</height>
				<width>12</width>
				<onleft>101</onleft>
				<onright>190</onright>
				<orientation>vertical</orientation>
				<visible>Control.IsVisible(110) | Control.IsVisible(140) | Control.IsVisible(150)</visible>
			</control>
			<control type="textbox">
				<left>46</left>
				<top>440</top>
				<width>1108</width>
				<height>275</height>
				<font>font14_textbox5</font>
				<textcolor>$VAR[ColorTextVar]</textcolor>
				<pagecontrol>195</pagecontrol>
				<label>$INFO[Container(100).ListItem.Property(Plot)]</label>
				<autoscroll time="3000" delay="4000" repeat="5000">Skin.HasSetting(Enable.AutoScroll)</autoscroll>
				<visible>Control.IsVisible(120) | Control.IsVisible(130)</visible>
			</control>
			<control type="textbox">
				<left>46</left>
				<top>440</top>
				<width>1108</width>
				<height>275</height>
				<font>font14_textbox5</font>
				<textcolor>$VAR[ColorTextVar]</textcolor>
				<pagecontrol>195</pagecontrol>
				<label>$INFO[Container(100).ListItem.Property(Artist_Description)]</label>
				<autoscroll time="3000" delay="4000" repeat="5000">Skin.HasSetting(Enable.AutoScroll)</autoscroll>
				<visible>Control.IsVisible(160)</visible>
			</control>
			<control type="textbox">
				<left>46</left>
				<top>440</top>
				<width>1108</width>
				<height>275</height>
				<font>font14_textbox5</font>
				<textcolor>$VAR[ColorTextVar]</textcolor>
				<pagecontrol>195</pagecontrol>
				<label>$INFO[Container(100).ListItem.Property(Album_Description)]</label>
				<autoscroll time="3000" delay="4000" repeat="5000">Skin.HasSetting(Enable.AutoScroll)</autoscroll>
				<visible>Control.IsVisible(170)</visible>
			</control>
			<control type="scrollbar" id="195">
				<left>1168</left>
				<top>440</top>
				<height>275</height>
				<width>12</width>
				<onleft>101</onleft>
				<onright>190</onright>
				<orientation>vertical</orientation>
				<visible>![Control.IsVisible(110) | Control.IsVisible(140) | Control.IsVisible(150)]</visible>
			</control>
			<!-- right group -->
			<control type="group" id="190">
				<left>1182</left>
				<top>88</top>
				<control type="grouplist" id="190">
					<onup>190</onup>
					<onleft>101</onleft>
					<onright>101</onright>
					<ondown>190</ondown>
					<control type="image">
						<width>310</width>
						<height>465</height>
						<aspectratio aligny="top">keep</aspectratio>
						<texture>$INFO[Container(100).ListItem.Icon]</texture>
					</control>
					<control type="button" id="191">
						<description>Ok Button</description>
						<width>310</width>
						<label>186</label>
					</control>
					<control type="button" id="192">
						<description>Play Button</description>
						<width>310</width>
						<label>-</label>
					</control>
					<control type="button" id="193">
						<description>Trailer Button</description>
						<width>310</width>
						<label>192</label>
					</control>
				</control>
			</control>
		</control>
	</controls>
</window>