<?xml version="1.0" encoding="utf-8" standalone="yes"?>
<window id="5200">
    <defaultcontrol>7000</defaultcontrol>
    <include>dialogeffect</include>
    <coordinates>
        <system>1</system>
        <left>258</left>
        <top>60</top>
    </coordinates>
    <controls>
        <!-- Window -->
        <include name="DialogBackgroundCommons">
            <param name="DialogBackgroundWidth" value="1404" />
            <param name="DialogBackgroundHeight" value="960" />
            <param name="DialogHeaderLabel" value="$ADDON[script.games.rom.collection.browser 32999] - $ADDON[script.games.rom.collection.browser 32600]" />
            <param name="DialogHeaderId" value="" />
        </include>
        <control type="button" id="5101">
            <visible>False</visible>
        </control>
        <!-- Rom Collection List -->
        <control type="list" id="5210">
            <hitrect x="0" y="0" w="0" h="0" />
            <visible>!Container(7000).Hasfocus(5)</visible>
            <left>375</left>
            <top>90</top>
            <width>1000</width>
            <height>60</height>
            <onleft>5210</onleft>
            <onright>5210</onright>
            <onup>5210</onup>
            <ondown>5210</ondown>
            <pagecontrol>-</pagecontrol>
            <scrolltime>0</scrolltime>
            <itemlayout height="1" width="1000"></itemlayout>
            <focusedlayout height="60" width="1000">
                <control type="image">
                    <left>0</left>
                    <top>0</top>
                    <width>1000</width>
                    <height>60</height>
                    <texture>listselect_fo.png</texture>
                    <colordiffuse>$VAR[ColorHighlightVar]</colordiffuse>
                    <visible>[Control.HasFocus(5211) | Control.HasFocus(5212)]</visible>
                </control>
                <control type="label">
                    <include>RCBimportlabels</include>
                    <align>left</align>
                    <label>$ADDON[script.games.rom.collection.browser 32601]</label>
                </control>
                <control type="label">
                    <width>890</width>
                    <include>RCBimportlabels</include>
                    <align>right</align>
                    <label>$INFO[ListItem.Label]</label>
                </control>
            </focusedlayout>
        </control>
        <control type="button" id="5211">
            <description>Menu Item Next Button</description>
            <visible>!Container(7000).Hasfocus(5)</visible>
            <left>1320</left>
            <top>108</top>
            <width>40</width>
            <height>25</height>
            <label>-</label>
            <font>-</font>
            <texturenofocus colordiffuse="$VAR[ColorTextVar]">android/numberpicker_up_normal_holo_dark.png</texturenofocus>
            <texturefocus colordiffuse="$VAR[ColorHighlightVar]">android/numberpicker_up_normal_holo_dark.png</texturefocus>
            <onclick>Control.Move(5210,1)</onclick>
            <onleft>5212</onleft>
            <onright>6000</onright>
            <ondown>7010</ondown>
        </control>
        <control type="button" id="5212">
            <description>Menu Item Prev Button</description>
            <visible>!Container(7000).Hasfocus(5)</visible>
            <left>1280</left>
            <top>108</top>
            <width>40</width>
            <height>25</height>
            <label>-</label>
            <font>-</font>
            <texturenofocus colordiffuse="$VAR[ColorTextVar]">android/numberpicker_down_normal_holo_dark.png</texturenofocus>
            <texturefocus colordiffuse="$VAR[ColorHighlightVar]">android/numberpicker_down_normal_holo_dark.png</texturefocus>
            <onclick>Control.Move(5210,-1)</onclick>
            <onleft>7000</onleft>
            <onright>5211</onright>
            <ondown>7010</ondown>
        </control>
        <!-- Category buttons -->
        <control type="list" id="7000">
            <left>30</left>
            <top>90</top>
            <width>315</width>
            <height>300</height>
            <onleft>5212</onleft>
            <onright>5212</onright>
            <onup>7000</onup>
            <ondown>7000</ondown>
            <pagecontrol>-</pagecontrol>
            <scrolltime>300</scrolltime>
            <itemlayout height="60" width="315">
                <control type="label">
                    <left>0</left>
                    <width>315</width>
                    <height>60</height>
                    <textoffsetx>15</textoffsetx>
                    <font>font14</font>
                    <align>right</align>
                    <aligny>center</aligny>
                    <label>$INFO[ListItem.Label]</label>
                </control>
            </itemlayout>
            <focusedlayout height="60" width="315">
                <control type="image">
                    <left>0</left>
                    <top>0</top>
                    <width>315</width>
                    <height>60</height>
                    <texture>listselect_fo.png</texture>
                    <colordiffuse>$VAR[ColorHighlightVar]</colordiffuse>
                    <animation effect="fade" start="100" end="40" time="100" condition="!Control.HasFocus(7000)">Conditional</animation>
                </control>
                <control type="label">
                    <left>0</left>
                    <width>315</width>
                    <height>60</height>
                    <textoffsetx>15</textoffsetx>
                    <font>font14</font>
                    <align>right</align>
                    <aligny>center</aligny>
                    <label>$INFO[ListItem.Label]</label>
                </control>
            </focusedlayout>
            <content>
                <item id="1">
                    <label>$ADDON[script.games.rom.collection.browser 32602]</label>
                    <onclick>noop</onclick>
                </item>
                <item id="2">
                    <label>$ADDON[script.games.rom.collection.browser 32603]</label>
                    <onclick>noop</onclick>
                </item>
                <item id="3">
                    <label>$ADDON[script.games.rom.collection.browser 32604]</label>
                    <onclick>noop</onclick>
                </item>
                <item id="4">
                    <label>$ADDON[script.games.rom.collection.browser 32605]</label>
                    <onclick>noop</onclick>
                </item>
            </content>
        </control>
        <control type="group" id="7010">
            <!-- Game Import -->
            <control type="group" id="7001">
                <visible>Container(7000).Hasfocus(1)</visible>
                <left>375</left>
                <top>150</top>
                <pagecontrol>60</pagecontrol>
                <!-- Rom Path -->
                <control type="image">
                    <left>0</left>
                    <top>0</top>
                    <width>1000</width>
                    <height>60</height>
                    <texture>listselect_fo.png</texture>
                    <colordiffuse>$VAR[ColorHighlightVar]</colordiffuse>
                    <visible>Control.HasFocus(5240)</visible>
                </control>
                <control type="label">
                    <top>0</top>
                    <width>1000</width>
                    <include>RCBimportlabels</include>
                    <align>left</align>
                    <label>$ADDON[script.games.rom.collection.browser 32606]</label>
                </control>
                <control type="button" id="5240">
                    <description>Rom Path</description>
                    <top>0</top>
                    <width>1000</width>
                    <height>60</height>
                    <visible>true</visible>
                    <font>font14</font>
                    <align>right</align>
                    <aligny>center</aligny>
                    <textoffsetx>15</textoffsetx>
                    <texturenofocus></texturenofocus>
                    <texturefocus></texturefocus>
                    <onup>5212</onup>
                    <ondown>5250</ondown>
                    <onleft>7000</onleft>
                    <onright>6000</onright>
                </control>
                <!-- Rom file mask -->
                <control type="image">
                    <left>0</left>
                    <top>60</top>
                    <width>1000</width>
                    <height>60</height>
                    <texture>listselect_fo.png</texture>
                    <colordiffuse>$VAR[ColorHighlightVar]</colordiffuse>
                    <visible>Control.HasFocus(5250)</visible>
                </control>
                <control type="label">
                    <top>60</top>
                    <width>1000</width>
                    <include>RCBimportlabels</include>
                    <align>left</align>
                    <label>$ADDON[script.games.rom.collection.browser 32607]</label>
                </control>
                <control type="button" id="5250">
                    <description>Rom file mask</description>
                    <top>60</top>
                    <width>1000</width>
                    <height>60</height>
                    <visible>true</visible>
                    <font>font14</font>
                    <label>$ADDON[script.games.rom.collection.browser 32607]</label>
                    <align>right</align>
                    <textoffsetx>15</textoffsetx>
                    <texturenofocus></texturenofocus>
                    <texturefocus></texturefocus>
                    <onup>5240</onup>
                    <ondown>5330</ondown>
                    <onleft>7000</onleft>
                    <onright>6000</onright>
                </control>
                <!-- Ignore on scan -->
                <control type="radiobutton" id="5330">
                    <left>0</left>
                    <top>120</top>
                    <width>1000</width>
                    <height>60</height>
                    <font>font14</font>
                    <label>$ADDON[script.games.rom.collection.browser 32608]</label>
                    <onleft>7000</onleft>
                    <onright>6000</onright>
                    <onup>5250</onup>
                    <ondown>5400</ondown>
                </control>
                <!-- Allow update -->
                <control type="radiobutton" id="5400">
                    <left>0</left>
                    <top>180</top>
                    <width>1000</width>
                    <height>60</height>
                    <font>font14</font>
                    <label>$ADDON[script.games.rom.collection.browser 32609]</label>
                    <onleft>7000</onleft>
                    <onright>6000</onright>
                    <onup>5330</onup>
                    <ondown>5410</ondown>
                </control>
                <!-- Max folder depth -->
                <control type="image">
                    <left>0</left>
                    <top>240</top>
                    <width>1000</width>
                    <height>60</height>
                    <texture>listselect_fo.png</texture>
                    <colordiffuse>$VAR[ColorHighlightVar]</colordiffuse>
                    <visible>Control.HasFocus(5410)</visible>
                </control>
                <control type="label">
                    <top>240</top>
                    <width>1000</width>
                    <include>RCBimportlabels</include>
                    <align>left</align>
                    <label>$ADDON[script.games.rom.collection.browser 32610]</label>
                </control>
                <control type="button" id="5410">
                    <description>Max folder depth</description>
                    <top>240</top>
                    <width>1000</width>
                    <height>60</height>
                    <visible>true</visible>
                    <font>font14</font>
                    <texturefocus></texturefocus>
                    <texturenofocus></texturenofocus>
                    <align>right</align>
                    <textoffsetx>15</textoffsetx>
                    <onup>5400</onup>
                    <ondown>5420</ondown>
                    <onleft>7000</onleft>
                    <onright>6000</onright>
                </control>
                <!-- Disk indicator -->
                <control type="image">
                    <left>0</left>
                    <top>300</top>
                    <width>1000</width>
                    <height>60</height>
                    <texture>listselect_fo.png</texture>
                    <colordiffuse>$VAR[ColorHighlightVar]</colordiffuse>
                    <visible>Control.HasFocus(5420)</visible>
                </control>
                <control type="label">
                    <top>300</top>
                    <width>1000</width>
                    <include>RCBimportlabels</include>
                    <align>left</align>
                    <label>$ADDON[script.games.rom.collection.browser 32611]</label>
                </control>
                <control type="button" id="5420">
                    <description>Disk indicator</description>
                    <top>300</top>
                    <width>1000</width>
                    <height>60</height>
                    <visible>true</visible>
                    <font>font14</font>
                    <texturefocus></texturefocus>
                    <texturenofocus></texturenofocus>
                    <align>right</align>
                    <textoffsetx>15</textoffsetx>
                    <onup>5410</onup>
                    <ondown>5430</ondown>
                    <onleft>7000</onleft>
                    <onright>6000</onright>
                </control>
                <control type="radiobutton" id="5430">
                    <left>0</left>
                    <top>360</top>
                    <width>1000</width>
                    <height>60</height>
                    <font>font14</font>
                    <label>$ADDON[script.games.rom.collection.browser 32612]</label>
                    <onleft>7000</onleft>
                    <onright>6000</onright>
                    <onup>5420</onup>
                    <ondown>6000</ondown>
                </control>
            </control>
            <!-- Import Game data -->
            <control type="group" id="7002">
                <visible>Container(7000).Hasfocus(2)</visible>
                <left>375</left>
                <top>150</top>
                <!-- Scrapers -->
                <!-- Scraper 1 -->
                <control type="list" id="5290">
                    <hitrect x="0" y="0" w="0" h="0" />
                    <left>0</left>
                    <top>0</top>
                    <width>1000</width>
                    <height>60</height>
                    <onleft>5280</onleft>
                    <onright>5280</onright>
                    <onup>5280</onup>
                    <ondown>5280</ondown>
                    <enable>false</enable>
                    <pagecontrol>-</pagecontrol>
                    <scrolltime>0</scrolltime>
                    <itemlayout height="1" width="1000"></itemlayout>
                    <focusedlayout height="60" width="1000">
                        <control type="image">
                            <left>0</left>
                            <top>0</top>
                            <width>1000</width>
                            <height>60</height>
                            <texture>listselect_fo.png</texture>
                            <colordiffuse>$VAR[ColorHighlightVar]</colordiffuse>
                            <visible>[Control.HasFocus(5291) | Control.HasFocus(5292)]</visible>
                        </control>
                        <control type="label">
                            <include>RCBimportlabels</include>
                            <align>left</align>
                            <label>$ADDON[script.games.rom.collection.browser 32613]</label>
                        </control>
                        <control type="label">
                            <width>890</width>
                            <include>RCBimportlabels</include>
                            <align>right</align>
                            <label>$INFO[ListItem.Label]</label>
                        </control>
                    </focusedlayout>
                </control>
                <control type="button" id="5291">
                    <description>Menu Item Next Button</description>
                    <left>945</left>
                    <top>18</top>
                    <width>40</width>
                    <height>25</height>
                    <label>-</label>
                    <font>-</font>
                    <texturenofocus colordiffuse="$VAR[ColorTextVar]">android/numberpicker_up_normal_holo_dark.png</texturenofocus>
                    <texturefocus colordiffuse="$VAR[ColorHighlightVar]">android/numberpicker_up_normal_holo_dark.png</texturefocus>
                    <onclick>Control.Move(5290,1)</onclick>
                    <onleft>5292</onleft>
                    <onright>6000</onright>
                    <onup>5211</onup>
                    <ondown>5301</ondown>
                </control>
                <control type="button" id="5292">
                    <description>Menu Item Prev Button</description>
                    <left>905</left>
                    <top>18</top>
                    <width>40</width>
                    <height>25</height>
                    <label>-</label>
                    <font>-</font>
                    <texturenofocus colordiffuse="$VAR[ColorTextVar]">android/numberpicker_down_normal_holo_dark.png</texturenofocus>
                    <texturefocus colordiffuse="$VAR[ColorHighlightVar]">android/numberpicker_down_normal_holo_dark.png</texturefocus>
                    <onclick>Control.Move(5290,-1)</onclick>
                    <onleft>7000</onleft>
                    <onright>5291</onright>
                    <onup>5212</onup>
                    <ondown>5302</ondown>
                </control>
                <!-- Scraper 2 -->
                <control type="list" id="5300">
                    <hitrect x="0" y="0" w="0" h="0" />
                    <left>0</left>
                    <top>60</top>
                    <width>1000</width>
                    <height>60</height>
                    <onleft>5290</onleft>
                    <onright>5310</onright>
                    <onup>5290</onup>
                    <ondown>5310</ondown>
                    <pagecontrol>-</pagecontrol>
                    <scrolltime>0</scrolltime>
                    <itemlayout height="1" width="1000"></itemlayout>
                    <focusedlayout height="60" width="1000">
                        <control type="image">
                            <left>0</left>
                            <top>0</top>
                            <width>1000</width>
                            <height>60</height>
                            <texture>listselect_fo.png</texture>
                            <colordiffuse>$VAR[ColorHighlightVar]</colordiffuse>
                            <visible>[Control.HasFocus(5301) | Control.HasFocus(5302)]</visible>
                        </control>
                        <control type="label">
                            <include>RCBimportlabels</include>
                            <align>left</align>
                            <label>$ADDON[script.games.rom.collection.browser 32614]</label>
                        </control>
                        <control type="label">
                            <width>890</width>
                            <include>RCBimportlabels</include>
                            <align>right</align>
                            <label>$INFO[ListItem.Label]</label>
                        </control>
                    </focusedlayout>
                </control>
                <control type="button" id="5301">
                    <description>Menu Item Next Button</description>
                    <left>945</left>
                    <top>78</top>
                    <width>40</width>
                    <height>25</height>
                    <label>-</label>
                    <font>-</font>
                    <texturenofocus colordiffuse="$VAR[ColorTextVar]">android/numberpicker_up_normal_holo_dark.png</texturenofocus>
                    <texturefocus colordiffuse="$VAR[ColorHighlightVar]">android/numberpicker_up_normal_holo_dark.png</texturefocus>
                    <onclick>Control.Move(5300,1)</onclick>
                    <onleft>5302</onleft>
                    <onright>6000</onright>
                    <onup>5291</onup>
                    <ondown>5311</ondown>
                </control>
                <control type="button" id="5302">
                    <description>Menu Item Prev Button</description>
                    <left>905</left>
                    <top>78</top>
                    <width>40</width>
                    <height>25</height>
                    <label>-</label>
                    <font>-</font>
                    <texturenofocus colordiffuse="$VAR[ColorTextVar]">android/numberpicker_down_normal_holo_dark.png</texturenofocus>
                    <texturefocus colordiffuse="$VAR[ColorHighlightVar]">android/numberpicker_down_normal_holo_dark.png</texturefocus>
                    <onclick>Control.Move(5300,-1)</onclick>
                    <onleft>7000</onleft>
                    <onright>5301</onright>
                    <onup>5292</onup>
                    <ondown>5312</ondown>
                </control>
                <!-- Scraper 3 -->
                <control type="list" id="5310">
                    <hitrect x="0" y="0" w="0" h="0" />
                    <left>0</left>
                    <top>120</top>
                    <width>1000</width>
                    <height>60</height>
                    <onleft>5302</onleft>
                    <onright>5320</onright>
                    <onup>5301</onup>
                    <ondown>5320</ondown>
                    <pagecontrol>-</pagecontrol>
                    <scrolltime>0</scrolltime>
                    <itemlayout height="1" width="1000"></itemlayout>
                    <focusedlayout height="60" width="1000">
                        <control type="image">
                            <left>0</left>
                            <top>0</top>
                            <width>1000</width>
                            <height>60</height>
                            <texture>listselect_fo.png</texture>
                            <colordiffuse>$VAR[ColorHighlightVar]</colordiffuse>
                            <visible>[Control.HasFocus(5311) | Control.HasFocus(5312)]</visible>
                        </control>
                        <control type="label">
                            <include>RCBimportlabels</include>
                            <align>left</align>
                            <label>$ADDON[script.games.rom.collection.browser 32615]</label>
                        </control>
                        <control type="label">
                            <width>890</width>
                            <include>RCBimportlabels</include>
                            <align>right</align>
                            <label>$INFO[ListItem.Label]</label>
                        </control>
                    </focusedlayout>
                </control>
                <control type="button" id="5311">
                    <description>Menu Item Next Button</description>
                    <left>945</left>
                    <top>138</top>
                    <width>40</width>
                    <height>25</height>
                    <label>-</label>
                    <font>-</font>
                    <texturenofocus colordiffuse="$VAR[ColorTextVar]">android/numberpicker_up_normal_holo_dark.png</texturenofocus>
                    <texturefocus colordiffuse="$VAR[ColorHighlightVar]">android/numberpicker_up_normal_holo_dark.png</texturefocus>
                    <onclick>Control.Move(5310,1)</onclick>
                    <onleft>5312</onleft>
                    <onright>6000</onright>
                    <onup>5301</onup>
                    <ondown>5261</ondown>
                </control>
                <control type="button" id="5312">
                    <description>Menu Item Prev Button</description>
                    <left>905</left>
                    <top>138</top>
                    <width>40</width>
                    <height>25</height>
                    <label>-</label>
                    <font>-</font>
                    <texturenofocus colordiffuse="$VAR[ColorTextVar]">android/numberpicker_down_normal_holo_dark.png</texturenofocus>
                    <texturefocus colordiffuse="$VAR[ColorHighlightVar]">android/numberpicker_down_normal_holo_dark.png</texturefocus>
                    <onclick>Control.Move(5310,-1)</onclick>
                    <onleft>7000</onleft>
                    <onright>5311</onright>
                    <onup>5302</onup>
                    <ondown>5262</ondown>
                </control>
                <!-- Media Type -->
                <control type="group">
                    <left>0</left>
                    <top>180</top>
                    <control type="list" id="5260">
                        <hitrect x="0" y="0" w="0" h="0" />
                        <left>0</left>
                        <top>0</top>
                        <width>1000</width>
                        <height>60</height>
                        <onleft>7000</onleft>
                        <onright>5210</onright>
                        <onup>5210</onup>
                        <ondown>5210</ondown>
                        <pagecontrol>-</pagecontrol>
                        <scrolltime>0</scrolltime>
                        <enable>false</enable>
                        <itemlayout height="1" width="1000"></itemlayout>
                        <focusedlayout height="60" width="1000">
                            <control type="image">
                                <left>0</left>
                                <top>0</top>
                                <width>1000</width>
                                <height>60</height>
                                <texture>listselect_fo.png</texture>
                                <colordiffuse>$VAR[ColorHighlightVar]</colordiffuse>
                                <visible>[Control.HasFocus(5261) | Control.HasFocus(5262)]</visible>
                            </control>
                            <control type="label">
                                <include>RCBimportlabels</include>
                                <align>left</align>
                                <aligny>center</aligny>
                                <label>$ADDON[script.games.rom.collection.browser 32616]</label>
                            </control>
                            <control type="label">
                                <width>890</width>
                                <include>RCBimportlabels</include>
                                <align>right</align>
                                <label>$INFO[ListItem.Label]</label>
                            </control>
                        </focusedlayout>
                    </control>
                    <control type="button" id="5261">
                        <description>Menu Item Next Button</description>
                        <left>945</left>
                        <top>18</top>
                        <width>40</width>
                        <height>25</height>
                        <label>-</label>
                        <font>-</font>
                        <texturenofocus colordiffuse="$VAR[ColorTextVar]">android/numberpicker_up_normal_holo_dark.png</texturenofocus>
                        <texturefocus colordiffuse="$VAR[ColorHighlightVar]">android/numberpicker_up_normal_holo_dark.png</texturefocus>
                        <onclick>Control.Move(5260,1)</onclick>
                        <onleft>5262</onleft>
                        <onright>6000</onright>
                        <onup>5311</onup>
                        <ondown>5270</ondown>
                    </control>
                    <control type="button" id="5262">
                        <description>Menu Item Prev Button</description>
                        <left>905</left>
                        <top>18</top>
                        <width>40</width>
                        <height>25</height>
                        <label>-</label>
                        <font>-</font>
                        <texturenofocus colordiffuse="$VAR[ColorTextVar]">android/numberpicker_down_normal_holo_dark.png</texturenofocus>
                        <texturefocus colordiffuse="$VAR[ColorHighlightVar]">android/numberpicker_down_normal_holo_dark.png</texturefocus>
                        <onclick>Control.Move(5260,-1)</onclick>
                        <onleft>7000</onleft>
                        <onright>5261</onright>
                        <onup>5312</onup>
                        <ondown>5270</ondown>
                    </control>
                    <!-- Media Path -->
                    <control type="button" id="5270">
                        <description>Media Path</description>
                        <left>0</left>
                        <top>60</top>
                        <width>1000</width>
                        <height>60</height>
                        <visible>true</visible>
                        <font>font14</font>
                        <label>$ADDON[script.games.rom.collection.browser 32617]</label>
                        <align>right</align>
                        <textoffsetx>15</textoffsetx>
                        <onup>5262</onup>
                        <ondown>5280</ondown>
                        <onleft>7000</onleft>
                        <onright>6000</onright>
                    </control>
                    <control type="label">
                        <top>60</top>
                        <include>RCBimportlabels</include>
                        <align>left</align>
                        <label>$ADDON[script.games.rom.collection.browser 32617]</label>
                    </control>                    
                    <!-- File Mask -->
                    <control type="button" id="5280">
                        <description>Media File Mask</description>
                        <left>0</left>
                        <top>120</top>
                        <width>1000</width>
                        <height>60</height>
                        <visible>true</visible>
                        <label>$ADDON[script.games.rom.collection.browser 32618]</label>
                        <align>right</align>
                        <textoffsetx>15</textoffsetx>
                        <onup>5270</onup>
                        <ondown>5490</ondown>
                        <onleft>7000</onleft>
                        <onright>6000</onright>
                    </control>
                    <control type="label">
                        <top>120</top>
                        <include>RCBimportlabels</include>
                        <align>left</align>
                        <label>$ADDON[script.games.rom.collection.browser 32618]</label>
                    </control>
                    <control type="button" id="5490">
                        <description>Remove Media path</description>
                        <left>0</left>
                        <top>180</top>
                        <width>1000</width>
                        <height>60</height>
                        <visible>true</visible>
                        <label>$ADDON[script.games.rom.collection.browser 32619]</label>
                        <align>left</align>
                        <aligny>center</aligny>
                        <textoffsetx>15</textoffsetx>
                        <onup>5280</onup>
                        <ondown>5500</ondown>
                        <onleft>7000</onleft>
                        <onright>6000</onright>
                    </control>
                    <control type="button" id="5500">
                        <description>Add Media path</description>
                        <left>0</left>
                        <top>240</top>
                        <width>1000</width>
                        <height>60</height>
                        <visible>true</visible>
                        <label>$ADDON[script.games.rom.collection.browser 32620]</label>
                        <align>left</align>
                        <textoffsetx>15</textoffsetx>
                        <onup>5490</onup>
                        <ondown>6000</ondown>
                        <onleft>7000</onleft>
                        <onright>6000</onright>
                    </control>
                </control>
            </control>
            <!-- Game Browsing -->
            <control type="group" id="7002">
                <visible>Container(7000).Hasfocus(3)</visible>
                <left>375</left>
                <top>150</top>
                <control type="list" id="5320">
                    <hitrect x="0" y="0" w="0" h="0" />
                    <enable>false</enable>
                    <left>0</left>
                    <top>0</top>
                    <width>1000</width>
                    <height>60</height>
                    <onleft>5320</onleft>
                    <onright>5320</onright>
                    <onup>5320</onup>
                    <ondown>5320</ondown>
                    <pagecontrol>-</pagecontrol>
                    <scrolltime>0</scrolltime>
                    <itemlayout height="1" width="1000"></itemlayout>
                    <focusedlayout height="60" width="1000">
                        <control type="image">
                            <left>0</left>
                            <top>0</top>
                            <width>1000</width>
                            <height>60</height>
                            <texture>listselect_fo.png</texture>
                            <colordiffuse>$VAR[ColorHighlightVar]</colordiffuse>
                            <visible>[Control.HasFocus(5321) | Control.HasFocus(5322)]</visible>
                        </control>
                        <control type="label">
                            <include>RCBimportlabels</include>
                            <align>left</align>
                            <label>$ADDON[script.games.rom.collection.browser 32621]</label>
                        </control>
                        <control type="label">
                            <width>890</width>
                            <include>RCBimportlabels</include>
                            <align>right</align>
                            <label>$INFO[ListItem.Label]</label>
                        </control>
                    </focusedlayout>
                </control>
                <control type="button" id="5321">
                    <description>Menu Item Next Button</description>
                    <left>945</left>
                    <top>18</top>
                    <width>40</width>
                    <height>25</height>
                    <label>-</label>
                    <font>-</font>
                    <texturenofocus colordiffuse="$VAR[ColorTextVar]">android/numberpicker_up_normal_holo_dark.png</texturenofocus>
                    <texturefocus colordiffuse="$VAR[ColorHighlightVar]">android/numberpicker_up_normal_holo_dark.png</texturefocus>
                    <onclick>Control.Move(5320,1)</onclick>
                    <onleft>5322</onleft>
                    <onright>6000</onright>
                    <onup>5211</onup>
                    <ondown>5341</ondown>
                </control>
                <control type="button" id="5322">
                    <description>Menu Item Prev Button</description>
                    <left>905</left>
                    <top>18</top>
                    <width>40</width>
                    <height>25</height>
                    <label>-</label>
                    <font>-</font>
                    <texturenofocus colordiffuse="$VAR[ColorTextVar]">android/numberpicker_down_normal_holo_dark.png</texturenofocus>
                    <texturefocus colordiffuse="$VAR[ColorHighlightVar]">android/numberpicker_down_normal_holo_dark.png</texturefocus>
                    <onclick>Control.Move(5320,-1)</onclick>
                    <onleft>7000</onleft>
                    <onright>5321</onright>
                    <onup>5212</onup>
                    <ondown>5342</ondown>
                </control>
                <control type="list" id="5340">
                    <hitrect x="0" y="0" w="0" h="0" />
                    <enable>false</enable>
                    <left>0</left>
                    <top>60</top>
                    <width>1000</width>
                    <height>60</height>
                    <onleft>5340</onleft>
                    <onright>5340</onright>
                    <onup>5340</onup>
                    <ondown>5340</ondown>
                    <pagecontrol>-</pagecontrol>
                    <scrolltime>0</scrolltime>
                    <itemlayout height="1" width="1000"></itemlayout>
                    <focusedlayout height="60" width="1000">
                        <control type="image">
                            <left>0</left>
                            <top>0</top>
                            <width>1000</width>
                            <height>60</height>
                            <texture>listselect_fo.png</texture>
                            <colordiffuse>$VAR[ColorHighlightVar]</colordiffuse>
                            <visible>[Control.HasFocus(5341) | Control.HasFocus(5342)]</visible>
                        </control>
                        <control type="label">
                            <include>RCBimportlabels</include>
                            <align>left</align>
                            <label>$ADDON[script.games.rom.collection.browser 32622]</label>
                        </control>
                        <control type="label">
                            <width>890</width>
                            <include>RCBimportlabels</include>
                            <align>right</align>
                            <label>$INFO[ListItem.Label]</label>
                        </control>
                    </focusedlayout>
                </control>
                <control type="button" id="5341">
                    <description>Menu Item Next Button</description>
                    <left>945</left>
                    <top>78</top>
                    <width>40</width>
                    <height>25</height>
                    <label>-</label>
                    <font>-</font>
                    <texturenofocus colordiffuse="$VAR[ColorTextVar]">android/numberpicker_up_normal_holo_dark.png</texturenofocus>
                    <texturefocus colordiffuse="$VAR[ColorHighlightVar]">android/numberpicker_up_normal_holo_dark.png</texturefocus>
                    <onclick>Control.Move(5340,1)</onclick>
                    <onleft>5342</onleft>
                    <onright>6000</onright>
                    <onup>5321</onup>
                    <ondown>5350</ondown>
                </control>
                <control type="button" id="5342">
                    <description>Menu Item Prev Button</description>
                    <left>905</left>
                    <top>78</top>
                    <width>40</width>
                    <height>25</height>
                    <label>-</label>
                    <font>-</font>
                    <texturenofocus colordiffuse="$VAR[ColorTextVar]">android/numberpicker_down_normal_holo_dark.png</texturenofocus>
                    <texturefocus colordiffuse="$VAR[ColorHighlightVar]">android/numberpicker_down_normal_holo_dark.png</texturefocus>
                    <onclick>Control.Move(5340,-1)</onclick>
                    <onleft>7000</onleft>
                    <onright>5341</onright>
                    <onup>5322</onup>
                    <ondown>5350</ondown>
                </control>
                <!-- Autoplay Main -->
                <control type="radiobutton" id="5350">
                    <left>0</left>
                    <top>120</top>
                    <width>1000</width>
                    <height>60</height>
                    <font>font14</font>
                    <label>$ADDON[script.games.rom.collection.browser 32623]</label>
                    <onleft>7000</onleft>
                    <onright>6000</onright>
                    <onup>5342</onup>
                    <ondown>5360</ondown>
                </control>
                <!-- Autoplay Info -->
                <control type="radiobutton" id="5360">
                    <left>0</left>
                    <top>180</top>
                    <width>1000</width>
                    <height>60</height>
                    <font>font14</font>
                    <label>$ADDON[script.games.rom.collection.browser 32636]</label>
                    <onleft>7000</onleft>
                    <onright>6000</onright>
                    <onup>5350</onup>
                    <ondown>6000</ondown>
                </control>
            </control>
            <!-- Game Launching -->
            <control type="group" id="7003">
                <visible>Container(7000).Hasfocus(4)</visible>
                <left>375</left>
                <top>150</top>
                <!-- Emulator Cmd -->
                <control type="button" id="5220">
                    <description>EmuCmd</description>
                    <left>0</left>
                    <top>0</top>
                    <width>1000</width>
                    <height>60</height>
                    <visible>true</visible>
                    <font>font14</font>
                    <label>$INFO[ListItem.Label]</label>
                    <align>right</align>
                    <textoffsetx>15</textoffsetx>
                    <onup>5212</onup>
                    <ondown>5230</ondown>
                    <onleft>7000</onleft>
                    <onright>6000</onright>
                    <enable>!SubString(Control.GetLabel(5540),*) | !Control.IsVisible(5540)</enable>
                    <animation reversible="false" effect="fade" end="20" time="0" condition="SubString(Control.GetLabel(5540),*) + Control.IsVisible(5540)">Conditional</animation>
                </control>
                <control type="label">
                    <include>RCBimportlabels</include>
                    <align>left</align>
                    <label>$ADDON[script.games.rom.collection.browser 32624]</label>
                    <animation reversible="false" effect="fade" end="20" time="0" condition="SubString(Control.GetLabel(5540),*) + Control.IsVisible(5540)">Conditional</animation>
                </control>
                <!-- Emulator Params -->
                <control type="button" id="5230">
                    <description>EmuParams</description>
                    <left>0</left>
                    <top>60</top>
                    <width>1000</width>
                    <height>60</height>
                    <visible>true</visible>
                    <font>font14</font>
                    <align>right</align>
                    <textoffsetx>15</textoffsetx>
                    <onup>5220</onup>
                    <ondown>5440</ondown>
                    <onleft>7000</onleft>
                    <onright>6000</onright>
                    <enable>!SubString(Control.GetLabel(5540),*) | !Control.IsVisible(5540)</enable>
                    <animation reversible="false" effect="fade" end="20" time="0" condition="SubString(Control.GetLabel(5540),*) + Control.IsVisible(5540)">Conditional</animation>
                </control>
                <control type="label">
                    <top>60</top>
                    <include>RCBimportlabels</include>
                    <align>left</align>
                    <label>$ADDON[script.games.rom.collection.browser 32625]</label>
                    <animation reversible="false" effect="fade" end="20" time="0" condition="SubString(Control.GetLabel(5540),*) + Control.IsVisible(5540)">Conditional</animation>
                </control>
                <!-- Use emu solo -->
                <control type="radiobutton" id="5440">
                    <left>0</left>
                    <top>120</top>
                    <width>1000</width>
                    <height>60</height>
                    <font>font14</font>
                    <label>$ADDON[script.games.rom.collection.browser 32626]</label>
                    <onleft>7000</onleft>
                    <onright>6000</onright>
                    <onup>5230</onup>
                    <ondown>5530</ondown>
                    <enable>!SubString(Control.GetLabel(5540),*) | !Control.IsVisible(5540)</enable>
                    <animation reversible="false" effect="fade" end="50" time="0" condition="SubString(Control.GetLabel(5540),*) + Control.IsVisible(5540)">Conditional</animation>
                </control>
                <!-- Use Popen -->
                <control type="radiobutton" id="5530">
                    <left>0</left>
                    <top>180</top>
                    <width>1000</width>
                    <height>60</height>
                    <font>font14</font>
                    <label>$ADDON[script.games.rom.collection.browser 32627]</label>
                    <onleft>7000</onleft>
                    <onright>6000</onright>
                    <onup>5440</onup>
                    <ondown>5460</ondown>
                    <enable>!SubString(Control.GetLabel(5540),*) | !Control.IsVisible(5540)</enable>
                    <animation reversible="false" effect="fade" end="50" time="0" condition="SubString(Control.GetLabel(5540),*) + Control.IsVisible(5540)">Conditional</animation>
                </control>
                <!-- Savestate path -->
                <control type="button" id="5460">
                    <description>Savestates</description>
                    <left>0</left>
                    <top>240</top>
                    <width>1000</width>
                    <height>60</height>
                    <visible>true</visible>
                    <font>font14</font>
                    <align>right</align>
                    <textoffsetx>15</textoffsetx>
                    <onup>5530</onup>
                    <ondown>5470</ondown>
                    <onleft>7000</onleft>
                    <onright>6000</onright>
                    <enable>!SubString(Control.GetLabel(5540),*) | !Control.IsVisible(5540)</enable>
                    <animation reversible="false" effect="fade" end="20" time="0" condition="SubString(Control.GetLabel(5540),*) + Control.IsVisible(5540)">Conditional</animation>
                </control>
                <control type="label">
                    <top>240</top>
                    <include>RCBimportlabels</include>
                    <align>left</align>
                    <label>$ADDON[script.games.rom.collection.browser 32629]</label>
                    <animation reversible="false" effect="fade" end="20" time="0" condition="SubString(Control.GetLabel(5540),*) + Control.IsVisible(5540)">Conditional</animation>
                </control>
                <!-- Savestate file mask -->
                <control type="button" id="5470">
                    <description>Savestates</description>
                    <left>0</left>
                    <top>300</top>
                    <width>1000</width>
                    <height>60</height>
                    <visible>true</visible>
                    <font>font14</font>
                    <align>right</align>
                    <textoffsetx>15</textoffsetx>
                    <onup>5460</onup>
                    <ondown>5480</ondown>
                    <onleft>7000</onleft>
                    <onright>6000</onright>
                    <enable>!SubString(Control.GetLabel(5540),*) | !Control.IsVisible(5540)</enable>
                    <animation reversible="false" effect="fade" end="20" time="0" condition="SubString(Control.GetLabel(5540),*) + Control.IsVisible(5540)">Conditional</animation>
                </control>
                <control type="label">
                    <top>300</top>
                    <include>RCBimportlabels</include>
                    <align>left</align>
                    <label>$ADDON[script.games.rom.collection.browser 32630]</label>
                    <animation reversible="false" effect="fade" end="20" time="0" condition="SubString(Control.GetLabel(5540),*) + Control.IsVisible(5540)">Conditional</animation>
                </control>
                <!-- Savestate params -->
                <control type="button" id="5480">
                    <description>Savestates</description>
                    <left>0</left>
                    <top>360</top>
                    <width>1000</width>
                    <height>60</height>
                    <visible>true</visible>
                    <font>font14</font>
                    <align>right</align>
                    <textoffsetx>15</textoffsetx>
                    <onup>5470</onup>
                    <ondown>5510</ondown>
                    <onleft>7000</onleft>
                    <onright>6000</onright>
                    <enable>!SubString(Control.GetLabel(5540),*) | !Control.IsVisible(5540)</enable>
                    <animation reversible="false" effect="fade" end="20" time="0" condition="SubString(Control.GetLabel(5540),*) + Control.IsVisible(5540)">Conditional</animation>
                </control>
                <control type="label">
                    <top>360</top>
                    <include>RCBimportlabels</include>
                    <align>left</align>
                    <label>$ADDON[script.games.rom.collection.browser 32631]</label>
                    <animation reversible="false" effect="fade" end="20" time="0" condition="SubString(Control.GetLabel(5540),*) + Control.IsVisible(5540)">Conditional</animation>
                </control>
                <!-- PreCmd -->
                <control type="button" id="5510">
                    <description>Pre-Launch Command</description>
                    <left>0</left>
                    <top>420</top>
                    <width>1000</width>
                    <height>60</height>
                    <visible>true</visible>
                    <font>font14</font>
                    <align>right</align>
                    <textoffsetx>15</textoffsetx>
                    <onup>5480</onup>
                    <ondown>5520</ondown>
                    <onleft>7000</onleft>
                    <onright>6000</onright>
                    <enable>!SubString(Control.GetLabel(5540),*) | !Control.IsVisible(5540)</enable>
                    <animation reversible="false" effect="fade" end="20" time="0" condition="SubString(Control.GetLabel(5540),*) + Control.IsVisible(5540)">Conditional</animation>
                </control>
                <control type="label">
                    <top>420</top>
                    <include>RCBimportlabels</include>
                    <align>left</align>
                    <label>$ADDON[script.games.rom.collection.browser 32632]</label>
                    <animation reversible="false" effect="fade" end="20" time="0" condition="SubString(Control.GetLabel(5540),*) + Control.IsVisible(5540)">Conditional</animation>
                </control>
                <!-- PostCmd -->
                <control type="button" id="5520">
                    <description>Post-Launch Command</description>
                    <left>0</left>
                    <top>480</top>
                    <width>1000</width>
                    <height>60</height>
                    <visible>true</visible>
                    <font>font14</font>
                    <align>right</align>
                    <textoffsetx>15</textoffsetx>
                    <onup>5510</onup>
                    <ondown>5450</ondown>
                    <onleft>7000</onleft>
                    <onright>6000</onright>
                    <enable>!SubString(Control.GetLabel(5540),*) | !Control.IsVisible(5540)</enable>
                    <animation reversible="false" effect="fade" end="20" time="0" condition="SubString(Control.GetLabel(5540),*) + Control.IsVisible(5540)">Conditional</animation>
                </control>
                <control type="label">
                    <top>480</top>
                    <include>RCBimportlabels</include>
                    <align>left</align>
                    <label>$ADDON[script.games.rom.collection.browser 32633]</label>
                    <animation reversible="false" effect="fade" end="20" time="0" condition="SubString(Control.GetLabel(5540),*) + Control.IsVisible(5540)">Conditional</animation>
                </control>
                <!-- Do not extract zip files -->
                <control type="radiobutton" id="5450">
                    <left>0</left>
                    <top>540</top>
                    <width>1000</width>
                    <height>60</height>
                    <font>font14</font>
                    <label>$ADDON[script.games.rom.collection.browser 32628]</label>
                    <onleft>7000</onleft>
                    <onright>6000</onright>
                    <onup>5520</onup>
                    <ondown>5560</ondown>
                </control>
                <!-- Make local copy -->
                <control type="radiobutton" id="5560">
                    <left>0</left>
                    <top>600</top>
                    <width>1000</width>
                    <height>60</height>
                    <font>font14</font>
                    <label>$ADDON[script.games.rom.collection.browser 52039]</label>
                    <onleft>7000</onleft>
                    <onright>6000</onright>
                    <onup>5450</onup>
                    <ondown>5540</ondown>
                </control>
                <!-- Use RetroPlayer -->
                <control type="radiobutton" id="5540">
                    <left>0</left>
                    <top>660</top>
                    <width>1000</width>
                    <height>60</height>
                    <font>font14</font>
                    <label>$ADDON[script.games.rom.collection.browser 32637]</label>
                    <onleft>7000</onleft>
                    <onright>6000</onright>
                    <onup>5450</onup>
                    <ondown>5550</ondown>
                </control>
                <!-- Game Client -->
                <control type="button" id="5550">
                    <description>Game client</description>
                    <left>0</left>
                    <top>720</top>
                    <width>1000</width>
                    <height>60</height>
                    <visible>false</visible>
                    <font>font14</font>
                    <label>$INFO[ListItem.Label]</label>
                    <align>right</align>
                    <enable>SubString(Control.GetLabel(5540),*)</enable>
                    <textoffsetx>15</textoffsetx>
                    <onup>5540</onup>
                    <ondown>6000</ondown>
                    <onleft>7000</onleft>
                    <onright>6000</onright>
                </control>
                <control type="label">
                    <visible>false</visible>
                    <top>720</top>
                    <include>RCBimportlabels</include>
                    <align>left</align>
                    <label>$ADDON[script.games.rom.collection.browser 32638]</label>
                    <animation reversible="false" effect="fade" end="20" time="0" condition="!SubString(Control.GetLabel(5540),*)">Conditional</animation>
                </control>
            </control>
        </control>
        <!-- Buttons -->
        <control type="button" id="6000">
            <description>Save</description>
            <left>30</left>
            <top>870</top>
            <width>652</width>
            <height>60</height>
            <font>font15_title</font>
            <textcolor>$VAR[ColorTextVar]</textcolor>
            <focusedcolor>$VAR[ColorTextVar]</focusedcolor>
            <align>center</align>
            <texturefocus>listselect_fo.png</texturefocus>
            <label>$ADDON[script.games.rom.collection.browser 32634]</label>
            <onup>7010</onup>
            <onleft>7000</onleft>
            <onright>6010</onright>
        </control>
        <control type="button" id="6010">
            <description>Cancel</description>
            <left>722</left>
            <top>870</top>
            <width>652</width>
            <height>60</height>
            <font>font15_title</font>
            <textcolor>$VAR[ColorTextVar]</textcolor>
            <focusedcolor>$VAR[ColorTextVar]</focusedcolor>
            <align>center</align>
            <texturefocus>listselect_fo.png</texturefocus>
            <label>$ADDON[script.games.rom.collection.browser 32635]</label>
            <onup>7010</onup>
            <onleft>6000</onleft>
            <onright>7000</onright>
        </control>
    </controls>
</window>
