<?xml version="1.0" encoding="UTF-8"?>
<window>
	<defaultcontrol always="true">3012</defaultcontrol>
	<include>dialogeffect</include>
    <coordinates>
        <system>1</system>
        <left>310</left>
        <top>190</top>
    </coordinates>
	<controls>
		<control type="group">
			 <include name="DialogBackgroundCommons">
                <param name="DialogBackgroundWidth" value="1300" />
                <param name="DialogBackgroundHeight" value="700" />
                <param name="DialogHeaderLabel" value="" />
                <param name="DialogHeaderId" value="-" />
            </include>
            <control type="label">
                <description>header label</description>
                <visible>IntegerGreaterThan(Player.TimeRemaining(ss),59)</visible>
                <top>25</top>
                <width>1300</width>
                <height>40</height>
                <font>font15_title</font>
                <label>$ADDON[service.nextup.notification 30008]...</label>
                <textoffsetx>30</textoffsetx>
                <align>center</align>
                <textcolor>$VAR[ColorTextVar]</textcolor>
            </control>
            <control type="label">
                <description>header label</description>
                <visible>!IntegerGreaterThan(Player.TimeRemaining(ss),59)</visible>
                <top>25</top>
                <width>1300</width>
                <height>40</height>
                <font>font15_title</font>
                <label>$ADDON[service.nextup.notification 30008]... $INFO[Player.TimeRemaining(ss)]</label>
                <textoffsetx>30</textoffsetx>
                <align>center</align>
                <textcolor>$VAR[ColorTextVar]</textcolor>
            </control>
            <control type="image" id="3009">
                <description>Poster</description>
                <left>30</left>
                <top>90</top>
                <width>333</width>
                <height>500</height>
                <fadetime>350</fadetime>
                <aspectratio scalediffuse="false">scale</aspectratio>
            </control>
            <control type="label">
                <left>383</left>
                <width>887</width>
                <top>75</top>
                <height>65</height>
                <aligny>top</aligny>
                <font>font28_title</font>
                <textcolor>$VAR[ColorHighlightVar]</textcolor>
                <label>$INFO[Control.GetLabel(3002)] $INFO[Control.GetLabel(3000)]</label>
            </control>
            <control type="textbox" id="3001">
                <description>Plot</description>
                <left>383</left>
                <top>140</top>
                <height>455</height>
                <width>887</width>
                <font>font14_textbox</font>
                <textcolor>$VAR[ColorTextVar]</textcolor>
                <align>left</align>
                <aligny>top</aligny>
                <autoscroll time="3000" delay="4000" repeat="5000">Skin.HasSetting(Enable.AutoScroll)</autoscroll>
            </control>
            <control type="button" id="3012">
                <description>Watch Now</description>
                <left>30</left>
                <top>610</top>
                <width>605</width>
                <onleft>3013</onleft>
                <onright>3013</onright>
                <font>font15_title</font>
                <align>center</align>
                <label>$ADDON[service.nextup.notification 30006]</label>
            </control>
            <control type="button" id="3013">
                <description>Cancel</description>
                <left>665</left>
                <top>610</top>
                <width>605</width>
                <onleft>3012</onleft>
                <onright>3012</onright>
                <font>font15_title</font>
                <align>center</align>
                <label>222</label>
            </control>
            <control type="image" id="3006">
                <description>Clearart</description>
                <visible>false</visible>
            </control>
            <control type="image" id="3010">
                <description>Landscape</description>
                <visible>false</visible>
            </control>
            <control type="label" id="3002">
                <description>Episode/season info</description>
                <visible>false</visible>
            </control>
            <control type="label" id="3000">
                <description>Title</description>
                <visible>false</visible>
            </control>
            <control type="label" id="3003">
                <description>Rating</description>
                <visible>false</visible>
            </control>
            <control type="label" id="3004">
                <description>Year/runtime</description>
                <visible>false</visible>
            </control>
		</control>
	</controls>
</window>