<?xml version="1.0" encoding="UTF-8"?>
<includes>
	<!-- Video LowList -->
	<include name="VideoLowList">
		<control type="group">
			<visible>Control.IsVisible(501) + !Window.IsActive(addoninformation)</visible>
			<include>Animation.Common</include>
			<control type="image">
				<top>600</top>
				<width>FullScreenWidth</width>
				<height>651</height>
				<colordiffuse>$VAR[ColorBackgroundVar]</colordiffuse>
				<texture>background.png</texture>
			</control>
			<control type="group">
				<visible>!Container.Content(addons)</visible>
				<left>30</left>
				<top>431</top>
				<control type="image">
					<width>402</width>
					<height>603</height>
					<aspectratio aligny="center" align="center">scale</aspectratio>
					<texture background="true" fallback="DefaultFallback.png">$VAR[PosterVar]</texture>
					<fadetime>IconCrossfadeTime</fadetime>
				</control>
			</control>
			<control type="group">
				<visible>Container.Content(addons)</visible>
				<left>30</left>
				<top>633</top>
				<control type="image">
					<width>402</width>
					<height>402</height>
					<aspectratio aligny="center" align="center">scale</aspectratio>
					<texture background="true">$INFO[ListItem.Icon]</texture>
					<fadetime>IconCrossfadeTime</fadetime>
				</control>
			</control>
			<control type="group">
				<left>1300</left>
				<top>640</top>
				<include>VisibleFadeEffect</include>
				<control type="textbox" id="70">
					<label>$VAR[VideoPlotVar]</label>
					<width>585</width>
					<height>390</height>
					<font>font14_textbox</font>
					<include>ShowCaseInfoPanelButtonsValues</include>
					<autoscroll time="3000" delay="4000" repeat="5000">Skin.HasSetting(Enable.AutoScroll)</autoscroll>
				</control>
			</control>
			<control type="grouplist">
				<visible>Container.Content(addons)</visible>
				<left>1280</left>
				<top>620</top>
				<width>610</width>
				<height>360</height>
				<usecontrolcoords>true</usecontrolcoords>
				<control type="button">
					<label>[COLOR $VAR[ColorHighlightVar]]$LOCALIZE[146][/COLOR][CR]$INFO[ListItem.Property(Addon.Type)]</label>
					<width>610</width>
					<include>ShowCaseInfoPanelButtonsValues</include>
					<visible>!IsEmpty(ListItem.Property(Addon.Type))</visible>
				</control>
				<control type="button">
					<label>[COLOR $VAR[ColorHighlightVar]]$LOCALIZE[21863]:[/COLOR][CR]$INFO[ListItem.Property(Addon.Creator)]</label>
					<width>610</width>
					<include>ShowCaseInfoPanelButtonsValues</include>
					<visible>!IsEmpty(ListItem.Property(Addon.Creator))</visible>
				</control>
			</control>
			<control type="group">
				<visible>Container.Content(addons)</visible>
				<left>1295</left>
				<top>814</top>
				<control type="textbox" id="70">
					<label>$INFO[ListItem.Property(Addon.Description)]</label>
					<width>595</width>
					<height>220</height>
					<font>font14_textbox4</font>
					<include>ShowCaseInfoPanelButtonsValues</include>
					<autoscroll time="3000" delay="4000" repeat="5000">Skin.HasSetting(Enable.AutoScroll)</autoscroll>
				</control>
			</control>
			<control type="group">
                <visible>IntegerGreaterThan(Container(501).NumItems,0)</visible>
                <control type="image">
                    <left>463</left>
                    <top>632</top>
                    <width>806</width>
                    <height>67</height>
                    <visible>Control.HasFocus(501)</visible>
                    <animation effect="fade" time="320" delay="200">Visible</animation>
                    <animation effect="fade" time="50">Hidden</animation>
                    <texture colordiffuse="$VAR[ColorHighlightVar]">listselect_fo.png</texture>
                    <animation effect="slide" end="0,67" time="300" tween="cubic" easing="inout" condition="IntegerGreaterThan(Container(501).Row,4)">Conditional</animation>
                    <animation effect="slide" end="0,67" time="300" tween="cubic" easing="inout" condition="IntegerGreaterThan(Container(501).Row,3)">Conditional</animation>
                    <animation effect="slide" end="0,67" time="300" tween="cubic" easing="inout" condition="IntegerGreaterThan(Container(501).Row,2)">Conditional</animation>
                    <animation effect="slide" end="0,67" time="300" tween="cubic" easing="inout" condition="IntegerGreaterThan(Container(501).Row,1)">Conditional</animation>
                    <animation effect="slide" end="0,67" time="300" tween="cubic" easing="inout" condition="IntegerGreaterThan(Container(501).Row,0)">Conditional</animation>
                </control>
            </control>
			<control type="panel" id="501">
				<left>463</left>
				<top>632</top>
				<width>976</width>
				<height>402</height>
				<onleft>SetProperty(MediaMenu,True,home)</onleft>
				<onleft>SetFocus(9050)</onleft>
				<onright>60</onright>
				<onup>501</onup>
				<ondown>501</ondown>
				<pagecontrol>60</pagecontrol>
				<viewtype label="31003">list</viewtype>
				<scrolltime tween="quadratic" easing="out">200</scrolltime>
				<itemlayout height="67" width="806" condition="Container.Content(movies)">
					<control type="label">
						<left>15</left>
						<width>90</width>
						<height>67</height>
						<font>font15</font>
						<textcolor>$VAR[ColorTextVar]</textcolor>
						<selectedcolor>$VAR[ColorTextVar]</selectedcolor>
						<align>left</align>
						<aligny>center</aligny>
						<label fallback="• • • •">$INFO[ListItem.Year]</label>
						<visible>!IsEmpty(ListItem.Title)</visible>
					</control>
					<control type="label">
						<left>110</left>
						<width>620</width>
						<height>67</height>
						<font>font15</font>
						<textcolor>$VAR[ColorTextVar]</textcolor>
						<selectedcolor>$VAR[ColorHighlightVar]</selectedcolor>
						<label>$INFO[ListItem.Label]</label>
					</control>
					<control type="label">
						<left>110</left>
						<width>620</width>
						<height>67</height>
						<font>font15</font>
						<align>right</align>
						<textcolor>$VAR[ColorTextVar]</textcolor>
						<selectedcolor>$VAR[ColorHighlightVar]</selectedcolor>
						<aligny>center</aligny>
						<label>$INFO[ListItem.Rating]</label>
					</control>
					<control type="image">
						<left>742</left>
						<top>2</top>
						<width>64</width>
						<height>64</height>
						<aspectratio>keep</aspectratio>
						<texture>$VAR[ListItem.Overlay]</texture>
					</control>
				</itemlayout>
				<focusedlayout height="67" width="806" condition="Container.Content(movies)">
					<control type="label">
						<left>15</left>
						<width>90</width>
						<height>67</height>
						<font>font15</font>
						<selectedcolor>$VAR[ColorTextVar]</selectedcolor>
						<align>left</align>
						<aligny>center</aligny>
						<label fallback="• • • •">$INFO[ListItem.Year]</label>
						<visible>!IsEmpty(ListItem.Title)</visible>
					</control>
					<control type="label">
						<left>110</left>
						<width>620</width>
						<height>67</height>
						<font>font15</font>
						<selectedcolor>$VAR[ColorTextVar]</selectedcolor>
						<label>$INFO[ListItem.Label]</label>
					</control>
					<control type="label">
						<left>110</left>
						<width>620</width>
						<height>67</height>
						<font>font15</font>
						<align>right</align>
						<selectedcolor>$VAR[ColorTextVar]</selectedcolor>
						<aligny>center</aligny>
						<label>$INFO[ListItem.Rating]</label>
					</control>
					<control type="image">
						<left>742</left>
						<top>2</top>
						<width>64</width>
						<height>64</height>
						<aspectratio>keep</aspectratio>
						<texture>$VAR[ListItem.Overlay]</texture>
					</control>
				</focusedlayout>
				<itemlayout height="67" width="806" condition="Container.Content(tvshows)">
					<control type="label">
						<left>15</left>
						<width>90</width>
						<height>67</height>
						<font>font15</font>
						<textcolor>$VAR[ColorTextVar]</textcolor>
						<selectedcolor>$VAR[ColorTextVar]</selectedcolor>
						<align>left</align>
						<aligny>center</aligny>
						<label fallback="• • • •">$INFO[ListItem.Year]</label>
						<visible>!IsEmpty(ListItem.Title)</visible>
					</control>
					<control type="label">
						<left>110</left>
						<width>565</width>
						<height>67</height>
						<font>font15</font>
						<textcolor>$VAR[ColorTextVar]</textcolor>
						<selectedcolor>$VAR[ColorHighlightVar]</selectedcolor>
						<label>$INFO[ListItem.Label]</label>
					</control>
					<control type="label">
						<left>110</left>
						<width>620</width>
						<height>67</height>
						<font>font15</font>
						<align>right</align>
						<textcolor>$VAR[ColorTextVar]</textcolor>
						<selectedcolor>$VAR[ColorHighlightVar]</selectedcolor>
						<aligny>center</aligny>
						<label>$INFO[ListItem.Rating]</label>
					</control>
					<control type="image">
						<left>742</left>
						<top>2</top>
						<width>64</width>
						<height>64</height>
						<aspectratio>keep</aspectratio>
						<texture>$VAR[ListItem.Overlay]</texture>
					</control>
				</itemlayout>
				<focusedlayout height="67" width="806" condition="Container.Content(tvshows)">
					<control type="label">
						<left>15</left>
						<width>90</width>
						<height>67</height>
						<font>font15</font>
						<selectedcolor>$VAR[ColorTextVar]</selectedcolor>
						<align>left</align>
						<aligny>center</aligny>
						<label fallback="• • • •">$INFO[ListItem.Year]</label>
						<visible>!IsEmpty(ListItem.Title)</visible>
					</control>
					<control type="label">
						<left>110</left>
						<width>565</width>
						<height>67</height>
						<font>font15</font>
						<selectedcolor>$VAR[ColorTextVar]</selectedcolor>
						<label>$INFO[ListItem.Label]</label>
					</control>
					<control type="label">
						<left>110</left>
						<width>620</width>
						<height>67</height>
						<font>font15</font>
						<align>right</align>
						<selectedcolor>$VAR[ColorTextVar]</selectedcolor>
						<aligny>center</aligny>
						<label>$INFO[ListItem.Rating]</label>
					</control>
					<control type="image">
						<left>742</left>
						<top>2</top>
						<width>64</width>
						<height>64</height>
						<aspectratio>keep</aspectratio>
						<texture>$VAR[ListItem.Overlay]</texture>
					</control>
				</focusedlayout>
				<itemlayout height="67" width="806" condition="Container.Content(seasons)">
					<control type="label">
						<left>15</left>
						<width>600</width>
						<height>67</height>
						<font>font15</font>
						<textcolor>$VAR[ColorTextVar]</textcolor>
						<selectedcolor>$VAR[ColorTextVar]</selectedcolor>
						<label>$INFO[ListItem.Label]</label>
					</control>
					<control type="label">
						<left>110</left>
						<width>620</width>
						<height>67</height>
						<font>font15</font>
						<align>right</align>
						<textcolor>$VAR[ColorTextVar]</textcolor>
						<selectedcolor>$VAR[ColorTextVar]</selectedcolor>
						<aligny>center</aligny>
						<label>$INFO[ListItem.Property(TotalEpisodes),, $LOCALIZE[20453]]</label>
					</control>
					<control type="image">
						<left>742</left>
						<top>2</top>
						<width>64</width>
						<height>64</height>
						<aspectratio>keep</aspectratio>
						<texture>$VAR[ListItem.Overlay]</texture>
					</control>
				</itemlayout>
				<focusedlayout height="67" width="806" condition="Container.Content(seasons)">
					<control type="label">
						<left>15</left>
						<width>600</width>
						<height>67</height>
						<font>font15</font>
						<selectedcolor>$VAR[ColorTextVar]</selectedcolor>
						<label>$INFO[ListItem.Label]</label>
					</control>
					<control type="label">
						<left>110</left>
						<width>620</width>
						<height>67</height>
						<font>font15</font>
						<align>right</align>
						<selectedcolor>$VAR[ColorTextVar]</selectedcolor>
						<aligny>center</aligny>
						<label>$INFO[ListItem.Property(TotalEpisodes),, $LOCALIZE[20453]]</label>
					</control>
					<control type="image">
						<left>742</left>
						<top>2</top>
						<width>64</width>
						<height>64</height>
						<aspectratio>keep</aspectratio>
						<texture>$VAR[ListItem.Overlay]</texture>
					</control>
				</focusedlayout>
				<itemlayout height="67" width="806" condition="Container.Content(episodes)">
					<control type="label">
						<width>730</width>
						<height>67</height>
						<font>font15</font>
						<textcolor>$VAR[ColorTextVar]</textcolor>
						<selectedcolor>$VAR[ColorTextVar]</selectedcolor>
						<label>$INFO[ListItem.Label]</label>
						<textoffsetx>15</textoffsetx>
					</control>
					<control type="label">
						<left>110</left>
						<width>620</width>
						<height>67</height>
						<font>font15</font>
						<align>right</align>
						<textcolor>$VAR[ColorTextVar]</textcolor>
						<selectedcolor>$VAR[ColorTextVar]</selectedcolor>
						<aligny>center</aligny>
						<label>$INFO[ListItem.Rating]</label>
					</control>
					<control type="image">
						<left>742</left>
						<top>2</top>
						<width>64</width>
						<height>64</height>
						<aspectratio>keep</aspectratio>
						<texture>$VAR[ListItem.Overlay]</texture>
					</control>
				</itemlayout>
				<focusedlayout height="67" width="806" condition="Container.Content(episodes)">
					<control type="label">
						<width>730</width>
						<height>67</height>
						<font>font15</font>
						<selectedcolor>$VAR[ColorTextVar]</selectedcolor>
						<label>$INFO[ListItem.Label]</label>
						<textoffsetx>15</textoffsetx>
					</control>
					<control type="label">
						<left>110</left>
						<width>620</width>
						<height>67</height>
						<font>font15</font>
						<align>right</align>
						<selectedcolor>$VAR[ColorTextVar]</selectedcolor>
						<aligny>center</aligny>
						<label>$INFO[ListItem.Rating]</label>
					</control>
					<control type="image">
						<left>742</left>
						<top>2</top>
						<width>64</width>
						<height>64</height>
						<aspectratio>keep</aspectratio>
						<texture>$VAR[ListItem.Overlay]</texture>
					</control>
				</focusedlayout>
				<itemlayout height="67" width="806" condition="Container.Content(addons)">
					<control type="label">
						<left>15</left>
						<width>775</width>
						<height>67</height>
						<font>font15</font>
						<textcolor>$VAR[ColorTextVar]</textcolor>
						<selectedcolor>$VAR[ColorTextVar]</selectedcolor>
						<label>$INFO[ListItem.Label]</label>
					</control>
					<control type="label">
						<left>110</left>
						<width>680</width>
						<height>67</height>
						<font>font15</font>
						<align>right</align>
						<textcolor>$VAR[ColorTextVar]</textcolor>
						<selectedcolor>$VAR[ColorTextVar]</selectedcolor>
						<aligny>center</aligny>
						<label>$INFO[ListItem.Label2]</label>
					</control>
				</itemlayout>
				<focusedlayout height="67" width="806" condition="Container.Content(addons)">
					<control type="label">
						<left>15</left>
						<width>775</width>
						<height>67</height>
						<font>font15</font>
						<selectedcolor>$VAR[ColorTextVar]</selectedcolor>
						<label>$INFO[ListItem.Label]</label>
					</control>
					<control type="label">
						<left>110</left>
						<width>680</width>
						<height>67</height>
						<font>font15</font>
						<align>right</align>
						<selectedcolor>$VAR[ColorTextVar]</selectedcolor>
						<aligny>center</aligny>
						<label>$INFO[ListItem.label2]</label>
					</control>
				</focusedlayout>
			</control>
			<control type="scrollbar" id="60">
				<visible allowhiddenfocus="true">Control.HasFocus(60) | Container.Scrolling</visible>
				<animation effect="fade" time="300" tween="sine" easing="inout" start="0" end="100">Visible</animation>
				<left>1908</left>
				<top>600</top>
				<width>12</width>
				<height>465</height>
				<onup>60</onup>
				<ondown>60</ondown>
				<onleft>50</onleft>
				<onright>50</onright>
				<showonepage>false</showonepage>
				<orientation>vertical</orientation>
			</control>
		</control>
	</include>
	<!-- Music LowList -->
	<include name="MusicLowList">
		<control type="group">
			<visible>Control.IsVisible(501) + !Window.IsActive(addoninformation)</visible>
			<include>Animation.Common</include>
			<animation effect="slide" end="0,15" start="0,0" time="0" condition="Window.IsActive(musicplaylist)">Conditional</animation>
			<control type="image">
				<top>602</top>
				<width>FullScreenWidth</width>
				<height>485</height>
				<texture>background.png</texture>
				<colordiffuse>$VAR[ColorBackgroundVar]</colordiffuse>
			</control>
			<control type="group">
				<visible>!Container.Content(addons)</visible>
				<left>30</left>
				<top>633</top>
				<control type="image">
					<width>402</width>
					<height>402</height>
					<aspectratio aligny="center" align="center">scale</aspectratio>
					<texture background="true">$VAR[MusicThumbVar]</texture>
					<fadetime>IconCrossfadeTime</fadetime>
				</control>
			</control>
			<control type="group">
				<visible>Container.Content(addons)</visible>
				<left>30</left>
				<top>633</top>
				<control type="image">
					<width>402</width>
					<height>402</height>
					<aspectratio aligny="center" align="center">scale</aspectratio>
					<texture background="true">$INFO[ListItem.Icon]</texture>
					<fadetime>IconCrossfadeTime</fadetime>
				</control>
			</control>
			<control type="grouplist">
				<visible>!Container.Content(addons)</visible>
				<left>1280</left>
				<top>620</top>
				<width>610</width>
				<height>360</height>
				<usecontrolcoords>true</usecontrolcoords>
				<control type="button">
					<label>[COLOR $VAR[ColorHighlightVar]]$LOCALIZE[557]:[/COLOR][CR]$INFO[ListItem.Artist]</label>
					<width>610</width>
					<include>ShowCaseInfoPanelButtonsValues</include>
					<visible>!IsEmpty(ListItem.Artist)</visible>
				</control>
				<control type="button">
					<label>[COLOR $VAR[ColorHighlightVar]]$LOCALIZE[515]:[/COLOR][CR]$INFO[ListItem.Genre]</label>
					<width>610</width>
					<include>ShowCaseInfoPanelButtonsValues</include>
					<visible>!IsEmpty(ListItem.Genre)</visible>
				</control>
				<control type="button">
					<label>[COLOR $VAR[ColorHighlightVar]]$LOCALIZE[180]:[/COLOR][CR]$INFO[ListItem.Duration]</label>
					<width>610</width>
					<include>ShowCaseInfoPanelButtonsValues</include>
					<visible>!IsEmpty(ListItem.Duration)</visible>
				</control>
				<control type="button">
					<label>[COLOR $VAR[ColorHighlightVar]]$LOCALIZE[21894]:[/COLOR][CR]$INFO[ListItem.Property(Artist_Formed)]</label>
					<width>610</width>
					<include>ShowCaseInfoPanelButtonsValues</include>
					<visible>!IsEmpty(ListItem.Property(Artist_Formed)) + IsEmpty(ListItem.Property(Artist_Genre))</visible>
				</control>
				<control type="button">
					<label>[COLOR $VAR[ColorHighlightVar]]$LOCALIZE[21893]:[/COLOR][CR]$INFO[ListItem.Property(Artist_Born)]</label>
					<width>610</width>
					<include>ShowCaseInfoPanelButtonsValues</include>
					<visible>!IsEmpty(ListItem.Property(Artist_Born)) + IsEmpty(ListItem.Property(Artist_Genre))</visible>
				</control>
				<control type="button">
					<label>[COLOR $VAR[ColorHighlightVar]]$LOCALIZE[515]:[/COLOR][CR]$INFO[ListItem.Property(Artist_Genre)]</label>
					<width>610</width>
					<include>ShowCaseInfoPanelButtonsValues</include>
					<visible>!IsEmpty(ListItem.Property(Artist_Genre)) + !Window.IsActive(musicplaylist) + !Container.Content(artists)</visible>
				</control>
			</control>
			<control type="group">
				<visible>!Container.Content(addons)</visible>
				<left>1295</left>
				<top>814</top>
				<control type="textbox" id="70">
					<label>$VAR[OtherPlotVar]</label>
					<width>595</width>
					<height>220</height>
					<font>font14_textbox4</font>
					<include>ShowCaseInfoPanelButtonsValues</include>
					<autoscroll time="3000" delay="4000" repeat="5000">Skin.HasSetting(Enable.AutoScroll)</autoscroll>
				</control>
			</control>
			<control type="grouplist">
				<visible>Container.Content(addons)</visible>
				<left>1280</left>
				<top>620</top>
				<width>610</width>
				<height>360</height>
				<usecontrolcoords>true</usecontrolcoords>
				<control type="button">
					<label>[COLOR $VAR[ColorHighlightVar]]$LOCALIZE[146][/COLOR][CR]$INFO[ListItem.Property(Addon.Type)]</label>
					<width>610</width>
					<include>ShowCaseInfoPanelButtonsValues</include>
					<visible>!IsEmpty(ListItem.Property(Addon.Type))</visible>
				</control>
				<control type="button">
					<label>[COLOR $VAR[ColorHighlightVar]]$LOCALIZE[21863]:[/COLOR][CR]$INFO[ListItem.Property(Addon.Creator)]</label>
					<width>610</width>
					<include>ShowCaseInfoPanelButtonsValues</include>
					<visible>!IsEmpty(ListItem.Property(Addon.Creator))</visible>
				</control>
			</control>
			<control type="group">
				<visible>Container.Content(addons)</visible>
				<left>1295</left>
				<top>814</top>
				<control type="textbox" id="70">
					<label>$INFO[ListItem.Property(Addon.Description)]</label>
					<width>595</width>
					<height>220</height>
					<font>font14_textbox4</font>
					<include>ShowCaseInfoPanelButtonsValues</include>
					<autoscroll time="3000" delay="4000" repeat="5000">Skin.HasSetting(Enable.AutoScroll)</autoscroll>
				</control>
			</control>
			<control type="group">
                <visible>IntegerGreaterThan(Container(501).NumItems,0)</visible>
                <control type="image">
                    <left>463</left>
                    <top>632</top>
                    <width>806</width>
                    <height>67</height>
                    <visible>Control.HasFocus(501)</visible>
                    <animation effect="fade" time="320" delay="200">Visible</animation>
                    <animation effect="fade" time="50">Hidden</animation>
                    <texture colordiffuse="$VAR[ColorHighlightVar]">listselect_fo.png</texture>
                    <animation effect="slide" end="0,67" time="300" tween="cubic" easing="inout" condition="IntegerGreaterThan(Container(501).Row,4)">Conditional</animation>
                    <animation effect="slide" end="0,67" time="300" tween="cubic" easing="inout" condition="IntegerGreaterThan(Container(501).Row,3)">Conditional</animation>
                    <animation effect="slide" end="0,67" time="300" tween="cubic" easing="inout" condition="IntegerGreaterThan(Container(501).Row,2)">Conditional</animation>
                    <animation effect="slide" end="0,67" time="300" tween="cubic" easing="inout" condition="IntegerGreaterThan(Container(501).Row,1)">Conditional</animation>
                    <animation effect="slide" end="0,67" time="300" tween="cubic" easing="inout" condition="IntegerGreaterThan(Container(501).Row,0)">Conditional</animation>
                </control>
            </control>
			<control type="panel" id="501">
				<left>463</left>
				<top>632</top>
				<width>976</width>
				<height>402</height>
				<onleft>SetProperty(MediaMenu,True,home)</onleft>
				<onleft>SetFocus(9050)</onleft>
				<onright>60</onright>
				<onup>501</onup>
				<ondown>501</ondown>
				<pagecontrol>60</pagecontrol>
				<viewtype label="31003">list</viewtype>
				<scrolltime tween="quadratic" easing="out">200</scrolltime>
				<itemlayout height="67" width="806" condition="Container.Content(albums)">
					<control type="label">
						<left>15</left>
						<width>90</width>
						<height>67</height>
						<font>font15</font>
						<textcolor>$VAR[ColorTextVar]</textcolor>
						<selectedcolor>$VAR[ColorTextVar]</selectedcolor>
						<align>left</align>
						<aligny>center</aligny>
						<label fallback="• • • •">$INFO[ListItem.Year]</label>
						<visible>!IsEmpty(ListItem.Album)</visible>
					</control>
					<control type="label">
						<left>110</left>
						<width>510</width>
						<height>67</height>
						<font>font15</font>
						<textcolor>$VAR[ColorTextVar]</textcolor>
						<selectedcolor>$VAR[ColorTextVar]</selectedcolor>
						<label>$INFO[ListItem.Label]</label>
					</control>
					<control type="label">
						<left>110</left>
						<width>680</width>
						<height>67</height>
						<font>font15</font>
						<align>right</align>
						<textcolor>$VAR[ColorTextVar]</textcolor>
						<selectedcolor>$VAR[ColorTextVar]</selectedcolor>
						<aligny>center</aligny>
						<label>$INFO[ListItem.Label2]</label>
						<visible>StringCompare(Container.SortMethod,$LOCALIZE[557])</visible>
					</control>
					<control type="image">
						<left>610</left>
						<top>17</top>
						<width>180</width>
						<height>34</height>
						<aspectratio>keep</aspectratio>
						<texture fallback="rating0.png">$INFO[ListItem.StarRating]</texture>
						<colordiffuse>$VAR[ColorTextVar]</colordiffuse>
						<visible>!IsEmpty(ListItem.Title)</visible>
					</control>
				</itemlayout>
				<focusedlayout height="67" width="806" condition="Container.Content(albums)">
					<control type="label">
						<left>15</left>
						<width>90</width>
						<height>67</height>
						<font>font15</font>
						<selectedcolor>$VAR[ColorTextVar]</selectedcolor>
						<align>left</align>
						<aligny>center</aligny>
						<label fallback="• • • •">$INFO[ListItem.Year]</label>
						<visible>!IsEmpty(ListItem.Album)</visible>
					</control>
					<control type="label">
						<left>110</left>
						<width>500</width>
						<height>67</height>
						<font>font15</font>
						<selectedcolor>$VAR[ColorTextVar]</selectedcolor>
						<label>$INFO[ListItem.Label]</label>
					</control>
					<control type="label">
						<left>110</left>
						<width>680</width>
						<height>67</height>
						<font>font15</font>
						<align>right</align>
						<selectedcolor>$VAR[ColorTextVar]</selectedcolor>
						<aligny>center</aligny>
						<label>$INFO[ListItem.label2]</label>
						<visible>StringCompare(Container.SortMethod,$LOCALIZE[557])</visible>
					</control>
					<control type="image">
						<left>610</left>
						<top>17</top>
						<width>180</width>
						<height>34</height>
						<aspectratio>keep</aspectratio>
						<texture fallback="rating0.png">$INFO[ListItem.StarRating]</texture>
						<visible>!IsEmpty(ListItem.Title)</visible>
					</control>
				</focusedlayout>
				<itemlayout height="67" width="806" condition="Container.Content(songs)">
					<control type="label">
						<left>15</left>
						<width>60</width>
						<height>67</height>
						<font>font15</font>
						<textcolor>$VAR[ColorTextVar]</textcolor>
						<selectedcolor>$VAR[ColorTextVar]</selectedcolor>
						<align>left</align>
						<aligny>center</aligny>
						<label fallback="• •">$INFO[ListItem.TrackNumber]</label>
						<visible>!IsEmpty(ListItem.Title)</visible>
					</control>
					<control type="label">
						<left>65</left>
						<top>0</top>
						<width>545</width>
						<height>67</height>
						<font>font15</font>
						<textcolor>$VAR[ColorTextVar]</textcolor>
						<selectedcolor>$VAR[ColorTextVar]</selectedcolor>
						<label>$INFO[ListItem.Title]</label>
						<visible>!IsEmpty(ListItem.Title)</visible>
					</control>
					<control type="label">
						<left>65</left>
						<top>0</top>
						<width>545</width>
						<height>67</height>
						<font>font15</font>
						<textcolor>$VAR[ColorTextVar]</textcolor>
						<selectedcolor>$VAR[ColorTextVar]</selectedcolor>
						<label>$INFO[ListItem.Label]</label>
						<visible>IsEmpty(ListItem.Title)</visible>
					</control>
					<control type="image">
						<left>610</left>
						<top>17</top>
						<width>180</width>
						<height>34</height>
						<aspectratio>keep</aspectratio>
						<texture fallback="rating0.png">$INFO[ListItem.StarRating]</texture>
						<colordiffuse>$VAR[ColorTextVar]</colordiffuse>
						<visible>!IsEmpty(ListItem.Title)</visible>
					</control>
				</itemlayout>
				<focusedlayout height="67" width="806" condition="Container.Content(songs)">
					<control type="label">
						<left>15</left>
						<width>60</width>
						<height>67</height>
						<font>font15</font>
						<selectedcolor>$VAR[ColorTextVar]</selectedcolor>
						<align>left</align>
						<aligny>center</aligny>
						<label fallback="• •">$INFO[ListItem.TrackNumber]</label>
						<visible>!IsEmpty(ListItem.Title)</visible>
					</control>
					<control type="label">
						<left>65</left>
						<top>0</top>
						<width>545</width>
						<height>67</height>
						<font>font15</font>
						<selectedcolor>$VAR[ColorTextVar]</selectedcolor>
						<label>$INFO[ListItem.Title]</label>
						<visible>!IsEmpty(ListItem.Title)</visible>
					</control>
					<control type="label">
						<left>65</left>
						<top>0</top>
						<width>545</width>
						<height>67</height>
						<font>font15</font>
						<selectedcolor>$VAR[ColorTextVar]</selectedcolor>
						<label>$INFO[ListItem.Label]</label>
						<visible>IsEmpty(ListItem.Title)</visible>
					</control>
					<control type="image">
						<left>610</left>
						<top>17</top>
						<width>180</width>
						<height>34</height>
						<aspectratio>keep</aspectratio>
						<texture fallback="rating0.png">$INFO[ListItem.StarRating]</texture>
						<visible>!IsEmpty(ListItem.Title)</visible>
					</control>
				</focusedlayout>
				<itemlayout height="67" width="806" condition="![Container.Content(albums) | Container.Content(songs)]">
					<control type="label">
						<left>15</left>
						<width>775</width>
						<height>67</height>
						<font>font15</font>
						<textcolor>$VAR[ColorTextVar]</textcolor>
						<selectedcolor>$VAR[ColorTextVar]</selectedcolor>
						<label>$INFO[ListItem.Label]</label>
					</control>
					<control type="label">
						<left>110</left>
						<width>680</width>
						<height>67</height>
						<font>font15</font>
						<align>right</align>
						<textcolor>$VAR[ColorTextVar]</textcolor>
						<selectedcolor>$VAR[ColorTextVar]</selectedcolor>
						<aligny>center</aligny>
						<label>$INFO[ListItem.Label2]</label>
					</control>
				</itemlayout>
				<focusedlayout height="67" width="806" condition="![Container.Content(albums) | Container.Content(songs)]">
					<control type="label">
						<left>15</left>
						<width>775</width>
						<height>67</height>
						<font>font15</font>
						<selectedcolor>$VAR[ColorTextVar]</selectedcolor>
						<label>$INFO[ListItem.Label]</label>
					</control>
					<control type="label">
						<left>110</left>
						<width>680</width>
						<height>67</height>
						<font>font15</font>
						<align>right</align>
						<selectedcolor>$VAR[ColorTextVar]</selectedcolor>
						<aligny>center</aligny>
						<label>$INFO[ListItem.label2]</label>
					</control>
				</focusedlayout>
			</control>
			<control type="scrollbar" id="60">
				<visible allowhiddenfocus="true">Control.HasFocus(60) | Container.Scrolling</visible>
				<animation effect="fade" time="300" tween="sine" easing="inout" start="0" end="100">Visible</animation>
				<left>1908</left>
				<top>602</top>
				<width>12</width>
				<height>463</height>
				<onup>60</onup>
				<ondown>60</ondown>
				<onleft>50</onleft>
				<onright>50</onright>
				<showonepage>false</showonepage>
				<orientation>vertical</orientation>
			</control>
		</control>
	</include>
	<!-- Addon LowList -->
	<include name="AddonLowList">
		<control type="group">
			<visible>Control.IsVisible(501) + !Window.IsActive(addoninformation)</visible>
			<include>Animation.Common</include>
			<animation effect="slide" end="0,-15" start="0,0" time="0" condition="Window.IsActive(pictures)">Conditional</animation>
			<control type="image">
				<top>617</top>
				<width>FullScreenWidth</width>
				<height>485</height>
				<texture>background.png</texture>
				<colordiffuse>$VAR[ColorBackgroundVar]</colordiffuse>
			</control>
			<control type="group">
				<left>30</left>
				<top>648</top>
				<control type="image">
					<width>402</width>
					<height>402</height>
					<aspectratio aligny="center" align="center">scale</aspectratio>
					<texture background="true">$INFO[ListItem.Icon]</texture>
					<fadetime>IconCrossfadeTime</fadetime>
				</control>
			</control>
			<control type="grouplist">
				<left>1280</left>
				<top>635</top>
				<width>610</width>
				<height>360</height>
				<usecontrolcoords>true</usecontrolcoords>
				<control type="button">
					<label>[COLOR $VAR[ColorHighlightVar]]$LOCALIZE[146][/COLOR][CR]$INFO[ListItem.Property(Addon.Type)]</label>
					<width>610</width>
					<include>ShowCaseInfoPanelButtonsValues</include>
					<visible>!IsEmpty(ListItem.Property(Addon.Type))</visible>
				</control>
				<control type="button">
					<label>[COLOR $VAR[ColorHighlightVar]]$LOCALIZE[21863]:[/COLOR][CR]$INFO[ListItem.Property(Addon.Creator)]</label>
					<width>610</width>
					<include>ShowCaseInfoPanelButtonsValues</include>
					<visible>!IsEmpty(ListItem.Property(Addon.Creator))</visible>
				</control>
			</control>
			<control type="group">
				<left>1295</left>
				<top>829</top>
				<control type="textbox" id="70">
					<label>$INFO[ListItem.Property(Addon.Description)]</label>
					<width>595</width>
					<height>220</height>
					<font>font14_textbox4</font>
					<include>ShowCaseInfoPanelButtonsValues</include>
					<autoscroll time="3000" delay="4000" repeat="5000">Skin.HasSetting(Enable.AutoScroll)</autoscroll>
				</control>
			</control>
			<control type="group">
                <visible>IntegerGreaterThan(Container(501).NumItems,0)</visible>
                <control type="image">
                    <left>463</left>
                    <top>648</top>
                    <width>806</width>
                    <height>67</height>
                    <visible>Control.HasFocus(501)</visible>
                    <animation effect="fade" time="320" delay="200">Visible</animation>
                    <animation effect="fade" time="50">Hidden</animation>
                    <texture colordiffuse="$VAR[ColorHighlightVar]">listselect_fo.png</texture>
                    <animation effect="slide" end="0,67" time="300" tween="cubic" easing="inout" condition="IntegerGreaterThan(Container(501).Row,4)">Conditional</animation>
                    <animation effect="slide" end="0,67" time="300" tween="cubic" easing="inout" condition="IntegerGreaterThan(Container(501).Row,3)">Conditional</animation>
                    <animation effect="slide" end="0,67" time="300" tween="cubic" easing="inout" condition="IntegerGreaterThan(Container(501).Row,2)">Conditional</animation>
                    <animation effect="slide" end="0,67" time="300" tween="cubic" easing="inout" condition="IntegerGreaterThan(Container(501).Row,1)">Conditional</animation>
                    <animation effect="slide" end="0,67" time="300" tween="cubic" easing="inout" condition="IntegerGreaterThan(Container(501).Row,0)">Conditional</animation>
                </control>
            </control>
			<control type="panel" id="501">
				<left>463</left>
				<top>648</top>
				<width>976</width>
				<height>402</height>
				<onleft>SetProperty(MediaMenu,True,home)</onleft>
				<onleft>SetFocus(9050)</onleft>
				<onright>60</onright>
				<onup>501</onup>
				<ondown>501</ondown>
				<pagecontrol>60</pagecontrol>
				<viewtype label="31003">list</viewtype>
				<scrolltime tween="quadratic" easing="out">200</scrolltime>
				<itemlayout height="67" width="806">
					<control type="label">
						<left>15</left>
						<width>775</width>
						<height>67</height>
						<font>font15</font>
						<textcolor>$VAR[ColorTextVar]</textcolor>
						<selectedcolor>$VAR[ColorTextVar]</selectedcolor>
						<label>$INFO[ListItem.Label]</label>
					</control>
					<control type="label">
						<left>110</left>
						<width>680</width>
						<height>67</height>
						<font>font15</font>
						<align>right</align>
						<textcolor>$VAR[ColorTextVar]</textcolor>
						<selectedcolor>$VAR[ColorTextVar]</selectedcolor>
						<aligny>center</aligny>
						<label>$INFO[ListItem.Label2]</label>
					</control>
				</itemlayout>
				<focusedlayout height="67" width="806">
					<control type="label">
						<left>15</left>
						<width>775</width>
						<height>67</height>
						<font>font15</font>
						<selectedcolor>$VAR[ColorTextVar]</selectedcolor>
						<label>$INFO[ListItem.Label]</label>
					</control>
					<control type="label">
						<left>110</left>
						<width>680</width>
						<height>67</height>
						<font>font15</font>
						<align>right</align>
						<selectedcolor>$VAR[ColorTextVar]</selectedcolor>
						<aligny>center</aligny>
						<label>$INFO[ListItem.label2]</label>
					</control>
				</focusedlayout>
			</control>
			<control type="scrollbar" id="60">
				<visible allowhiddenfocus="true">Control.HasFocus(60) | Container.Scrolling</visible>
				<animation effect="fade" time="300" tween="sine" easing="inout" start="0" end="100">Visible</animation>
				<left>1908</left>
				<top>617</top>
				<width>12</width>
				<height>463</height>
				<onup>60</onup>
				<ondown>60</ondown>
				<onleft>50</onleft>
				<onright>50</onright>
				<showonepage>false</showonepage>
				<orientation>vertical</orientation>
			</control>
		</control>
	</include>
</includes>