<?xml version="1.0" encoding="utf-8"?>
<includes>
	<include name="ShiftFixedList">
		<control type="group">
			<visible>Control.IsVisible(57) + !Window.IsActive(addoninformation)</visible>
			<include>Animation.Common</include>
			<!--<animation effect="slide" tween="cubic" time="720" start="0,806" end="0,0">VisibleChange</animation>-->
			<animation effect="slide" time="300" tween="sine" easing="inout" start="0,0" end="0,-200" condition="Window.IsActive(videos) + Skin.HasSetting(Enable.ShiftPlot) + ![Container.Content(addons) | Container.Content(sets)]">Conditional</animation>
			<control type="fixedlist" id="57">
				<include condition="Window.IsActive(videos)">Contents57VideoList</include>
				<include condition="!Window.IsActive(videos)">Contents57AlbumList</include>
			</control>
			<include>ShiftLabels</include>
		</control>
		<control type="group">
			<visible>Control.IsVisible(57) + !Window.IsActive(addoninformation)</visible>
			<animation effect="slide" time="0" start="0,0" end="0,15" condition="Container.Content(addons) + !Window.IsActive(videos) + !Window.IsActive(pictures)">Conditional</animation>
			<top>-15</top>
			<include>Scrollbar_Horizontal</include>
		</control>
	</include>
	<include name="Contents57VideoList">
		<left>-120</left>
		<top>305</top>
		<width>2200</width>
		<height>750</height>
		<onup>SetProperty(MediaMenu,True,home)</onup>
		<onup>SetFocus(9050)</onup>
		<onleft>57</onleft>
		<onright>57</onright>
		<ondown>60</ondown>
		<orientation>horizontal</orientation>
		<viewtype label="31079">BigWrap</viewtype>
		<pagecontrol>60</pagecontrol>
		<preloaditems>2</preloaditems>
		<scrolltime tween="quadratic">400</scrolltime>
		<focusposition>1</focusposition>
		<itemlayout width="315" height="750" condition="[[Container.Content(movies) | Container.Content(tvshows) | Container.Content(sets)] + !Skin.HasSetting(Enable.ShiftLandscape) + !Skin.HasSetting(Enable.ShiftVidFanart)] | Container.Content(seasons)">
			<control type="image">
				<left>-12</left>
				<top>100</top>
				<width>340</width>
				<height>490</height>
				<aspectratio scalediffuse="false">scale</aspectratio>
				<texture fallback="DefaultFallback.png" background="true">$VAR[PosterThumb]</texture>
				<bordersize>20</bordersize>
			</control>
			<control type="image">
				<left>-12</left>
				<top>100</top>
				<width>340</width>
				<height>490</height>
				<texture>thumbs/diffuse.png</texture>
				<bordersize>20</bordersize>
			</control>
			<include name="OverlayIcons">
                <param name="OverlayLeft" value="250" />
                <param name="OverlayTop" value="118" />
            </include>
		</itemlayout>
		<focusedlayout width="315" height="750" condition="[[Container.Content(movies) | Container.Content(tvshows) | Container.Content(sets)] + !Skin.HasSetting(Enable.ShiftLandscape) + !Skin.HasSetting(Enable.ShiftVidFanart)] | Container.Content(seasons)">
			<control type="group">
				<animation effect="zoom" center="auto" start="100" end="130" time="400" tween="quadratic" reversible="false">Focus</animation>
				<animation effect="zoom" center="auto" start="130" end="100" time="400" tween="quadratic" reversible="false">Unfocus</animation>
				<control type="image">
					<left>-12</left>
					<top>100</top>
					<width>340</width>
					<height>490</height>
					<aspectratio scalediffuse="false">scale</aspectratio>
					<texture fallback="DefaultFallback.png" background="true">$VAR[PosterThumb]</texture>
					<bordersize>20</bordersize>
				</control>
				<control type="image">
					<animation center="auto" condition="Control.HasFocus(57)" easing="inout" effect="fade" end="0" start="100" time="300" tween="sine">Focus</animation>
					<animation center="auto" condition="Control.HasFocus(57)" easing="inout" effect="fade" end="100" start="0" time="300" tween="sine">UnFocus</animation>
					<left>-12</left>
					<top>100</top>
					<width>340</width>
					<height>490</height>
					<texture>thumbs/diffuse.png</texture>
					<bordersize>20</bordersize>
				</control>
				<include name="OverlayIcons">
		            <param name="OverlayLeft" value="250" />
		            <param name="OverlayTop" value="118" />
		        </include>
			</control>
		</focusedlayout>
		<itemlayout width="315" height="750" condition="Container.Content(musicvideos) | Container.Content(addons)">
			<control type="image">
				<left>-12</left>
				<top>265</top>
				<width>340</width>
				<height>340</height>
				<aspectratio scalediffuse="false">scale</aspectratio>
				<texture background="true">$INFO[ListItem.Icon]</texture>
				<bordersize>20</bordersize>
			</control>
			<control type="image">
				<left>-12</left>
				<top>265</top>
				<width>340</width>
				<height>340</height>
				<texture>thumbs/diffuse.png</texture>
				<bordersize>20</bordersize>
			</control>
			<include name="OverlayIcons" condition="Container.Content(musicvideos)">
                <param name="OverlayLeft" value="250" />
                <param name="OverlayTop" value="283" />
            </include>
		</itemlayout>
		<focusedlayout width="315" height="750" condition="Container.Content(musicvideos) | Container.Content(addons)">
			<control type="group">
				<animation effect="zoom" center="150,450" start="100" end="130" time="400" tween="quadratic" reversible="false">Focus</animation>
				<animation effect="zoom" center="150,450" start="130" end="100" time="400" tween="quadratic" reversible="false">Unfocus</animation>
				<control type="image">
					<left>-12</left>
					<top>265</top>
					<width>340</width>
					<height>340</height>
					<aspectratio scalediffuse="false">scale</aspectratio>
					<texture background="true">$INFO[ListItem.Icon]</texture>
					<bordersize>20</bordersize>
				</control>
				<control type="image">
					<animation center="auto" condition="Control.HasFocus(57)" easing="inout" effect="fade" end="0" start="100" time="300" tween="sine">Focus</animation>
					<animation center="auto" condition="Control.HasFocus(57)" easing="inout" effect="fade" end="100" start="0" time="300" tween="sine">UnFocus</animation>
					<left>-12</left>
					<top>265</top>
					<width>340</width>
					<height>340</height>
					<texture>thumbs/diffuse.png</texture>
					<bordersize>20</bordersize>
				</control>
				<include name="OverlayIcons" condition="Container.Content(musicvideos)">
		            <param name="OverlayLeft" value="250" />
		            <param name="OverlayTop" value="283" />
		        </include>
			</control>
		</focusedlayout>
		<itemlayout width="588" height="750" condition="Container.Content(episodes) | [[Container.Content(movies) | Container.Content(tvshows)] + [Skin.HasSetting(Enable.ShiftLandscape) | Skin.HasSetting(Enable.ShiftVidFanart)]]">
			<control type="image">
				<visible>!Skin.HasSetting(Enable.ShiftVidFanart)</visible>
				<left>-237</left>
				<top>240</top>
				<width>610</width>
				<height>360</height>
				<aspectratio scalediffuse="false">scale</aspectratio>
				<texture background="true">$VAR[LandscapeArtVar]</texture>
				<bordersize>20</bordersize>
			</control>
			<control type="image">
				<visible>Skin.HasSetting(Enable.ShiftVidFanart)</visible>
				<left>-237</left>
				<top>240</top>
				<width>610</width>
				<height>360</height>
				<aspectratio scalediffuse="false">scale</aspectratio>
				<texture background="true">$INFO[ListItem.Art(fanart)]</texture>
				<bordersize>20</bordersize>
			</control>
			<control type="image">
				<visible>[Container.Content(movies) | Container.Content(tvshows)] + IsEmpty(ListItem.Art(landscape)) + !Skin.HasSetting(Enable.ShiftVidFanart)</visible>
				<top>440</top>
                <left>-237</left>
                <width>610</width>
                <height>120</height>
                <texture background="true">$INFO[ListItem.Art(clearlogo)]</texture>
                <aspectratio align="center" aligny="bottom">keep</aspectratio>
            </control>
			<control type="image">
				<left>-237</left>
				<top>240</top>
				<width>610</width>
				<height>360</height>
				<texture>thumbs/diffuse.png</texture>
				<bordersize>20</bordersize>
			</control>
			<include name="OverlayIcons">
                <param name="OverlayLeft" value="295" />
                <param name="OverlayTop" value="258" />
            </include>
		</itemlayout>
		<focusedlayout width="588" height="750" condition="Container.Content(episodes) | [[Container.Content(movies) | Container.Content(tvshows)] + [Skin.HasSetting(Enable.ShiftLandscape) | Skin.HasSetting(Enable.ShiftVidFanart)]]">
			<control type="group">
				<animation effect="zoom" center="80,426" start="100" end="130" time="400" tween="quadratic" reversible="false">Focus</animation>
				<animation effect="zoom" center="80,426" start="130" end="100" time="400" tween="quadratic" reversible="false">Unfocus</animation>
				<control type="image">
					<visible>!Skin.HasSetting(Enable.ShiftVidFanart)</visible>
					<left>-237</left>
					<top>240</top>
					<width>610</width>
					<height>360</height>
					<aspectratio scalediffuse="false">scale</aspectratio>
					<texture background="true">$VAR[LandscapeArtVar]</texture>
					<bordersize>20</bordersize>
				</control>
				<control type="image">
					<visible>Skin.HasSetting(Enable.ShiftVidFanart)</visible>
					<left>-237</left>
					<top>240</top>
					<width>610</width>
					<height>360</height>
					<aspectratio scalediffuse="false">scale</aspectratio>
					<texture background="true">$INFO[ListItem.Art(fanart)]</texture>
					<bordersize>20</bordersize>
				</control>
				<control type="image">
					<visible>[Container.Content(movies) | Container.Content(tvshows)] + IsEmpty(ListItem.Art(landscape)) + !Skin.HasSetting(Enable.ShiftVidFanart)</visible>
					<top>440</top>
	                <left>-237</left>
	                <width>610</width>
	                <height>120</height>
	                <texture background="true">$INFO[ListItem.Art(clearlogo)]</texture>
	                <aspectratio align="center" aligny="bottom">keep</aspectratio>
	            </control>
				<control type="image">
					<animation center="auto" condition="Control.HasFocus(57)" easing="inout" effect="fade" end="0" start="100" time="300" tween="sine">Focus</animation>
					<animation center="auto" condition="Control.HasFocus(57)" easing="inout" effect="fade" end="100" start="0" time="300" tween="sine">UnFocus</animation>
					<left>-237</left>
					<top>240</top>
					<width>610</width>
					<height>360</height>
					<texture>thumbs/diffuse.png</texture>
					<bordersize>20</bordersize>
				</control>
				<include name="OverlayIcons">
	                <param name="OverlayLeft" value="295" />
	                <param name="OverlayTop" value="258" />
	            </include>
			</control>
		</focusedlayout>
	</include>
	<include name="Contents57AlbumList">
		<animation effect="slide" time="300" tween="sine" easing="inout" start="0,0" end="0,-230" condition="Skin.HasSetting(Enable.ShiftDescription) + !Container.Content(addons)">Conditional</animation>
		<left>-120</left>
		<top>275</top>
		<width>2200</width>
		<height>750</height>
		<onup>SetProperty(MediaMenu,True,home)</onup>
		<onup>SetFocus(9050)</onup>
		<onleft>57</onleft>
		<onright>57</onright>
		<ondown>60</ondown>
		<orientation>horizontal</orientation>
		<viewtype label="31079">BigWrap</viewtype>
		<pagecontrol>60</pagecontrol>
		<scrolltime tween="quadratic">400</scrolltime>
		<focusposition>1</focusposition>
		<itemlayout width="315" height="750" condition="!Skin.HasSetting(Enable.ShiftFanart) | Container.Content(addons)">
			<control type="image">
				<left>-12</left>
				<top>265</top>
				<width>340</width>
				<height>340</height>
				<aspectratio scalediffuse="false">scale</aspectratio>
				<texture background="true">$INFO[ListItem.Icon]</texture>
				<bordersize>20</bordersize>
			</control>
			<control type="image">
				<left>-12</left>
				<top>265</top>
				<width>340</width>
				<height>340</height>
				<texture>thumbs/diffuse.png</texture>
				<bordersize>20</bordersize>
			</control>
			<control type="image">
				<left>248</left>
				<top>285</top>
				<width>60</width>
				<height>60</height>
				<texture>$VAR[OverlayVar]</texture>
				<aspectratio align="center" aligny="top">keep</aspectratio>
			</control>
		</itemlayout>
		<focusedlayout width="315" height="750" condition="!Skin.HasSetting(Enable.ShiftFanart) | Container.Content(addons)">
			<control type="group">
				<animation effect="zoom" center="150,450" start="100" end="130" time="400" tween="quadratic" reversible="false">Focus</animation>
				<animation effect="zoom" center="150,450" start="130" end="100" time="400" tween="quadratic" reversible="false">Unfocus</animation>
				<control type="image">
					<left>-12</left>
					<top>265</top>
					<width>340</width>
					<height>340</height>
					<aspectratio scalediffuse="false">scale</aspectratio>
					<texture background="true">$INFO[ListItem.Icon]</texture>
					<bordersize>20</bordersize>
				</control>
				<control type="image">
					<animation center="auto" condition="Control.HasFocus(57)" easing="inout" effect="fade" end="0" start="100" time="300" tween="sine">Focus</animation>
					<animation center="auto" condition="Control.HasFocus(57)" easing="inout" effect="fade" end="100" start="0" time="300" tween="sine">UnFocus</animation>
					<left>-12</left>
					<top>265</top>
					<width>340</width>
					<height>340</height>
					<texture>thumbs/diffuse.png</texture>
					<bordersize>20</bordersize>
				</control>
				<control type="image">
					<left>248</left>
					<top>285</top>
					<width>60</width>
					<height>60</height>
					<texture>$VAR[OverlayVar]</texture>
					<aspectratio align="center" aligny="top">keep</aspectratio>
				</control>
			</control>
		</focusedlayout>
		<itemlayout width="588" height="750" condition="Skin.HasSetting(Enable.ShiftFanart)">
			<control type="image">
				<left>-237</left>
				<top>240</top>
				<width>610</width>
				<height>360</height>
				<aspectratio scalediffuse="false">scale</aspectratio>
				<texture background="true">$INFO[ListItem.Art(fanart)]</texture>
				<bordersize>20</bordersize>
			</control>
			<control type="image">
				<left>-237</left>
				<top>240</top>
				<width>610</width>
				<height>360</height>
				<texture>thumbs/diffuse.png</texture>
				<bordersize>20</bordersize>
			</control>
		</itemlayout>
		<focusedlayout width="588" height="750" condition="Skin.HasSetting(Enable.ShiftFanart)">
			<control type="group">
				<animation effect="zoom" center="80,426" start="100" end="130" time="400" tween="quadratic" reversible="false">Focus</animation>
				<animation effect="zoom" center="80,426" start="130" end="100" time="400" tween="quadratic" reversible="false">Unfocus</animation>
				<control type="image">
					<left>-237</left>
					<top>240</top>
					<width>610</width>
					<height>360</height>
					<aspectratio scalediffuse="false">scale</aspectratio>
					<texture background="true">$INFO[ListItem.Art(fanart)]</texture>
					<bordersize>20</bordersize>
				</control>
				<control type="image">
					<animation center="auto" condition="Control.HasFocus(57)" easing="inout" effect="fade" end="0" start="100" time="300" tween="sine">Focus</animation>
					<animation center="auto" condition="Control.HasFocus(57)" easing="inout" effect="fade" end="100" start="0" time="300" tween="sine">UnFocus</animation>
					<left>-237</left>
					<top>240</top>
					<width>610</width>
					<height>360</height>
					<texture>thumbs/diffuse.png</texture>
					<bordersize>20</bordersize>
				</control>
			</control>
		</focusedlayout>
	</include>
	<include name="ShiftLabels">
		<control type="group">
			<left>130</left>
			<top>950</top>
			<include>VisibleFadeEffect</include>
			<visible>Window.IsActive(videos)</visible>
			<control type="group">
				<visible>!StringCompare(Container.SortMethod,$LOCALIZE[13409])</visible>
				<control type="label">
					<left>0</left>
					<top>0</top>
					<width>1693</width>
					<height>42</height>
					<align>left</align>
					<font>font28_title</font>
					<textcolor>$VAR[ColorTextVar]</textcolor>
					<scroll>true</scroll>
					<label>$INFO[ListItem.Label]</label>
					<textoffsetx>30</textoffsetx>
				</control>
				<control type="label">
					<left>0</left>
					<top>45</top>
					<width>1693</width>
					<height>30</height>
					<align>left</align>
					<font>font13_title</font>
					<textcolor>$VAR[ColorHighlightVar]</textcolor>
					<label>$VAR[FloorSubLabelVar]</label>
					<textoffsetx>30</textoffsetx>
				</control>
			</control>
			<control type="group">
				<visible>StringCompare(Container.SortMethod,$LOCALIZE[13409])</visible>
				<control type="label">
					<left>0</left>
					<top>0</top>
					<width>1150</width>
					<height>42</height>
					<align>left</align>
					<font>font28_title</font>
					<textcolor>$VAR[ColorTextVar]</textcolor>
					<scroll>true</scroll>
					<label>$INFO[ListItem.Label]</label>
					<textoffsetx>30</textoffsetx>
				</control>
				<control type="label">
					<left>0</left>
					<top>45</top>
					<width>1100</width>
					<height>30</height>
					<align>left</align>
					<font>font13_title</font>
					<textcolor>$VAR[ColorHighlightVar]</textcolor>
					<label>$VAR[FloorSubLabelVar]</label>
					<textoffsetx>30</textoffsetx>
				</control>
			</control>
			<control type="group">
				<left>30</left>
				<top>90</top>
				<control type="textbox">
					<visible>Skin.HasSetting(Enable.ShiftPlot)</visible>
					<animation effect="fade" time="300" tween="sine" easing="inout" start="0" end="100" delay="300">Visible</animation>
					<width>1633</width>
					<height>160</height>
					<font>font14_textbox3</font>
					<textcolor>$VAR[ColorTextVar]</textcolor>
					<align>left</align>
					<aligny>top</aligny>
					<autoscroll time="3000" delay="4000" repeat="5000">Skin.HasSetting(Enable.AutoScroll)</autoscroll>
					<include>ShowCaseInfoPanelButtonsValues</include>
					<label>$VAR[VideoPlotVar]</label>
				</control>
			</control>
		</control>
		<control type="group">
			<left>1477</left>
			<top>960</top>
			<width>500</width>
			<height>150</height>
			<include>VisibleFadeEffect</include>
			<visible>Container.Content(movies) + StringCompare(Container.SortMethod,$LOCALIZE[13409])</visible>
			<control type="image">
				<height>50</height>
				<colordiffuse>$VAR[ColorTextVar]</colordiffuse>
				<texture>imdb.png</texture>
				<aspectratio align="left" aligny="top">keep</aspectratio>
			</control>
			<control type="label">
				<left>22</left>
				<top>2</top>
				<width>200</width>
				<height>42</height>
				<font>font13</font>
				<textcolor>$VAR[ColorTextVar]</textcolor>
				<label>[UPPERCASE]$LOCALIZE[13409][/UPPERCASE] $INFO[ListItem.Top250,#]</label>
				<align>left</align>
			</control>
		</control>
		<control type="group">
			<visible>Container.Content(artists) | Container.Content(albums) | Container.Content(addons) | [Container.Content(musicvideos) + !Window.IsActive(videos)]</visible>
			<animation effect="slide" time="300" tween="sine" easing="inout" start="0,0" end="0,-230" condition="Skin.HasSetting(Enable.ShiftDescription) + !Container.Content(addons)">Conditional</animation>
			<control type="group">
				<left>130</left>
				<top>920</top>
				<control type="label">
					<left>0</left>
					<top>0</top>
					<width>1693</width>
					<height>42</height>
					<align>left</align>
					<font>font28_title</font>
					<textcolor>$VAR[ColorTextVar]</textcolor>
					<scroll>true</scroll>
					<label>$INFO[ListItem.Label]</label>
					<textoffsety>-2</textoffsety>
					<textoffsetx>30</textoffsetx>
				</control>
				<control type="label">
					<left>0</left>
					<top>45</top>
					<width>1693</width>
					<height>30</height>
					<align>left</align>
					<font>font13_title</font>
					<textcolor>$VAR[ColorHighlightVar]</textcolor>
					<label>$VAR[FloorLabel2Var]</label>
					<textoffsetx>30</textoffsetx>
				</control>
				<control type="textbox">
					<visible>Skin.HasSetting(Enable.ShiftDescription) + !Container.Content(addons)</visible>
					<animation effect="fade" time="300" tween="sine" easing="inout" start="0" end="100" delay="300">Visible</animation>
					<top>90</top>
					<left>30</left>
					<width>1633</width>
					<height>220</height>
					<font>font14_textbox4</font>
					<textcolor>$VAR[ColorTextVar]</textcolor>
					<align>left</align>
					<aligny>top</aligny>
					<autoscroll time="3000" delay="4000" repeat="5000">Skin.HasSetting(Enable.AutoScroll)</autoscroll>
					<include>ShowCaseInfoPanelButtonsValues</include>
					<label>$VAR[MusicPlotVar]</label>
				</control>
			</control>
		</control>
	</include>
</includes>