<?xml version="1.0" encoding="UTF-8"?>
<!-- Foundation -->
<window id="146">
    <defaultcontrol always="true">9000</defaultcontrol>
    <allowoverlay>yes</allowoverlay>
    <onunload>ClearProperty(9000Focus,home)</onunload>

    <include>Animation.SlideOpen.Left</include>
    <controls>

        <control type="group">
            <posx>horzpad</posx>
            <posy>topoffset</posy>
            <animation effect="slide" end="horznegpad" start="0" time="200" condition="ControlGroup(9500).HasFocus()">Conditional</animation>
            <include>DialogVisibility</include>
            <include>DefDialogInfoSideLabel</include>
            <control type="group" description="Poster">
                <posx>listx</posx>
                <posy>listy</posy>
                <control type="image">
                    <width>bigposterwborder</width>
                    <height>globalh</height>
                    <texture colordiffuse="PosterBorder" border="5">common/border-inner.png</texture>
                </control>
                <control type="image">
                    <posx>globalpad</posx>
                    <posy>globalpad</posy>
                    <width>bigposterw</width>
                    <height>bigposterw</height>
                    <fadetime>200</fadetime>
                    <texture background="true">$VAR[PosterImage]</texture>
                    <aspectratio aligny="top">scale</aspectratio>
                </control>
                <control type="label">
                    <posx>10</posx>
                    <posy>456</posy>
                    <width>445</width>
                    <height>223</height>
                    <align>center</align>
                    <aligny>center</aligny>
                    <font>Font-ListInfo</font>
                    <label>$INFO[ListItem.Label,[B],[/B]]$INFO[ListItem.Label2,[CR][CR],]</label>
                    <textcolor>Selected</textcolor>
                    <wrapmultiline>true</wrapmultiline>
                </control>
                <include>DefInformationNavLabel</include>
            </control>
            <control type="grouplist">
                <posx>509</posx>
                <posy>210</posy>
                <usecontrolcoords>true</usecontrolcoords>
                <orientation>vertical</orientation>
                <control type="label">
                    <width>600</width>
                    <height>32</height>
                    <align>left</align>
                    <aligny>top</aligny>
                    <font>Font-Button</font>
                    <label>20037</label>
                </control>
                <control type="label">
                    <width>600</width>
                    <height>64</height>
                    <align>left</align>
                    <aligny>top</aligny>
                    <font>Font-ListInfo</font>
                    <label fallback="416">$INFO[ListItem.Property(Addon.Summary)]</label>
                </control>
                <control type="label">
                    <width>600</width>
                    <height>32</height>
                    <align>left</align>
                    <aligny>top</aligny>
                    <font>Font-Button</font>
                    <label>560</label>
                </control>
                <control type="label">
                    <width>600</width>
                    <height>64</height>
                    <align>left</align>
                    <aligny>top</aligny>
                    <font>Font-ListInfo</font>
                    <label fallback="416">$INFO[ListItem.Property(Addon.ID)]</label>
                </control>
                <control type="label">
                    <width>600</width>
                    <height>32</height>
                    <align>left</align>
                    <aligny>top</aligny>
                    <font>Font-Button</font>
                    <label>21863</label>
                </control>
                <control type="label">
                    <width>600</width>
                    <height>64</height>
                    <align>left</align>
                    <aligny>top</aligny>
                    <font>Font-ListInfo</font>
                    <label fallback="416">$INFO[ListItem.Property(Addon.Creator)]</label>
                </control>
                <control type="label">
                    <width>600</width>
                    <height>32</height>
                    <align>left</align>
                    <aligny>top</aligny>
                    <font>Font-Button</font>
                    <label>573</label>
                </control>
                <control type="label">
                    <width>600</width>
                    <height>64</height>
                    <align>left</align>
                    <aligny>top</aligny>
                    <font>Font-ListInfo</font>
                    <label fallback="416">$INFO[ListItem.FileNameAndPath]</label>
                    <scroll>true</scroll>
                </control>
            </control>
            <control type="grouplist">
                <posx>539</posx>
                <posy>listy</posy>
                <usecontrolcoords>true</usecontrolcoords>
                <orientation>vertical</orientation>
                <control type="label">
                    <posx>917</posx>
                    <width>300</width>
                    <height>32</height>
                    <align>right</align>
                    <aligny>top</aligny>
                    <font>Font-Button</font>
                    <label>467</label>
                </control>
                <control type="label">
                    <posx>917</posx>
                    <width>300</width>
                    <height>64</height>
                    <align>right</align>
                    <aligny>top</aligny>
                    <font>Font-ListInfo</font>
                    <label fallback="416">$INFO[ListItem.Property(Addon.Type)]</label>
                </control>
                <control type="label">
                    <posx>917</posx>
                    <width>300</width>
                    <height>32</height>
                    <align>right</align>
                    <aligny>top</aligny>
                    <font>Font-Button</font>
                    <label>126</label>
                </control>
                <control type="label">
                    <posx>917</posx>
                    <width>300</width>
                    <height>64</height>
                    <align>right</align>
                    <aligny>top</aligny>
                    <font>Font-ListInfo</font>
                    <label fallback="416">$INFO[ListItem.Property(Addon.Status)]</label>
                </control>
            </control>
            <control type="grouplist">
                <posx>509</posx>
                <posy>630</posy>
                <usecontrolcoords>true</usecontrolcoords>
                <orientation>vertical</orientation>
                <control type="label">
                    <width>448</width>
                    <align>left</align>
                    <aligny>top</aligny>
                    <height>32</height>
                    <font>Font-Button</font>
                    <label>31101</label>
                </control>
                <control type="textbox">
                    <width>947</width>
                    <align>justify</align>
                    <aligny>top</aligny>
                    <font>Font-ListInfo</font>
                    <height>230</height>
                    <label fallback="416">$INFO[ListItem.Property(Addon.Description)]</label>
                    <wrapmultiline>true</wrapmultiline>
                </control>
            </control>
        </control>
        
        <control type="group">      
            <visible allowhiddenfocus="true">ControlGroup(9500).HasFocus() + !Window.IsVisible(DialogAddonSettings.xml)</visible>
            <include>Animation.SlideOpen.Left</include>
            <include>DefSidePanel</include>  
            <control type="grouplist" id="9500">
                <onback>9000</onback>
                <ondown>9500</ondown>
                <onup>9500</onup>
                <onright>9000</onright>
                <onleft>9000</onleft>
                <include>DefMyNavBarGroupList</include>
                
                <control type="button" id="12">
                    <label>518</label>
                    <include>DefNavMenuButton</include>
                </control>

                <control type="button" id="6">
                    <description>Install/Uninstall Addon button</description>
                    <include>DefNavMenuButton</include>
                    <label>24022</label>
                </control>

                <control type="button" id="7">
                    <description>Enable/Disable Addon button</description>
                    <include>DefNavMenuButton</include>
                    <label>24021</label>    
                </control>

                <control type="button" id="9">
                    <description>Addon Settings</description>
                    <include>DefNavMenuButton</include>
                    <label>24020</label>
                </control>

                <control type="button" id="8">
                    <description>Update Addon button</description>
                    <include>DefNavMenuButton</include>
                    <label>24069</label>
                </control>

                <control type="button" id="10">
                    <description>Changelog button</description>
                    <include>DefNavMenuButton</include>
                    <label>24036</label>
                </control>
            </control>
        </control>
        <control type="button" id="9000">
            <visible allowhiddenfocus="true">false</visible>
            <onclick>SetFocus(9500)</onclick>
            <onright>SetFocus(9500)</onright>
            <onleft>Back</onleft>
            <onup>SetFocus(9500)</onup>
            <ondown>SetFocus(9500)</ondown>
        </control>
    </controls>

</window>
