<?xml version="1.0" encoding="UTF-8"?>
<!-- Foundation -->
<window>
    <defaultcontrol always="true">11</defaultcontrol>
    
    <controls>
    
        <control type="group">
            <visible>!Window.IsActive(DialogPVRGuideInfo.xml)</visible>
            <include>Animation.SlideOpen.Right</include>
            <control type="image">
                <posx>-1</posx>
                <posy>-1</posy>
                <width>668</width>
                <height>1082</height>
                <texture colordiffuse="PanelBG" border="5">common/white.png</texture>
                <bordertexture colordiffuse="PosterBorder" border="5">common/border-inner.png</bordertexture>
                <bordersize>1</bordersize>
                <animation effect="fade" start="100" end="90" condition="true">Conditional</animation>
            </control>
            <control type="image">
                <posx>530</posx>
                <posy>-4</posy>  
                <width>128</width>
                <height>128</height>
                <texture>special://skin/extras/icons/livetv.png</texture>
                <colordiffuse>PanelFG</colordiffuse>
            </control>
            <control type="label">
                <posx>33</posx>
                <posy>10</posy>
                <width>400</width>
                <align>left</align>
                <textcolor>PanelFG</textcolor>
                <font>Font-SettingsCategory</font>
                <label>$INFO[VideoPlayer.ChannelGroup]</label>
            </control>
            <control type="label">
                <posx>33</posx>
                <posy>43</posy>
                <width>400</width>
                <align>left</align>
                <textcolor>PanelFG</textcolor>
                <font>Font-ListInfo</font>
                <label>$INFO[Container(11).NumItems,,  $LOCALIZE[19019]]</label>
            </control>

            <control type="list" id="11">
                <posx>0</posx>
                <posy>120</posy>
                <height>980</height>
                <width>667</width>
                <orientation>vertical</orientation>
                <itemlayout height="120">
                    <control type="image">
                        <width>667</width>
                        <height>109</height>
                        <texture>common/selected.png</texture>
                        <aspectratio aligny="top">center</aspectratio>
                        <animation effect="fade" start="100" end="10" condition="true">Conditional</animation>
                        <visible>ListItem.IsPlaying</visible>
                        <colordiffuse>PanelFG</colordiffuse>
                    </control>
                    <control type="image">
                        <posx>22</posx>
                        <posy>12</posy>  
                        <width>85</width>
                        <height>85</height>
                        <texture>$VAR[PVRIcon]</texture>
                        <aspectratio>keep</aspectratio>
                    </control>
                    <control type="label">
                        <posx>561</posx>
                        <posy>5</posy>
                        <width>70</width>
                        <align>left</align>
                        <textcolor>PanelFG-NF</textcolor>
                        <selectedcolor>PanelFG-NF</selectedcolor>
                        <font>Font-SettingsCategory</font>
                        <label>$INFO[ListItem.ChannelNumber]</label>
                    </control>
                    <control type="progress">
                        <posx>561</posx>
                        <posy>65</posy>
                        <width>67</width>
                        <height>19</height>
                        <reveal>true</reveal>
                        <texturebg>windows/pvr/progress-back.png</texturebg>
                        <lefttexture>windows/pvr/progress-leftright.png</lefttexture>
                        <midtexture>windows/pvr/progress-mid.png</midtexture>
                        <righttexture>windows/pvr/progress-leftright.png</righttexture>
                        <info>ListItem.Progress</info>
                        <colordiffuse>PanelFG-NF</colordiffuse>
                    </control>
                    <control type="label">
                        <posx>130</posx>
                        <posy>5</posy>
                        <width>400</width>
                        <align>left</align>
                        <textcolor>PanelFG-NF</textcolor>
                        <selectedcolor>PanelFG-NF</selectedcolor>
                        <font>Font-SettingsCategory</font>
                        <label>$INFO[ListItem.ChannelName]</label>
                    </control>
                    <control type="label">
                        <posx>130</posx>
                        <posy>40</posy>
                        <width>400</width>
                        <align>left</align>
                        <font>Font-ListInfo</font>
                        <textcolor>PanelFG-NF</textcolor>
                        <selectedcolor>PanelFG-NF</selectedcolor>
                        <label>$INFO[ListItem.Title]</label>
                    </control>
                </itemlayout>
                <focusedlayout height="120">
                    <control type="image">
                        <width>667</width>
                        <height>109</height>
                        <texture colordiffuse="PosterHighlight" border="5">common/border-inner.png</texture>
                    </control>
                    <control type="image">
                        <width>645</width>
                        <height>109</height>
                        <texture>common/selected.png</texture>
                        <aspectratio aligny="top">center</aspectratio>
                        <animation effect="fade" start="100" end="10" condition="true">Conditional</animation>
                        <visible>ListItem.IsPlaying</visible>
                    </control>
                    <control type="image">
                        <posx>22</posx>
                        <posy>12</posy>  
                        <width>85</width>
                        <height>85</height>
                        <texture>$VAR[PVRIcon]</texture>
                        <aspectratio>keep</aspectratio>
                    </control>
                    <control type="label">
                        <posx>561</posx>
                        <posy>5</posy>
                        <width>70</width>
                        <align>left</align>
                        <textcolor>Selected</textcolor>
                        <selectedcolor>Selected</selectedcolor>
                        <font>Font-SettingsCategory</font>
                        <label>$INFO[ListItem.ChannelNumber]</label>
                    </control>
                    <control type="progress">
                        <posx>561</posx>
                        <posy>65</posy>
                        <width>67</width>
                        <height>19</height>
                        <reveal>true</reveal>
                        <texturebg>windows/pvr/progress-back.png</texturebg>
                        <lefttexture>windows/pvr/progress-leftright.png</lefttexture>
                        <midtexture>windows/pvr/progress-mid.png</midtexture>
                        <righttexture>windows/pvr/progress-leftright.png</righttexture>
                        <info>ListItem.Progress</info>
                        <colordiffuse>Selected</colordiffuse>
                    </control>
                    <control type="label">
                        <posx>130</posx>
                        <posy>5</posy>
                        <width>400</width>
                        <align>left</align>
                        <textcolor>Selected</textcolor>
                        <selectedcolor>Selected</selectedcolor>
                        <font>Font-SettingsCategory</font>
                        <label>$INFO[ListItem.ChannelName]</label>
                    </control>
                    <control type="label">
                        <posx>130</posx>
                        <posy>40</posy>
                        <width>400</width>
                        <align>left</align>
                        <font>Font-ListInfo</font>
                        <textcolor>Selected</textcolor>
                        <selectedcolor>Selected</selectedcolor>
                        <label>$INFO[ListItem.Title]</label>
                    </control>
                </focusedlayout>
            
            </control>
        </control>
    </controls>

</window>
