<?xml version="1.0" encoding="UTF-8"?>
<!-- Foundation -->
<window id="2003">
    <defaultcontrol always="true">9850</defaultcontrol>
    <allowoverlay>yes</allowoverlay>
    <include>Animation.SlideOpen.Left</include>
    <onunload>ClearProperty(9000Focus,home)</onunload>
    <onload condition="Skin.HasSetting(ActivateTvTunes) + System.HasAddon(script.tvtunes)">XBMC.RunScript(script.tvtunes,backend=True)</onload>
    <controls>
    
        <control type="button">
            <posy>600</posy>
            <posx>1770</posx>
            <width>48</width>
            <height>48</height>
            <onclick>SetFocus(50)</onclick>
            <texturenofocus flipx="false">common/right-arrow.png</texturenofocus>
            <texturefocus flipx="false">common/right-arrow.png</texturefocus>
            <aspectratio>keep</aspectratio>
            <animation effect="fade" end="75" condition="true">Conditional</animation>
            <animation effect="fade" start="0" end="100" delay="200" time="650" reversible="false">WindowOpen</animation>
            <animation effect="fade" start="0" end="100" delay="200" time="650" reversible="false">Visible</animation>
            <animation effect="fade" start="100" end="0" delay="0" time="0" reversible="false">WindowClose</animation>
            <animation effect="fade" start="100" end="0" delay="0" time="0" reversible="false">Hidden</animation>
            <include>DialogVisibility</include>
            <visible>!Control.HasFocus(50)</visible>
            <visible>!ControlGroup(9500).HasFocus()</visible>
        </control>
        
        <control type="button">
            <posy>600</posy>
            <posx>102</posx>
            <width>48</width>
            <height>48</height>
            <onclick>SetFocus(9500)</onclick>
            <texturenofocus flipx="true">common/right-arrow.png</texturenofocus>
            <texturefocus flipx="true">common/right-arrow.png</texturefocus>
            <aspectratio>keep</aspectratio>
            <animation effect="fade" end="75" condition="true">Conditional</animation>
            <animation effect="fade" start="0" end="100" delay="200" time="650" reversible="false">WindowOpen</animation>
            <animation effect="fade" start="0" end="100" delay="200" time="650" reversible="false">Visible</animation>
            <animation effect="fade" start="100" end="0" delay="0" time="0" reversible="false">WindowClose</animation>
            <animation effect="fade" start="100" end="0" delay="0" time="0" reversible="false">Hidden</animation>
            <include>DialogVisibility</include>
            <visible>Control.HasFocus(50)</visible>
            <visible>!ControlGroup(9500).HasFocus()</visible>

        </control>
        
        <control type="group">
            <animation effect="slide" end="horznegpad" start="0" time="200" condition="[ControlGroup(9500).HasFocus() | Window.IsActive(DialogContextMenu.xml)]">Conditional</animation>
            <visible>!Window.IsVisible(fullscreenvideo) + !Window.IsVisible(visualisation)</visible>
            <posx>horzpad</posx>
            <posy>topoffset</posy>
            <animation effect="slide" start="0" end="-2000" time="200" condition="Control.HasFocus(50)">Conditional</animation>
            <include>DialogVisibility</include>
            <include>DefDialogInfoSideLabel</include>
            <control type="group">
                <posx>1996</posx>
                <control type="label" description="Actors Label">
                    <label>344</label>
                    <include>DefSideLabelCoords</include>
                </control>
            </control>
            <control type="group" description="Poster">
                <posx>listx</posx>
                <posy>listy</posy>
                <control type="image">
                    <width>bigposterwborder</width>
                    <height>globalh</height>
                    <texture colordiffuse="PosterBorder" border="5">common/border-inner.png</texture>
                </control>
                <control type="image">
                    <posx>globalpad</posx>
                    <posy>globalpad</posy>
                    <width>bigposterw</width>
                    <height>bigposterh</height>
                    <fadetime>200</fadetime>
                    <texture background="true">$VAR[PosterImage]</texture>
                    <aspectratio aligny="top">scale</aspectratio>
                </control>
                <control type="image">
                    <posx>globalpad</posx>
                    <posy>globalpad</posy>
                    <width>bigposterw</width>
                    <height>bigposterh</height>
                    <texture>common/playring.png</texture>
                    <aspectratio>center</aspectratio>
                    <animation effect="fade" start="100" end="50" condition="true">Conditional</animation>
                </control>
                <include>DefInformationNavLabel</include>

                
            </control>
            
            <control type="grouplist" description="episodes left">
                <posx>509</posx>
                <posy>listy</posy>
                <usecontrolcoords>true</usecontrolcoords>
                <orientation>vertical</orientation>
                <visible>Container.Content(episodes)</visible>
                <control type="label">
                    <width>600</width>
                    <height>32</height>
                    <align>left</align>
                    <aligny>top</aligny>
                    <font>Font-Button</font>
                    <label>20339</label>
                </control>
                <control type="label">
                    <width>600</width>
                    <height>64</height>
                    <align>left</align>
                    <aligny>top</aligny>
                    <font>Font-ListInfo</font>
                    <label fallback="416">$INFO[ListItem.Director]$INFO[ListItem.Year, (,)]</label>
                </control>
                <control type="label">
                    <width>600</width>
                    <height>32</height>
                    <align>left</align>
                    <aligny>top</aligny>
                    <font>Font-Button</font>
                    <label>20417</label>
                </control>
                <control type="label">
                    <width>600</width>
                    <height>64</height>
                    <align>left</align>
                    <aligny>top</aligny>
                    <font>Font-ListInfo</font>
                    <label fallback="416">$INFO[ListItem.Writer]</label>
                </control>
                <control type="label">
                    <width>600</width>
                    <height>32</height>
                    <align>left</align>
                    <aligny>top</aligny>
                    <font>Font-Button</font>
                    <label>20416</label>
                </control>
                <control type="label">
                    <width>600</width>
                    <height>64</height>
                    <align>left</align>
                    <aligny>top</aligny>
                    <font>Font-ListInfo</font>
                    <label fallback="416">$INFO[ListItem.Premiered]</label>
                </control>
                <control type="label">
                    <width>600</width>
                    <height>32</height>
                    <align>left</align>
                    <aligny>top</aligny>
                    <font>Font-Button</font>
                    <label>573</label>
                </control>
                <control type="label">
                    <width>600</width>
                    <height>64</height>
                    <align>left</align>
                    <aligny>top</aligny>
                    <font>Font-ListInfo</font>
                    <label fallback="416">$INFO[ListItem.FileNameAndPath]</label>
                    <scroll>true</scroll>
                </control>
            </control>
            
            <control type="grouplist" description="movies left">
                <posx>509</posx>
                <posy>listy</posy>
                <usecontrolcoords>true</usecontrolcoords>
                <orientation>vertical</orientation>
                <visible>!Container.Content(episodes) + !Container.Content(tvshows) + !Container.Content(seasons)</visible>
                <control type="label">
                    <width>600</width>
                    <height>32</height>
                    <align>left</align>
                    <aligny>top</aligny>
                    <font>Font-Button</font>
                    <label>20339</label>
                </control>
                <control type="label">
                    <width>600</width>
                    <height>64</height>
                    <align>left</align>
                    <aligny>top</aligny>
                    <font>Font-ListInfo</font>
                    <label fallback="416">$INFO[ListItem.Director]$INFO[ListItem.Year, (,)]</label>
                </control>
                <control type="label">
                    <width>600</width>
                    <height>32</height>
                    <align>left</align>
                    <aligny>top</aligny>
                    <font>Font-Button</font>
                    <label>20417</label>
                </control>
                <control type="label">
                    <width>600</width>
                    <height>64</height>
                    <align>left</align>
                    <aligny>top</aligny>
                    <font>Font-ListInfo</font>
                    <label fallback="416">$INFO[ListItem.Writer]</label>
                </control>
                <control type="label">
                    <width>600</width>
                    <height>32</height>
                    <align>left</align>
                    <aligny>top</aligny>
                    <font>Font-Button</font>
                    <label>515</label>
                </control>
                <control type="label">
                    <width>600</width>
                    <height>64</height>
                    <align>left</align>
                    <aligny>top</aligny>
                    <font>Font-ListInfo</font>
                    <label fallback="416">$INFO[ListItem.Genre]</label>
                </control>
                <control type="label">
                    <width>600</width>
                    <height>32</height>
                    <align>left</align>
                    <aligny>top</aligny>
                    <font>Font-Button</font>
                    <label>573</label>
                </control>
                <control type="label">
                    <width>600</width>
                    <height>64</height>
                    <align>left</align>
                    <aligny>top</aligny>
                    <font>Font-ListInfo</font>
                    <label fallback="416">$INFO[ListItem.FileNameAndPath]</label>
                    <scroll>true</scroll>
                </control>
            </control>
            
            <control type="grouplist" description="tvshows left">
                <posx>509</posx>
                <posy>listy</posy>
                <usecontrolcoords>true</usecontrolcoords>
                <orientation>vertical</orientation>
                <visible>Container.Content(tvshows) | Container.Content(seasons)</visible>
                <control type="label">
                    <width>600</width>
                    <height>32</height>
                    <align>left</align>
                    <aligny>top</aligny>
                    <font>Font-Button</font>
                    <label>20416</label>
                </control>
                <control type="label">
                    <width>600</width>
                    <height>64</height>
                    <align>left</align>
                    <aligny>top</aligny>
                    <font>Font-ListInfo</font>
                    <label fallback="416">$INFO[ListItem.Premiered]</label>
                </control>
                <control type="label">
                    <width>600</width>
                    <height>32</height>
                    <align>left</align>
                    <aligny>top</aligny>
                    <font>Font-Button</font>
                    <label>572</label>
                </control>
                <control type="label">
                    <width>600</width>
                    <height>64</height>
                    <align>left</align>
                    <aligny>top</aligny>
                    <font>Font-ListInfo</font>
                    <label fallback="416">$INFO[ListItem.Studio]</label>
                </control>
                <control type="label">
                    <width>600</width>
                    <height>32</height>
                    <align>left</align>
                    <aligny>top</aligny>
                    <font>Font-Button</font>
                    <label>515</label>
                </control>
                <control type="label">
                    <width>600</width>
                    <height>64</height>
                    <align>left</align>
                    <aligny>top</aligny>
                    <font>Font-ListInfo</font>
                    <label fallback="416">$INFO[ListItem.Genre]</label>
                </control>
                <control type="label">
                    <width>600</width>
                    <height>32</height>
                    <align>left</align>
                    <aligny>top</aligny>
                    <font>Font-Button</font>
                    <label>573</label>
                </control>
                <control type="label">
                    <width>600</width>
                    <height>64</height>
                    <align>left</align>
                    <aligny>top</aligny>
                    <font>Font-ListInfo</font>
                    <label fallback="416">$INFO[ListItem.FileNameAndPath]</label>
                    <scroll>true</scroll>
                </control>
            </control>
            
            
            
            <control type="grouplist" description="videos right">
                <posx>539</posx>
                <posy>listy</posy>
                <usecontrolcoords>true</usecontrolcoords>
                <orientation>vertical</orientation>
                <visible>!Container.Content(tvshows) + !Container.Content(seasons)</visible>
                <control type="label">
                    <posx>917</posx>
                    <width>300</width>
                    <height>32</height>
                    <align>right</align>
                    <aligny>top</aligny>
                    <font>Font-Button</font>
                    <label>2050</label>
                </control>
                <control type="label">
                    <posx>917</posx>
                    <width>300</width>
                    <height>64</height>
                    <align>right</align>
                    <aligny>top</aligny>
                    <font>Font-ListInfo</font>
                    <label fallback="416">$INFO[ListItem.Duration,, $LOCALIZE[12391]]</label>
                </control>
                <control type="label">
                    <posx>917</posx>
                    <width>300</width>
                    <height>32</height>
                    <align>right</align>
                    <aligny>top</aligny>
                    <font>Font-Button</font>
                    <label>20074</label>
                </control>
                <control type="label">
                    <posx>917</posx>
                    <width>300</width>
                    <height>64</height>
                    <align>right</align>
                    <aligny>top</aligny>
                    <font>Font-ListInfo</font>
                    <label fallback="416">$INFO[ListItem.MPAA]</label>
                </control>
                <control type="label">
                    <posx>917</posx>
                    <width>300</width>
                    <height>32</height>
                    <align>right</align>
                    <aligny>top</aligny>
                    <font>Font-Button</font>
                    <label>292</label>
                </control>
                <control type="label">
                    <posx>917</posx>
                    <width>300</width>
                    <height>64</height>
                    <align>right</align>
                    <aligny>top</aligny>
                    <font>Font-ListInfo</font>
                    <label fallback="416">$INFO[ListItem.AudioCodec,,  •  ]$VAR[AudioChannels]</label>
                </control>
                <control type="label">
                    <posx>917</posx>
                    <width>300</width>
                    <height>32</height>
                    <align>right</align>
                    <aligny>top</aligny>
                    <font>Font-Button</font>
                    <label>291</label>
                </control>
                <control type="label">
                    <posx>917</posx>
                    <width>350</width>
                    <height>64</height>
                    <align>right</align>
                    <aligny>top</aligny>
                    <font>Font-ListInfo</font>
                    <label fallback="416">$VAR[HDSD,, ]$INFO[ListItem.VideoResolution]$INFO[ListItem.VideoCodec,  •  ,]$INFO[ListItem.VideoAspect,  •  ,]</label>
                </control>
            </control>
            
            <control type="grouplist" description="tvshows right">
                <posx>539</posx>
                <posy>listy</posy>
                <usecontrolcoords>true</usecontrolcoords>
                <orientation>vertical</orientation>
                <visible>Container.Content(tvshows) | Container.Content(seasons)</visible>
                <control type="label">
                    <posx>917</posx>
                    <width>300</width>
                    <height>32</height>
                    <align>right</align>
                    <aligny>top</aligny>
                    <font>Font-Button</font>
                    <label>2050</label>
                </control>
                <control type="label">
                    <posx>917</posx>
                    <width>300</width>
                    <height>64</height>
                    <align>right</align>
                    <aligny>top</aligny>
                    <font>Font-ListInfo</font>
                    <label fallback="416">$INFO[ListItem.Duration,, $LOCALIZE[12391]]</label>
                </control>
                <control type="label">
                    <posx>917</posx>
                    <width>300</width>
                    <height>32</height>
                    <align>right</align>
                    <aligny>top</aligny>
                    <font>Font-Button</font>
                    <label>20074</label>
                </control>
                <control type="label">
                    <posx>917</posx>
                    <width>300</width>
                    <height>64</height>
                    <align>right</align>
                    <aligny>top</aligny>
                    <font>Font-ListInfo</font>
                    <label fallback="416">$INFO[ListItem.MPAA]</label>
                </control>
                <control type="label">
                    <posx>917</posx>
                    <width>300</width>
                    <height>32</height>
                    <align>right</align>
                    <aligny>top</aligny>
                    <font>Font-Button</font>
                    <label>16101</label>
                </control>
                <control type="label">
                    <posx>917</posx>
                    <width>300</width>
                    <height>64</height>
                    <align>right</align>
                    <aligny>top</aligny>
                    <font>Font-ListInfo</font>
                    <label fallback="416">$INFO[ListItem.Property(UnWatchedEpisodes),, $LOCALIZE[20453]]</label>
                </control>
                <control type="label">
                    <posx>917</posx>
                    <width>300</width>
                    <height>32</height>
                    <align>right</align>
                    <aligny>top</aligny>
                    <font>Font-Button</font>
                    <label>20161</label>
                </control>
                <control type="label">
                    <posx>917</posx>
                    <width>350</width>
                    <height>64</height>
                    <align>right</align>
                    <aligny>top</aligny>
                    <font>Font-ListInfo</font>
                    <label fallback="416">$INFO[ListItem.Property(TotalEpisodes),, $LOCALIZE[20453]]</label>
                </control>
            </control>
            
            
            <control type="grouplist">
                <posx>509</posx>
                <posy>630</posy>
                <usecontrolcoords>true</usecontrolcoords>
                <orientation>vertical</orientation>
                <control type="label">
                    <width>448</width>
                    <align>left</align>
                    <aligny>top</aligny>
                    <height>32</height>
                    <font>Font-Button</font>
                    <label>207</label>
                </control>
                <control type="textbox">
                    <width>947</width>
                    <align>justify</align>
                    <aligny>top</aligny>
                    <font>Font-ListInfo</font>
                    <height>230</height>
                    <label fallback="416">$INFO[ListItem.Plot]</label>
                    <wrapmultiline>true</wrapmultiline>
                </control>
            </control>
            
            <control type="image">
                <posy>920</posy>
                <posx>2730</posx>
                <width>16</width>
                <height>16</height>
                <aspectratio>keep</aspectratio>
                <texture>common/16-arrow-down.png</texture>
                <animation effect="fade" start="100" end="35" condition="true">Conditional</animation>
                <animation effect="fade" start="0" end="100" delay="200" time="650" reversible="false">WindowOpen</animation>
                <animation effect="fade" start="0" end="100" delay="200" time="650" reversible="false">Visible</animation>
                <animation effect="fade" start="100" end="0" delay="0" time="0" reversible="false">WindowClose</animation>
                <animation effect="fade" start="100" end="0" delay="0" time="0" reversible="false">Hidden</animation>
                <include>DialogVisibility</include>
                <visible>IntegerGreaterThan(Container(50).NumPages,1)</visible>
            </control>
            <control type="image">
                <posy>180</posy>
                <posx>2730</posx>
                <width>16</width>
                <height>16</height>
                <aspectratio>keep</aspectratio>
                <texture flipy="true">common/16-arrow-down.png</texture>
                <animation effect="fade" start="100" end="35" condition="true">Conditional</animation>
                <animation effect="fade" start="0" end="100" delay="200" time="650" reversible="false">WindowOpen</animation>
                <animation effect="fade" start="0" end="100" delay="200" time="650" reversible="false">Visible</animation>
                <animation effect="fade" start="100" end="0" delay="0" time="0" reversible="false">WindowClose</animation>
                <animation effect="fade" start="100" end="0" delay="0" time="0" reversible="false">Hidden</animation>
                <include>DialogVisibility</include>
                <visible>IntegerGreaterThan(Container(50).NumPages,1)</visible>
            </control>
            
            <control type="panel" id="50">
                <posx>2018</posx>
                <posy>listy</posy>
                <width>1534</width>
                <height>700</height>
                <onback>9000</onback>
                <onleft>9000</onleft>
                <onup>50</onup>
                <ondown>50</ondown>
                <viewtype label="Wall">list</viewtype>
                <scrolltime>200</scrolltime>
                <orientation>vertical</orientation>
                <itemlayout width="291" height="wallposterhlist">

                    <control type="image">
                        <height>wallposterhborder</height>
                        <width>281</width>
                        <texture colordiffuse="PosterBorder" border="5">common/border-inner.png</texture>
                    </control>
         
                    <control type="image">
                        <posx>globalpad</posx>
                        <posy>globalpad</posy>
                        <height>wallposterh</height>
                        <width>261</width>
                        <texture background="true">$VAR[PosterImage]</texture>
                        <aspectratio aligny="top">scale</aspectratio>
                    </control>
                    <control type="image">
                        <posx>globalpad</posx>
                        <bottom>20</bottom>
                        <height>73</height>
                        <width>261</width>
                        <texture colordiffuse="PanelBG">common/white.png</texture>
                        <aspectratio>scale</aspectratio>
                        <animation effect="fade" end="90" condition="true">Conditional</animation>
                    </control>
                    <control type="textbox">
                        <posx>20</posx>
                        <bottom>20</bottom>
                        <width>241</width>
                        <height>68</height>
                        <align>left</align>
                        <font>Font-ListInfo-Small</font>
                        <label>$INFO[ListItem.Label]</label>
                        <autoscroll>false</autoscroll>
                    </control>

                </itemlayout>
                <focusedlayout width="291" height="wallposterhlist">
                    
                    <control type="image">
                        <height>wallposterhborder</height>
                        <width>281</width>
                        <texture colordiffuse="PosterHighlight" border="5">common/white.png</texture>
                    </control>
         
                    <control type="image">
                        <posx>globalpad</posx>
                        <posy>globalpad</posy>
                        <height>wallposterh</height>
                        <width>261</width>
                        <texture background="true">$VAR[PosterImage]</texture>
                        <aspectratio aligny="top">scale</aspectratio>
                    </control>
                    <control type="image">
                        <posx>globalpad</posx>
                        <bottom>20</bottom>
                        <height>73</height>
                        <width>261</width>
                        <texture colordiffuse="PanelBG">common/white.png</texture>
                        <aspectratio>scale</aspectratio>
                        <animation effect="fade" end="90" condition="true">Conditional</animation>
                    </control>
                    <control type="textbox">
                        <posx>20</posx>
                        <bottom>20</bottom>
                        <width>241</width>
                        <height>68</height>
                        <align>left</align>
                        <font>Font-ListInfo-Small</font>
                        <label>$INFO[ListItem.Label]</label>
                        <autoscroll>false</autoscroll>
                    </control>

                </focusedlayout>
                
            </control>
        </control>
        
        <control type="group">      
            <visible allowhiddenfocus="true">ControlGroup(9500).HasFocus()</visible>
            <include>Animation.SlideOpen.Left</include>
            <include>DialogVisibility</include>
            <include>DefSidePanel</include>  
            <control type="grouplist" id="9500">
                <onback>9000</onback>
                <ondown>9500</ondown>
                <onup>9500</onup>
                <onright>50</onright>
                <onleft>9000</onleft>
                <include>DefMyNavBarGroupList</include>

                <control type="button" id="8" description="Play">
                    <label>208</label>
                    <include>DefNavMenuButton</include>
                </control>
                
                <control type="button" id="11" description="Trailer">
                    <label>20410</label>
                    <include>DefNavMenuButton</include>
                </control>
                
                <control type="button" id="9002" description="Cinema Experience">
                     <include>DefNavMenuButton</include>
                     <label>31174</label>
                     <onclick>Dialog.Close(MovieInformation)</onclick>
                     <onclick>XBMC.RunScript(script.cinema.experience,movieid=$INFO[ListItem.DBID])</onclick>
                     <visible>system.hasaddon(script.cinema.experience) + Container.Content(movies)</visible>
                 </control>
    
                <control type="button" id="10" description="Thumb">
                    <label>31135</label>
                    <include>DefNavMenuButton</include>
                </control>
                
                <control type="button" id="6" description="Refresh">
                    <label>184</label>
                    <include>DefNavMenuButton</include>
                </control>
                
                <control type="button" id="9001" description="Get TvTunes">
                    <label>31127</label>
                    <onclick>XBMC.RunScript(script.tvtunes,mode=solo)</onclick>
                    <visible>Skin.HasSetting(ActivateTvTunes) + System.HasAddon(script.tvtunes) + [Container.Content(TVShows) | Container.Content(movies)] + IsEmpty(Window(movieinformation).Property("TvTunes_HideVideoInfoButton"))</visible>
                    <include>DefNavMenuButton</include>
                </control>
            </control>
        </control>
        
        <control type="button" id="5" description="Cast">
            <visible allowhiddenfocus="true">false</visible>
        </control>

        <control type="button" id="9850">
            <visible allowhiddenfocus="true">false</visible>
            <onfocus>SendClick(2003,5)</onfocus>
            <onfocus>SetFocus(9000)</onfocus>
        </control>
        
        <control type="button" id="9000">
            <visible allowhiddenfocus="true">false</visible>
            <onclick>SendClick(2003,8)</onclick>
            <onright>50</onright>
            <onleft>Back</onleft>
            <onup>SetFocus(9500)</onup>
            <ondown>SetFocus(9500)</ondown>
        </control>
        <include>DefMenuMouse</include>
    </controls>

</window>
