<?xml version="1.0" encoding="UTF-8"?>
<!-- Foundation -->
<window>
    <defaultcontrol always="true">9000</defaultcontrol>
    <allowoverlay>yes</allowoverlay>
    <include>Animation.SlideOpen.Left</include>
    <zorder>3</zorder>
    <controls>

        
        <control type="group">
            <posx>horzpad</posx>
            <posy>topoffset</posy>
            <include>DialogVisibility</include>
            <animation effect="slide" end="horznegpad" start="0" time="200" condition="[ControlGroup(9500).HasFocus() | Window.IsActive(DialogContextMenu.xml)]">Conditional</animation>
            <include>DefDialogInfoSideLabel</include>
            <control type="group" description="Poster">
                <posx>listx</posx>
                <posy>listy</posy>
                <control type="image">
                    <width>bigposterwborder</width>
                    <height>globalh</height>
                    <texture colordiffuse="PosterBorder" border="5">common/border-inner.png</texture>
                </control>
                <control type="image">
                    <posx>globalpad</posx>
                    <posy>globalpad</posy>
                    <width>bigposterw</width>
                    <height>bigposterh</height>
                    <fadetime>200</fadetime>
                    <texture background="true">$VAR[PosterImage]</texture>
                    <aspectratio aligny="top">keep</aspectratio>
                </control>
                <control type="image">
                    <posx>globalpad</posx>
                    <posy>globalpad</posy>
                    <width>bigposterw</width>
                    <height>bigposterh</height>
                    <texture>common/playring.png</texture>
                    <aspectratio>center</aspectratio>
                    <animation effect="fade" start="100" end="33" condition="true">Conditional</animation>
                </control>
                <include>DefInformationNavLabel</include>
            </control>
            <control type="grouplist">
                <posx>509</posx>
                <posy>210</posy>
                <usecontrolcoords>true</usecontrolcoords>
                <orientation>vertical</orientation>
                <control type="label">
                    <width>600</width>
                    <height>32</height>
                    <align>left</align>
                    <aligny>top</aligny>
                    <font>Font-Button</font>
                    <label>31123</label>
                </control>
                <control type="label">
                    <width>600</width>
                    <height>64</height>
                    <align>left</align>
                    <aligny>top</aligny>
                    <font>Font-ListInfo</font>
                    <label fallback="416">$INFO[ListItem.ChannelNumber,,. ]$INFO[ListItem.ChannelName]</label>
                </control>
                <control type="label">
                    <width>600</width>
                    <height>32</height>
                    <align>left</align>
                    <aligny>top</aligny>
                    <font>Font-Button</font>
                    <label>31124</label>
                </control>
                <control type="label">
                    <width>600</width>
                    <height>64</height>
                    <align>left</align>
                    <aligny>top</aligny>
                    <font>Font-ListInfo</font>
                    <label fallback="416">$INFO[ListItem.StartDate]$INFO[ListItem.StartTime,  @  ,]</label>
                </control>
                <control type="label">
                    <width>600</width>
                    <height>32</height>
                    <align>left</align>
                    <aligny>top</aligny>
                    <font>Font-Button</font>
                    <label>515</label>
                </control>
                <control type="label">
                    <width>600</width>
                    <height>64</height>
                    <align>left</align>
                    <aligny>top</aligny>
                    <font>Font-ListInfo</font>
                    <label fallback="416">$INFO[ListItem.Genre]</label>
                </control>
                <control type="label">
                    <width>600</width>
                    <height>32</height>
                    <align>left</align>
                    <aligny>top</aligny>
                    <font>Font-Button</font>
                    <label>573</label>
                </control>
                <control type="label">
                    <width>600</width>
                    <height>64</height>
                    <align>left</align>
                    <aligny>top</aligny>
                    <font>Font-ListInfo</font>
                    <label fallback="416">$INFO[ListItem.FileNameAndPath]</label>
                    <scroll>true</scroll>
                </control>
            </control>
            <control type="grouplist">
                <posx>539</posx>
                <posy>listy</posy>
                <usecontrolcoords>true</usecontrolcoords>
                <orientation>vertical</orientation>
                <control type="label">
                    <posx>917</posx>
                    <width>300</width>
                    <height>32</height>
                    <align>right</align>
                    <aligny>top</aligny>
                    <font>Font-Button</font>
                    <label>2050</label>
                </control>
                <control type="label">
                    <posx>917</posx>
                    <width>300</width>
                    <height>64</height>
                    <align>right</align>
                    <aligny>top</aligny>
                    <font>Font-ListInfo</font>
                    <label fallback="416">$INFO[ListItem.Duration,, $LOCALIZE[12391]]</label>
                </control>
                <control type="label">
                    <posx>917</posx>
                    <width>300</width>
                    <height>32</height>
                    <align>right</align>
                    <aligny>top</aligny>
                    <font>Font-Button</font>
                    <label>31125</label>
                </control>
                <control type="label">
                    <posx>917</posx>
                    <width>300</width>
                    <height>64</height>
                    <align>right</align>
                    <aligny>top</aligny>
                    <font>Font-ListInfo</font>
                    <label fallback="416">$INFO[ListItem.EndTime]</label>
                </control>
                <control type="label">
                    <posx>917</posx>
                    <width>300</width>
                    <height>32</height>
                    <align>right</align>
                    <aligny>top</aligny>
                    <font>Font-Button</font>
                    <label>$LOCALIZE[31127] $LOCALIZE[126]</label>
                </control>
                <control type="label">
                    <posx>917</posx>
                    <width>300</width>
                    <height>64</height>
                    <align>right</align>
                    <aligny>top</aligny>
                    <font>Font-ListInfo</font>
                    <label fallback="416">$VAR[PVRInfoStatus]</label>
                </control>
            </control>
            <control type="grouplist">
                <posx>509</posx>
                <posy>630</posy>
                <usecontrolcoords>true</usecontrolcoords>
                <orientation>vertical</orientation>
                <control type="label">
                    <width>448</width>
                    <align>left</align>
                    <aligny>top</aligny>
                    <height>32</height>
                    <font>Font-Button</font>
                    <label>207</label>
                </control>
                <control type="textbox">
                    <width>947</width>
                    <align>justify</align>
                    <aligny>top</aligny>
                    <font>Font-ListInfo</font>
                    <height>230</height>
                    <label fallback="416">$INFO[ListItem.Plot]</label>
                    <wrapmultiline>true</wrapmultiline>
                </control>
            </control>
            
        </control>
        
    
        <control type="group">      
            <visible allowhiddenfocus="true">ControlGroup(9500).HasFocus()</visible>
            <include>Animation.SlideOpen.Left</include>
            <include>DefSidePanel</include>  
            <control type="grouplist" id="9500">
                <ondown>SetFocus(9000)</ondown>
                <onback>9000</onback>
                <include>DefMyNavBarGroupList</include>

                <control type="button" id="5">
                    <description>Switch to Channel</description>
                    <include>DefNavMenuButton</include>
                    <label>19165</label>
                </control>
                <control type="button" id="6">
                    <description>Record</description>
                    <include>DefNavMenuButton</include>
                </control>
                <control type="button" id="7">
                    <description>OK</description>
                    <include>DefNavMenuButton</include>
                    <label>186</label>
                </control>
            </control>
        </control>
        <control type="button" id="9000">
            <visible allowhiddenfocus="true">false</visible>
            <onclick>SendClick(5)</onclick>
            <onright>SetFocus(9500)</onright>
            <onleft>Back</onleft>
            <onup>SetFocus(9500)</onup>
            <ondown>SetFocus(9500)</ondown>
        </control>

    </controls>

</window>
