<?xml version="1.0" encoding="UTF-8"?>
<!-- Foundation -->
<fonts>
    <fontset id="Default">

        <!-- Required for system -->
        <font>
            
            <name>font13</name>
            <filename>Arial.ttf</filename>
            <size>30</size>
        </font>
        <font>
            <name>Font-Startup</name>
            <filename>SourceSansPro-Regular.ttf</filename>
            <size>384</size>
        </font>
        
        
        <!-- SKIN FONTS -->
        <font>
            
            <name>Font-SettingsCategory</name>
            <filename>Roboto-Black.ttf</filename>
            <size>34</size>
            <style>uppercase</style>
        </font>
        
        <font>
            
            <name>Font-WidgetInfoTitle</name>
            <filename>Roboto-Black.ttf</filename>
            <size>48</size>
        </font>

        <font>
            
            <name>Font-PVRTitle</name>
            <filename>Roboto-Bold.ttf</filename>
            <size>34</size>
        </font>
        <font>
            
            <name>Font-DialogHeader</name>
            <filename>Roboto-Bold.ttf</filename>
            <size>42</size>
        </font>
        <font>
            
            <name>Font-Button</name>
            <filename>Roboto-Bold.ttf</filename>
            <size>32</size>
        </font>
        <font>
            
            <name>Font-Context</name>
            <filename>Roboto-Bold.ttf</filename>
            <size>32</size>
            <style>uppercase</style>
        </font>
        <font>
            
            <name>Font-Sublabel</name>
            <filename>Roboto-Bold.ttf</filename>
            <size>32</size>
        </font>
        <font>
            
            <name>Font-ViewCategory</name>
            <filename>Roboto-Black.ttf</filename>
            <size>57</size>
            <style>uppercase</style>
        </font>
        <font>
            
            <name>Font-WidgetCategory</name>
            <filename>Roboto-Bold.ttf</filename>
            <size>27</size>
        </font>
        <font>
            
            <name>Font-Header</name>
            <filename>Roboto-Black.ttf</filename>
            <size>75</size>
        </font>
        <font>
            
            <name>Font-ListHeader</name>
            <filename>Roboto-Black.ttf</filename>
            <size>38</size>
        </font>
        <font>
            
            <name>Font-ListInfo</name>
            <filename>Roboto-Regular.ttf</filename>
            <size>30</size>
            <linespacing>1.08</linespacing>
        </font>
        <font>
            
            <name>Font-ListInfo-Small</name>
            <filename>Roboto-Regular.ttf</filename>
            <size>26</size>
        </font>
        <font>
            <style>uppercase</style>
            <name>Flag</name>
            <filename>Roboto-Bold.ttf</filename>
            <size>26</size>
        </font>
        <font>
            
            <name>Font-HomeMenu</name>
            <filename>Roboto-Regular.ttf</filename>
            <size>28</size>
        </font>
        <font>
            
            <name>Font-RSS</name>
            <filename>Roboto-Regular.ttf</filename>
            <size>25</size>
        </font>
        <font>
            
            <name>Font-DialogInfoNav</name>
            <filename>Roboto-Regular.ttf</filename>
            <size>25</size>
        </font>
        <font>
            
            <name>Font-Weather</name>
            <filename>Weather.ttf</filename>
            <size>64</size>
        </font>
        <font>
            
            <name>Font-MediumWeather</name>
            <filename>Weather.ttf</filename>
            <size>110</size>
        </font>
        <font>
            
            <name>Font-BigWeather</name>
            <filename>Weather.ttf</filename>
            <size>160</size>
        </font>
        <font>
            
            <name>Font-WeatherTemp</name>
            <filename>Roboto-Black.ttf</filename>
            <size>92</size>
        </font>
        <font>
            
            <name>Font-WeatherTempHourly</name>
            <filename>Roboto-Black.ttf</filename>
            <size>42</size>
        </font>
        <font>
            <name>Font-HugeWeather</name>
            <filename>Weather.ttf</filename>
            <size>280</size>
        </font>
    </fontset>
    <fontset id="Default Hebrew" unicode="true">

        <!-- Required for system -->
        <font>
            
            <name>font13</name>
            <filename>Arial.ttf</filename>
            <size>30</size>
        </font>
        <font>
            <name>Font-Startup</name>
            <filename>SourceSansPro-Regular.ttf</filename>
            <size>384</size>
        </font>
        
        
        <!-- SKIN FONTS -->
        <font>
            
            <name>Font-SettingsCategory</name>
            <filename>Roboto-Bold-Caps-Heb.ttf</filename>
            <size>34</size>
            <style>uppercase</style>
        </font>
        
        <font>
            
            <name>Font-WidgetInfoTitle</name>
            <filename>Roboto-Bold-Caps-Heb.ttf</filename>
            <size>48</size>
        </font>

        <font>
            
            <name>Font-PVRTitle</name>
            <filename>Roboto-Bold-Caps-Heb.ttf</filename>
            <size>34</size>
        </font>
        <font>
            
            <name>Font-DialogHeader</name>
            <filename>Roboto-Bold-Caps-Heb.ttf</filename>
            <size>42</size>
        </font>
        <font>
            
            <name>Font-Button</name>
            <filename>Roboto-Bold-Caps-Heb.ttf</filename>
            <size>32</size>
        </font>
        <font>
            
            <name>Font-Context</name>
            <filename>Roboto-Bold-Caps-Heb.ttf</filename>
            <size>32</size>
            <style>uppercase</style>
        </font>
        <font>
            
            <name>Font-Sublabel</name>
            <filename>Roboto-Bold-Caps-Heb.ttf</filename>
            <size>32</size>
        </font>
        <font>
            
            <name>Font-ViewCategory</name>
            <filename>Roboto-Bold-Caps-Heb.ttf</filename>
            <size>57</size>
            <style>uppercase</style>
        </font>
        <font>
            
            <name>Font-WidgetCategory</name>
            <filename>Roboto-Bold-Caps-Heb.ttf</filename>
            <size>27</size>
        </font>
        <font>
            
            <name>Font-Header</name>
            <filename>Roboto-Bold-Caps-Heb.ttf</filename>
            <size>75</size>
        </font>
        <font>
            
            <name>Font-ListHeader</name>
            <filename>Roboto-Bold-Caps-Heb.ttf</filename>
            <size>38</size>
        </font>
        <font>
            
            <name>Font-ListInfo</name>
            <filename>Roboto-Regular-Heb.ttf</filename>
            <size>30</size>
            <linespacing>1.08</linespacing>
        </font>
        <font>
            
            <name>Font-ListInfo-Small</name>
            <filename>Roboto-Regular-Heb.ttf</filename>
            <size>26</size>
        </font>
        <font>
            <style>uppercase</style>
            <name>Flag</name>
            <filename>Roboto-Regular-Heb.ttf</filename>
            <size>26</size>
        </font>
        <font>
            
            <name>Font-HomeMenu</name>
            <filename>Roboto-Regular-Heb.ttf</filename>
            <size>28</size>
        </font>
        <font>
            
            <name>Font-RSS</name>
            <filename>Roboto-Regular-Heb.ttf</filename>
            <size>25</size>
        </font>
        <font>
            
            <name>Font-DialogInfoNav</name>
            <filename>Roboto-Regular-Heb.ttf</filename>
            <size>25</size>
        </font>
        <font>
            
            <name>Font-Weather</name>
            <filename>Weather.ttf</filename>
            <size>64</size>
        </font>
        <font>
            
            <name>Font-MediumWeather</name>
            <filename>Weather.ttf</filename>
            <size>110</size>
        </font>
        <font>
            
            <name>Font-BigWeather</name>
            <filename>Weather.ttf</filename>
            <size>160</size>
        </font>
        <font>
            
            <name>Font-WeatherTemp</name>
            <filename>Roboto-Bold-Caps-Heb.ttf</filename>
            <size>92</size>
        </font>
        <font>
            
            <name>Font-WeatherTempHourly</name>
            <filename>Roboto-Bold-Caps-Heb.ttf</filename>
            <size>42</size>
        </font>
        <font>
            <name>Font-HugeWeather</name>
            <filename>Weather.ttf</filename>
            <size>280</size>
        </font>
    </fontset>
    <fontset id="SourceSansPro">

        <!-- Required for system -->
        <font>
            <name>font13</name>
            <filename>Arial.ttf</filename>
            <size>30</size>
        </font>
        <font>
            <name>Font-Startup</name>
            <filename>SourceSansPro-Regular.ttf</filename>
            <size>384</size>
        </font>
        
        
        <!-- SKIN FONTS -->
        <font>
            <name>Font-SettingsCategory</name>
            <filename>SourceSansPro-Black.ttf</filename>
            <size>34</size>
            <style>uppercase</style>
        </font>
        
        <font>
            <name>Font-WidgetInfoTitle</name>
            <filename>SourceSansPro-Black.ttf</filename>
            <size>48</size>
        </font>

        <font>
            <name>Font-PVRTitle</name>
            <filename>SourceSansPro-Bold.ttf</filename>
            <size>34</size>
        </font>
        <font>
            <name>Font-DialogHeader</name>
            <filename>SourceSansPro-Bold.ttf</filename>
            <size>42</size>
        </font>
        <font>
            <name>Font-Button</name>
            <filename>SourceSansPro-Bold.ttf</filename>
            <size>32</size>
        </font>
        <font>
            <name>Font-Context</name>
            <filename>SourceSansPro-Bold.ttf</filename>
            <size>32</size>
            <style>uppercase</style>
        </font>
        <font>
            <name>Font-Sublabel</name>
            <filename>SourceSansPro-Bold.ttf</filename>
            <size>32</size>
        </font>
        <font>
            <name>Font-ViewCategory</name>
            <filename>SourceSansPro-Black.ttf</filename>
            <size>64</size>
            <style>uppercase</style>
        </font>
        <font>
            <name>Font-WidgetCategory</name>
            <filename>SourceSansPro-Black.ttf</filename>
            <size>26</size>
            <style>uppercase</style>
        </font>
        <font>
            <name>Font-Header</name>
            <filename>SourceSansPro-Black.ttf</filename>
            <size>80</size>
        </font>
        <font>
            <name>Font-ListHeader</name>
            <filename>SourceSansPro-Black.ttf</filename>
            <size>38</size>
        </font>
        <font>
            <name>Font-ListInfo</name>
            <filename>SourceSansPro-Regular.ttf</filename>
            <size>30</size>
        </font>
        <font>
            <name>Font-ListInfo-Small</name>
            <filename>SourceSansPro-Regular.ttf</filename>
            <size>26</size>
        </font>
        <font>
            <style>uppercase</style>
            <name>Flag</name>
            <filename>SourceSansPro-Bold.ttf</filename>
            <size>26</size>
        </font>
        <font>
            <name>Font-HomeMenu</name>
            <filename>SourceSansPro-Regular.ttf</filename>
            <size>28</size>
        </font>
        <font>
            <name>Font-RSS</name>
            <filename>SourceSansPro-Regular.ttf</filename>
            <size>24</size>
        </font>
        <font>
            <name>Font-DialogInfoNav</name>
            <filename>SourceSansPro-Regular.ttf</filename>
            <size>24</size>
        </font>
        <font>
            <name>Font-Weather</name>
            <filename>Weather.ttf</filename>
            <size>64</size>
        </font>
        <font>
            <name>Font-MediumWeather</name>
            <filename>Weather.ttf</filename>
            <size>110</size>
        </font>
        <font>
            <name>Font-BigWeather</name>
            <filename>Weather.ttf</filename>
            <size>160</size>
        </font>
        <font>
            <name>Font-HugeWeather</name>
            <filename>Weather.ttf</filename>
            <size>280</size>
        </font>
        <font>
            <name>Font-WeatherTemp</name>
            <filename>SourceSansPro-Black.ttf</filename>
            <size>92</size>
        </font>
        <font>
            <name>Font-WeatherTempHourly</name>
            <filename>SourceSansPro-Black.ttf</filename>
            <size>42</size>
        </font>
    </fontset>
    <fontset id="Homizio">

        <!-- Required for system -->
        <font>
            <linespacing>1.05</linespacing>
            <name>font13</name>
            <filename>Arial.ttf</filename>
            <size>30</size>
        </font>
        <font>
            <name>Font-Startup</name>
            <filename>SourceSansPro-Regular.ttf</filename>
            <size>384</size>
        </font>


        <!-- SKIN FONTS -->
        <font>
            <linespacing>1.05</linespacing>
            <name>Font-SettingsCategory</name>
            <filename>Homizio-Black.ttf</filename>
            <size>34</size>
            <style>uppercase</style>
        </font>

        <font>
            <linespacing>1.05</linespacing>
            <name>Font-WidgetInfoTitle</name>
            <filename>Homizio-Black.ttf</filename>
            <size>48</size>
        </font>

        <font>
            <linespacing>1.05</linespacing>
            <name>Font-PVRTitle</name>
            <filename>Homizio-Bold.ttf</filename>
            <size>34</size>
        </font>
        <font>
            <linespacing>1.05</linespacing>
            <name>Font-DialogHeader</name>
            <filename>Homizio-Bold.ttf</filename>
            <size>42</size>
        </font>
        <font>
            <linespacing>1.05</linespacing>
            <name>Font-Button</name>
            <filename>Homizio-Bold.ttf</filename>
            <size>32</size>
        </font>
        <font>
            <linespacing>1.05</linespacing>
            <name>Font-Context</name>
            <filename>Homizio-Bold.ttf</filename>
            <size>32</size>
            <style>uppercase</style>
        </font>
        <font>
            <linespacing>1.05</linespacing>
            <name>Font-Sublabel</name>
            <filename>Homizio-Bold.ttf</filename>
            <size>32</size>
        </font>
        <font>
            <linespacing>1.05</linespacing>
            <name>Font-ViewCategory</name>
            <filename>Homizio-Black.ttf</filename>
            <size>64</size>
            <style>uppercase</style>
        </font>
        <font>
            <linespacing>1.05</linespacing>
            <name>Font-WidgetCategory</name>
            <filename>Homizio-Black.ttf</filename>
            <size>26</size>
            <style>uppercase</style>
        </font>
        <font>
            <linespacing>1.05</linespacing>
            <name>Font-Header</name>
            <filename>Homizio-Black.ttf</filename>
            <size>80</size>
        </font>
        <font>
            <linespacing>1.05</linespacing>
            <name>Font-ListHeader</name>
            <filename>Homizio-Black.ttf</filename>
            <size>38</size>
        </font>
        <font>
            <linespacing>1.05</linespacing>
            <name>Font-ListInfo</name>
            <filename>Homizio-Regular.ttf</filename>
            <size>30</size>
        </font>
        <font>
            <linespacing>1.05</linespacing>
            <name>Font-ListInfo-Small</name>
            <filename>Homizio-Regular.ttf</filename>
            <size>26</size>
        </font>
        <font>
            <style>uppercase</style>
            <linespacing>1.05</linespacing>
            <name>Flag</name>
            <filename>Homizio-Bold.ttf</filename>
            <size>26</size>
        </font>
        <font>
            <linespacing>1.05</linespacing>
            <name>Font-HomeMenu</name>
            <filename>Homizio-Regular.ttf</filename>
            <size>28</size>
        </font>
        <font>
            <linespacing>1.05</linespacing>
            <name>Font-RSS</name>
            <filename>Homizio-Regular.ttf</filename>
            <size>24</size>
        </font>
        <font>
            <linespacing>1.05</linespacing>
            <name>Font-DialogInfoNav</name>
            <filename>Homizio-Regular.ttf</filename>
            <size>24</size>
        </font>
        <font>
            <linespacing>1.05</linespacing>
            <name>Font-Weather</name>
            <filename>Weather.ttf</filename>
            <size>64</size>
        </font>
        <font>
            <linespacing>1.05</linespacing>
            <name>Font-MediumWeather</name>
            <filename>Weather.ttf</filename>
            <size>110</size>
        </font>
        <font>
            <linespacing>1.05</linespacing>
            <name>Font-BigWeather</name>
            <filename>Weather.ttf</filename>
            <size>160</size>
        </font>
        <font>
            <linespacing>1.05</linespacing>
            <name>Font-WeatherTemp</name>
            <filename>Homizio-Black.ttf</filename>
            <size>92</size>
        </font>
        <font>
            <linespacing>1.05</linespacing>
            <name>Font-WeatherTempHourly</name>
            <filename>Homizio-Black.ttf</filename>
            <size>42</size>
        </font>
        <font>
            <name>Font-HugeWeather</name>
            <filename>Weather.ttf</filename>
            <size>280</size>
        </font>
    </fontset>
    
    
</fonts>
