<?xml version="1.0" encoding="UTF-8"?>
<includes>

    <include name="DefOSDControls">
        <width>230</width>
        <height>48</height>
        <texturefocus>noop</texturefocus>
        <texturenofocus>noop</texturenofocus>
        <textoffsetx>0</textoffsetx>
        <font>Font-ListInfo-Small</font>
        <focusedcolor>Highlight</focusedcolor>
    </include>
    
    <include name="DefOSDUpDown">
        <onup condition="!VideoPlayer.IsFullscreen">Close</onup>
        <onup condition="IsEmpty(Window(seekbar).Property(fullscreeninfo)) + VideoPlayer.IsFullscreen">SetProperty(fullscreeninfo,1,seekbar)</onup>
        <onup condition="!IsEmpty(Window(seekbar).Property(fullscreeninfo)) + VideoPlayer.IsFullscreen">ClearProperty(fullscreeninfo,seekbar)</onup>
        <ondown condition="Window.IsVisible(home) + !Skin.HasSetting(home.widgetdown)">SetProperty(closeosd,1,home)</ondown>
        <ondown condition="!IsEmpty(Window(seekbar).Property(fullscreeninfo)) + VideoPlayer.IsFullscreen">ClearProperty(fullscreeninfo,seekbar)</ondown>
        <ondown condition="[IsEmpty(Window(seekbar).Property(fullscreeninfo)) + VideoPlayer.IsFullscreen] | !VideoPlayer.IsFullscreen">Close</ondown>
    </include>
    
    <include name="VideoOSDFullscreen">
        <control type="button" id="4">
            <width>48</width>
            <height>48</height>
            <font>noop</font>
            <include>DefOSDUpDown</include>
            <texturefocus colordiffuse="Highlight">osd/fullscreen.png</texturefocus>
            <texturenofocus colordiffuse="OSD-NF">osd/fullscreen.png</texturenofocus>
            <onclick>Dialog.Close(VideoOSD.xml,true)</onclick>
            <onclick>Dialog.Close(MusicOSD.xml,true)</onclick>
            <onclick>Dialog.Close(PlayerControls.xml,true)</onclick>
            <onclick>Action(fullscreen)</onclick>
            <visible>!Window.IsVisible(fullscreenvideo) + !Window.IsVisible(visualisation)</visible>
        </control>
    </include>
    
    <include name="VideoOSDRight">
        <control type="button" id="4">
            <description>DVD Menu</description>
            <label>31143</label>
            <include>DefOSDControls</include>
            <include>DefOSDUpDown</include>
            <onclick>PlayerControl(ShowVideoMenu)</onclick>
            <enable>VideoPlayer.HasMenu</enable>
            <animation effect="fade" start="100" end="33" condition="!VideoPlayer.HasMenu">Conditional</animation>
        </control>
        
        <control type="button" id="5">
            <description>Info</description>
            <label>31119</label>
            <include>DefOSDControls</include>
            <include>DefOSDUpDown</include>
            <onclick condition="IsEmpty(Window(seekbar).Property(fullscreeninfo))">SetProperty(fullscreeninfo,1,seekbar)</onclick>
            <onclick condition="!IsEmpty(Window(seekbar).Property(fullscreeninfo))">ClearProperty(fullscreeninfo,seekbar)</onclick>
        </control>
        
        <control type="button" id="6">
            <description>Bookmarks</description>
            <label>298</label>
            <include>DefOSDControls</include>
            <include>DefOSDUpDown</include>
            <onclick>ActivateWindow(125)</onclick>
        </control>
    </include>
    
    <include name="StereoscopicOSD">
        <control type="button" id="4">
            <label>31241</label>
            <include>DefOSDControls</include>
            <include>DefOSDUpDown</include>
            <onclick>StereoMode</onclick>
        </control>
        
        <control type="button" id="5">
            <description>Info</description>
            <label>31119</label>
            <include>DefOSDControls</include>
            <include>DefOSDUpDown</include>
            <onclick condition="IsEmpty(Window(seekbar).Property(fullscreeninfo))">SetProperty(fullscreeninfo,1,seekbar)</onclick>
            <onclick condition="!IsEmpty(Window(seekbar).Property(fullscreeninfo))">ClearProperty(fullscreeninfo,seekbar)</onclick>
        </control>
        
        <control type="button" id="6">
            <description>Bookmarks</description>
            <label>298</label>
            <include>DefOSDControls</include>
            <include>DefOSDUpDown</include>
            <onclick>ActivateWindow(125)</onclick>
        </control>
    </include>
    
    <include name="LiveTVOSDRight">
        <control type="button" id="4">
            <description>Channels</description>
            <label>19019</label>
            <include>DefOSDControls</include>
            <include>DefOSDUpDown</include>
            <onclick>ActivateWindow(TVChannels)</onclick>
        </control>
        
        <control type="button" id="5">
            <description>EPG</description>
            <label>19032</label>
            <include>DefOSDControls</include>
            <include>DefOSDUpDown</include>
            <onclick>ActivateWindow(TVGuide)</onclick>
        </control>
        
        <control type="button" id="6">
            <description>Info</description>
            <label>31119</label>
            <include>DefOSDControls</include>
            <include>DefOSDUpDown</include>
            <onclick condition="IsEmpty(Window(seekbar).Property(fullscreeninfo))">SetProperty(fullscreeninfo,1,seekbar)</onclick>
            <onclick condition="!IsEmpty(Window(seekbar).Property(fullscreeninfo))">ClearProperty(fullscreeninfo,seekbar)</onclick>
        </control>
    </include>
    
    <include name="MusicOSDRight">
        <control type="grouplist" id="102">
            <visible>Window.IsVisible(fullscreenvideo) | Window.IsVisible(visualisation)</visible>
            <posx>728r</posx>
            <posy>1008</posy>
            <height>48</height>
            <width>696</width>
            <itemgap>0</itemgap>
            <orientation>horizontal</orientation>
            <align>right</align>
            <onleft>17</onleft>
            <onright>1</onright>
            <onup>noop</onup>
            <ondown>noop</ondown>

            <control type="button" id="4">
                <description>Info</description>
                <label>31119</label>
                <include>DefOSDControls</include>
                <onclick>Skin.ToggleSetting(Vis.ExtraInfo)</onclick>
            </control>
            
            <control type="button" id="5">
                <description>Viz</description>
                <include>DefOSDControls</include>
                <label>5</label>
                <onclick>ActivateWindow(musicsettings)</onclick>
                <onclick>Addon.Default.OpenSettings(xbmc.player.musicviz)</onclick>
            </control>

            

            <control type="button" id="6">
                <description>Lyrics</description>
                <include>DefOSDControls</include>
                <label>24013</label>
                <onclick>RunScript(script.cu.lrclyrics)</onclick>
            </control>
        </control>
    </include>
    
    <include name="MusicOSDLeft">
        <control type="grouplist" id="100">
            <visible>Window.IsVisible(fullscreenvideo) | Window.IsVisible(visualisation)</visible>
            <posx>32</posx>
            <posy>1008</posy>
            <height>48</height>
            <itemgap>16</itemgap>
            <orientation>horizontal</orientation>
            <align>left</align>
            <onleft>6</onleft>
            <onright>12</onright>
            <onup>noop</onup>
            <ondown>noop</ondown>
            
            <control type="button" id="1">
                <description>Audio Settings</description>
                <include>DefOSDControls</include>
                <label>$LOCALIZE[486]$INFO[Playlist.Repeat, : ]</label>
                <onclick>XBMC.PlayerControl(Repeat)</onclick>
            </control>

            <control type="button" id="2">
                <include>DefOSDControls</include>
                <label>$LOCALIZE[191]$INFO[Playlist.Random, : ]</label>
                <onclick>XBMC.PlayerControl(Random)</onclick>
            </control>
            
            <control type="button" id="3">
                <description>Playlist </description>
                <include>DefOSDControls</include>
                <label>559</label>
                <onclick>ActivateWindow(MusicPlaylist)</onclick>
            </control>
            
        </control>
    </include>
    
    <include name="VideoOSDLeft">
        
        <control type="grouplist" id="100">
            <visible>Window.IsVisible(fullscreenvideo)</visible>
            <posx>32</posx>
            <posy>1008</posy>
            <height>48</height>
            <itemgap>16</itemgap>
            <orientation>horizontal</orientation>
            <align>left</align>
            <onleft>6</onleft>
            <onright condition="!Player.CanRecord | !VideoPlayer.Content(LiveTV)">12</onright>
            <onright condition="Player.CanRecord + VideoPlayer.Content(LiveTV)">9003</onright>
            <onup>noop</onup>
            <ondown>noop</ondown>
            <usecontrolcoords>true</usecontrolcoords>
            
            <control type="button" id="9001">
                <description>Subs Download</description>
                <label></label>
                <posy>8</posy>
                <width>32</width>
                <height>32</height>
                <font>noop</font>
                <texturefocus colordiffuse="Highlight" flipx="false">osd/subs-download.png</texturefocus>
                <texturenofocus colordiffuse="OSD-NF" flipx="false">osd/subs-download.png</texturenofocus>
                <include>DefOSDControls</include>
                <include>DefOSDUpDown</include>
                <onclick>ActivateWindow(SubtitleSearch)</onclick>
            </control>

            <control type="togglebutton" id="1">
                <posx>-48</posx>
                <description>Subs</description>
                <alttexturefocus>noop</alttexturefocus>
                <alttexturenofocus>noop</alttexturenofocus>
                <label>✓  $LOCALIZE[287]</label>
                <altlabel>$LOCALIZE[287]</altlabel>
                <include>DefOSDControls</include>
                <include>DefOSDUpDown</include>
                <onclick>Action(ShowSubtitles)</onclick>
                <usealttexture>!VideoPlayer.SubtitlesEnabled</usealttexture>
            </control>

            <control type="button" id="2">
                <description>Audio</description>
                <label>292</label>
                <include>DefOSDControls</include>
                <onclick>ActivateWindow(124)</onclick>
                <include>DefOSDUpDown</include>
            </control>

            <control type="button" id="3">
                <description>Video Settings</description>
                <label>291</label>
                <include>DefOSDControls</include>
                <onclick>ActivateWindow(123)</onclick>
                <include>DefOSDUpDown</include>
            </control>
        </control>
    </include>
    
    <include name="VideoMusicOSDRight">

        <control type="button" id="4">
            <description>Subs</description>
            <label>287</label>
            <include>DefOSDControls</include>
            <onclick condition="!VideoPlayer.Content(livetv)">ActivateWindow(SubtitleSearch)</onclick>
            <onclick condition="VideoPlayer.Content(livetv)">Action(ShowSubtitles)</onclick>
            <animation effect="fade" start="100" end="33" condition="!VideoPlayer.SubtitlesEnabled + VideoPlayer.Content(livetv)">Conditional</animation>
            <include>DefOSDUpDown</include>
        </control>

        <control type="button" id="5">
            <description>Audio Settings</description>
            <label>292</label>
            <include>DefOSDControls</include>
            <focusedcolor>Highlight</focusedcolor>
            <onclick>ActivateWindow(124)</onclick>
            <include>DefOSDUpDown</include>
        </control>

        <control type="button" id="6">
            <description>Video Settings</description>
            <label>291</label>
            <include>DefOSDControls</include>
            <onclick>ActivateWindow(123)</onclick>
            <include>DefOSDUpDown</include>
        </control>
    </include>
</includes>
