<?xml version="1.0" encoding="UTF-8" standalone="yes"?>
<addon id="plugin.video.sembilhete.tv" name="SemBilhete.tv" provider-name="SemBilhete.tv" version="0.5.0">
 <requires>
  <import addon="xbmc.python" version="2.7.10"/>
 </requires>
 <extension library="addon.py" point="xbmc.python.pluginsource">
  <provides>video</provides>
 </extension>
 <extension point="xbmc.addon.metadata">
    <summary>SemBilhete.tv</summary>
    <description>Addon oficial do SemBilhete.tv, os teus Filmes e Séries do Sem Bilhete agora no Kodi.</description>
    <disclaimer>Addon oficial do Sem Bilhete, qualquer duvida ou questão contacte-nos pelo site ou pelo Facebook.</disclaimer>
    <language>pt</language>
    <platform>all</platform>
    <license></license>
    <forum></forum>
    <website>https://sembilhete.tv</website>
    <email></email>
    <source></source>
 </extension>
</addon>