<?xml version="1.0" encoding="UTF-8" standalone="yes"?>
<addon id="plugin.video.LiveTV" name="Live!t" provider-name="Live!t" version="8.6.2">
  <requires>
    <import addon="xbmc.python" version="2.14.0"/>
	<import addon="script.module.urlresolver" version="1.0.0"/>
	<import addon="script.module.beautifulsoup4" version="4.3.2"/>
	<import addon="script.module.t0mm0.common" version="1.0.0"/>
	<import addon="plugin.video.youtube" optional="true" />
  </requires>
  <extension point="xbmc.python.pluginsource" library="defaut.py">
    <provides>video</provides>
  </extension>
  <extension point="xbmc.addon.metadata">
    <summary lang="en">Live!t</summary>
    <description lang="en">Addon para todos os membros do grupo Live!t.
	Espero que gostem e disfrutem.
	Realizado por: Administrador Live!t.
	Sempre Atualizado 24 horas por dia.
	
	Os programadores deste addon nada tem a ver com os links disponibilizados.
	Limitamo-nos a ler o seu conteudo dos links e disponibiliza-lo.

	</description>
	<language>pt</language>
    <platform>all</platform>
    <license>Live!t 2.0</license>
    <forum>https://www.facebook.com/liveittv/</forum>
    <website>http://liveitkodi.com/aquisicao/</website>
    <email>liveitkodi@gmail.com</email>
	<assets>
		   <icon>resources/img/v2/icon.png</icon>
		   <fanart>resources/img/v2/fanart.png</fanart>
		   <screenshot>resources/img/v2/filmes.png</screenshot>
		   <screenshot>resources/img/v2/series.png</screenshot>
		   <screenshot>resources/img/v2/pesquisa.png</screenshot>
		   <screenshot>resources/img/v2/retroceder.png</screenshot>
   </assets>
  </extension>
</addon>
