<?xml version="1.0" encoding="UTF-8" standalone="yes"?>
<addon id="plugin.video.jami" name="Jami" version="4.0" provider-name="frenchdj">
  <requires>
    <import addon="xbmc.python" version="2.1.0"/>
    <import addon="plugin.video.youtube"/>
  </requires>
  <extension point="xbmc.python.pluginsource" library="addon.py">
    <provides>video</provides>
  </extension>
  <extension point="xbmc.addon.metadata">
    <language>en</language>
    <summary lang="en"> </summary> 
    <description lang="en">Videos Infantis em [PT] e [BR]. 
Toda a fonte vem do Youtube com playlists dedicadas aos mais pequenos, recheadas de desenhos animados recentes, classicos e musicais.
Nota Importante: Aconselhado a ultima versao do youtube 5.2.* </description>
    <disclaimer lang="en"></disclaimer>
    <platform>all</platform>
  </extension>
</addon>
