<?xml version="1.0" encoding="UTF-8"?>
<window type="dialog" id="1160">
	<defaultcontrol always="true">500</defaultcontrol>
	<coordinates>
		<system>1</system>
		<left>0</left>
		<top>0</top>
	</coordinates>
	<controls>
		<control type="grouplist" id="500">
			<left>460</left>
			<width>352</width>
			<height>screen_Height</height>
			<onup>500</onup>
			<ondown>500</ondown>
			<itemgap>0</itemgap>
			<align>center</align>
			<include>global_ListScroll</include>
			<include>transition_Dialog</include>
			<control type="image" id="499">
				<width>352</width>
				<height>20</height>
				<texture border="20,0,20,0">dialogs/frame/menu_top.png</texture>
			</control>
			<!--trailer-->
			<control type="button" id="501">
				<width>352</width>
				<label>$LOCALIZE[20410]</label>					
				<onclick>Close</onclick>
				<onclick>Dialog.Close(movieinformation)</onclick>
				<onclick>SendClick(2003,11)</onclick>
				<include>dialog_MenuButton</include>
				<visible>Container.Content(movies)</visible>
				<enable>!IsEmpty(ListItem.Trailer)</enable>
			</control>
			<!--director movies-->
			<control type="button" id="502">
				<width>352</width>
				<label>$LOCALIZE[31620]</label>
				<onclick>Close</onclick>
				<onclick>Dialog.Close(movieinformation)</onclick>
				<onclick>SetProperty(extType,poster,Home)</onclick>
				<onclick>SetProperty(extContent,$LOCALIZE[31620],Home)</onclick>
				<onclick>SetProperty(extQuery,$INFO[ListItem.Director],Home)</onclick>
				<onclick>ActivateWindow(1140)</onclick>
				<include>dialog_MenuButton</include>
				<visible>Container.Content(movies) + System.HasAddon(script.extendedinfo)</visible>
			</control>
			<!--writer movies-->
			<control type="button" id="503">
				<width>352</width>
				<label>$LOCALIZE[31621]</label>
				<onclick>Close</onclick>
				<onclick>Dialog.Close(movieinformation)</onclick>
				<onclick>SetProperty(extType,poster,Home)</onclick>
				<onclick>SetProperty(extContent,$LOCALIZE[31621],Home)</onclick>
				<onclick>SetProperty(extQuery,$INFO[ListItem.Writer],Home)</onclick>
				<onclick>ActivateWindow(1140)</onclick>
				<include>dialog_MenuButton</include>
				<visible>Container.Content(movies) + System.HasAddon(script.extendedinfo)</visible>
			</control>
			<!--similar movies-->
			<control type="button" id="504">
				<width>352</width>
				<label>$LOCALIZE[31622]</label>
				<onclick>Close</onclick>
				<onclick>Dialog.Close(movieinformation)</onclick>
				<onclick>SetProperty(extType,poster,Home)</onclick>
				<onclick>SetProperty(extContent,$LOCALIZE[31622],Home)</onclick>				
				<onclick>SetProperty(extDBID,$INFO[ListItem.DBID],Home)</onclick>
				<onclick>SetProperty(extQuery,$INFO[ListItem.Title],Home)</onclick>
				<onclick>ActivateWindow(1140)</onclick>
				<include>dialog_MenuButton</include>
				<visible>Container.Content(movies) + System.HasAddon(script.extendedinfo)</visible>
			</control>
			<!--artist discography-->
			<control type="button" id="505">
				<width>352</width>
				<label>$LOCALIZE[21888]</label>
				<onclick>Close</onclick>
				<onclick>Dialog.Close(musicinformation)</onclick>
				<onclick>SetProperty(extType,square,Home)</onclick>
				<onclick>SetProperty(extContent,$LOCALIZE[21888],Home)</onclick>
				<onclick>SetProperty(extQuery,$INFO[ListItem.Artist],Home)</onclick>
				<onclick>ActivateWindow(1140)</onclick>
				<include>dialog_MenuButton</include>
				<visible>Container.Content(artists) + System.HasAddon(script.extendedinfo)</visible>
			</control>
			<!--search youtube-->
			<control type="button" id="506">
				<width>352</width>
				<label>$LOCALIZE[31609]</label>
				<onclick>Close</onclick>
				<onclick>Dialog.Close(musicinformation)</onclick>
				<onclick>Dialog.Close(movieinformation)</onclick>
				<onclick>SetProperty(extType,thumbnail,Home)</onclick>
				<onclick>SetProperty(extContent,youtube,Home)</onclick>
				<onclick>SetProperty(extQuery,$INFO[ListItem.Label],Home)</onclick>
				<onclick>ActivateWindow(1140)</onclick>
				<include>dialog_MenuButton</include>
				<visible>System.HasAddon(script.extendedinfo)</visible>
			</control>
			<control type="image" id="513">
				<width>352</width>
				<height>20</height>
				<texture border="20,0,20,0">dialogs/frame/menu_bottom.png</texture>
			</control>
		</control>
	</controls>
</window>