<?xml version="1.0" encoding="UTF-8"?>
<window>
	<defaultcontrol>10</defaultcontrol>
	<include>transition_Dialog</include>
	<coordinates>
		<system>1</system>
		<left>340</left>
		<top>250</top>
	</coordinates>
	<controls>
		<control type="group">
			<width>600</width>
			<height>220</height>
			<include name="dialog_WindowCommons">
				<param name="DialogWidth" value="600"/>
				<param name="DialogHeight" value="220"/>
				<param name="DialogHeaderID" value="1"/>
				<param name="DialogSeparator" value="false"/>
			</include>
			<!--textbox-->
			<control type="textbox" id="9">
				<centerleft>50%</centerleft>
				<top>55</top>
				<width>560</width>
				<height>85</height>
				<label>-</label>
				<align>center</align>
				<include>dialog_Text</include>
			</control>
		<!--dialog controls-->
			<control type="group">
				<width>600</width>
				<control type="button" id="10">
					<centerleft>50%</centerleft>
					<bottom>20</bottom>
					<label>$LOCALIZE[186]</label>
					<width>120</width>
					<include>dialog_WindowButton</include>
				</control>
			</control>
		</control>
	</controls>
</window>