<?xml version="1.0" encoding="UTF-8"?>
<window>
	<defaultcontrol>5</defaultcontrol>
	<include>transition_Dialog</include>
	<coordinates>
		<system>1</system>
		<left>265</left>
		<top>118</top>
	</coordinates>
	<controls>
		<control type="group">
			<control type="image">
				<width>750</width>
				<height>484</height>
				<include>dialog_Window</include>
			</control>
			<control type="label" id="1">
				<width>742</width>
				<label>$LOCALIZE[13406]</label>
				<include>dialog_Windowtitle</include>
			</control>
			<control type="group">
				<left>4</left>
				<top>60</top>
				<control type="image">
					<width>742</width>
					<include>dialog_Separator</include>
				</control>
				<include name="dialog_Common-List">
					<param name="ID" value="5"/>
					<param name="ContainerWidth" value="742"/>
					<param name="ContainerHeight" value="400"/>
					<param name="Width" value="712"/>
					<param name="OnUp" value="5"/>
					<param name="OnDown" value="5"/>
					<param name="ShowLabel2" value="true"/>
				</include>
			</control>
		</control>
	</controls>
</window>