<?xml version="1.0" encoding="UTF-8"?>
<window>
	<defaultcontrol always="true">901</defaultcontrol>
	<include>transition_Dialog</include>
	<coordinates>
		<system>1</system>
		<left>309</left>
		<top>90</top>
	</coordinates>
	<controls>
		<control type="group">
			<width>662</width>
			<height>540</height>
			<visible>!Window.IsVisible(musicinformation)</visible>
			<include name="dialog_WindowCommons">
				<param name="DialogWidth" value="662"/>
				<param name="DialogHeight" value="540"/>
				<param name="DialogHeader" value="$LOCALIZE[658]"/>
				<param name="DialogSeparator" value="true"/>
			</include>
			<control type="group">
				<left>4</left>
				<top>60</top>
				<width>654</width>
				<control type="list" id="100">
					<width>654</width>
					<height>420</height>
					<onleft>noop</onleft>
					<onright>noop</onright>
					<onup>100</onup>
					<ondown>100</ondown>
					<include>global_ListScroll</include>
					<itemlayout width="654" height="40">
						<control type="image">
							<width>654</width>
							<height>40</height>
							<include>dialog_CommonList</include>
						</control>
						<control type="label">
							<width>180</width>
							<height>36</height>
							<label>$INFO[ListItem.Label]</label>
							<include>dialog_CommonListItem</include>
						</control>
						<control type="label">
							<right>20</right>
							<width>620</width>
							<height>36</height>
							<align>right</align>
							<label>$INFO[ListItem.Label2]</label>
							<include>autoscroll_Line</include>
							<include>dialog_CommonListItem</include>
						</control>
					</itemlayout>
					<focusedlayout width="654" height="40">
						<control type="image">
							<width>654</width>
							<include>dialog_CommonList</include>
						</control>
						<control type="label">
							<width>180</width>
							<height>36</height>
							<label>$INFO[ListItem.Label]</label>
							<include>dialog_CommonListItem</include>
						</control>
						<control type="label">
							<right>20</right>
							<width>620</width>
							<height>36</height>
							<align>right</align>
							<label>$INFO[ListItem.Label2]</label>
							<include>autoscroll_Line</include>
							<include>dialog_CommonListItem</include>
						</control>
					</focusedlayout>
					<content>
						<item id="1">
							<label>$LOCALIZE[556]</label>
							<label2>$INFO[ListItem.Title]</label2>
							<onclick>noop</onclick>
						</item>
						<item id="2">
							<label>$LOCALIZE[557]</label>
							<label2>$INFO[ListItem.Artist]</label2>
							<onclick>noop</onclick>
						</item>
						<item id="3">
							<label>$LOCALIZE[558]</label>
							<label2>$INFO[ListItem.Album]</label2>
							<onclick>noop</onclick>
						</item>
						<item id="4">
							<label>$LOCALIZE[562]</label>
							<label2>$INFO[ListItem.Year]</label2>
							<onclick>noop</onclick>
						</item>
						<item id="5">
							<label>$LOCALIZE[515]</label>
							<label2>$INFO[ListItem.Genre]</label2>
							<onclick>noop</onclick>
						</item>
						<item id="6">
							<label>$LOCALIZE[554]</label>
							<label2>$INFO[ListItem.TrackNumber]</label2>
							<onclick>noop</onclick>
						</item>
						<item id="7">
							<label>$LOCALIZE[467]</label>
							<label2>$INFO[ListItem.FileExtension]</label2>
							<onclick>noop</onclick>
						</item>
						<item id="8">
							<label>$LOCALIZE[569]</label>
							<label2>$INFO[ListItem.Comment]</label2>
							<onclick>noop</onclick>
						</item>
						<item id="9">
							<label>$LOCALIZE[573]</label>
							<label2>$INFO[ListItem.Path]</label2>
							<onclick>noop</onclick>
						</item>
						<item id="10">
							<label>$LOCALIZE[563]</label>
							<label2>-</label2>
							<onclick>noop</onclick>
						</item>
					</content>
				</control>
			<!--rating value-->
				<control type="image">
					<right>20</right>
					<top>368</top>
					<width>128</width>
					<height>22</height>
					<aspectratio align="right">keep</aspectratio>
					<texture>$INFO[ListItem.StarRating,rating/fo-,]</texture>
					<colordiffuse>Color5</colordiffuse>
				</control>
			</control>
		<!--dialog controls-->
			<control type="grouplist" id="901">
				<centerleft>50%</centerleft>
				<bottom>20</bottom>
				<width>620</width>
				<height>40</height>
				<itemgap>10</itemgap>
				<orientation>horizontal</orientation>
				<!--thumb-->
				<control type="button" id="13">
					<label>$LOCALIZE[21371]</label>
					<onleft>11</onleft>
					<onright>12</onright>
					<width>200</width>
					<include>dialog_WindowButton</include>
				</control>
				<!--album info-->
				<control type="button" id="12">
					<label>$LOCALIZE[10523]</label>
					<onleft>13</onleft>
					<onright>10</onright>
					<width>200</width>
					<include>dialog_WindowButton</include>
				</control>
				<!--set rating-->
				<control type="button" id="7">
					<label>$LOCALIZE[38023]</label>
					<onleft>13</onleft>
					<onright>10</onright>
					<width>200</width>
					<include>dialog_WindowButton</include>
				</control>
			</control>
		</control>
	</controls>
</window>