<?xml version="1.0" encoding="UTF-8"?>
<window>
	<defaultcontrol always="true">9</defaultcontrol>
	<include>transition_Dialog</include>
	<coordinates>
		<system>1</system>
		<left>215</left>
		<top>88</top>
	</coordinates>
	
	<controls>
		<include name="dialog_WindowCommons">
			<param name="DialogWidth" value="850" />
			<param name="DialogHeight" value="545" />
			<param name="DialogHeaderID" value="20" />
		</include>
		<!--control-->
		<control type="group">
			<left>4</left>
			<top>60</top>
			<control type="image">
				<width>842</width>
				<include>dialog_Separator</include>
			</control>
			<control type="image">
				<left>250</left>
				<height>400</height>
				<include>dialog_Separator-y</include>
			</control>
			<!--button area-->
			<control type="grouplist" id="9">
				<top>1</top>
				<width>250</width>
				<height>400</height>
				<itemgap>0</itemgap>
				<onleft>9001</onleft>
				<onright>2</onright>
				<onup>9</onup>
				<ondown>9</ondown>
				<include>global_ListScroll</include>
			</control>
			<control type="image">
				<top>400</top>
				<width>842</width>
				<include>dialog_Separator</include>
			</control>
			<!--control area-->
			<control type="grouplist" id="2">
				<left>250</left>
				<top>1</top>
				<width>592</width>
				<height>400</height>
				<itemgap>0</itemgap>
				<onleft>9</onleft>
				<onright>9001</onright>
				<onup>9001</onup>
				<ondown>9001</ondown>
				<scrolltime tween="Cubic" easing="Out">200</scrolltime>
			</control>
		</control>
		<!--defaults-->
		<control type="button" id="13">
			<width>250</width>
			<textoffsetx>15</textoffsetx>
			<include>dialog_ControlCommons</include>
		</control>
		<control type="button" id="3">
			<include>dialog_ControlCommons</include>
		</control>
		<control type="radiobutton" id="4">
			<textwidth>460</textwidth>
			<include>dialog_ControlCommons</include>
			<include>dialog_Radio</include>
		</control>
		<control type="spincontrolex" id="5">
			<include>dialog_ControlCommons</include>
			<include>dialog_Spin</include>
		</control>
		<control type="sliderex" id="8">
			<include>dialog_ControlCommons</include>
			<include>dialog_Slider</include>
		</control>
		<!--default separator-->
		<control type="image" id="6">
			<include>dialog_Separator</include>
			<visible>false</visible>
		</control>
		<control type="label" id="7">
			<include>dialog_Header</include>
			<include>dialog_ControlCommons</include>
		</control>
		<!--dialog buttons-->
		<control type="grouplist" id="9001">
			<right>450</right>
			<top>484</top>
			<width>384</width>
			<height>40</height>
			<onup>2</onup>
			<ondown>2</ondown>
			<orientation>horizontal</orientation>
			<itemgap>10</itemgap>
			<!--defaults-->
			<control type="button" id="12">
				<label>409</label>
				<include>dialog_WindowButton</include>
			</control>
			<!--ok-->
			<control type="button" id="10">
				<label>186</label>
				<include>dialog_WindowButton</include>
			</control>
			<!--cancel-->
			<control type="button" id="11">
				<label>222</label>
				<include>dialog_WindowButton</include>
			</control>
		</control>
	</controls>
</window>