<?xml version="1.0" encoding="UTF-8"?>
<window>
	<defaultcontrol always="true">636</defaultcontrol>
	<controls>
		<!--trigger button to allow interaction while info panel is active--> 
		<control type="button" id="636">
			<onleft>Action(StepBack)</onleft>
			<onright>Action(StepForward)</onright>
			<onup>Action(ChapterOrBigStepForward)</onup>
			<ondown>Action(ChapterOrBigStepBack)</ondown>
			<onclick>ActivateWindow(videoosd)</onclick>
			<oninfo>Back</oninfo>
			<include>TriggerButton</include>
		</control>
	</controls>
</window>