<?xml version="1.0" encoding="utf-8"?>
<window>
	<defaultcontrol always="true">5000</defaultcontrol>
	<controls>
		<control type="group">
			<include>screen_Dimensions</include>

			<!--background-->
			<control type="image">
				<include>screen_Dimensions</include>
				<texture background="true">$VAR[art:Container]</texture>
				<aspectratio>scale</aspectratio>
				<animation type="WindowOpen">
					<effect type="Fade" time="transition_Open" start="0" end="100" />
				</animation>			
				<animation type="WindowClose">
					<effect type="Fade" time="transition_Close" start="100" end="0" />
				</animation>
			</control>

			<control type="group">
				<include>screen_Dimensions</include>
				<include>transition_Content</include>
				<!--main container-->
				<control type="grouplist" id="4000">
					<include>screen_Dimensions</include>
					<onright>70</onright>
					<pagecontrol>70</pagecontrol>
					<include>global_Scrolltime</include>
					<orientation>vertical</orientation>
					<itemgap>0</itemgap>
					<!--banner window-->
					<control type="group">
						<width>100%</width>
						<height>250</height>
						<control type="image">
							<width>100%</width>
							<height>200</height>
							<texture aligny="bottom">overlays/vignette_bottom.png</texture>
							<aspectratio>stretch</aspectratio>
						</control>
						<!--studio / network logos-->
						<control type="image">
							<right>40</right>
							<bottom>60</bottom>
							<width>96</width>
							<height>48</height>
							<aspectratio align="right">keep</aspectratio>
							<colordiffuse>flag_1</colordiffuse>
							<texture>$VAR[flag:Studio]</texture>
							<visible>!Container.Content(movies)</visible>
						</control>
						<control type="image">
							<right>40</right>
							<bottom>60</bottom>
							<width>128</width>
							<height>64</height>
							<aspectratio align="right">keep</aspectratio>
							<colordiffuse>flag_1</colordiffuse>
							<texture>$VAR[flag:Studio]</texture>
							<visible>Container.Content(movies)</visible>
						</control>
						<!--begin main column-->
						<control type="group">
							<left>300</left>
							<top>110</top>
							<control type="label">
								<width min="0" max="1164">auto</width>
								<label>$INFO[ListItem.Title]</label>
								<selectedcolor>Color1</selectedcolor>
								<include>osd_Title</include>
							</control>
							<control type="label">
								<top>28</top>
								<width>1164</width>
								<label>$VAR[information:Header]</label>
								<font>regular_Small-U</font>
								<include>osd_Sub</include>
							</control>
							<control type="label">
								<top>50</top>
								<width min="0" max="1164">auto</width>
								<label>$VAR[information:Sub]</label>
								<font>regular_Smaller-U</font>
								<textcolor>Color3</textcolor>
								<include>osd_Sub</include>
							</control>
						</control>

						<control type="group">
							<width>100%</width>
							<height>screen_Height</height>
							<control type="image">
								<top>200</top>	
								<width>100%</width>
								<height>520</height>	
								<aspectratio>stretch</aspectratio>
								<texture background="true">overlays/base_color.png</texture>
								<colordiffuse>base_1</colordiffuse>
							</control>
							<!--begin main content area-->
							<control type="group">
								<left>300</left>
								<top>220</top>
								<control type="grouplist" id="5000">
									<width>100%</width>
									<height>40</height>
									<itemgap>10</itemgap>
									<orientation>horizontal</orientation>
									<defaultcontrol always="true">8</defaultcontrol>
									<!--play / browse-->
									<control type="togglebutton" id="8">
										<label>$LOCALIZE[208]</label>
										<altlabel>$LOCALIZE[1024]</altlabel>
										<ondown>399</ondown>
										<onclick>Dialog.Close(MovieInformation)</onclick>
										<include>global_Button</include>
										<usealttexture>Container.Content(tvshows)</usealttexture>
									</control>
									<!--cast / plot-->
									<control type="button" id="5">
										<label>$LOCALIZE[206]</label>
										<ondown>50</ondown>
										<include>global_Button</include>
									</control>
									<!--cinema-->
									<control type="button" id="5003">
										<label>Cinema</label>
										<ondown>399</ondown>
										<onclick>Dialog.Close(movieinformation)</onclick>
										<onclick>Playlist.Clear</onclick>
										<onclick>XBMC.RunScript(script.cinema.experience,movieid=$INFO[ListItem.DBID])</onclick>
										<include>global_Button</include>
										<visible>Container.Content(movies) + System.HasAddon(script.cinema.experience) + !SubString(ListItem.Path,plugin://)</visible>
									</control>
									<!--explore-->
									<control type="button" id="5004">
										<label>$LOCALIZE[31506]</label>
										<onclick>ActivateWindow(1160)</onclick>
										<ondown>399</ondown>
										<include>global_Button</include>
									</control>
									<!--manage-->
									<control type="button" id="5005">
										<label>$LOCALIZE[16106]</label>
										<onclick>ActivateWindow(1120)</onclick>
										<ondown>399</ondown>
										<include>global_Button</include>
										<visible>!SubString(Container.FolderPath,plugin://) + !Skin.HasSetting(global.kiosk)</visible>
									</control>
								</control>
								<!--plot / descriptions-->
								<control type="textbox" id="401">
									<top>70</top>
									<width>875</width>
									<height min="0" max="325">auto</height>
									<label>[B]$INFO[ListItem.Tagline,,[CR][CR]][/B]$INFO[ListItem.Plot,,[CR][CR]]$VAR[information:Consensus][CR][CR]$INFO[Window(Home).Property(SkinHelper.RottenTomatoesAwards)]</label>
									<include>detail_Text</include>
									<visible>!Control.IsVisible(50)</visible>
								</control>
							</control>
							<!--media flags-->
							<control type="group">
								<left>300</left>
								<bottom>40</bottom>
								<height>40</height>
								<control type="grouplist">
									<width>875</width>
									<height>40</height>
									<itemgap>10</itemgap>
									<orientation>horizontal</orientation>
									<include>media_Flags</include>
									<visible>!Control.IsVisible(50) + !Container.Content(tvshows) + !Container.Content(seasons)</visible>
								</control>
								<control type="label">
									<top>25</top>
									<height>20</height>
									<label>$INFO[ListItem.Path]</label>
									<font>regular_Smaller-U</font>
									<textcolor>Color3</textcolor>
									<visible>!Control.IsVisible(50)</visible>
								</control>
							</control>
						</control>

						<!--begin left column-->
						<control type="group">
							<left>40</left>
							<top>40</top>
							<control type="image">
								<width>207</width>
								<height>300</height>
								<include>art_Frame-nf</include>
							</control>
							<control type="group">
								<left>7</left>
								<top>7</top>
								<control type="image">	
									<width>193</width>
									<height>286</height>
									<texture background="true">thumbs/default_Portrait.png</texture>
									<aspectratio>stretch</aspectratio>
								</control>
								<control type="image">
									<width>193</width>
									<height>286</height>
									<texture background="true">$VAR[art:Portrait]</texture>
									<aspectratio align="center" aligny="top">scale</aspectratio>
								</control>
							</control>
							<control type="textbox" id="401">
								<top>320</top>
								<width>200</width>
								<height min="0" max="300">auto</height>
								<align>right</align>
								<label>$INFO[ListItem.Director,[B]$LOCALIZE[20339][/B][CR],[CR][CR]]$INFO[ListItem.Writer,[B]$LOCALIZE[20417][/B][CR],[CR][CR]]$INFO[ListItem.Cast,[B]$LOCALIZE[31505][/B][CR],[CR]]</label>
								<include>detail_Text</include>
							</control>
						</control>
					</control>		
				</control>

				<!--cast-->
				<control type="panel" id="50">
					<left>300</left>
					<top>300</top>
					<width>980</width>
					<height>390</height>
					<onleft>50</onleft>
					<onright>50</onright>
					<onup>5</onup>
					<ondown>noop</ondown>
					<pagecontrol>501</pagecontrol>
					<orientation>horizontal</orientation>
					<include>fadeinout</include>
					<visible>[Container.Content(movies) | Container.Content(tvshows) | Container.Content(episodes)] + IntegerGreaterThan(Container(50).NumItems,0)</visible>
					<itemlayout width="229" height="350">
						<include name="view_Icon-Frame">
							<param name="Width" value="209"/>
							<param name="Height" value="310"/>
						</include>
						<include name="view_Icon-Art">
							<param name="Width" value="195"/>
							<param name="Height" value="296"/>
						</include>
						<control type="textbox">
							<left>7</left>
							<top>325</top>
							<width>195</width>
							<height min="25" max="48">auto</height>
							<font>condensed_Small</font>
							<align>center</align>
							<aligny>bottom</aligny>
							<textcolor>Color1</textcolor>
							<label>[B]$INFO[ListItem.Label][/B]$INFO[ListItem.Label2, [COLOR=Color3][CR],[/COLOR]]</label>
						</control>
					</itemlayout>
					<focusedlayout width="194" height="350">
						<include name="view_Icon-Frame">
							<param name="State" value="frames/frame-fo.png"/>
							<param name="Width" value="209"/>
							<param name="Height" value="310"/>
						</include>
						<include name="view_Icon-Art">
							<param name="Width" value="195"/>
							<param name="Height" value="296"/>
						</include>
						<control type="textbox">
							<left>7</left>
							<top>325</top>
							<width>195</width>
							<height min="25" max="48">auto</height>
							<font>condensed_Small</font>
							<align>center</align>
							<aligny>bottom</aligny>
							<textcolor>Color1</textcolor>
							<label>[B]$INFO[ListItem.Label][/B]$INFO[ListItem.Label2, [COLOR=Color3][CR],[/COLOR]]</label>
						</control>
					</focusedlayout>
				</control>
			</control>
		</control>
	</controls>
</window>
