<?xml version="1.0" encoding="UTF-8"?>
<window>
	<defaultcontrol>10</defaultcontrol>
	<include>transition_Dialog</include>
	<coordinates>
		<system>1</system>
		<left>0</left>
		<top>0</top>
	</coordinates>
	<controls>
		<control type="group">
			<control type="image">
				<aspectratio>scale</aspectratio>
				<include>screen_Dimensions</include>
				<texture background="true">overlays/base_color.png</texture>
				<colordiffuse>base_2</colordiffuse>
			</control>
			<control type="group">
				<left>20</left>
				<top>20</top>
				<control type="label" id="1">
					<width>1260</width>
					<align>center</align>
					<textcolor>Color1</textcolor>
					<include>osd_Title</include>
				</control>

				<control type="textbox" id="5">
					<top>40</top>
					<left>90</left>
					<width>1100</width>
					<align>center</align>
					<textcolor>Color1</textcolor>
					<include>regular_Big</include>
					<pagecontrol>111</pagecontrol>
					<autoscroll delay="6000" time="3000" repeat="100">!Control.HasFocus(111)</autoscroll>
				</control>
			</control>
		<!--dialog controls-->
			<control type="group" id="9000">
				<left>20</left>
				<top>498</top>
				<!--ok-->
				<control type="button" id="10">
					<label>$LOCALIZE[186]</label>
					<onleft>111</onleft>
					<onright>111</onright>
					<onclick>Dialog.Close(textviewer)</onclick>
					<include>global_Button</include>
				</control>
				<control type="spincontrol" id="111">
					<left>542</left>
					<top>5</top>
					<width>32</width>
					<height>32</height>
					<align>right</align>
					<onleft>10</onleft>
					<onright>10</onright>
					<subtype>page</subtype>
					<showonepage>false</showonepage>
					<focusedcolor>Color4</focusedcolor>
					<include>dialog_ControlCommons</include>
					<include>dialog_Spin</include>
				</control>
			</control>
		</control>
	</controls>
</window>