<?xml version="1.0" encoding="UTF-8"?>
<window type="dialog">
	<defaultcontrol always="true">450</defaultcontrol>
	<include>transition_Dialog</include>
	<coordinates>
		<system>1</system>
		<left>340</left>
		<top>80</top>
	</coordinates>
	<controls>
		<control type="group">
			<include name="dialog_WindowCommons">
				<param name="DialogWidth" value="600" />
				<param name="DialogHeight" value="560" />
				<param name="DialogHeaderName" value="$LOCALIZE[1036]" />
				<param name="DialogHeaderID" value="1" />
				<param name="DialogSeparator" value="true" />
			</include>

			<include name="dialog_Common-List">
				<param name="ID" value="450"/>
				<param name="ContainerLeft" value="4"/>
				<param name="ContainerTop" value="60"/>
				<param name="ContainerWidth" value="592"/>
				<param name="ContainerHeight" value="440"/>
				<param name="Width" value="592"/>
			</include>
			
			<control type="label">
				<top>507</top>
				<width>600</width>
				<label>$INFO[Container(450).CurrentItem]/$INFO[Container(450).NumItems]</label>
				<align>center</align>
				<include>dialog_ControlCommons</include>
			</control>
		</control>
	</controls>
</window>