<?xml version="1.0" encoding="UTF-8"?>
<window type="dialog">
	<include>transition_Dialog</include>
	<coordinates>
		<system>1</system>
		<left>65</left>
		<top>43</top>
	</coordinates>
	<controls>
		<control type="group" id="250">
			<width>1150</width>
			<height>635</height>
			<include name="dialog_WindowCommons">
				<param name="DialogWidth" value="1150"/>
				<param name="DialogHeight" value="635"/>
				<param name="DialogHeaderID" value="140"/>
			</include>
			<control type="image">
				<left>4</left>
				<top>55</top>
				<width>1142</width>
				<include>dialog_Separator</include>
			</control>
			<control type="group">
				<top>55</top>
				<control type="image">
					<top>38</top>
					<width>1142</width>
					<include>dialog_SectionSeparator</include>
				</control>
				<control type="image">
					<top>40</top>
					<left>250</left>
					<height>532</height>
					<include>dialog_Separator-y</include>
				</control>
				<control type="label">
					<width>896</width>
					<label>$LOCALIZE[24018]</label>
					<include>dialog_Header</include>
					<include>dialog_ControlCommons</include>
					<wrapmultiline>true</wrapmultiline>
				</control>
				<control type="label">
					<left>240</left>
					<width>850</width>
					<label>$INFO[Player.Filename]</label>
					<include>dialog_Header</include>
					<include>dialog_ControlCommons</include>
					<wrapmultiline>true</wrapmultiline>
				</control>
			<!--services-->
				<include name="dialog_Common-List">
					<param name="ID" value="150"/>
					<param name="ContainerTop" value="40"/>
					<param name="ContainerWidth" value="250"/>
					<param name="ContainerHeight" value="434"/>
					<param name="Width" value="250"/>
					<param name="OnRight" value="120"/>
					<param name="OnUp" value="161"/>
					<param name="OnDown" value="160"/>
				</include>
			<!--search results-->
				<control type="list" id="120">
					<left>250</left>
					<top>40</top>
					<width>896</width>
					<height>520</height>
					<onleft>150</onleft>
					<onright>noop</onright>
					<onup>120</onup>
					<ondown>120</ondown>
					<include>global_ListScroll</include>
					<itemlayout width="896" height="40">
						<control type="image">
							<width>896</width>
							<height>40</height>
							<include>dialog_CommonList</include>
						</control>
						<control type="label">
							<left>48</left>
							<width>590</width>
							<label>$INFO[ListItem.Label2]</label>
							<include>dialog_CommonListItem</include>
						</control>
						<control type="image">
							<left>8</left>
							<top>4</top>
							<width>32</width>
							<height>32</height>
							<texture>resource://resource.images.languageflags.colour/$INFO[ListItem.Art(thumb)].png</texture>
						</control>
						<control type="group">
							<left>670</left>
							<top>8</top>
							<control type="image">
								<width>24</width>
								<height>24</height>
								<texture colordiffuse="glyph_nf">flags/subtitles/icon_cc.png</texture>
								<visible>ListItem.Property(hearing_imp)</visible>
							</control>
							<control type="image">
								<left>50</left>
								<width>24</width>
								<height>24</height>
								<texture colordiffuse="glyph_nf">flags/subtitles/icon_sync.png</texture>
								<visible>ListItem.Property(sync)</visible>
							</control>
							<control type="image">
								<left>88</left>
								<width>128</width>
								<height>22</height>
								<texture colordiffuse="glyph_nf">rating/rating0.png</texture>
								<aspectratio>keep</aspectratio>
								<visible>IsEmpty(ListItem.ActualIcon.png)</visible>
							</control>
							<control type="image">
								<left>88</left>
								<width>128</width>
								<height>22</height>
								<aspectratio>keep</aspectratio>
								<texture colordiffuse="glyph_nf">rating/rating$INFO[ListItem.ActualIcon].png</texture>
							</control>
						</control>
					</itemlayout>
					<focusedlayout width="896" height="40">
						<control type="group">
							<visible>!Control.HasFocus(120)</visible>
							<control type="image">
								<width>896</width>
								<height>40</height>
								<include>dialog_CommonList</include>
								<visible>!Control.HasFocus(120)</visible>
							</control>
							<control type="label">
								<left>48</left>
								<width>590</width>
								<label>$INFO[ListItem.Label2]</label>
								<include>dialog_CommonListItem</include>
								<visible>!Control.HasFocus(120)</visible>
							</control>
						</control>
						<control type="group">
							<visible>Control.HasFocus(120)</visible>
							<control type="image">
								<width>896</width>
								<height>40</height>
								<include>dialog_CommonListFocus</include>
							</control>
							<control type="label">
								<left>48</left>
								<width>590</width>
								<label>$INFO[ListItem.Label2]</label>
								<include>dialog_CommonListItemFocus</include>
							</control>
							<control type="group">
								<left>670</left>
								<top>8</top>
								<control type="image">
									<width>24</width>
									<height>24</height>
									<texture colordiffuse="glyph_fo">flags/subtitles/icon_cc.png</texture>
									<visible>ListItem.Property(hearing_imp)</visible>
								</control>
								<control type="image">
									<left>50</left>
									<width>24</width>
									<height>24</height>
									<texture colordiffuse="glyph_fo">flags/subtitles/icon_sync.png</texture>
									<visible>ListItem.Property(sync)</visible>
								</control>
								<control type="image">
									<left>88</left>
									<width>128</width>
									<height>22</height>
									<texture colordiffuse="glyph_fo">rating/rating0.png</texture>
									<aspectratio>keep</aspectratio>
									<visible>IsEmpty(ListItem.ActualIcon.png)</visible>
								</control>
								<control type="image">
									<left>88</left>
									<width>128</width>
									<height>22</height>
									<aspectratio>keep</aspectratio>
									<texture colordiffuse="glyph_fo">rating/rating$INFO[ListItem.ActualIcon].png</texture>
								</control>
							</control>
						</control>
						<control type="image">
							<left>8</left>
							<top>4</top>
							<width>32</width>
							<height>32</height>
							<texture>resource://resource.images.languageflags.colour/$INFO[ListItem.Art(thumb)].png</texture>
						</control>
						<control type="group">
							<left>670</left>
							<top>8</top>
							<visible>!Control.HasFocus(120)</visible>
							<control type="image">
								<width>24</width>
								<height>24</height>
								<texture colordiffuse="glyph_nf">flags/subtitles/icon_cc.png</texture>
								<visible>ListItem.Property(hearing_imp)</visible>
							</control>
							<control type="image">
								<left>50</left>
								<width>24</width>
								<height>24</height>
								<texture colordiffuse="glyph_nf">flags/subtitles/icon_sync.png</texture>
								<visible>ListItem.Property(sync)</visible>
							</control>
							<control type="image">
								<left>88</left>
								<width>128</width>
								<height>22</height>
								<texture colordiffuse="glyph_nf">rating/rating0.png</texture>
								<aspectratio>keep</aspectratio>
								<visible>IsEmpty(ListItem.ActualIcon.png)</visible>
							</control>
							<control type="image">
								<left>88</left>
								<width>128</width>
								<height>22</height>
								<aspectratio>keep</aspectratio>
								<texture colordiffuse="glyph_nf">rating/rating$INFO[ListItem.ActualIcon].png</texture>
							</control>
						</control>
					</focusedlayout>
				</control>
			</control>
			<control type="button" id="160">
				<left>20</left>
				<bottom>20</bottom>
				<width>212</width>
				<onright>120</onright>
				<onup>150</onup>
				<ondown>161</ondown>
				<label>$LOCALIZE[31330]</label>
				<include>dialog_WindowButton</include>
			</control>
		</control>
	</controls>
</window>