<?xml version="1.0" encoding="UTF-8"?>
<window type="dialog">
	<defaultcontrol always="true">450</defaultcontrol>
	<include>transition_Dialog</include>
	<coordinates>
		<system>1</system>
		<left>240</left>
		<top>70</top>
	</coordinates>
	<controls>
		<control type="group">
			<width>800</width>
			<height>580</height>
			<control type="image">
				<width>800</width>
				<height>580</height>
				<include>dialog_Window</include>
			</control>
			<control type="label" id="411">
				<width>792</width>
				<label>$LOCALIZE[1023]</label>
				<include>dialog_Windowtitle</include>
			</control>
			<control type="group">
				<left>4</left>
				<top>60</top>
				<control type="image">
					<width>792</width>
					<include>dialog_Separator</include>
				</control>
				<control type="image">
					<top>40</top>
					<width>792</width>
					<include>dialog_SectionSeparator</include>
				</control>
				<control type="image">
					<top>439</top>
					<width>792</width>
					<include>dialog_Separator</include>
				</control>
			</control>
			<control type="group" id="9002">
				<!--path label-->
				<control type="label" id="412">
					<left>4</left>
					<top>60</top>
					<width>792</width>
					<haspath>true</haspath>
					<textcolor>Color4</textcolor>
					<include>dialog_ControlCommons</include>
				</control>
				<!--text list-->
				<include name="dialog_Common-List">
					<param name="ID" value="450"/>
					<param name="ContainerTop" value="100"/>
					<param name="ContainerWidth" value="796"/>
					<param name="ContainerHeight" value="400"/>
					<param name="Width" value="715"/>
					<param name="OnUp" value="450"/>
					<param name="OnDown" value="450"/>
					<param name="OnLeft" value="415"/>
					<param name="OnRight" value="9001"/>
					<param name="PageControl" value="60"/>
					<param name="Left" value="60"/>
					<param name="ShowIcon" value="true"/>
				</include>
				<!--thumbnail list-->
				<control type="panel" id="451">
					<left>4</left>
					<top>102</top>
					<width>792</width>
					<height>400</height>
					<onup>9001</onup>
					<ondown>9001</ondown>
					<orientation>horizontal</orientation>
					<pagecontrol>60</pagecontrol>
					<preloaditems>4</preloaditems>
					<include>global_ListScroll</include>
					<itemlayout width="264" height="199">
						<control type="image">
							<centerleft>132</centerleft>
							<top>37</top>
							<width>96</width>
							<height>96</height>
							<texture>$INFO[ListItem.ActualIcon]</texture>
							<colordiffuse>Color4</colordiffuse>
							<visible>IsEmpty(ListItem.Art(thumb))</visible>
						</control>
						<control type="image">
							<left>10</left>
							<top>10</top>
							<width>245</width>
							<height>150</height>
							<texture>$INFO[ListItem.Art(thumb)]</texture>
							<aspectratio align="center" aligny="center">keep</aspectratio>
						</control>
						<control type="label">
							<top>154</top>
							<width>264</width>
							<align>center</align>
							<label>$INFO[ListItem.Label]</label>
							<include>dialog_ControlCommons</include>
						</control>
					</itemlayout>
					<focusedlayout width="264" height="199">
						<control type="image">
							<width>264</width>
							<height>199</height>
							<include>dialog_CommonListFocus</include>
						</control>
						<control type="image">
							<centerleft>132</centerleft>
							<top>37</top>
							<width>96</width>
							<height>96</height>
							<texture>$INFO[ListItem.ActualIcon]</texture>
							<colordiffuse>Color1</colordiffuse>
							<visible>IsEmpty(ListItem.Art(thumb))</visible>
						</control>
						<control type="image">
							<left>10</left>
							<top>10</top>
							<width>245</width>
							<height>150</height>
							<texture>$INFO[ListItem.Art(thumb)]</texture>
							<aspectratio align="center" aligny="center">keep</aspectratio>
						</control>
						<control type="label">
							<top>154</top>
							<width>264</width>
							<align>center</align>
							<label>$INFO[ListItem.Label]</label>
							<textcolor>Color1</textcolor>
							<include>dialog_ControlCommons</include>
						</control>
					</focusedlayout>
				</control>
				<control type="scrollbar" id="60">
					<top>500</top>
					<width>796</width>
					<height>4</height>
					<include>dialog_Scrollbar</include>
					<orientation>horizontal</orientation>
					<visible>Control.IsVisible(451)</visible>
				</control>
			</control>

		<!--dialog buttons--> 
			<control type="group" id="9001">
				<bottom>20</bottom>
				<width>800</width>
				<height>40</height>
				<!--new folder-->
				<control type="button" id="415">
					<left>20</left>
					<label>$LOCALIZE[119]</label>
					<onup>9002</onup>
					<ondown>9002</ondown>
					<onleft>414</onleft>
					<onright>414</onright>
					<width>160</width>
					<include>dialog_WindowButton</include>
				</control>
				<control type="grouplist">
					<right>20</right>
					<width>254</width>
					<onleft>50</onleft>
					<onright>50</onright>
					<onup>9002</onup>
					<ondown>9002</ondown>
					<orientation>horizontal</orientation>
					<itemgap>10</itemgap>
					<!--ok-->
					<control type="button" id="413">
						<left>363</left>
						<label>$LOCALIZE[186]</label>
						<include>dialog_WindowButton</include>
					</control>
					<!--cancel-->
					<control type="button" id="414">
						<left>493</left>
						<label>$LOCALIZE[222]</label>
						<include>dialog_WindowButton</include>
					</control>
				</control>
			</control>
		</control>
	</controls>
</window>