<?xml version="1.0" encoding="UTF-8"?>
<includes>

	<!--PVR INFO-->
	<include name="detail_PVR">
		<control type="group">
			<left>80</left>
			<top>540</top>
			<include>toggle_Menu</include>
			<include>transition_Content</include>
			<control type="image">
				<width>142</width>
				<height>142</height>
				<texture background="true" fallback="thumbs/default_Square.png">$INFO[ListItem.Icon]</texture>
				<fadetime>fadetime_Thumb</fadetime>
				<bordertexture border="7">frames/frame-nf.png</bordertexture>
				<bordersize>7</bordersize>
				<aspectratio align="top" aligny="right">keep</aspectratio>
				<visible>!IsEmpty(ListItem.Thumb)</visible>
			</control>
			<control type="grouplist">
				<left>168</left>
				<itemgap>0</itemgap>
				<control type="label" id="1">
					<width>950</width>
					<label>$INFO[ListItem.Title]</label>
					<include>detail_Title</include>
				</control>
				<control type="label" id="1">
					<width>950</width>
					<label>$INFO[ListItem.StartTime]$INFO[ListItem.EndTime, - ]$INFO[ListItem.Genre, &#8226; ]$INFO[ListItem.Premiered, &#8226; $LOCALIZE[20416] ]</label>
					<include>detail_Sub</include>
				</control>
				<control type="label" id="1">
					<label>-</label>
					<height>5</height>
				</control>
				<control type="textbox">
					<width>950</width>
					<height>80</height>
					<label>$INFO[ListItem.Plot]</label>
					<include>detail_Text</include>
				</control>
			</control>
		</control>
	</include>

	<include name="progress_PVR">
		<control type="group">
			<visible>!SubString(ListItem.Icon,default)</visible>
			<control type="image">
				<width>28</width>
				<height>28</height>
				<colordiffuse>Color3</colordiffuse>
				<texture>$VAR[pvr:Progress]</texture>
				<visible>!ListItem.IsRecording</visible>
			</control>
			<control type="image">
				<width>28</width>
				<height>28</height>
				<colordiffuse>rec1</colordiffuse>
				<texture>$VAR[pvr:Progress]</texture>
				<visible>ListItem.IsRecording</visible>
			</control>
		</control>
	</include>
	<include name="progress_PVR-fo">
		<control type="group">
			<visible>!SubString(ListItem.Icon,default)</visible>
			<control type="image">
				<width>28</width>
				<height>28</height>
				<colordiffuse>Color4</colordiffuse>
				<texture>$VAR[pvr:Progress]</texture>
				<visible>!ListItem.IsRecording</visible>
			</control>
			<control type="image">
				<width>28</width>
				<height>28</height>
				<colordiffuse>rec2</colordiffuse>
				<texture>$VAR[pvr:Progress]</texture>
				<visible>ListItem.IsRecording</visible>
			</control>
		</control>
	</include>

	<include name="status_PVR">
		<top>7</top>
		<control type="image">
			<width>28</width>
			<height>28</height>
			<texture>pvr/status/timer.png</texture>
			<colordiffuse>Color3</colordiffuse>
			<visible>ListItem.HasTimer + !ListItem.IsRecording</visible>
		</control>
		<control type="image">
			<width>28</width>
			<height>28</height>
			<texture>pvr/status/timer.png</texture>
			<colordiffuse>rec1</colordiffuse>
			<visible>ListItem.HasTimer + ListItem.IsRecording</visible>
		</control>
		<control type="image">
			<width>28</width>
			<height>28</height>
			<texture>pvr/status/recording.png</texture>
			<colordiffuse>rec1</colordiffuse>
			<visible>ListItem.IsRecording</visible>
		</control>
	</include>
	<include name="status_PVR-fo">
		<top>7</top>
		<control type="image">
			<width>28</width>
			<height>28</height>
			<texture>pvr/status/timer.png</texture>
			<colordiffuse>Color4</colordiffuse>
			<visible>ListItem.HasTimer + !ListItem.IsRecording</visible>
		</control>
		<control type="image">
			<width>28</width>
			<height>28</height>
			<texture>pvr/status/timer.png</texture>
			<colordiffuse>rec2</colordiffuse>
			<visible>ListItem.HasTimer + ListItem.IsRecording</visible>
		</control>
		<control type="image">
			<width>28</width>
			<height>28</height>
			<texture>pvr/status/recording.png</texture>
			<colordiffuse>rec2</colordiffuse>
			<visible>ListItem.IsRecording</visible>
		</control>
	</include>
</includes>