<?xml version="1.0" encoding="UTF-8"?>
<includes>
<!--NEXTAIRED-->
	<include name="TVGuideLayout">
		<itemlayout width="880" height="150">
			<control type="image">
				<width>245</width>
				<height>144</height>
				<include>art_Frame-nf</include>
			</control>
			<control type="image">
				<left>7</left>
				<top>7</top>
				<width>231</width>
				<height>130</height>
				<texture background="true">$INFO[ListItem.Property(Art(fanart))]</texture>
				<aspectratio align="center" aligny="top">scale</aspectratio>
			</control>
			<control type="image">
				<left>15.5</left>
				<top>45</top>
				<width>220</width>
				<height>85</height>
				<texture background="true">$INFO[ListItem.Property(Art(clearlogo))]</texture>
				<aspectratio align="center" aligny="bottom">keep</aspectratio>
				<visible>Skin.HasSetting(logos.tvshows.enable)</visible>
			</control>
			<control type="group">
				<left>265</left>
				<top>4</top>
				<control type="label">	
					<width>657</width>
					<label>$INFO[ListItem.Label,,: ]$INFO[ListItem.Property(NextTitle)]</label>
					<include>container_Title</include>
				</control>
				<control type="label">
					<top>28</top>
					<width>620</width>
					<label>$INFO[ListItem.Property(NextSeasonNumber),$LOCALIZE[20373] , - ]$INFO[ListItem.Property(NextEpisodeNumber),$LOCALIZE[20359] ]$INFO[ListItem.Premiered, &#8226; ]</label>
					<include>container_Sub</include>
				</control>
				<control type="label">
					<left>600</left>
					<top>28</top>
					<width>620</width>
					<label>$INFO[ListItem.Property(Status)]</label>
					<textcolor>Color2</textcolor>
					<align>right</align>
					<include>container_Sub</include>
				</control>
				<control type="label">
					<top>66</top>
					<width>800</width>
					<label>$INFO[ListItem.Property(Genre)]</label>
					<include>container_Text</include>
				</control>
				<control type="label">
					<top>103</top>
					<width>775</width>
					<label>[UPPERCASE]$INFO[ListItem.Property(ShortTime),, - ]$INFO[ListItem.Property(Runtime),, $LOCALIZE[12391]][/UPPERCASE]</label>
					<include>container_Text</include>
				</control>
			</control>
		</itemlayout>
		<focusedlayout width="880" height="150">
			<control type="group">
				<visible>!ControlGroup(9000).HasFocus()</visible>
				<control type="image">
					<width>880</width>
					<height>144</height>
					<include>art_Frame-fo</include>
				</control>
				<control type="group">
					<left>265</left>
					<top>4</top>
					<control type="label">	
						<width>657</width>
						<label>$INFO[ListItem.Label,,: ]$INFO[ListItem.Property(NextTitle)]</label>
						<include>container_Title-focus</include>
					</control>
					<control type="label">
						<top>28</top>
						<width>800</width>
						<label>$INFO[ListItem.Property(NextSeasonNumber),$LOCALIZE[20373] , - ]$INFO[ListItem.Property(NextEpisodeNumber),$LOCALIZE[20359] ]$INFO[ListItem.Premiered, &#8226; ]</label>
						<include>container_Sub-focus</include>
					</control>
					<control type="label">
						<left>600</left>
						<top>28</top>
						<width>620</width>
						<label>$INFO[ListItem.Property(Status)]</label>
						<align>right</align>
						<include>container_Sub-focus</include>
					</control>
					<control type="label">
						<top>66</top>
						<width>800</width>
						<label>$INFO[ListItem.Property(Genre)]</label>
						<include>container_Text-focus</include>
					</control>
					<control type="label">
						<top>103</top>
						<width>775</width>
						<label>$INFO[ListItem.Property(ShortTime),, - ]$INFO[ListItem.Property(Runtime),, $LOCALIZE[12391]]</label>
						<include>container_Text-focus</include>
					</control>
				</control>
			</control>
			<control type="group">
				<visible>ControlGroup(9000).HasFocus()</visible>
				<control type="group">
					<left>265</left>
					<top>4</top>
					<control type="label">	
						<width>657</width>
						<label>$INFO[ListItem.Label,,: ]$INFO[ListItem.Property(NextTitle)]</label>
						<include>container_Title</include>
					</control>
					<control type="label">
						<top>28</top>
						<width>800</width>
						<label>$INFO[ListItem.Property(NextSeasonNumber),$LOCALIZE[20373] , - ]$INFO[ListItem.Property(NextEpisodeNumber),$LOCALIZE[20359] ]$INFO[ListItem.Premiered, &#8226; ]</label>
						<include>container_Sub</include>
					</control>
					<control type="label">
						<left>600</left>
						<top>28</top>
						<width>620</width>
						<label>$INFO[ListItem.Property(Status)]</label>
						<textcolor>Color2</textcolor>
						<align>right</align>
						<include>container_Sub</include>
					</control>
					<control type="label">
						<top>66</top>
						<width>800</width>
						<label>$INFO[ListItem.Property(Genre)]</label>
						<include>container_Text</include>
					</control>
					<control type="label">
						<top>103</top>
						<width>775</width>
						<label>$INFO[ListItem.Property(ShortTime),, - ]$INFO[ListItem.Property(Runtime),, $LOCALIZE[12391]]</label>
						<include>container_Text</include>
					</control>
				</control>
			</control>
			<control type="image">
				<width>245</width>
				<height>144</height>
				<include>art_Frame-nf</include>
			</control>
			<control type="image">
				<left>7</left>
				<top>7</top>
				<width>231</width>
				<height>130</height>
				<texture background="true">$INFO[ListItem.Property(Art(fanart))]</texture>
				<aspectratio align="center" aligny="top">scale</aspectratio>
			</control>
			<control type="image">
				<left>15.5</left>
				<top>45</top>
				<width>220</width>
				<height>85</height>
				<texture background="true">$INFO[ListItem.Property(Art(clearlogo))]</texture>
				<aspectratio align="center" aligny="bottom">keep</aspectratio>
				<visible>Skin.HasSetting(logos.tvshows.enable)</visible>
			</control>
		</focusedlayout>
	</include>
</includes>