<?xml version="1.0" encoding="UTF-8"?>
<includes>
	<include name="home_Background">
		<control type="multiimage">
			<include>screen_Dimensions</include>
			<timeperimage>slideshow_Timer</timeperimage>
			<imagepath background="true">$VAR[home:Background]</imagepath>
			<!--make sure the background does not shine through on every scroll movement when multiimage weather fanart is selected-->
			<visible>![StringCompare(Container(9000).ListItem.Property(widgetType),weather) + SubString(Skin.String(WeatherFanart.path),.multi) + Control.HasFocus(9200)]</visible>
			<visible>![Skin.HasSetting(widgets.push) + !IsEmpty(Container(9000).ListItem.Property(widgetName))]</visible>
		</control>
		<!--fanart slideshow info-->
		<control type="group">
			<animation effect="slide" start="0,0" end="0,-20" time="0" condition="System.GetBool(lookandfeel.enablerssfeeds)">Conditional</animation>
			<visible>![Control.HasFocus(9200) + IsEmpty(Container(9000).ListItem.Property(widgetName))]</visible>
			<visible>Skin.HasSetting(backgrounds.fanart) + ![Player.HasMedia + Skin.HasSetting(home.nowplaying)]</visible>
			<control type="label">
				<right>25</right>
				<bottom>25</bottom>
				<width>850</width>
				<label>$VAR[home:Slideshow.Info]</label>
				<font>condensed-U</font>
				<textcolor>Color1</textcolor>
				<shadowcolor>Color5</shadowcolor>
				<align>right</align>
				<visible>Skin.String(fanartinfo.text,true)</visible>
			</control>
			<control type="image">
				<right>25</right>
				<bottom>25</bottom>
				<width>256</width>
				<height>99</height>
				<texture>$VAR[home:Slideshow.Info]</texture>
				<aspectratio>keep</aspectratio>
				<visible>Skin.String(fanartinfo.logo,true)</visible>
			</control>
		</control>
		
		<!--now playing video-->
		<control type="group">
			<visible>Player.HasVideo + Skin.HasSetting(home.nowplaying)</visible>
			<control type="image">
				<include>screen_Dimensions</include>
				<include>fadeinout</include>
				<texture>black.png</texture>
				<aspectratio>stretch</aspectratio>
			</control>
			<control type="videowindow">
				<include>screen_Dimensions</include>
			</control>
		</control>
	</include>

	<include name="widget_Header">
		<control type="group">
			<left>25</left>
			<top>15</top>
			<animation effect="slide" start="0" end="320" time="0" condition="StringCompare(Skin.String(homemenu.type),vertical)">Conditional</animation>
			<include>fadeinout</include>
			<visible>!Window.IsActive(busydialog) + !Window.IsActive(script-ExtendedInfo Script-DialogVideoInfo.xml)</visible>
			<visible>!IsEmpty(Container(9000).ListItem.Property(Widget)) + ![Skin.HasSetting(widgetheader.disable) + [Control.HasFocus(9000) | Control.HasFocus(9100)]]</visible>
			<visible>![!Player.HasAudio + StringCompare(Container(9000).ListItem.Property(widget),playingmusic)]</visible>
			<control type="image">
				<width>48</width>
				<height>48</height>
				<texture>$VAR[widget:Icon]</texture>
				<aspectratio align="center" aligny="center">keep</aspectratio>
			</control>
			<control type="group">
				<left>55</left>
				<control type="label">
					<width>1060</width>
					<label>$INFO[Container(9000).ListItem.Property(widgetName)]</label>
					<font>semibold-U</font>
					<textcolor>Color1</textcolor>
				</control>
				<control type="group">
					<top>21</top>
					<control type="label">
						<width>1060</width>
						<label>$VAR[widget:Header]</label>
						<font>regular_Small-U</font>
						<textcolor>Color1</textcolor>
						<include>fadeinout</include>
					</control>
				</control>
			</control>
		</control>
	</include>

	<include name="widget_Item-Art">
		<definition>
			<control type="image">
				<width>screen_Width</width>
				<height>screen_Height</height>
				<texture>$VAR[widget:ArtFallback]</texture>
				<aspectratio>scale</aspectratio>
			</control>	
			<control type="multiimage">
				<width>screen_Width</width>
				<height>screen_Height</height>
				<imagepath background="true">$INFO[ListItem.Property(MultiImage)]</imagepath>
				<timeperimage>8000</timeperimage>
				<aspectratio>scale</aspectratio>
				<visible>SubString(Skin.String(WeatherFanart.path),.multi)</visible>
			</control>
			<control type="image">
				<width>screen_Width</width>
				<height>screen_Height</height>
				<texture>overlays/vignette_full.png</texture>
				<include>fadeinout</include>
				<visible>[Skin.HasSetting(widgets.push) + !Skin.HasSetting(widgetinfo.onfocus)] | [Skin.HasSetting(widgets.push) + Skin.HasSetting(widgetinfo.onfocus) + Control.HasFocus(9200)] | [!Skin.HasSetting(widgets.push) + Control.HasFocus(9200)]</visible>
			</control>
		</definition>
	</include>

	<include name="widget_Item-Info">
		<param name="TextWidth" default="860"/>
		<definition>
			<control type="group">
				<left>50</left>
				<top>550</top>
				<animation type="Conditional" condition="Window.IsActive(script-ExtendedInfo Script-DialogVideoInfo.xml)">
					<effect type="Fade" time="200" start="100" end="0" easing="Out" delay="0"/>
				</animation>
				<visible>!StringCompare(Window(Home).Property(ExtInfo),open)</visible>
				<visible>[Skin.HasSetting(widgets.push) + !Skin.HasSetting(widgetinfo.onfocus)] | [Skin.HasSetting(widgets.push) + Skin.HasSetting(widgetinfo.onfocus) + Control.HasFocus(9200)] | [!Skin.HasSetting(widgets.push) + Control.HasFocus(9200)]</visible>
				<control type="label">
					<width>$PARAM[TextWidth]</width>
					<label>$VAR[widget:Item.Label1]</label>
					<font>black_Title</font>
					<textcolor>Color1</textcolor>
					<selectedcolor>Color1</selectedcolor>
				</control>
				<control type="label">
					<top>28</top>
					<width>$PARAM[TextWidth]</width>
					<label>$VAR[widget:Item.Label2]</label>
					<font>semibold_Small-U</font>
					<textcolor>Color1</textcolor>
					<selectedcolor>Color1</selectedcolor>
				</control>
				<control type="textbox">
					<top>60</top>
					<width>$PARAM[TextWidth]</width>
					<height>85</height>
					<label>$VAR[widget:Item.Description]</label>
					<include>detail_Text</include>
					<autoscroll delay="autoscroll_Delay" time="autoscroll_Time" repeat="10000">Skin.HasSetting(autoscroll.enable)</autoscroll>
					<visible>[!Control.HasFocus(9200) + StringCompare(Skin.String(homemenu.type),vertical)]</visible>
				</control>
				<control type="textbox">
					<top>60</top>
					<width>1170</width>
					<height>85</height>
					<label>$VAR[widget:Item.Description]</label>
					<include>detail_Text</include>
					<autoscroll delay="autoscroll_Delay" time="autoscroll_Time" repeat="10000">Skin.HasSetting(autoscroll.enable)</autoscroll>
					<visible>[Control.HasFocus(9200) + StringCompare(Skin.String(homemenu.type),vertical)] | StringCompare(Skin.String(homemenu.type),horizontal)</visible>
				</control>
			</control>
		</definition>
	</include>
</includes>