<?xml version="1.0" encoding="UTF-8"?>
<window type="dialog">
	<defaultcontrol always="true">10</defaultcontrol>
	<include>transition_Dialog</include>
	<coordinates>
		<left>290</left>
		<top>168</top>
	</coordinates>
	<controls>
		<control type="group">
			<width>700</width>
			<height>385</height>
			<control type="image">
				<width>700</width>
				<height>385</height>
				<include>dialog_Window</include>
			</control>
			<!--recording preferences-->
			<control type="label" id="2">
				<width>692</width>
				<label>$ADDON[pvr.wmc 30100]</label>
				<include>dialog_Windowtitle</include>
			</control>
			<control type="group">
				<left>4</left>
				<top>60</top>
				<!--program title-->
				<control type="label" id="20">
					<width>692</width>
					<align>center</align>
					<include>dialog_Header</include>
					<include>dialog_ControlCommons</include>
				</control>
				<control type="image">
					<top>39</top>
					<width>692</width>
					<include>dialog_Separator</include>
				</control>
				<control type="grouplist" id="9001">
					<top>40</top>
					<onleft>1</onleft>
					<onright>2</onright>
					<ondown>9000</ondown>
					<itemgap>0</itemgap>
					<orientation>vertical</orientation>
					<!--record this episode only-->
					<control type="radiobutton" id="10">
						<width>692</width>
						<label>$ADDON[pvr.wmc 30101]</label>
						<include>dialog_Radio</include>
						<include>dialog_ControlCommons</include>
					</control>
					<!--record the series-->
					<control type="radiobutton" id="11">
						<width>692</width>
						<label>$ADDON[pvr.wmc 30102]</label>
						<include>dialog_Radio</include>
						<include>dialog_ControlCommons</include>
					</control>
					<!--show type-->
					<control type="spincontrolex" id="12">
						<width>692</width>
						<label>$ADDON[pvr.wmc 30103]</label>
						<include>dialog_Spin</include>
						<include>dialog_ControlCommons</include>
					</control>
					<!--channel series choice-->
					<control type="spincontrolex" id="13">
						<width>692</width>
						<label>$ADDON[pvr.wmc 30107]</label>
						<include>dialog_Spin</include>
						<include>dialog_ControlCommons</include>
					</control>
					<!--airtime series choice-->
					<control type="spincontrolex" id="14">
						<width>692</width>
						<label>$ADDON[pvr.wmc 30110]</label>
						<include>dialog_Spin</include>
						<include>dialog_ControlCommons</include>
					</control>
				</control>
				<!--dialog buttons-->
				<control type="grouplist" id="9000">
					<right>20</right>
					<bottom>20</bottom>
					<width>254</width>
					<height>40</height>
					<onup>14</onup>
					<ondown>10</ondown>
					<orientation>horizontal</orientation>
					<itemgap>10</itemgap>
					<!--ok-->
					<control type="button" id="1">
						<label>$LOCALIZE[186]</label>
						<include>dialog_WindowButton</include>
					</control>
					<!--cancel-->
					<control type="button" id="2">
						<left>130</left>
						<label>$LOCALIZE[222]</label>
						<include>dialog_WindowButton</include>
					</control>
				</control>
			</control>
		</control>
	</controls>
</window>