<?xml version="1.0" encoding="UTF-8"?>
<window>
	<defaultcontrol always="true">300</defaultcontrol>
	<include>transition_Dialog</include>
	<coordinates>
		<system>1</system>
		<left>190</left>
		<top>28</top>
	</coordinates>
	<controls>
		<control type="group">
			<visible>!Window.IsVisible(yesnodialog)</visible>
			<control type="image">
				<width>900</width>
				<height>665</height>
				<include>dialog_Window</include>
			</control>
			<control type="label" id="500">
				<label>-</label>
				<width>892</width>
				<include>dialog_Windowtitle</include>
			</control>
			<control type="group">
				<left>4</left>
				<top>60</top>		
				<control type="image">
					<width>892</width>
					<include>dialog_Separator</include>
				</control>
				<control type="image">
					<left>400</left>
					<height>520</height>
					<include>dialog_Separator-y</include>
				</control>
				<control type="image">
					<top>520</top>
					<width>892</width>
					<include>dialog_Separator</include>
				</control>
			<!--shortcuts-->	
				<control type="list" id="211">
					<width>400</width>
					<height>520</height>
					<itemgap>0</itemgap>
					<onleft>300</onleft>
					<onright>303</onright>
					<onup>211</onup>
					<ondown>211</ondown>
					<include>global_ListScroll</include>
					<itemlayout width="400" height="40">
						<control type="image">
							<width>400</width>
							<include>dialog_CommonList</include>
						</control>
						<control type="label">
							<width>260</width>
							<label>$INFO[ListItem.Label]</label>
							<include>dialog_CommonListItem</include>
						</control>
					</itemlayout>
					<focusedlayout width="400" height="40">
						<control type="image">
							<width>281</width>
							<height>40</height>
							<include>dialog_CommonListFocus</include>
							<visible>Control.HasFocus(211)</visible>
						</control>
						<control type="image">
							<width>400</width>
							<include>dialog_CommonList</include>
						</control>
						<control type="label">
							<left>15</left>
							<width>260</width>
							<label>$INFO[ListItem.Label]</label>
							<include>dialog_CommonListItemFocus</include>
							<visible>Control.HasFocus(211)</visible>
						</control>
						<control type="label">
							<left>15</left>
							<width>260</width>
							<label>$INFO[ListItem.Label]</label>
							<textcolor>Selected</textcolor>
							<include>dialog_CommonListItem</include>
							<visible>!Control.HasFocus(211)</visible>
						</control>
					</focusedlayout>
				</control>
			<!--inline controls-->
				<control type="group" id="1000">
					<left>280</left>
					<animation effect="slide" end="0,40" time="0" condition="Container(211).Row(1)">Conditional</animation>
					<animation effect="slide" end="0,80" time="0" condition="Container(211).Row(2)">Conditional</animation>
					<animation effect="slide" end="0,120" time="0" condition="Container(211).Row(3)">Conditional</animation>
					<animation effect="slide" end="0,160" time="0" condition="Container(211).Row(4)">Conditional</animation>
					<animation effect="slide" end="0,200" time="0" condition="Container(211).Row(5)">Conditional</animation>
					<animation effect="slide" end="0,240" time="0" condition="Container(211).Row(6)">Conditional</animation>
					<animation effect="slide" end="0,280" time="0" condition="Container(211).Row(7)">Conditional</animation>
					<animation effect="slide" end="0,320" time="0" condition="Container(211).Row(8)">Conditional</animation>
					<animation effect="slide" end="0,360" time="0" condition="Container(211).Row(9)">Conditional</animation>
					<animation effect="slide" end="0,400" time="0" condition="Container(211).Row(10)">Conditional</animation>
					<animation effect="slide" end="0,440" time="0" condition="Container(211).Row(11)">Conditional</animation>
					<animation effect="slide" end="0,480" time="0" condition="Container(211).Row(12)">Conditional</animation>
					<animation effect="slide" end="0,520" time="0" condition="Container(211).Row(13)">Conditional</animation>
					<animation effect="slide" end="0,560" time="0" condition="Container(211).Row(14)">Conditional</animation>
					<animation effect="slide" end="0,600" time="0" condition="Container(211).Row(15)">Conditional</animation>
					<animation effect="slide" end="0,640" time="0" condition="Container(211).Row(16)">Conditional</animation>
					<animation effect="slide" end="0,680" time="0" condition="Container(211).Row(17)">Conditional</animation>
					<animation effect="slide" end="0,720" time="0" condition="Container(211).Row(18)">Conditional</animation>
					<animation effect="slide" end="0,760" time="0" condition="Container(211).Row(19)">Conditional</animation>
					<animation effect="slide" end="0,800" time="0" condition="Container(211).Row(20)">Conditional</animation>
					<control type="image">
						<height>40</height>
						<include>dialog_Separator-y</include>
					</control>
					<control type="image">
						<left>40</left>
						<height>40</height>
						<include>dialog_Separator-y</include>
					</control>
					<control type="image">
						<left>80</left>
						<height>40</height>
						<include>dialog_Separator-y</include>
					</control>
					<!--move up-->
					<control type="button" id="303">
						<label>-</label>
						<onup>211</onup>
						<onleft>211</onleft>
						<onright>304</onright>
						<ondown>211</ondown>
						<include>dialog_Inline-up</include>
					</control>
					<!--move down-->
					<control type="button" id="304">
						<left>40</left>
						<label>-</label>
						<onup>211</onup>
						<onleft>303</onleft>
						<onright>302</onright>
						<ondown>211</ondown>
						<include>dialog_Inline-down</include>
					</control>
					<!--remove-->
					<control type="button" id="302">
						<left>80</left>
						<label>-</label>
						<onup>211</onup>
						<onleft>304</onleft>
						<onright>300</onright>
						<ondown>211</ondown>
						<include>dialog_Inline-remove</include>
					</control>
				</control>
			<!---control area-->	
				<control type="grouplist" id="300">
					<left>400</left>
					<width>492</width>
					<height>520</height>
					<onleft>302</onleft>
					<onright>10</onright>
					<onup>300</onup>
					<ondown>300</ondown>
					<itemgap>0</itemgap>
					<include>global_ListScroll</include>
					<!--change shortcut-->
					<control type="button" id="401">
						<width>492</width>
						<label>$ADDON[script.skinshortcuts 32048]</label>
						<include>dialog_ControlCommons</include>
					</control>
					<!--change label-->
					<control type="button" id="305">
						<width>492</width>
						<label>$ADDON[script.skinshortcuts 32025]</label>
						<label2>$INFO[Container(211).ListItem.Label]</label2>
						<include>dialog_ControlCommons</include>
					</control>			
					<!--change action-->
					<control type="button" id="307">
						<width>492</width>
						<label>$ADDON[script.skinshortcuts 32027]</label>
						<label2>$INFO[Container(211).ListItem.Property(displaypath)]</label2>
						<include>dialog_ControlCommons</include>
					</control>
					<!--edit sub-menu-->
					<control type="button" id="405">
						<width>492</width>
						<label>$ADDON[script.skinshortcuts 32072]</label>
						<include>dialog_ControlCommons</include>
						<visible>StringCompare(Window.Property(groupname),mainmenu)</visible>
					</control>
					<!--set background-->
					<control type="button" id="310">
						<width>492</width>
						<label>$ADDON[script.skinshortcuts 32045]</label>
						<label2>$INFO[Container(211).ListItem.Property(Background)]</label2>
						<include>dialog_ControlCommons</include>
						<visible>StringCompare(Window.Property(groupname),mainmenu)</visible>
					</control>
					<!--set widget-->
					<control type="button" id="312">
						<width>492</width>
						<label>$ADDON[script.skinshortcuts 32044]</label>
						<label2>$INFO[Container(211).ListItem.Property(widgetName)]</label2>
						<include>dialog_ControlCommons</include>
						<visible>StringCompare(Window.Property(groupname),mainmenu)</visible>
						<enable>!Skin.HasSetting(widgets.disable)</enable>
					</control>
					<!--add item-->
					<control type="button" id="301">
						<width>492</width>
						<label>$ADDON[script.skinshortcuts 32000]</label>
						<onclick>SetFocus(401)</onclick>
						<include>dialog_ControlCommons</include>
					</control>
				</control>
			</control>
			<!--reset-->
			<control type="button" id="308">
				<left>19</left>
				<top>600</top>
				<width>250</width>
				<label>$ADDON[script.skinshortcuts 32028]</label>
				<onup>211</onup>
				<ondown>noop</ondown>
				<onleft>noop</onleft>
				<onright>10</onright>
				<include>dialog_WindowButton</include>
			</control>
			<!--apply-->
			<control type="button" id="10">
				<left>756</left>
				<top>600</top>
				<label>$LOCALIZE[186]</label>
				<onup>301</onup>
				<onleft>308</onleft>
				<onright>noop</onright>
				<ondown>401</ondown>
				<onback>RunScript(script.skinshortcuts,type=buildxml&amp;mode=single&amp;options=clonewidgets|clonebackgrounds&amp;mainmenuID=9000)</onback>
				<onclick>RunScript(script.skinshortcuts,type=buildxml&amp;mode=single&amp;options=clonewidgets|clonebackgrounds&amp;mainmenuID=9000)</onclick>
				<onclick>Close</onclick>
				<include>dialog_WindowButton</include>
				<visible>StringCompare(Window.Property(groupname),mainmenu)</visible>
			</control>
			<!--close-->
			<control type="button" id="10">
				<left>756</left>
				<top>600</top>
				<label>$LOCALIZE[186]</label>
				<onup>301</onup>
				<onleft>308</onleft>
				<onright>noop</onright>
				<ondown>401</ondown>
				<onclick>Close</onclick>
				<include>dialog_WindowButton</include>
				<visible>!StringCompare(Window.Property(groupname),mainmenu)</visible>
			</control>
		</control>
	</controls>
</window>