<?xml version="1.0" encoding="utf-8"?>
<window>
	<defaultcontrol always="true">500</defaultcontrol>
	<controls>

		<!--global includes-->
		<include>global_Background</include>
		<include>global_Clock</include>
		<include>global_Sortletter</include>

		<!--triggers-->
		<control type="button" id="600">
			<onfocus>SetFocus(500)</onfocus>
			<include>TriggerButton</include>
		</control>
		<control type="button" id="700">
			<onfocus>SetFocus(500)</onfocus>
			<include>TriggerButton</include>
		</control>

		<control type="button" id="6000">
			<include>TriggerButton</include>
		</control>
		<control type="button" id="7000">
			<include>TriggerButton</include>
		</control>

		<control type="group">
			<include>transition_Content</include>
			<include>toggle_Menu</include>
			<control type="image">
				<left>20</left>
				<top>16</top>
				<include>transition_Indicator</include>
				<width>32</width>
				<height>32</height>
				<texture>navigation/left.png</texture>
				<animation effect="rotate" center="auto" start="0" end="-180" time="250" tween="Quadratic" condition="ControlGroup(9000).HasFocus">Conditional</animation>
			</control>

			<animation type="Conditional" reversible="true" condition="ControlGroup(9000).HasFocus()">
				<effect type="slide" time="350" start="0" end="262" tween="Quadratic" easing="Out" />
			</animation>

		<!--window header-->
			<include name="windowTitle">
				<param name="Label" value="Extended Info"/>
			</include>

			<include name="global_Itemcount">
				<param name="InfoLabel" value="[B]$INFO[Window.Property(TotalItems)][/B] $ADDON[script.extendedinfo 32124], $LOCALIZE[31144] $INFO[Window.Property(Sort_Label)]$INFO[Window.Property(Filter_Label), • ]"/>
			</include>

			<!--results container-->	
			<control type="group">
				<include>transition_Content</include>
				<include>toggle_Menu</include>
				<include>transition_Info</include>
				<control type="panel" id="500">
					<left>55</left>
					<top>90</top>
					<width>1164</width>
					<height>554</height>
					<onleft>9000</onleft>
					<onright>70</onright>
					<onup>57</onup>
					<ondown>57</ondown>
					<pagecontrol>70</pagecontrol>
					<preloaditems>2</preloaditems>
					<orientation>vertical</orientation>
					<include>global_ListScroll</include>
					<itemlayout width="194" height="277">
						<include>view_Icon-Frame</include>
						<include>view_Icon-Art</include>
						<include name="status_Info">
							<param name="Left" value="135"/>
							<param name="Bottom" value="18"/>
						</include>
						<!--
						<control type="image">
							<width>55</width>
							<height>55</height>
							<top>30</top>
							<left>149</left>
							<texture>flags/local.png</texture>
							<visible>!IsEmpty(ListItem.Property(DBID))</visible>
						</control>
						-->
					</itemlayout>                                           
					<focusedlayout width="194" height="277">
						<include name="view_Icon-Frame">
							<param name="State" value="frames/frame-fo.png" />
						</include>
						<include>view_Icon-Art</include>
						<include name="status_Info">
							<param name="Left" value="135"/>
							<param name="Bottom" value="18"/>
						</include>
					</focusedlayout>
				</control>
				<control type="group">
					<include name="detail_Info">
						<param name="Left" value="60"/>
						<param name="Top" value="645"/>
						<param name="Width" value="645"/>
						<param name="ShowPlot" value="false"/>
						<param name="ShowStudio" value="false"/>
						<param name="InfoLabel" value="$INFO[Container(500).ListItem(0).Label]"/>
						<param name="InfoLabel2" value="$INFO[Container(500).ListItem(0).Property(Genre)]"/>
					</include>
				</control>
			</control>

			<!--scrollbar-->
			<control type="scrollbar" id="70">
				<left>1272</left>
				<height>screen_Height</height>
				<onleft>500</onleft>
			</control>
		</control>

		<!--options menu-->
		<control type="group">
			<left>-262</left>
			<control type="image" id="1">
				<width>270</width>
				<height>screen_Height</height>
				<texture background="true">colorize/100.png</texture>
				<colordiffuse>base_2</colordiffuse>
			</control>
			<animation type="Conditional" reversible="true" condition="ControlGroup(9000).HasFocus() | ControlGroup(4000).HasFocus() | Control.HasFocus(7000)">
				<effect type="slide" time="350" start="0" end="262" tween="Quadratic" easing="Out" />
			</animation>
			<include>transition_Content</include>
			<include>transition_Info</include>
			<control type="grouplist" id="9000">
				<onright condition="IntegerGreaterThan(Container(500).NumItems,0)">500</onright>
				<onup>9000</onup>
				<ondown>9000</ondown>
				<include>menu_ContainerCommons</include>
				<control type="label" id="401">
					<label>$LOCALIZE[33063]</label>
					<include>menu_Header</include>
				</control>
				<control type="button" id="5020">
					<label>$LOCALIZE[19140]</label>
					<onclick>SendClick(6000)</onclick>
					<include>menu_Button</include>
				</control>
				<control type="button" id="5021">
					<label>$ADDON[script.extendedinfo 32024]</label>
					<onclick>SendClick(7000)</onclick>
					<include>menu_Button</include>
				</control>
				<control type="button" id="5007">
					<label>$LOCALIZE[467]$INFO[Window.Property(Type),: ]</label>
					<include>menu_Button</include>
				</control>
				<control type="button" id="5001">
					<label>$ADDON[script.extendedinfo 32104]$INFO[Window.Property(Sort_Label),: ]</label>
					<include>menu_Button</include>
				</control>
				<control type="button" id="5004">
					<label>$ADDON[script.extendedinfo 32128]$INFO[Window.Property(Order_Label),: ]</label>
					<include>menu_Button</include>
				</control>
				<control type="label" id="5333">
					<label>$ADDON[script.extendedinfo 32023]</label>
					<include>menu_Header</include>
				</control>
				<control type="button" id="5002">
					<label>$LOCALIZE[515]</label>
					<include>menu_Button</include>
				</control>
				<control type="button" id="5003">
					<label>$LOCALIZE[172]</label>
					<include>menu_Button</include>
				</control>
				<control type="button" id="5006">
					<label>$ADDON[script.extendedinfo 32127]</label>
					<include>menu_Button</include>
				</control>
				<control type="button" id="5008">
					<label>$ADDON[script.extendedinfo 32126]</label>
					<include>menu_Button</include>
				</control>
				<control type="button" id="5009">
					<label>$ADDON[script.extendedinfo 32114]</label>
					<include>menu_Button</include>
				</control>
				<control type="button" id="5010">
					<label>$LOCALIZE[572]</label>
					<include>menu_Button</include>
				</control>
				<control type="button" id="5012">
					<label>$ADDON[script.extendedinfo 32111]</label>
					<include>menu_Button</include>
				</control>
				<control type="button" id="5005">
					<label>$ADDON[script.extendedinfo 32022]</label>
					<include>menu_Button</include>
				</control>
			</control>			
		</control>
	</controls>
</window>