<?xml version="1.0" encoding="utf-8"?>
<window id="1168">
	<defaultcontrol always="true">5000</defaultcontrol>
	<controls>
		<control type="group">
			<include>screen_Dimensions</include>

			<!--background-->
			<control type="image">
				<include>screen_Dimensions</include>
				<texture background="true" fallback="special://skin/backgrounds/video.jpg">$INFO[Container(750).ListItem(0).Property(original)]</texture>
				<aspectratio>scale</aspectratio>
				<animation type="WindowOpen">
					<effect type="Fade" time="transition_Open" start="0" end="100" />
				</animation>			
				<animation type="WindowClose">
					<effect type="Fade" time="transition_Close" start="100" end="0" />
				</animation>
			</control>

			<control type="group">
				<include>screen_Dimensions</include>
				<include>transition_Content</include>
				<!--main container-->
				<control type="grouplist" id="4000">
					<include>screen_Dimensions</include>
					<onright>70</onright>
					<pagecontrol>70</pagecontrol>
					<include>global_Scrolltime</include>
					<orientation>vertical</orientation>
					<itemgap>0</itemgap>
					<!--banner window-->
					<control type="group">
						<width>100%</width>
						<height>250</height>
						<control type="image">
							<width>100%</width>
							<height>200</height>
							<texture aligny="bottom">overlays/vignette_bottom.png</texture>
							<aspectratio>stretch</aspectratio>
						</control>
						<!--studio / network logos-->
						<control type="image">
							<right>40</right>
							<bottom>60</bottom>
							<width>96</width>
							<height>48</height>
							<aspectratio align="right">keep</aspectratio>
							<colordiffuse>flag_1</colordiffuse>
							<texture>$VAR[flag:Studio]</texture>
							<visible>!Container.Content(movies)</visible>
						</control>
						<control type="image">
							<right>40</right>
							<bottom>60</bottom>
							<width>128</width>
							<height>64</height>
							<aspectratio align="right">keep</aspectratio>
							<colordiffuse>flag_1</colordiffuse>
							<texture>$VAR[flag:Studio]</texture>
							<visible>Container.Content(movies)</visible>
						</control>
						<!--begin main column-->
						<control type="group">
							<left>300</left>
							<top>110</top>
							<control type="label">
								<width min="0" max="1164">auto</width>
								<label>$INFO[Window.Property(actor.Title)]</label>
								<selectedcolor>Color1</selectedcolor>
								<include>osd_Title</include>
							</control>
							<control type="label">
								<top>28</top>
								<width>1164</width>
								<label>$INFO[Window.Property(actor.AlsoKnownAs),, &#8226; ]$INFO[Window.Property(actor.Birthday)]$INFO[Window.Property(actor.Age), (,)]$INFO[Window.Property(actor.PlaceOfBirth), &#8226; ]</label>
								<font>regular_Small-U</font>
								<include>osd_Sub</include>
							</control>
							<control type="label">
								<top>50</top>
								<width min="0" max="1164">auto</width>
								<label>$INFO[Window.Property(actor.DBMovies)] $VAR[info:MovieCount] $LOCALIZE[31610]   $INFO[Window.Property(actor.TotalMovies)]</label>
								<font>regular_Smaller-U</font>
								<textcolor>Color3</textcolor>
								<include>osd_Sub</include>
							</control>
						</control>

						<control type="group">
							<width>100%</width>
							<height>screen_Height</height>
							<control type="image">
								<top>200</top>	
								<width>100%</width>
								<height>520</height>	
								<aspectratio>stretch</aspectratio>
								<texture background="true">overlays/base_color.png</texture>
								<colordiffuse>base_1</colordiffuse>
							</control>
							<!--begin main content area-->
							<control type="group">
								<left>300</left>
								<top>220</top>

								<control type="grouplist" id="5000">
									<width>100%</width>
									<height>40</height>
									<itemgap>10</itemgap>
									<orientation>horizontal</orientation>
									<defaultcontrol always="true">8</defaultcontrol>

									<control type="togglebutton" id="5004">
										<label>$ADDON[script.extendedinfo 32011]</label>
										<altlabel>$LOCALIZE[21887]</altlabel>
										<onclick>Skin.SetString(actor,movies)</onclick>
										<altclick>Skin.SetString(actor,plot)</altclick>
										<ondown>150</ondown>
										<usealtclick>Skin.String(actor,plot)</usealtclick>
										<include>global_Button</include>
									</control>
									<!--manage-->
									<control type="button" id="5005">
										<label>$LOCALIZE[16106]</label>
										<onclick>ActivateWindow(1120)</onclick>
										<ondown>399</ondown>
										<include>global_Button</include>
										<visible>!SubString(Container.FolderPath,plugin://) + !Skin.HasSetting(global.kiosk)</visible>
									</control>
								</control>


								<!--plot / descriptions-->
								<control type="textbox" id="401">
									<top>40</top>
									<width>875</width>
									<height min="0" max="435">auto</height>
									<label>$INFO[Window.Property(movie.Director),Director [B],[/B][CR]]$INFO[Window.Property(movie.Writer),Writer [B],[/B][CR]]$INFO[Window.Property(actor.Biography),[CR]]</label>
									<include>detail_Text</include>
									<visible>Skin.String(actor,plot)</visible>
								</control>
							</control>
						</control>

						<!--begin left column-->
						<control type="group">
							<top>40</top>
							<left>40</left>
							<control type="image">
								<width>207</width>
								<height>300</height>
								<include>art_Frame-nf</include>
							</control>
							<control type="group">
								<left>7</left>
								<top>7</top>
								<control type="image">
									<width>193</width>
									<height>286</height>
									<texture background="true" fallback="thumbs/default_Portrait.png">$INFO[Window(Home).Property(Poster)]</texture>
									<aspectratio align="center" aligny="top">scale</aspectratio>
								</control>
							</control>
							<control type="textbox" id="401">
								<top>320</top>
								<width>200</width>
								<height min="0" max="300">auto</height>
								<align>right</align>
								<label>$INFO[Window.Property(actor.PlaceOfBirth),[B]$ADDON[script.extendedinfo 32014][/B][CR],[CR][CR]]$INFO[Window.Property(actor.Birthday),[B]$ADDON[script.extendedinfo 32012][/B][CR],[CR][CR]]$INFO[Window.Property(actor.TotalMovies),[B]$ADDON[script.extendedinfo 32011][/B][CR],[CR]]</label>
								<include>detail_Text</include>
							</control>
						</control>
					</control>		
				</control>




				<control type="panel" id="150">
					<left>300</left>
					<top>300</top>
					<width>980</width>
					<height>390</height>
					<onleft>150</onleft>
					<onright>150</onright>
					<onup>5</onup>
					<ondown>noop</ondown>
					<pagecontrol>501</pagecontrol>
					<orientation>horizontal</orientation>
					<visible>Skin.String(actor,movies)</visible>

					<itemlayout width="194" height="277">
					<include>view_Icon-Frame</include>
					<include>view_Icon-Art</include>
					<include>view_Icon-Data</include>
				</itemlayout>
				<focusedlayout width="194" height="277">
					<include name="view_Icon-Frame">
						<param name="State" value="frames/frame-fo.png" />
					</include>
					<include>view_Icon-Art</include>
					<include name="status_Info">
						<param name="Left" value="135"/>
						<param name="Bottom" value="18"/>
					</include>
				</focusedlayout>
				</control>



				<control type="panel" id="450">
					<visible>false</visible>
					<itemlayout>
					</itemlayout>
					<focusedlayout>
					</focusedlayout>
				</control>
				<control type="panel" id="750">
					<visible>false</visible>
					<itemlayout>
					</itemlayout>
					<focusedlayout>
					</focusedlayout>
				</control>
			</control>


			<!--pagecontrol-->
			<control type="scrollbar" id="70">
				<top>0</top>
				<left>1272</left>
				<width>8</width>
				<height>720</height>
				<onleft>4000</onleft>
				<texturesliderbar>views/pagecontrol/grip-fo.png</texturesliderbar>
			</control>
		</control>
	</controls>
</window>