<?xml version="1.0" encoding="UTF-8"?>
<window>
	<defaultcontrol always="true">9000</defaultcontrol>
	<controls>

	<!--global includes-->
		<include>global_Background</include>
		<include>global_Includes</include>

	<!--window header-->
		<include name="windowTitle">
			<param name="Left" value="32"/>
			<param name="Label" value="$VAR[window:Title.System]"/>
		</include>

		<control type="group">
			<left>65</left>
			<top>90</top>
			<include>transition_Content</include>
			<!--button area-->
			<control type="grouplist" id="9000">
				<itemgap>2</itemgap>
				<onup>9000</onup>
				<ondown>9000</ondown>
				<!--general-->
				<control type="button" id="95">
					<include>settings_Menu</include>
					<label>$LOCALIZE[20037]</label>
				</control>
				<!--storage-->
				<control type="button" id="94">
					<include>settings_Menu</include>
					<label>$LOCALIZE[13277]</label>
				</control>
				<!--network-->
				<control type="button" id="96">
					<include>settings_Menu</include>
					<label>$LOCALIZE[13279]</label>
				</control>
				<!--video-->
				<control type="button" id="97">
					<include>settings_Menu</include>
					<label>$LOCALIZE[13280]</label>
				</control>
				<!--hardware-->
				<control type="button" id="98">
					<include>settings_Menu</include>
					<label>$LOCALIZE[13281]</label>
				</control>
				<!--pvr-->
				<control type="button" id="99">
					<include>settings_Menu</include>
					<label>$LOCALIZE[19191]</label>
				</control>
				<!--kodi-->
				<control type="button" id="195">
					<include>settings_Menu</include>
					<label>Kodi</label>
				</control>
			</control>
			<!--info area-->
			<control type="group">
				<left>302</left>
				<control type="grouplist">
					<itemgap>2</itemgap>
					<visible>!Control.HasFocus(195)</visible>
					<control type="group">
						<height>44</height>
						<visible>Control.IsVisible(2)</visible>
						<control type="image">
							<width>850</width>
							<height>44</height>
							<texture colordiffuse="column2">views/focus.png</texture>
						</control>
						<control type="label" id="2">
							<include>settings_Listbutton</include>
						</control>
					</control>
					<control type="group">
						<height>44</height>
						<visible>Control.IsVisible(3)</visible>
						<control type="image">
							<width>850</width>
							<height>44</height>
							<texture colordiffuse="column2">views/focus.png</texture>
						</control>
						<control type="label" id="3">
							<include>settings_Listbutton</include>
						</control>
					</control>
					<control type="group">
						<height>44</height>
						<visible>Control.IsVisible(4)</visible>
						<control type="image">
							<width>850</width>
							<height>44</height>
							<texture colordiffuse="column2">views/focus.png</texture>
						</control>
						<control type="label" id="4">
							<include>settings_Listbutton</include>
						</control>
					</control>
					<control type="group">
						<height>44</height>
						<visible>Control.IsVisible(5)</visible>
						<control type="image">
							<width>850</width>
							<height>44</height>
							<texture colordiffuse="column2">views/focus.png</texture>
						</control>
						<control type="label" id="5">
							<include>settings_Listbutton</include>
						</control>
					</control>
					<control type="group">
						<height>44</height>
						<visible>Control.IsVisible(6)</visible>
						<control type="image">
							<width>850</width>
							<height>44</height>
							<texture colordiffuse="column2">views/focus.png</texture>
						</control>
						<control type="label" id="6">
							<include>settings_Listbutton</include>
						</control>
					</control>
					<control type="group">
						<height>44</height>
						<visible>Control.IsVisible(7)</visible>
						<control type="image">
							<width>850</width>
							<height>44</height>
							<texture colordiffuse="column2">views/focus.png</texture>
						</control>
						<control type="label" id="7">
							<include>settings_Listbutton</include>
						</control>
					</control>
					<control type="group">
						<height>44</height>
						<visible>Control.IsVisible(8)</visible>
						<control type="image">
							<width>850</width>
							<height>44</height>
							<texture colordiffuse="column2">views/focus.png</texture>
						</control>
						<control type="label" id="8">
							<include>settings_Listbutton</include>
						</control>
					</control>
					<control type="group">
						<height>44</height>
						<visible>Control.IsVisible(9)</visible>
						<control type="image">
							<width>850</width>
							<height>44</height>
							<texture colordiffuse="column2">views/focus.png</texture>
						</control>
						<control type="label" id="9">
							<include>settings_Listbutton</include>
						</control>
					</control>
					<control type="group">
						<height>44</height>
						<visible>Control.IsVisible(10)</visible>
						<control type="image">
							<width>850</width>
							<height>44</height>
							<texture colordiffuse="column2">views/focus.png</texture>
						</control>
						<control type="label" id="10">
							<include>settings_Listbutton</include>
						</control>
					</control>
					<control type="group">
						<height>44</height>
						<visible>Control.IsVisible(11)</visible>
						<control type="image">
							<width>850</width>
							<height>44</height>
							<texture colordiffuse="column2">views/focus.png</texture>
						</control>
						<control type="label" id="11">
							<include>settings_Listbutton</include>
						</control>
					</control>
				</control>				
				<control type="grouplist">
					<itemgap>2</itemgap>
					<visible>Control.HasFocus(195)</visible>
					<control type="group">
						<height>44</height>
						<control type="image">
							<width>850</width>
							<height>44</height>
							<texture colordiffuse="column2">views/focus.png</texture>
						</control>
						<control type="label" id="30">
							<label>$INFO[System.FriendlyName]</label>
							<include>settings_Listbutton</include>
						</control>
					</control>
					<control type="group">
						<height>44</height>
						<control type="image">
							<width>850</width>
							<height>44</height>
							<texture colordiffuse="column2">views/focus.png</texture>
						</control>
						<control type="label" id="31">
							<label>$INFO[System.BuildVersion]</label>
							<include>settings_Listbutton</include>
						</control>
					</control>
					<control type="group">
						<height>44</height>
						<control type="image">
							<width>850</width>
							<height>44</height>
							<texture colordiffuse="column2">views/focus.png</texture>
						</control>
						<control type="label" id="32">
							<label>$INFO[System.BuildDate]</label>
							<include>settings_Listbutton</include>
						</control>
					</control>
					<control type="group">
						<height>44</height>
						<control type="image">
							<width>850</width>
							<height>44</height>
							<texture colordiffuse="column2">views/focus.png</texture>
						</control>
						<control type="label" id="33">
							<label>$INFO[System.KernelVersion]</label>
							<include>settings_Listbutton</include>
						</control>
					</control>
					<control type="group">
						<height>44</height>
						<control type="image">
							<width>850</width>
							<height>44</height>
							<texture colordiffuse="column2">views/focus.png</texture>
						</control>
						<control type="label" id="33">
							<label>$INFO[Window(Home).Property(SkinHelper.skinTitle)]</label>
							<include>settings_Listbutton</include>
						</control>
					</control>
				</control>
			</control>
		</control>
		<control type="image">
			<left>75</left>
			<top>600</top>
			<width>200</width>
			<texture>logos/kodi.png</texture>
			<aspectratio>keep</aspectratio>
			<include>transition_Content</include>
		</control>
	</controls>
</window>