<?xml version="1.0" encoding="UTF-8"?>
<window>
	<defaultcontrol always="true">10</defaultcontrol>
	<menucontrol>6000</menucontrol>
	<onunload>RunScript(script.skinshortcuts,type=buildxml&amp;mode=single&amp;options=clonewidgets|clonebackgrounds&amp;mainmenuID=9000)</onunload>
	<onunload>ClearProperty(Fanartgrabber,skinsettings)</onunload>
	<controls>

	<!--global includes-->
		<include>global_Background</include>
		<include>global_Includes</include>
		
	<!--window header-->
		<include name="windowTitle">
			<param name="Left" value="32"/>
			<param name="Label" value="$VAR[window:Title.System]"/>
		</include>

		<control type="group">
			<left>65</left>
			<top>90</top>
			<include>transition_Content</include>

		<!--CATEGORIES-->
			<control type="grouplist" id="9001">
				<height>800</height>
				<itemgap>2</itemgap>
				<!--homescreen-->
				<control type="group">
					<height>44</height>
					<control type="button" id="10">
						<label>$LOCALIZE[31200]</label>
						<onfocus>Skin.SetString(SkinSettings,Home)</onfocus>
						<onup>19</onup>
						<onright>SetFocus(100)</onright>
						<ondown>15</ondown>
						<include>settings_Menu</include>
					</control>
				</control>
				<!--artwork-->
				<control type="group">
					<height>44</height>
					<control type="button" id="15">
						<label>$LOCALIZE[31201]</label>
						<onfocus>Skin.SetString(SkinSettings,Artwork)</onfocus>
						<onright>600</onright>
						<onup>10</onup>
						<ondown>16</ondown>
						<include>settings_Menu</include>
					</control>
				</control>
				<!--views-->
				<control type="group">
					<height>44</height>
					<control type="button" id="16">
						<label>$LOCALIZE[31202]</label>
						<onfocus>Skin.SetString(SkinSettings,Views)</onfocus>
						<onright>700</onright>
						<onup>15</onup>
						<ondown>17</ondown>
						<include>settings_Menu</include>
					</control>
				</control>
				<!--addons-->
				<control type="group">
					<height>44</height>
					<control type="button" id="17">
						<label>$LOCALIZE[24001]</label>
						<onfocus>Skin.SetString(SkinSettings,Addons)</onfocus>
						<onright>800</onright>
						<onup>16</onup>
						<ondown>18</ondown>
						<include>settings_Menu</include>
					</control>
				</control>
				<!--other-->
				<control type="group">
					<height>44</height>
					<control type="button" id="18">
						<label>$LOCALIZE[31203]</label>
						<onfocus>Skin.SetString(SkinSettings,Other)</onfocus>
						<onright>900</onright>
						<onup>17</onup>
						<ondown>19</ondown>
						<include>settings_Menu</include>
					</control>
				</control>
				<!--credits-->
				<control type="group">
					<height>44</height>
					<control type="button" id="19">
						<label>$LOCALIZE[31204] reFocus</label>
						<onfocus>Skin.SetString(SkinSettings,Credits)</onfocus>
						<onright>70</onright>
						<onup>18</onup>
						<ondown>10</ondown>
						<include>settings_Menu</include>
					</control>
				</control>
			</control>

			<control type="group">
				<left>302</left>
			<!--HOME SCREEN-->
				<control type="grouplist" id="100">
					<width>850</width>
					<height>598</height>
					<onleft>9001</onleft>
					<onright>70</onright>
					<onup>100</onup>
					<ondown>100</ondown>
					<itemgap>2</itemgap>
					<pagecontrol>70</pagecontrol>
					<visible>Skin.String(SkinSettings,Home)</visible>
					<!--home menu configuration-->
					<control type="button" id="101">
						<label>$LOCALIZE[31211]</label>
						<onclick>RunScript(script.skinshortcuts,type=manage&amp;nolabels=True&amp;group=mainmenu)</onclick>
						<include>settings_Listbutton</include>
					</control>
					<!--menu layout-->
					<control type="button" id="102">
						<label>$LOCALIZE[31206]</label>
						<label2>$VAR[home:MenuType]</label2>
						<onclick condition="IsEmpty(Skin.String(homemenu.type))">Skin.SetString(homemenu.type,vertical)</onclick>
						<onclick condition="StringCompare(Skin.String(homemenu.type),horizontal)">Skin.SetString(homemenu.type,vertical)</onclick>
						<onclick condition="StringCompare(Skin.String(homemenu.type),vertical)">Skin.SetString(homemenu.type,horizontal)</onclick>
						<include>settings_Listbutton</include>
					</control>
					<!--compact menu-->
					<control type="radiobutton" id="103">
						<label>$LOCALIZE[31209]</label>
						<onclick>Skin.ToggleSetting(homemenu.compact)</onclick>
						<selected>Skin.HasSetting(homemenu.compact)</selected>
						<include>settings_Radiobutton</include>
						<enable>!Skin.HasSetting(widgets.push) + StringCompare(Skin.String(homemenu.type),vertical)</enable>
					</control>
					<!--automatically collapse submenus-->
					<control type="radiobutton" id="104">
						<label>$LOCALIZE[31226]</label>
						<onclick>Skin.ToggleSetting(homemenu.collapse)</onclick>
						<selected>Skin.HasSetting(homemenu.collapse)</selected>
						<include>settings_Radiobutton</include>
						<enable>StringCompare(Skin.String(homemenu.type),vertical)</enable>
					</control>
					<!--widgets-->
					<control type="radiobutton" id="110">
						<label>$LOCALIZE[31223]</label>
						<onclick>ClearProperty(Fanartgrabber,skinsettings)</onclick>
						<onclick>Skin.ToggleSetting(widgets.disable)</onclick>
						<selected>Skin.HasSetting(widgets.disable)</selected>
						<include>settings_Radiobutton</include>
					</control>
					<control type="radiobutton" id="111">
						<label>$LOCALIZE[31224]</label>
						<onclick>Skin.ToggleSetting(widgets.push)</onclick>
						<onclick>Skin.Reset(homemenu.compact)</onclick>
						<selected>Skin.HasSetting(widgets.push)</selected>
						<include>settings_Radiobutton</include>
						<enable>!Skin.HasSetting(widgets.disable)</enable>
					</control>
					<control type="radiobutton" id="112">
						<label>$LOCALIZE[31212]</label>
						<onclick>Skin.ToggleSetting(widgetinfo.onfocus)</onclick>
						<selected>Skin.HasSetting(widgetinfo.onfocus)</selected>
						<include>settings_Radiobutton</include>
						<enable>Skin.HasSetting(widgets.push)</enable>
					</control>
					<control type="radiobutton" id="113">
						<label>$LOCALIZE[31225]</label>
						<onclick>Skin.ToggleSetting(widgetheader.disable)</onclick>
						<selected>Skin.HasSetting(widgetheader.disable)</selected>
						<include>settings_Radiobutton</include>
						<enable>!Skin.HasSetting(widgets.disable) + !Skin.HasSetting(widgets.push)</enable>
					</control>
					<!--custom backgrounds-->
					<control type="radiobutton" id="120">
						<label>$LOCALIZE[31213]</label>
						<onclick>Skin.ToggleSetting(backgrounds.custom)</onclick>
						<onclick>Skin.ToggleSetting(backgrounds.fanart)</onclick>
						<selected>Skin.HasSetting(backgrounds.custom)</selected>
						<onclick condition="!Skin.HasSetting(backgrounds.custom)">RunScript(script.skinshortcuts,type=manage&amp;nolabels=True&amp;group=mainmenu)</onclick>
						<include>settings_Radiobutton</include>
						<enable>!Skin.HasSetting(backgrounds.Fanartgrabber)</enable>
					</control>
					<!--fanart background-->
					<control type="radiobutton" id="121">
						<label>$LOCALIZE[31214]</label>
						<onclick>Skin.ToggleSetting(backgrounds.fanart)</onclick>
						<onclick>Skin.ToggleSetting(backgrounds.custom)</onclick>
						<selected>Skin.HasSetting(backgrounds.fanart)</selected>
						<onclick condition="!Skin.HasSetting(backgrounds.fanart)">ActivateWindow(1110)</onclick>
						<include>settings_Radiobutton</include>
						<enable>System.HasAddon(script.grab.fanart)</enable>
					</control>
					<!--date & time-->
					<control type="radiobutton" id="130">
						<label>$LOCALIZE[14063]</label>
						<onclick>Skin.ToggleSetting(home.time)</onclick>
						<selected>Skin.HasSetting(home.time)</selected>
						<include>settings_Radiobutton</include>
					</control>
					<!--playing item on home-->
					<control type="radiobutton" id="131">
						<label>$LOCALIZE[31216]</label>
						<onclick>Skin.ToggleSetting(home.nowplaying)</onclick>
						<selected>Skin.HasSetting(home.nowplaying)</selected>
						<include>settings_Radiobutton</include>
					</control>
					<!--scheduled recordings overlay-->
					<control type="radiobutton" id="132">
						<label>$LOCALIZE[31504]</label>
						<onclick>Skin.ToggleSetting(overlay.pvr)</onclick>
						<selected>Skin.HasSetting(overlay.pvr)</selected>
						<include>settings_Radiobutton</include>
					</control>
				</control>

			<!--ARTWORK-->
				<control type="grouplist" id="600">
					<width>850</width>
					<height>598</height>
					<onleft>9001</onleft>
					<onright>70</onright>
					<onup>600</onup>
					<ondown>600</ondown>
					<itemgap>2</itemgap>
					<pagecontrol>70</pagecontrol>
					<visible>Skin.String(SkinSettings,Artwork)</visible>
					<!--global fanart-->
					<control type="radiobutton" id="602">
						<label>$LOCALIZE[31230]</label>
						<onclick>Skin.ToggleSetting(fanart.global)</onclick>
						<selected>!Skin.HasSetting(fanart.global)</selected>
						<include>settings_Radiobutton</include>
					</control>
					<!--weather fanart-->
					<control type="radiobutton" id="604">
						<label>$LOCALIZE[31231]</label>
						<onclick>Skin.ToggleSetting(fanart.weather)</onclick>
						<selected>Skin.HasSetting(fanart.weather)</selected>
						<include>settings_Radiobutton</include>
					</control>
					<control type="button" id="605">
						<label>- $LOCALIZE[31232]</label>
						<label2>$INFO[Skin.String(WeatherFanart.name)]</label2>
						<onclick>RunScript(script.image.resource.select,property=WeatherFanart&amp;type=resource.images.weatherfanart)</onclick>
						<include>settings_Listbutton</include>
						<visible>Skin.HasSetting(fanart.weather)</visible>
					</control>
					<!--visualization fanart-->
					<control type="radiobutton" id="606">
						<label>$LOCALIZE[31234]</label>
						<onclick>Skin.ToggleSetting(fanart.visualization)</onclick>
						<selected>Skin.HasSetting(fanart.visualization)</selected>
						<include>settings_Radiobutton</include>
					</control>
					<!--blend visualization & fanart-->
					<control type="radiobutton" id="607">
						<label>- $LOCALIZE[31235]</label>
						<onclick>Skin.ToggleSetting(fanart.visualization.blend)</onclick>
						<selected>Skin.HasSetting(fanart.visualization.blend)</selected>
						<visible>Skin.HasSetting(fanart.visualization)</visible>
						<enable>Skin.HasSetting(fanart.visualization)</enable>
						<include>settings_Radiobutton</include>
					</control>
					<!--tv show clearlogos-->
					<control type="radiobutton" id="614">
						<label>$LOCALIZE[31236]</label>
						<onclick>Skin.ToggleSetting(logos.tvshows.enable)</onclick>
						<selected>Skin.HasSetting(logos.tvshows.enable)</selected>
						<include>settings_Radiobutton</include>
						<enable>System.HasAddon(script.artwork.downloader)</enable>
					</control>
					<control type="button" id="615">
						<label>- $LOCALIZE[31238]</label>
						<onclick>XBMC.RunScript(script.artwork.downloader, mode=tvshow, silent=true, clearlogo)</onclick>
						<include>settings_Listbutton</include>
						<visible>Skin.HasSetting(logos.tvshows.enable)</visible>
					</control>
					<!--movie clearlogos-->
					<control type="radiobutton" id="616">
						<label>$LOCALIZE[31237]</label>
						<onclick>Skin.ToggleSetting(logos.movies.enable)</onclick>
						<selected>Skin.HasSetting(logos.movies.enable)</selected>
						<include>settings_Radiobutton</include>
						<enable>System.HasAddon(script.artwork.downloader)</enable>
					</control>
					<control type="button" id="617">
						<label>- $LOCALIZE[31238]</label>
						<onclick>XBMC.RunScript(script.artwork.downloader, mode=movie, silent=true, clearlogo)</onclick>
						<include>settings_Listbutton</include>
						<visible>Skin.HasSetting(logos.movies.enable)</visible>
					</control>
					<!--movie banners-->
					<control type="radiobutton" id="618">
						<label>$LOCALIZE[31239]</label>
						<onclick>Skin.ToggleSetting(banner.movies.enable)</onclick>
						<selected>Skin.HasSetting(banner.movies.enable)</selected>
						<include>settings_Radiobutton</include>
						<enable>System.HasAddon(script.artwork.downloader)</enable>
					</control>
					<control type="button" id="619">
						<label>- $LOCALIZE[31240]</label>
						<onclick>XBMC.RunScript(script.artwork.downloader, mode=movie, silent=true, banner)</onclick>
						<include>settings_Listbutton</include>
						<visible>Skin.HasSetting(banner.movies.enable)</visible>
					</control>
					<!--prefer landscape-->
					<control type="radiobutton" id="620">
						<label>$LOCALIZE[31241]</label>
						<onclick>Skin.ToggleSetting(landscapethumb.enable)</onclick>
						<selected>Skin.HasSetting(landscapethumb.enable)</selected>
						<include>settings_Radiobutton</include>
						<enable>System.HasAddon(script.artwork.downloader)</enable>
					</control>
					<control type="button" id="621">
						<label>- $LOCALIZE[31242]</label>
						<onclick>XBMC.RunScript(script.artwork.downloader, mode=custom, silent=true, landscape)</onclick>
						<include>settings_Listbutton</include>
						<visible>Skin.HasSetting(landscapethumb.enable)</visible>
					</control>
				</control>

			<!--VIEW SETTINGS-->                    
				<control type="grouplist" id="700">
					<width>850</width>
					<height>598</height>
					<onleft>9001</onleft>
					<onright>70</onright>
					<onup>700</onup>
					<ondown>700</ondown>
					<itemgap>2</itemgap>
					<pagecontrol>70</pagecontrol>
					<visible>Skin.String(SkinSettings,Views)</visible>
					<!--autoscroll descriptions-->
					<control type="radiobutton" id="701">
						<label>$LOCALIZE[20189]</label>
						<onclick>Skin.ToggleSetting(autoscroll.enable)</onclick>
						<selected>Skin.HasSetting(autoscroll.enable)</selected>
						<include>settings_Radiobutton</include>
					</control>
					<!--movie ratings-->
					<control type="radiobutton" id="702">
						<label>$LOCALIZE[31250]</label>
						<onclick>Skin.ToggleSetting(ratings.movies.enable)</onclick>
						<selected>Skin.HasSetting(ratings.movies.enable)</selected>
						<include>settings_Radiobutton</include>
					</control>
					<!--tv show ratings-->
					<control type="radiobutton" id="703">
						<label>$LOCALIZE[31249]</label>
						<onclick>Skin.ToggleSetting(ratings.tvshows.enable)</onclick>
						<selected>Skin.HasSetting(ratings.tvshows.enable)</selected>
						<include>settings_Radiobutton</include>
					</control>
					<!--use user rating-->
					<control type="radiobutton" id="704">
						<label>$LOCALIZE[31248]</label>
						<onclick>Skin.ToggleSetting(ratings.user.enable)</onclick>
						<selected>Skin.HasSetting(ratings.user.enable)</selected>
						<include>settings_Radiobutton</include>
						<enable>Skin.HasSetting(ratings.movies.enable) | Skin.HasSetting(ratings.tvshows.enable)</enable>
					</control>
					<!--media overlays-->
					<control type="radiobutton" id="705">
						<label>$LOCALIZE[31253]</label>
						<onclick>Skin.ToggleSetting(mediaoverlay.disable)</onclick>
						<selected>Skin.HasSetting(mediaoverlay.disable)</selected>
						<include>settings_Radiobutton</include>
					</control>
					<!--unwatched status-->
					<control type="radiobutton" id="706">
						<label>$LOCALIZE[31254]</label>
						<onclick>Skin.ToggleSetting(overlay.movies.disable)</onclick>
						<selected>Skin.HasSetting(overlay.movies.disable)</selected>
						<include>settings_Radiobutton</include>
					</control>
					<control type="radiobutton" id="707">
						<label>$LOCALIZE[31255]</label>
						<onclick>Skin.ToggleSetting(overlay.tvshows.disable)</onclick>
						<selected>Skin.HasSetting(overlay.tvshows.disable)</selected>
						<include>settings_Radiobutton</include>
					</control>
					<control type="radiobutton" id="708">
						<label>$LOCALIZE[31256]</label>
						<onclick>Skin.ToggleSetting(overlay.episodes.disable)</onclick>
						<selected>Skin.HasSetting(overlay.episodes.disable)</selected>
						<include>settings_Radiobutton</include>
					</control>
					<control type="radiobutton" id="709">
						<label>$LOCALIZE[31257]</label>
						<onclick>Skin.ToggleSetting(overlay.files.disable)</onclick>
						<selected>Skin.HasSetting(overlay.files.disable)</selected>
						<include>settings_Radiobutton</include>
					</control>
					<control type="radiobutton" id="710">
						<label>$LOCALIZE[31258]</label>
						<onclick>Skin.ToggleSetting(overlay.resumable.disable)</onclick>
						<selected>Skin.HasSetting(overlay.resumable.disable)</selected>
						<include>settings_Radiobutton</include>
					</control>
					<!--background video-->
					<control type="radiobutton" id="711">
						<label>$LOCALIZE[31215]</label>
						<onclick>Skin.ToggleSetting(backgroundvideo.global)</onclick>
						<selected>Skin.HasSetting(backgroundvideo.global)</selected>
						<include>settings_Radiobutton</include>
					</control>
				</control>

			<!--ADDONS-->
				<control type="grouplist" id="800">
					<width>850</width>
					<height>598</height>
					<onleft>9001</onleft>
					<onright>7</onright>
					<onup>800</onup>
					<ondown>800</ondown>
					<itemgap>2</itemgap>
					<pagecontrol>70</pagecontrol>
					<visible>Skin.String(SkinSettings,Addons)</visible>
					<!--globalsearch-->
					<control type="radiobutton" id="810">
						<label>$LOCALIZE[31260]</label>
						<onclick>Skin.ToggleSetting(search.disable)</onclick>
						<selected>Skin.HasSetting(search.disable)</selected>
						<include>settings_Radiobutton</include>
						<enable>System.HasAddon(script.globalsearch)</enable>
					</control>
					<control type="button" id="811">
						<label>- $LOCALIZE[10140]</label>
						<onclick>Addon.OpenSettings(script.globalsearch)</onclick>
						<selected>System.HasAddon(script.globalsearch)</selected>
						<include>settings_Listbutton</include>
						<enable>System.HasAddon(script.globalsearch) + !Skin.HasSetting(search.disable)</enable>
					</control>
					<!--next aired-->
					<control type="radiobutton" id="820">
						<label>$LOCALIZE[31259]</label>
						<onclick>Skin.ToggleSetting(nextaired.disable)</onclick>
						<selected>Skin.HasSetting(nextaired.disable)</selected>
						<include>settings_Radiobutton</include>
						<enable>System.HasAddon(script.tv.show.next.aired)</enable>
					</control>
					<control type="button" id="821">
						<label>- $LOCALIZE[10140]</label>
						<onclick>Addon.OpenSettings(script.tv.show.next.aired)</onclick>
						<selected>System.HasAddon(script.tv.show.next.aired)</selected>
						<include>settings_Listbutton</include>
						<enable>System.HasAddon(script.tv.show.next.aired) + !Skin.HasSetting(nextaired.disable)</enable>
					</control>
					<!--artistslideshow-->
					<control type="button" id="830">
						<label>Artist Slideshow $LOCALIZE[5]</label>
						<onclick>Addon.OpenSettings(script.artistslideshow)</onclick>
						<selected>System.HasAddon(script.tvtunes)</selected>
						<include>settings_Listbutton</include>
						<enable>System.HasAddon(script.artistslideshow)</enable>
					</control>
					<!--tvtunes-->
					<control type="button" id="840">
						<label>TV Tunes $LOCALIZE[5]</label>
						<onclick>Addon.OpenSettings(script.tvtunes)</onclick>
						<selected>System.HasAddon(script.tvtunes)</selected>
						<include>settings_Listbutton</include>
						<enable>System.HasAddon(script.tvtunes)</enable>
					</control>
					<!--set default lyrics add-on-->
					<control type="button" id="850">
						<label>$LOCALIZE[31607]</label>
						<label2>$INFO[System.AddonTitle(Skin.String(addon.lyrics.path))]</label2>
						<onclick>Skin.SetAddon(addon.lyrics.path,xbmc.python.lyrics)</onclick>
						<include>settings_Listbutton</include>
					</control>
				</control>

			<!--OTHER-->
				<control type="grouplist" id="900">
					<width>850</width>
					<height>598</height>
					<onleft>9001</onleft>
					<onright>70</onright>
					<onup>900</onup>
					<ondown>900</ondown>
					<itemgap>2</itemgap>
					<pagecontrol>70</pagecontrol>
					<visible>Skin.String(SkinSettings,Other)</visible>
					<!--sortletter-->
					<control type="radiobutton" id="901">
						<label>$LOCALIZE[31251]</label>
						<onclick>Skin.ToggleSetting(sortletter.enable)</onclick>
						<selected>Skin.HasSetting(sortletter.enable)</selected>
						<include>settings_Radiobutton</include>
					</control>
					<!--fullscreen button-->
					<control type="button" id="902">
						<label>$LOCALIZE[31252]</label>
						<label2>$VAR[menu:Controls]</label2>
						<onclick condition="IsEmpty(Skin.String(menu.controls))">Skin.SetString(menu.controls,none)</onclick>
						<onclick condition="StringCompare(Skin.String(menu.controls),none)">Skin.SetString(menu.controls,player)</onclick>
						<onclick condition="StringCompare(Skin.String(menu.controls),player)">Skin.SetString(menu.controls,fullscreen)</onclick>
						<onclick condition="StringCompare(Skin.String(menu.controls),fullscreen)">Skin.SetString(menu.controls,none)</onclick>
						<include>settings_Listbutton</include>
					</control>
					<control type="radiobutton" id="903">
						<label>- $LOCALIZE[31283]</label>
						<onclick>Skin.ToggleSetting(menu.playlist)</onclick>
						<selected>Skin.HasSetting(menu.playlist)</selected>
						<enable>StringCompare(Skin.String(menu.controls),fullscreen)</enable>
						<include>settings_Radiobutton</include>
					</control>
					<!--keyboard-->
					<control type="radiobutton" id="904">
						<label>$LOCALIZE[31263]</label>
						<onclick>Skin.ToggleSetting(keyboard.enable)</onclick>
						<selected>!Skin.HasSetting(keyboard.enable)</selected>
						<include>settings_Radiobutton</include>
					</control>
					<!--kiosk mode-->
					<control type="radiobutton" id="905">
						<label>$LOCALIZE[31264]</label>
						<onclick>Skin.ToggleSetting(global.kiosk)</onclick>
						<selected>Skin.HasSetting(global.kiosk)</selected>
						<include>settings_Radiobutton</include>
					</control>
					<!--clean library-->
					<control type="radiobutton" id="906">
						<label>$LOCALIZE[31265]</label>
						<onclick>Skin.ToggleSetting(cleanlibrary.enable)</onclick>
						<selected>Skin.HasSetting(cleanlibrary.enable)</selected>
						<include>settings_Radiobutton</include>
					</control>
					<!--epg timeline scrolling speed-->
					<control type="button" id="907">
						<label>$LOCALIZE[31407]</label>
						<label2>$VAR[epg:Scrolltime]</label2>
						<onclick condition="IsEmpty(Skin.String(epg.scrolltime))">Skin.SetString(epg.scrolltime,normal)</onclick>
						<onclick condition="StringCompare(Skin.String(epg.scrolltime),normal)">Skin.SetString(epg.scrolltime,fast)</onclick>
						<onclick condition="StringCompare(Skin.String(epg.scrolltime),fast)">Skin.SetString(epg.scrolltime,instant)</onclick>
						<onclick condition="StringCompare(Skin.String(epg.scrolltime),instant)">Skin.SetString(epg.scrolltime,normal)</onclick>
						<include>settings_Listbutton</include>
					</control>
					<!--reset skin settings-->
					<control type="button" id="908">
						<label>[COLOR=Warning]$LOCALIZE[31713][/COLOR]</label>
						<!--ask confirmation-->
						<onclick>RunScript(script.toolbox,info=yesnodialog,header=$LOCALIZE[10035],text=$LOCALIZE[31716][CR]$LOCALIZE[750],yesaction=Skin.ResetSettings||ActivateWindow(SkinSettings)||SetFocus(9001),noaction=close,yeslabel=$LOCALIZE[107],nolabel=$LOCALIZE[106])</onclick>
						<onclick>ActivateWindow(SkinSettings)</onclick>
						<onclick>SetFocus(9001)</onclick>
						<include>settings_Listbutton</include>
					</control>
					<!--backup-->
					<control type="button" id="909">
						<label>$ADDON[script.skin.helper.service 32028]</label>
						<onclick>RunScript(script.skin.helper.service,action=backup)</onclick>
						<include>settings_Listbutton</include>
					</control>
					<!--restore-->
					<control type="button" id="910">
						<label>$ADDON[script.skin.helper.service 32032]</label>
						<onclick>RunScript(script.skin.helper.service,action=restore)</onclick>
						<include>settings_Listbutton</include>
					</control>
				</control>

			<!--SKIN CREDITS-->         
				<control type="grouplist" id="1000">
					<width>850</width>
					<height>598</height>
					<onleft>9001</onleft>
					<onright>70</onright>
					<onup>800</onup>
					<ondown>800</ondown>
					<itemgap>2</itemgap>
					<pagecontrol>70</pagecontrol>
					<visible>Skin.String(SkinSettings,Credits)</visible>
					<control type="grouplist" id="1000">
						<width>850</width>
						<height>44</height>
						<itemgap>2</itemgap>
						<orientation>horizontal</orientation>
						<control type="button" id="1001">
							<width>425</width>
							<label>[UPPERCASE]$LOCALIZE[31800][/UPPERCASE]</label>
							<onclick>noop</onclick>
							<textcolor>Color2</textcolor>
							<include>settings_Listbutton</include>
						</control>
						<control type="button" id="1002">
							<width>425</width>
							<label>[UPPERCASE]$LOCALIZE[19114][/UPPERCASE]</label>
							<onclick>noop</onclick>
							<textcolor>Color2</textcolor>
							<include>settings_Listbutton</include>
						</control>
					</control>
					<control type="grouplist" id="1003">
						<width>850</width>
						<height>44</height>
						<itemgap>2</itemgap>
						<orientation>horizontal</orientation>
						<control type="button" id="1004">
							<width>425</width>
							<label>Jeroen Pardon</label>
							<onclick>noop</onclick>
							<include>settings_Listbutton</include>
						</control>
						<control type="button" id="1005">
							<width>425</width>
							<label>$INFO[Window(Home).Property(SkinHelper.skinVersion)]</label>
							<onclick>noop</onclick>
							<include>settings_Listbutton</include>
						</control>
					</control>
					<control type="button" id="1006">
						<label>[UPPERCASE]$LOCALIZE[31801][/UPPERCASE]</label>
						<onclick>noop</onclick>
						<textcolor>Color2</textcolor>
						<include>settings_Listbutton</include>
					</control>
					<control type="button" id="1007">
						<label>$LOCALIZE[31805]</label>
						<onclick>noop</onclick> 
						<include>settings_Listbutton</include>
					</control>
					<control type="button" id="1008">
						<label>[UPPERCASE]$LOCALIZE[31802][/UPPERCASE]</label>
						<onclick>noop</onclick>
						<textcolor>Color2</textcolor>
						<include>settings_Listbutton</include>
					</control>
					<control type="button" id="1009">
						<label>Climacons by Adam Whitcroft - [B]adamwhitcroft.com/climacons[/B]</label>
						<onclick>noop</onclick> 
						<include>settings_Listbutton</include>
					</control>
					<control type="button" id="10010">
						<label>[UPPERCASE]$LOCALIZE[31803][/UPPERCASE]</label>
						<onclick>noop</onclick>
						<textcolor>Color2</textcolor>
						<include>settings_Listbutton</include>
					</control>
					<control type="button" id="10020">
						<label>Alcatr4zz, alewik, Artashes Amatuni, bcubic, bo1e, Diazz, epoke, fabiodacosta, for1real, Frisson, Galefury,</label>
						<onclick>noop</onclick>
						<include>settings_Listbutton</include>
					</control>
					<control type="button" id="10021">
						<label>Jucgshu, kolabor, legostrike, LoADrunner, mcmjau, NEOhidra, nicolai92, Okashu, Olart, peppe_sr, piodio,</label>
						<onclick>noop</onclick>
						<include>settings_Listbutton</include>
					</control>
					<control type="button" id="10022">
						<label>rosiste, samuelmanso, Seque, speedwings, thedarer, Zapata11, ZZRX, xurxo</label>
						<onclick>noop</onclick>
						<include>settings_Listbutton</include>
					</control>
					<control type="button" id="1040">
						<label>[UPPERCASE]$LOCALIZE[31804][/UPPERCASE]</label>
						<onclick>noop</onclick>
						<textcolor>Color2</textcolor>
						<include>settings_Listbutton</include>
					</control>
					<control type="button" id="1041">
						<label>$LOCALIZE[31806]</label>
						<onclick>noop</onclick> 
						<include>settings_Listbutton</include>
					</control>
				</control>
			</control>
		</control>
		<control type="scrollbar" id="70">
			<left>1272</left>
			<height>screen_Height</height>
			<onleft>9001</onleft>
		</control>
		<control type="image">
			<left>75</left>
			<top>600</top>
			<width>200</width>
			<texture>logos/refocuslogo.png</texture>
			<aspectratio align="left">keep</aspectratio>
			<include>transition_Content</include>
		</control>
	</controls>
</window>