<?xml version="1.0" encoding="UTF-8"?>
<includes>

<!--STARTUP-->
	<variable name="login:Status">
		<value condition="IsEmpty(Window(Home).Property(script.grab.fanart.Ready))">$LOCALIZE[31707]</value>
		<value>$LOCALIZE[31717]</value>
	</variable>

	<variable name="login:Hello">
		<value condition="System.Time(00:00,12:00)">$LOCALIZE[31718]</value>
		<value condition="System.Time(12:00,18:00)">$LOCALIZE[31719]</value>
		<value>$LOCALIZE[31720]</value>
	</variable>

<!--HOME-->
	<variable name="home:Background">
		<value condition="Skin.HasSetting(backgrounds.custom) + !IsEmpty(Container(9000).ListItem.Property(Background))">$INFO[Container(9000).ListItem.Property(Background)]</value>
		<value condition="Skin.HasSetting(backgrounds.fanart) + Skin.String(fanarttype.video,true)">$INFO[Window(Home).Property(script.grab.fanart.Video.FanArt)]</value>
		<value condition="Skin.HasSetting(backgrounds.fanart) + Skin.String(fanarttype.music,true)">$INFO[Window(Home).Property(script.grab.fanart.Music.FanArt)]</value>
		<value condition="Skin.HasSetting(backgrounds.fanart) + Skin.String(fanarttype.mixed,true)">$INFO[Window(Home).Property(script.grab.fanart.Global.FanArt)]</value>
		<value>special://skin/backgrounds/kodi.jpg</value>
	</variable>

	<variable name="home:Slideshow.Info">
		<value condition="Skin.String(fanarttype.video,true) + Skin.String(fanartinfo.text,true)">$INFO[Window(Home).Property(script.grab.fanart.Video.Title)]</value>
		<value condition="Skin.String(fanarttype.music,true) + Skin.String(fanartinfo.text,true)">$INFO[Window(Home).Property(script.grab.fanart.Music.Title)]</value>
		<value condition="Skin.String(fanarttype.mixed,true) + Skin.String(fanartinfo.text,true)">$INFO[Window(Home).Property(script.grab.fanart.Global.Title)]</value>
		<value condition="Skin.String(fanarttype.video,true) + Skin.String(fanartinfo.logo,true)">$INFO[Window(Home).Property(script.grab.fanart.Video.Logo)]</value>
		<value condition="Skin.String(fanarttype.music,true) + Skin.String(fanartinfo.logo,true)">$INFO[Window(Home).Property(script.grab.fanart.Music.Logo)]</value>
		<value condition="Skin.String(fanarttype.mixed,true) + Skin.String(fanartinfo.logo,true)">$INFO[Window(Home).Property(script.grab.fanart.Global.Logo)]</value>
	</variable>

	<variable name="home:MenuType">
		<value condition="StringCompare(Skin.String(homemenu.type),vertical)">$LOCALIZE[31207]</value>
		<value condition="StringCompare(Skin.String(homemenu.type),horizontal)">$LOCALIZE[31208]</value>
		<value>$LOCALIZE[31207]</value>
	</variable>

<!--WIDGETS-->
	<variable name="widget:Header">
		<value condition="Container(9200).IsUpdating">$LOCALIZE[31710]...</value>
		<value condition="StringCompare(Container(9000).ListItem.Property(widgetType),weather)">$INFO[Weather.Location]</value>
		<value condition="StringCompare(Container(9000).ListItem.Property(widgetType),movies) | StringCompare(Container(9000).ListItem.Property(widgetType),episodes) | StringCompare(Container(9000).ListItem.Property(widgetType),videos)">$INFO[Container(9200).ListItem(0).TVShowTitle,,: ]$INFO[Container(9200).ListItem(0).Title]</value>
		<value>$INFO[Container(9200).ListItem(0).Label]</value>
	</variable>

	<variable name="widget:Item.Label1">
		<value condition="StringCompare(Container(9000).ListItem.Property(widgetType),playingmusic)">$INFO[ListItem.Title]</value>
		<value condition="StringCompare(Container(9000).ListItem.Property(widgetType),music)">[COLOR=Color3]$INFO[ListItem.Artist][/COLOR]$INFO[ListItem.Title, : ]</value>
		<value condition="StringCompare(Container(9000).ListItem.Property(widgetType),episodes)">[COLOR=Color3]$INFO[ListItem.TVShowTitle,,: ][/COLOR]$INFO[ListItem.Title]</value>
		<value>$INFO[ListItem.Label]</value>
	</variable>

	<variable name="widget:Item.Label2">
		<value condition="StringCompare(Container(9000).ListItem.Property(widgetType),songs) | StringCompare(Container(9000).ListItem.Property(widgetType),musicvideos)">$INFO[ListItem.Artist]$INFO[ListItem.Album, &#8226; ]</value>
		<value condition="StringCompare(Container(9000).ListItem.Property(widgetType),tvshows) + Skin.HasSetting(ratings.tvshows.enable)">$INFO[ListItem.Property(Status)]$INFO[ListItem.Year &#8226; ]$INFO[ListItem.Duration, &#8226; , $LOCALIZE[31701]]$INFO[ListItem.Genre, &#8226; ]$INFO[ListItem.Studio, &#8226; ]$INFO[ListItem.RatingandVotes, &#8226; ]</value>
		<value condition="StringCompare(Container(9000).ListItem.Property(widgetType),tvshows)">$INFO[ListItem.Property(Status)]$INFO[ListItem.Year &#8226; ]$INFO[ListItem.Duration, &#8226; , $LOCALIZE[31701]]$INFO[ListItem.Genre, &#8226; ]$INFO[ListItem.Studio, &#8226; ]</value>
		<value condition="StringCompare(Container(9000).ListItem.Property(widgetType),movies)">$VAR[flag:Type.Video,, &#8226; ]$INFO[ListItem.Year]$INFO[ListItem.Duration, &#8226; , $LOCALIZE[31701]]$INFO[ListItem.Genre, &#8226; ]$INFO[ListItem.Studio, &#8226; ]$INFO[ListItem.MPAA, &#8226; ]</value>
		<value condition="StringCompare(Container(9000).ListItem.Property(widgetType),episodes)">$INFO[ListItem.Season,$LOCALIZE[20373] ]$INFO[ListItem.Episode, - $LOCALIZE[20359] ]$INFO[ListItem.Studio, &#8226; ]</value>
		<value condition="StringCompare(Container(9000).ListItem.Property(widgetType),videos)">$INFO[ListItem.TVShowTitle,,: ]$INFO[ListItem.Season,$LOCALIZE[20373] ]$INFO[ListItem.Episode, - $LOCALIZE[20359] ]$INFO[ListItem.Genre]$INFO[ListItem.Director, &#8226; ]$INFO[ListItem.Studio, &#8226; ]$INFO[ListItem.Year, &#8226; ]$INFO[ListItem.MPAA, &#8226; ]</value>
		<value condition="StringCompare(Container(9000).ListItem.Property(widgetType),playlist)">$INFO[ListItem.Season,$LOCALIZE[20373]]$INFO[ListItem.Episode, - $LOCALIZE[20359] , &#8226; ]$INFO[ListItem.Genre,, &#8226; ]$INFO[ListItem.Studio,, &#8226; ]$INFO[ListItem.Year]</value>
		<value condition="StringCompare(Container(9000).ListItem.Property(widgetName),YouTube)">$INFO[ListItem.Premiered]</value>
		<value condition="StringCompare(Container(9000).ListItem.Property(widgetType),playingmusic)">$INFO[ListItem.Artist]$INFO[ListItem.Album, &#8226; ]</value>
		<value>$INFO[ListItem.Label2]</value>
	</variable>

	<variable name="widget:Item.Description">
		<value condition="StringCompare(Container(9000).ListItem.Property(widgetType),weather)">$INFO[ListItem.Property(Temp)]$INFO[ListItem.Property(Feelslike), &#8226; ]$INFO[ListItem.Property(HighTemp)]$INFO[ListItem.Property(LowTemp), &#8226; ]$INFO[ListItem.Property(Wind), &#8226; ][CR]$INFO[ListItem.Property(Updated)]</value>
		<value condition="!IsEmpty(ListItem.Property(Description))">$INFO[ListItem.Property(Description)]</value>
		<value condition="!IsEmpty(ListItem.Property(Album_Description))">$INFO[ListItem.Property(Album_Description)]</value>
		<value condition="!IsEmpty(ListItem.Property(Artist_Description))">$INFO[ListItem.Property(Artist_Description)]</value>
		<value condition="!IsEmpty(ListItem.PlotOutline)">$INFO[ListItem.PlotOutline]</value>
		<value condition="!IsEmpty(ListItem.Plot)">$INFO[ListItem.Plot]</value>
		<value>$INFO[ListItem.Plot]</value>
	</variable>

	<variable name="widget:Icon">
		<value condition="StringCompare(Skin.String(homemenu.type),horizontal) + ![Control.HasFocus(9000) | Control.HasFocus(9100)]">navigation/D-LeftRight.png</value>
		<value condition="StringCompare(Skin.String(homemenu.type),horizontal)">navigation/D-Up.png</value>
		<value condition="StringCompare(Skin.String(homemenu.type),vertical) + ![Control.HasFocus(9000) | Control.HasFocus(9100)]">navigation/D-UpDown.png</value>
		<value condition="StringCompare(Skin.String(homemenu.type),vertical)">navigation/D-Right.png</value>
	</variable>

	<variable name="widget:ArtFallback">
		<value condition="!IsEmpty(ListItem.Art(fanart))">$INFO[ListItem.Art(fanart)]</value>
		<value condition="IsEmpty(ListItem.Art(fanart))">$INFO[ListItem.Art(thumb)]</value>
		<value>$INFO[ListItem.FilenameAndPath]</value>
	</variable>


<!--MENU-->
	<variable name="menu:LayoutSwitch">
		<value condition="Control.IsVisible(52)">$LOCALIZE[31120]: $LOCALIZE[31122]</value>
		<value condition="Control.IsVisible(521)">$LOCALIZE[31120]: $LOCALIZE[31121]</value>
		<value condition="Control.IsVisible(522)">$LOCALIZE[31120]: $LOCALIZE[31122]</value>
		<value condition="Control.IsVisible(53)">$LOCALIZE[31120]: $LOCALIZE[31126]</value>
		<value condition="Control.IsVisible(531)">$LOCALIZE[31120]: $LOCALIZE[31125]</value>
		<value condition="Control.IsVisible(54)">$LOCALIZE[31120]: $LOCALIZE[31124]</value>
		<value condition="Control.IsVisible(541)">$LOCALIZE[31120]: $LOCALIZE[31123]</value>
		<value condition="Control.IsVisible(57)">$LOCALIZE[31120]: $LOCALIZE[31123]</value>
		<value condition="Control.IsVisible(571)">$LOCALIZE[31120]: $LOCALIZE[31124]</value>
		<value condition="Control.IsVisible(572)">$LOCALIZE[31120]: $LOCALIZE[31123]</value>
		<value condition="Control.IsVisible(574)">$LOCALIZE[31120]: $LOCALIZE[31124]</value>
	</variable>

	<variable name="menu:Playing">
		<value condition="Player.HasVideo">$LOCALIZE[31125]</value>
		<value condition="Player.HasAudio">$LOCALIZE[31035]</value>
		<value condition="Player.HasAudio | !Player.HasMedia">$LOCALIZE[13350]</value>
	</variable>

	<variable name="menu:Controls">
		<value condition="StringCompare(Skin.String(menu.controls),fullscreen)">$LOCALIZE[31284]</value>
		<value condition="StringCompare(Skin.String(menu.controls),player)">$LOCALIZE[31285]</value>
		<value>$LOCALIZE[36502]</value>
	</variable>

	<variable name="menu:ChannelSwitch">
		<value condition="Window.IsActive(tvchannels)">$LOCALIZE[19020]$INFO[Container(50).FolderName,: ]</value>
		<value condition="Window.IsActive(radiochannels)">$LOCALIZE[19021]$INFO[Container(50).FolderName,: ]</value>
		<value>$LOCALIZE[19019]</value>
	</variable>


<!--GLOBAL-->
	<variable name="media:Title">
		<value condition="Window.IsActive(videoplaylist) + !IsEmpty(ListItem.TVShowTitle)">$INFO[ListItem.Title]</value>
		<value condition="Window.IsActive(videoplaylist) + IsEmpty(ListItem.TVShowTitle)">$INFO[ListItem.Label]</value>
		<value condition="Container.Content(episodes) + [SubString(Container.FolderName,$LOCALIZE[20387]) | SubString(Container.FolderPath,special://skin/playlists/) | SubString(Container.FolderPath,special://profile/playlists/) | SubString(Container.FolderPath,plugin://script.watchlist/)] + !IsEmpty(ListItem.Title)">$INFO[ListItem.TVShowTitle]$INFO[ListItem.Title,: ]</value>
		<value condition="Container.Content(episodes) + !IsEmpty(ListItem.Title)">$INFO[ListItem.Title]</value>
		<value condition="Window.IsActive(tvrecordings) | Window.IsActive(radiorecordings)">[B]$INFO[ListItem.ChannelNumber,,  ][/B]$INFO[ListItem.Label]</value>
		<value condition="Container.Content(musicvideos) + !IsEmpty(ListItem.Title)">$INFO[ListItem.Title]</value>
		<value condition="[SubString(Container.FolderPath,musicdb://singles/) | SubString(Container.FolderPath,musicdb://top100/songs/)] + !IsEmpty(ListItem.Title)">$INFO[ListItem.Title]</value>
		<value condition="Container.Content(songs) + !IsEmpty(ListItem.Title)">$INFO[ListItem.Tracknumber,,. ]$INFO[ListItem.Title]</value>
		<value condition="Window.IsActive(tvchannels)">$INFO[ListItem.ChannelNumber]$INFO[ListItem.Label,. ]</value>
		<value>$INFO[ListItem.Label]</value>
	</variable>

	<variable name="media:Rating">
		<value condition="Skin.HasSetting(ratings.user.enable)">$INFO[ListItem.UserRating,$LOCALIZE[563]: ]</value>
		<value>$INFO[ListItem.RatingAndVotes]</value>
	</variable>

	<variable name="media:Info">
		<value condition="Container.Content(movies) + Skin.HasSetting(ratings.movies.enable)">$VAR[flag:Type.Video,, &#8226; ]$INFO[ListItem.Year]$INFO[ListItem.Duration, &#8226; , $LOCALIZE[31701]]$VAR[media:Rating, &#8226; ]$INFO[ListItem.Genre, &#8226; ]</value>
		<value condition="Container.Content(movies)">$VAR[flag:Type.Video,, &#8226; ]$INFO[ListItem.Year]$INFO[ListItem.Duration, &#8226; , $LOCALIZE[31701]]$INFO[ListItem.Genre, &#8226; ]</value>
		<value condition="Container.Content(sets)">$INFO[ListItem.Year]</value>
		<value condition="Container.Content(tvshows) + !IsEmpty(Window(Home).Property(NextAired.Label)) + Skin.HasSetting(ratings.tvshows.enable)">$INFO[ListItem.Property(UnWatchedEpisodes)] $VAR[media:UnwatchedCount]$VAR[media:Rating, &#8226; ]$VAR[media:NextAired.Info, &#8226; ]</value>
		<value condition="Container.Content(tvshows) + !IsEmpty(Window(Home).Property(NextAired.Label))">$INFO[ListItem.Property(UnWatchedEpisodes)] $VAR[media:UnwatchedCount]$VAR[media:NextAired.Info, &#8226; ]</value>
		<value condition="Container.Content(tvshows) + !IsEmpty(ListItem.Property(UnWatchedEpisodes))">$INFO[ListItem.Property(UnWatchedEpisodes)] $VAR[media:UnwatchedCount]</value>
		<value condition="Container.Content(seasons) + !IsEmpty(ListItem.Property(UnWatchedEpisodes))">$INFO[ListItem.Property(UnWatchedEpisodes)] $VAR[media:UnwatchedCount]</value>
		<value condition="Container.Content(seasons)">$INFO[ListItem.Genre]</value>
		<value condition="Container.Content(episodes) + ListItem.Property(IsSpecial)">$LOCALIZE[20381]$INFO[ListItem.Episode, - ]$INFO[ListItem.Premiered, &#8226; ]$VAR[flag:Type.Video, &#8226; ]</value>
		<value condition="Container.Content(episodes) + !IsEmpty(ListItem.Season)">$INFO[ListItem.Season,$LOCALIZE[20373] , - ]$INFO[ListItem.Episode,$LOCALIZE[20359] ]$INFO[ListItem.Premiered, &#8226; ]$VAR[flag:Type.Video, &#8226; ]</value>
		<value condition="Container.Content(episodes)">$INFO[ListItem.Date]$INFO[ListItem.Genre, &#8226; ]</value>
		<value condition="Container.Content(musicvideos)">$INFO[ListItem.Artist]$INFO[ListItem.Album, &#8226; ]$VAR[flag:Type.Video, &#8226; ]</value>
		<value condition="Container.Content(files) + !SubString(Container.FolderPath,plugin://)">$VAR[flag:Type.Video,, &#8226; ]$INFO[ListItem.Date]$INFO[ListItem.Size, &#8226; ]$INFO[ListItem.Duration, &#8226; , $LOCALIZE[12391]]</value>
		<value condition="Container.Content(files) + ![IsEmpty(ListItem.Duration) + IsEmpty(ListItem.Genre) + IsEmpty(ListItem.Date) + IsEmpty(ListItem.Studio)]">$INFO[ListItem.Duration,, $LOCALIZE[12391]]$INFO[ListItem.Genre, &#8226; ]$INFO[ListItem.Date, &#8226; ]$INFO[ListItem.Studio]</value>
		<value condition="Container.Content(artists) + !IsEmpty(ListItem.Property(Artist_Genre))">$INFO[ListItem.Property(Artist_Genre)]</value>
		<value condition="Container.Content(artists) + !IsEmpty(ListItem.Artist)">$LOCALIZE[31145]</value>
		<value condition="Container.Content(albums)">$INFO[ListItem.Artist]$INFO[ListItem.Year, &#8226; ]</value>

		<value condition="Container.Content(songs) + SubString(Container.FolderPath,addons://sources/)">$INFO[ListItem.Property(Addon.Summary)]</value>
		<value condition="Container.Content(songs)">$INFO[ListItem.Artist]$INFO[ListItem.FileExtension, &#8226; ]</value>
		
		<value condition="Container.Content(addons) + SubString(Container.FolderPath,addons://sources/)">$INFO[ListItem.Property(Addon.Summary)]</value>
		<value condition="Container.Content(addons) + [SubString(Container.FolderPath,addons://outdated/) | SubString(Container.FolderPath,//disabled/) | SubString(Container.FolderPath,//enabled/)]">$INFO[ListItem.Property(Addon.Version),$LOCALIZE[24051] ]</value>
		<value condition="Container.Content(addons)">$INFO[ListItem.Property(Addon.Version),$LOCALIZE[24051] ]$INFO[ListItem.Property(Addon.Status), &#8226; ]</value>
		<!--aa-->
		<value condition="Window.IsActive(programs) + Container.HasFiles">$INFO[ListItem.Writer]$INFO[ListItem.Genre, &#8226; ]$INFO[ListItem.Studio, &#8226; ]</value>
		<!---->
		<value condition="Window.IsActive(pictures) + !IsEmpty(ListItem.PictureLongDateTime)">$INFO[ListItem.PictureLongDateTime]</value>
		<value condition="Window.IsActive(pictures) + !SubString(Container.FolderPath,addons://sources/)">$INFO[ListItem.Date]</value>
		<value condition="Window.IsActive(videoplaylist) + IsEmpty(ListItem.Title)">$VAR[flag:Type.Video,, &#8226; ]$INFO[ListItem.Duration,, $LOCALIZE[31701]] $INFO[ListItem.Size, &#8226; ]$INFO[ListItem.Date, &#8226; ]</value>
		<value condition="Window.IsActive(videoplaylist) + !IsEmpty(ListItem.TVShowTitle) + IsEmpty(ListItem.Artist)">$INFO[ListItem.TVShowTitle,,: ]$INFO[ListItem.Season,$LOCALIZE[20373] , -] $INFO[ListItem.Episode,$LOCALIZE[20359] ]</value>
		<value condition="Window.IsActive(videoplaylist) + IsEmpty(ListItem.TVShowTitle) + IsEmpty(ListItem.Artist)">$VAR[flag:Type.Video,, &#8226; ]$INFO[ListItem.Genre]</value>
		<value condition="Window.IsActive(videoplaylist) + !IsEmpty(ListItem.Artist)">$INFO[ListItem.Artist]</value>
		<value condition="Window.IsActive(videoplaylist) + IsEmpty(ListItem.TVShowTitle) + IsEmpty(ListItem.Artist) + IsEmpty(Listitem.Genre)">$INFO[ListItem.Path]</value>
		<value condition="Window.IsActive(tvrecordings) | Window.IsActive(radiorecordings)">$INFO[ListItem.StartDate,, - ]$INFO[ListItem.StartTime]$INFO[ListItem.ChannelName, &#8226; ]</value>
		<value condition="Window.IsActive(tvchannels) | Window.IsActive(radiochannels)">$INFO[ListItem.Title,, &#8226; ]$INFO[ListItem.NextTitle,$LOCALIZE[209]: ]</value>
		<value condition="!SubString(ListItem.Icon,Default) + Container.HasFiles">$LOCALIZE[31151]</value>
	</variable>

	<variable name="media:Info.Addon">
		<value condition="[Container.Content(movies) | Container.Content(tvshows)] + !IsEmpty(ListItem.Duration)">$INFO[ListItem.Duration,, $LOCALIZE[31701]]$INFO[ListItem.Genre, &#8226; ]</value>
		<value condition="[Container.Content(movies) | Container.Content(tvshows)] + !IsEmpty(ListItem.Genre)">$INFO[ListItem.Genre]</value>
		<value condition="Container.Content(episodes)">$INFO[ListItem.Season,$LOCALIZE[20373] , - ]$INFO[ListItem.Episode,, &#8226; $LOCALIZE[20359]]$INFO[ListItem.Premiered]</value>
		<value condition="!IsEmpty(ListItem.Label2)">$INFO[ListItem.Label2]</value>
		<value condition="!IsEmpty(ListItem.Date)">$INFO[ListItem.Date]</value>
		<value condition="!IsEmpty(ListItem.Duration)">$INFO[ListItem.Duration]</value>
		<value condition="!IsEmpty(ListItem.Studio)">$INFO[ListItem.Studio]</value>
	</variable>

	<variable name="media:Tagline">
		<value condition="!IsEmpty(ListItem.Property(Tagline))">$INFO[ListItem.Property(Tagline)]</value>
		<value condition="IsEmpty(ListItem.Property(Tagline)) + !IsEmpty(ListItem.Property(PlotOutline))">$INFO[ListItem.Property(PlotOutline)]</value>
		<value condition="IsEmpty(ListItem.Property(Tagline)) + IsEmpty(ListItem.Property(PlotOutline))">$INFO[ListItem.Property(Plot)]</value>
	</variable>

	<variable name="media:Plot">
		<value condition="Container.Content(artists)">$INFO[ListItem.Property(Artist_Description)]</value>
		<value condition="Container.Content(albums)">$INFO[ListItem.Property(Album_Description)]</value>
		<value condition="Container.Content(seasons) + !IsEmpty(ListItem.Title) + !IsEmpty(ListItem.Property(UnWatchedEpisodes))">$INFO[Container.ShowPlot]</value>
		<value condition="[Container.Content(addons) | Window.IsActive(programs)] + !SubString(ListItem.Icon,default)">$INFO[ListItem.Property(Addon.Description)]</value>
		<value condition="Control.IsVisible(50) + Container.Content(movies) + !IsEmpty(ListItem.Plotoutline)">[UPPERCASE][B]$INFO[ListItem.Tagline,,[CR]][/B][/UPPERCASE]$INFO[ListItem.Plotoutline]</value>
		<value condition="Control.IsVisible(50) + Container.Content(movies) + IsEmpty(ListItem.Plotoutline)">[UPPERCASE][B]$INFO[ListItem.Tagline,,[CR]][/B][/UPPERCASE]$INFO[ListItem.Plot]</value>
		<value condition="Control.IsVisible(50) + Container.Content(tvshows) + !IsEmpty(ListItem.Plot)">[UPPERCASE][B]$VAR[media:NextAired.Info,,[CR]][/B][/UPPERCASE]$INFO[ListItem.Plot]</value>
		<value condition="!IsEmpty(ListItem.Plotoutline)">$INFO[ListItem.Plotoutline]</value>
		<value>$INFO[ListItem.Plot]</value>
	</variable>

	<variable name="media:NextAired.Info">
		<value condition="StringCompare(Window(Home).Property(NextAired.Status),cancelled/ended)">$INFO[Window(Home).Property(NextAired.Status)]</value>
		<value condition="!IsEmpty(Window(Home).Property(NextAired.NextDate))">$INFO[Window(Home).Property(NextAired.Status)]$INFO[Window(Home).Property(NextAired.NextDate), &#8226; $LOCALIZE[31502] ]</value>
		<value condition="IsEmpty(Window(Home).Property(NextAired.NextDate))">$INFO[Window(Home).Property(NextAired.Status)]$INFO[Window(Home).Property(NextAired.LatestDate), &#8226; $LOCALIZE[31501] ]</value>
	</variable>

	<variable name="media:EpisodeCount">
		<value condition="IntegerGreaterThan(ListItem.Episode,1) | StringCompare(ListItem.Episode,0)">$LOCALIZE[20360]</value>
		<value condition="StringCompare(ListItem.Episode,1)">$LOCALIZE[20359]</value>
	</variable>

	<variable name="media:UnwatchedCount">
		<value condition="IntegerGreaterThan(ListItem.Property(UnWatchedEpisodes),1) | StringCompare(ListItem.Property(UnWatchedEpisodes),0)">$LOCALIZE[31148]</value>
		<value condition="StringCompare(ListItem.Property(UnWatchedEpisodes),1)">$LOCALIZE[31147]</value>
	</variable>

	<variable name="info:MovieCount">
		<value condition="IntegerGreaterThan(Window.Property(actor.DBMovies),1) | StringCompare(Window.Property(actor.DBMovies),0)">$LOCALIZE[36901]</value>
		<value condition="StringCompare(Window.Property(actor.DBMovies),1)">$LOCALIZE[36900]</value>
	</variable>

	<variable name="info:AlbumCount">
		<value condition="IntegerGreaterThan(Container(50).NumItems,1) | StringCompare(Container(50).NumItems,0)">$LOCALIZE[132]</value>
		<value condition="StringCompare(Container(50).NumItems,1)">$LOCALIZE[558]</value>
	</variable>

	<variable name="info:DiscCount">
		<value condition="IntegerGreaterThan(Window(Home).Property(Album.Songs.Discs),1) | StringCompare(Window(Home).Property(Album.Songs.Discs),0)">$LOCALIZE[14087]</value>
		<value condition="StringCompare(Window(Home).Property(Album.Songs.Discs),1)">$LOCALIZE[427]</value>
	</variable>

	<variable name="info:SongCount">
		<value condition="IntegerGreaterThan(Window(Home).Property(Album.Songs.Count),1) | StringCompare(Window(Home).Property(Album.Songs.Count),0)">$LOCALIZE[134]</value>
		<value condition="StringCompare(Window(Home).Property(Album.Songs.Count),1)">$LOCALIZE[179]</value>
	</variable>


<!--ART TYPES-->
	<variable name="art:Fanart">
		<value condition="!IsEmpty(ListItem.Property(Fanart_Image))">$INFO[ListItem.Property(Fanart_Image)]</value>
		<value condition="!IsEmpty(ListItem.Art(fanart))">$INFO[ListItem.Art(fanart)]</value>
		<value condition="!IsEmpty(ListItem.Art(thumb))">$INFO[ListItem.Art(thumb)]</value>
		<value>thumbs/default_Landscape.png</value>
	</variable>

	<variable name="art:Logo">
		<value condition="[Container.Content(movies) | Container.Content(tvshows)] + Control.IsVisible(531)">$INFO[ListItem.Art(clearlogo)]</value>
		<value condition="Container.Content(movies) + Skin.HasSetting(logos.movies.enable) + [IsEmpty(ListItem.Art(landscape)) | [!IsEmpty(ListItem.Art(landscape)) + !Skin.HasSetting(landscapethumb.enable)]]">$INFO[ListItem.Art(clearlogo)]</value>
		<value condition="Container.Content(tvshows) + Skin.HasSetting(logos.tvshows.enable) + [IsEmpty(ListItem.Art(landscape)) | [!IsEmpty(ListItem.Art(landscape)) + !Skin.HasSetting(landscapethumb.enable)]]">$INFO[ListItem.Art(clearlogo)]</value>
		<value condition="Container.Content(episodes) + Skin.HasSetting(logos.tvshows.enable) + [StringCompare(Container.FolderPath,videodb://recentlyaddedepisodes/) | StringCompare(Container.FolderPath,special://skin/playlists/video/episodes-unwatched.xsp) | SubString(Container.FolderPath,plugin://service.library.data.provider/)]">$INFO[ListItem.Art(tvshow.clearlogo)]</value>
	</variable>

	<variable name="art:Container">
		<value condition="!IsEmpty(ListItem.Art(fanart)">$INFO[ListItem.Art(fanart)]</value>
		<value>backgrounds/defaults/video.jpg</value>
	</variable>

	<variable name="art:Landscape">
		<value condition="Window.IsActive(pictures)">$INFO[ListItem.FilenameAndPath]</value>
		<value condition="Container.Content(sets)">$INFO[Container.Art(set.fanart)]</value>
		<value condition="[Container.Content(artists) | [Control.IsVisible(531) + [Container.Content(movies) | Container.Content(tvshows)]] | SubString(Container.FolderPath,pvr://recordings/)] + !IsEmpty(ListItem.Art(fanart))">$INFO[ListItem.Art(fanart)]</value>
		<value condition="[Container.Content(artists) | [Control.IsVisible(531) + [Container.Content(movies) | Container.Content(tvshows)]] | SubString(Container.FolderPath,pvr://recordings/)] + IsEmpty(ListItem.Art(fanart))">$INFO[ListItem.Art(thumb)]</value>
		<value condition="Container.Content(episodes) | Container.Content(files) | SubString(Container.FolderPath,plugin://plugin.)">$INFO[ListItem.Art(thumb)]</value>
		<value condition="[Container.Content(movies) | Container.Content(tvshows)] + !Skin.HasSetting(landscapethumb.enable) | [Skin.HasSetting(landscapethumb.enable) + IsEmpty(ListItem.Art(landscape))]">$INFO[ListItem.Art(fanart)]</value>
		<value condition="[Container.Content(movies) | Container.Content(tvshows)] + Skin.HasSetting(landscapethumb.enable)">$INFO[ListItem.Art(landscape)]</value>
		<value>$INFO[ListItem.Art(thumb)]</value>
	</variable>

	<variable name="art:Portrait">
		<value condition="Container.Content(movies) + SubString(Container.FolderPath,plugin://plugin.video.the.trailers/)">$INFO[ListItem.Art(thumb)]</value>
		<value condition="Container.Content(actors) + IsEmpty(ListItem.Art(thumb))">thumbs/default_Actor.png</value>
		<value condition="Container.Content(actors) + !IsEmpty(ListItem.Art(thumb))">$INFO[ListItem.Art(thumb)]</value>
		<value condition="!IsEmpty(ListItem.Art(season.poster))">$INFO[ListItem.Art(season.poster)]</value>
		<value condition="!IsEmpty(ListItem.Art(tvshow.poster)) + !Container.Content(seasons)">$INFO[ListItem.Art(tvshow.poster)]</value>
		<value condition="!IsEmpty(ListItem.Art(poster))">$INFO[ListItem.Art(poster)]</value>
		<value condition="IsEmpty(ListItem.Art(poster))">$INFO[ListItem.Art(thumb)]</value>
		<value>$INFO[Container.SeasonThumb]</value>
	</variable>

	<variable name="art:Banner">
		<value condition="!IsEmpty(ListItem.Art(banner))">$INFO[ListItem.Art(banner)]</value>
		<value condition="IsEmpty(ListItem.Art(banner)) + !IsEmpty(ListItem.Art(fanart))">$INFO[ListItem.Art(fanart)]</value>
		<value>$INFO[ListItem.Art(thumb)]</value>
	</variable>

	<variable name="art:Square">
		<value condition="Container.Content(albums) | Container.Content(songs) | Window.IsActive(pictures)">$INFO[ListItem.Art(thumb)]</value>
		<value condition="Container.Content(addons) + !IsEmpty(ListItem.Art(thumb))">$INFO[ListItem.Art(thumb)]</value>
		<value>$INFO[ListItem.Art(thumb)]</value>
	</variable>

	<variable name="weather:FanartExtension">
       <value condition="SubString(Skin.String(WeatherFanart.path),.multi)">/</value>
       <value>.jpg</value>
     </variable>

	<variable name="weather:widgetInfo">
		<value condition="StringCompare(Weather.Plugin,weather.wunderground)">$LOCALIZE[402]$INFO[Window(Weather).Property(Current.FeelsLike),: ]$INFO[System.TemperatureUnits,, &#8226; ]$LOCALIZE[405]$INFO[Window(Weather).Property(Current.DewPoint),: ]$INFO[System.TemperatureUnits,, &#8226; ]$LOCALIZE[406]$INFO[Window(Weather).Property(Current.Humidity),: , &#8226; ]$LOCALIZE[404]$INFO[Window(Weather).Property(Current.Wind),: ][CR]$LOCALIZE[33027]$INFO[Window(Weather).Property(Today.Sunrise),: , &#8226; ]$LOCALIZE[33028]$INFO[Window(Weather).Property(Today.Sunset),: ]</value>
		<value>$LOCALIZE[402]$INFO[Window(Weather).Property(Current.FeelsLike),: ]$INFO[System.TemperatureUnits,, &#8226; ]$LOCALIZE[405]$INFO[Window(Weather).Property(Current.DewPoint),: ]$INFO[System.TemperatureUnits,, &#8226; ]$LOCALIZE[406]$INFO[Window(Weather).Property(Current.Humidity),: , &#8226; ]$LOCALIZE[404]$INFO[Window(Weather).Property(Current.Wind),: ]</value>
	</variable>


	<variable name="weather:LongDay">
		<value condition="StringCompare(Container(9200).ListItem.Property(Longday),$LOCALIZE[11])">$LOCALIZE[11]</value>
		<value condition="StringCompare(Container(9200).ListItem.Property(Longday),$LOCALIZE[12])">$LOCALIZE[12]</value>
		<value condition="StringCompare(Container(9200).ListItem.Property(Longday),$LOCALIZE[13])">$LOCALIZE[13]</value>
		<value condition="StringCompare(Container(9200).ListItem.Property(Longday),$LOCALIZE[14])">$LOCALIZE[14]</value>
		<value condition="StringCompare(Container(9200).ListItem.Property(Longday),$LOCALIZE[15])">$LOCALIZE[15]</value>
		<value condition="StringCompare(Container(9200).ListItem.Property(Longday),$LOCALIZE[16])">$LOCALIZE[16]</value>
		<value condition="StringCompare(Container(9200).ListItem.Property(Longday),$LOCALIZE[17])">$LOCALIZE[17]</value>
		<value>$LOCALIZE[31605]</value>
	</variable>


<!--OSD-->
	<variable name="player:Title">
		<value condition="Window.IsActive(visualisation) | Window.IsActive(slideshow)">$INFO[MusicPlayer.Title]</value>
		<value condition="VideoPlayer.Content(livetv)">$INFO[VideoPlayer.ChannelNumber,,. ]$INFO[VideoPlayer.Title]</value>
		<value condition="VideoPlayer.Content(episodes)">[COLOR=Color3]$INFO[VideoPlayer.TVShowTitle,,: ][/COLOR]$INFO[VideoPlayer.Title]</value>
		<value condition="VideoPlayer.Content(movies) | VideoPlayer.Content(musicvideos) | VideoPlayer.Content(files)">$INFO[VideoPlayer.Title]</value>
	</variable>

	<variable name="player:Info">
		<value condition="VideoPlayer.Content(files)">$INFO[Player.FolderPath]$INFO[VideoPlayer.VideoResolution, &#8226; ,P]</value>
		<value condition="VideoPlayer.Content(movies)">$INFO[VideoPlayer.Genre]$INFO[VideoPlayer.Director, &#8226; ]$INFO[VideoPlayer.Studio, &#8226; ]$INFO[VideoPlayer.Year, &#8226; ]$INFO[VideoPlayer.VideoResolution, &#8226; ,P]</value>
		<value condition="VideoPlayer.Content(episodes)">$INFO[VideoPlayer.Season,$LOCALIZE[20373] , - ]$INFO[VideoPlayer.Episode,$LOCALIZE[20359] ]$INFO[VideoPlayer.VideoResolution, &#8226; ,P]</value>
		<value condition="VideoPlayer.Content(musicvideos)">$INFO[VideoPlayer.Artist]$INFO[VideoPlayer.Album, &#8226; ]$INFO[VideoPlayer.Year, &#8226; ]$INFO[VideoPlayer.VideoResolution, &#8226; ,P]</value>
		<value condition="VideoPlayer.Content(livetv)">$INFO[VideoPlayer.ChannelName,, &#8226; ]$INFO[VideoPlayer.NextTitle,$LOCALIZE[209]: ] ($INFO[VideoPlayer.Endtime])</value>
		<value condition="Player.ChapterCount">$LOCALIZE[21396]$INFO[Player.Chapter,: ]$INFO[Player.ChapterCount, / ]$INFO[Player.ChapterName, &#8226; ,]</value>
		<value>$LOCALIZE[416]</value>
	</variable>

	<variable name="player:Art">
		<value condition="Player.HasAudio">$INFO[Player.Art(thumb)]</value>
		<value condition="VideoPlayer.Content(movies) + [[Skin.HasSetting(landscapethumb.enable) + IsEmpty(Player.Art(landscape))] | !Skin.HasSetting(landscapethumb.enable)]">$INFO[Player.Art(fanart)]</value>
		<value condition="VideoPlayer.Content(movies) + Skin.HasSetting(landscapethumb.enable) + !IsEmpty(Player.Art(landscape))">$INFO[Player.Art(landscape)]</value>
		<value condition="VideoPlayer.Content(episodes) + [[Skin.HasSetting(landscapethumb.enable) + IsEmpty(Player.Art(landscape))] | !Skin.HasSetting(landscapethumb.enable)]">$INFO[Player.Art(fanart)]</value>
		<value condition="VideoPlayer.Content(episodes) + Skin.HasSetting(landscapethumb.enable) + !IsEmpty(Player.Art(tvshow.landscape))">$INFO[Player.Art(tvshow.landscape)]</value>
		<value condition="!IsEmpty(Player.Art(fanart))">$INFO[Player.Art(fanart)]</value>
		<value condition="!IsEmpty(Player.Art(poster))">$INFO[Player.Art(poster)]</value>
		<value>$INFO[Player.Art(thumb)]</value>
	</variable>

	<variable name="player:Logo">
		<value condition="VideoPlayer.Content(movies) + Skin.HasSetting(logos.movies.enable) + [!Skin.HasSetting(landscapethumb.enable) | [Skin.HasSetting(landscapethumb.enable) + IsEmpty(Player.Art(landscape))]]">$INFO[Player.Art(clearlogo)]</value>
		<value condition="VideoPlayer.Content(episodes) + Skin.HasSetting(logos.tvshows.enable) + [!Skin.HasSetting(landscapethumb.enable) | [Skin.HasSetting(landscapethumb.enable) + IsEmpty(Player.Art(landscape))]]">$INFO[Player.Art(tvshow.clearlogo)]</value>
	</variable>

	<variable name="player:Fanart">
		<value condition="Player.HasAudio + !IsEmpty(MusicPlayer.Property(Fanart_Image))">$INFO[MusicPlayer.Property(Fanart_Image)]</value>
		<value condition="Player.HasAudio + IsEmpty(MusicPlayer.Property(Fanart_Image))">$INFO[MusicPlayer.Cover]</value>
		<value condition="Player.HasVideo + IsEmpty(Player.Art(fanart))">$INFO[Player.Art(thumb)]</value>
		<value condition="Player.HasVideo + !IsEmpty(Player.Art(fanart))">$INFO[Player.Art(fanart)]</value>
	</variable>

	<variable name="player:Description">
		<value condition="Player.HasAudio + !IsEmpty(MusicPlayer.Property(Album_Description))">$INFO[MusicPlayer.Property(Album_Description)]</value>
		<value condition="Player.HasAudio + !IsEmpty(MusicPlayer.Property(Artist_Description))">$INFO[MusicPlayer.Property(Artist_Description)]</value>
		<value condition="Player.HasVideo + !IsEmpty(VideoPlayer.Plotoutline)">$INFO[VideoPlayer.Plotoutline]</value>
		<value condition="Player.HasVideo">$INFO[VideoPlayer.Plot]</value>
		<value>$LOCALIZE[3152]</value>
	</variable>

	<variable name="player:Status">
		<value condition="VideoPlayer.Content(LiveTV) + [Player.DisplayAfterSeek + ![Player.Forwarding | Player.Rewinding]]">$LOCALIZE[19020]$INFO[VideoPlayer.ChannelGroup, - ]</value>
		<value condition="!IsEmpty(Player.SeekStepSize) + ![Player.Forwarding | Player.Rewinding]">$LOCALIZE[773] $INFO[Player.SeekStepSize]</value>
		<value condition="Player.DisplayAfterSeek + ![Player.Forwarding | Player.Rewinding]">$LOCALIZE[773] $INFO[Player.SeekOffset]</value>
		<value condition="!Player.DisplayAfterSeek + Player.Seeking">$LOCALIZE[773]</value>
		<value condition="Player.Paused + Player.Caching + !Player.Seeking">$LOCALIZE[15107] $INFO[Player.CacheLevel]%</value>
		<value condition="Player.Paused + !Player.Caching + !Player.Seeking + !Player.DisplayAfterSeek">$LOCALIZE[112]</value>
		<value condition="Player.Forwarding2x">$LOCALIZE[31300]</value>
		<value condition="Player.Forwarding4x">$LOCALIZE[31301]</value>
		<value condition="Player.Forwarding8x">$LOCALIZE[31302]</value>
		<value condition="Player.Forwarding16x">$LOCALIZE[31303]</value>
		<value condition="Player.Forwarding32x">$LOCALIZE[31304]</value>
		<value condition="Player.Rewinding2x">$LOCALIZE[31305]</value>
		<value condition="Player.Rewinding4x">$LOCALIZE[31306]</value>
		<value condition="Player.Rewinding8x">$LOCALIZE[31307]</value>
		<value condition="Player.Rewinding16x">$LOCALIZE[31308]</value>
		<value condition="Player.Rewinding32x">$LOCALIZE[31309]</value>
	</variable>

	<variable name="player:Subtitles">
		<value condition="!IsEmpty(VideoPlayer.SubtitlesLanguage)">$LOCALIZE[31321] ($INFO[VideoPlayer.SubtitlesLanguage])</value>
		<value>$LOCALIZE[31321]</value>
	</variable>

	<variable name="player:Time">
		<value condition="!VideoPlayer.Content(LiveTV)">$INFO[Player.Time(hh:mm:ss)]</value>
		<value>$INFO[Player.StartTime(hh:mm:22)]</value>
	</variable>

	<variable name="player:Duration">
		<value condition="!VideoPlayer.Content(LiveTV)">$INFO[Player.Duration(hh:mm:ss)]</value>
		<value>$INFO[Player.FinishTime(hh:mm:ss)]</value>
	</variable>

	<variable name="playlist_Type">
		<value condition="Window.IsActive(videolibrary) + !StringCompare(Playlist.Length(video),0)">ActivateWindow(videoplaylist)</value>
		<value condition="Window.IsActive(musiclibrary) + !StringCompare(Playlist.Length(music),0)">ActivateWindow(musicplaylist)</value>
	</variable>


<!--MEDIA VIEWS-->
	<variable name="nextaired_Header">
		<value condition="StringCompare(Window(Home).Property(tvguide),monday)">$INFO[Container(200).Listitem.Property(NextDate),$LOCALIZE[11] ]</value>
		<value condition="StringCompare(Window(Home).Property(tvguide),tuesday)">$INFO[Container(201).Listitem.Property(NextDate),$LOCALIZE[12] ]</value>
		<value condition="StringCompare(Window(Home).Property(tvguide),wednesday)">$INFO[Container(202).Listitem.Property(NextDate),$LOCALIZE[13] ]</value>
		<value condition="StringCompare(Window(Home).Property(tvguide),thursday)">$INFO[Container(203).Listitem.Property(NextDate),$LOCALIZE[14] ]</value>
		<value condition="StringCompare(Window(Home).Property(tvguide),friday)">$INFO[Container(204).Listitem.Property(NextDate),$LOCALIZE[15] ]</value>
		<value condition="StringCompare(Window(Home).Property(tvguide),saturday)">$INFO[Container(205).Listitem.Property(NextDate),$LOCALIZE[16] ]</value>
		<value condition="StringCompare(Window(Home).Property(tvguide),sunday)">$INFO[Container(206).Listitem.Property(NextDate),$LOCALIZE[17] ]</value>
		<value condition="StringCompare(Window(Home).Property(tvguide),yesterday)">$INFO[Window(home).Property(NextAired.YesterdayText)]</value>
		<value condition="StringCompare(Window(Home).Property(tvguide),today)">$INFO[Window(home).Property(NextAired.TodayText)]</value>
		<value condition="StringCompare(Window(Home).Property(tvguide),tomorrow)">$INFO[Window(home).Property(NextAired.TomorrowText)]</value>
		<value condition="StringCompare(Window(Home).Property(tvguide),nplus2)">$INFO[Window(home).Property(NextAired.203.Weekday)] $INFO[Window(home).Property(NextAired.203.Date)]</value>
		<value condition="StringCompare(Window(Home).Property(tvguide),nplus3)">$INFO[Window(home).Property(NextAired.204.Weekday)] $INFO[Window(home).Property(NextAired.204.Date)]</value>
		<value condition="StringCompare(Window(Home).Property(tvguide),nplus4)">$INFO[Window(home).Property(NextAired.205.Weekday)] $INFO[Window(home).Property(NextAired.205.Date)]</value>
		<value condition="StringCompare(Window(Home).Property(tvguide),nplus5)">$INFO[Window(home).Property(NextAired.206.Weekday)] $INFO[Window(home).Property(NextAired.206.Date)]</value>
		<value condition="StringCompare(Window(Home).Property(tvguide),nplus6)">$INFO[Window(home).Property(NextAired.207.Weekday)] $INFO[Window(home).Property(NextAired.207.Date)]</value>
		<value condition="StringCompare(Window(Home).Property(tvguide),nplus7)">$INFO[Window(home).Property(NextAired.208.Weekday)] $INFO[Window(home).Property(NextAired.208.Date)]</value>
		<value condition="StringCompare(Window(Home).Property(tvguide),nplus8)">$INFO[Window(home).Property(NextAired.209.Weekday)] $INFO[Window(home).Property(NextAired.209.Date)]</value>
		<value condition="StringCompare(Window(Home).Property(tvguide),nplus9)">$INFO[Window(home).Property(NextAired.210.Weekday)] $INFO[Window(home).Property(NextAired.210.Date)]</value>
		<value condition="StringCompare(Window(Home).Property(tvguide),nplus10)">$INFO[Window(home).Property(NextAired.211.Weekday)] $INFO[Window(home).Property(NextAired.211.Date)]</value>
		<value condition="StringCompare(Window(Home).Property(tvguide),nplus11)">$INFO[Window(home).Property(NextAired.212.Weekday)] $INFO[Window(home).Property(NextAired.212.Date)]</value>
		<value condition="StringCompare(Window(Home).Property(tvguide),nplus12)">$INFO[Window(home).Property(NextAired.213.Weekday)] $INFO[Window(home).Property(NextAired.213.Date)]</value>
		<value condition="StringCompare(Window(Home).Property(tvguide),nplus13)">$INFO[Window(home).Property(NextAired.214.Weekday)] $INFO[Window(home).Property(NextAired.214.Date)]</value>
		<value condition="StringCompare(Window(Home).Property(tvguide),nplus14)">$INFO[Window(home).Property(NextAired.215.Weekday)] $INFO[Window(home).Property(NextAired.215.Date)]</value>
	</variable>

	<variable name="gallery_Header">
		<value condition="Container.Content(tvshows)">$INFO[ListItem.Genre]</value>
		<value condition="Container.Content(movies) + ListItem.IsFolder + SubString(Container.FolderPath,videodb) + !IsEmpty(ListItem.Title)">$INFO[ListItem.Year]</value><!--movie set-->
		<value condition="Container.Content(movies) + !IsEmpty(ListItem.Tagline)">$INFO[ListItem.Tagline]</value>
		<value condition="Container.Content(movies) + IsEmpty(ListItem.Tagline) + !IsEmpty(ListItem.PlotOutline)">$INFO[ListItem.PlotOutline]</value>
		<value condition="Container.Content(movies) + IsEmpty(ListItem.Tagline) + IsEmpty(ListItem.PlotOutline)">$INFO[ListItem.Plot]</value>
		<value condition="Window.IsActive(pictures) + !IsEmpty(ListItem.PictureLongDateTime)">$INFO[ListItem.PictureLongDateTime]</value>
		<value condition="Window.IsActive(pictures) + IsEmpty(ListItem.PictureLongDateTime)">$LOCALIZE[31146]</value>
		<value>$INFO[ListItem.Year]</value>
	</variable>


<!--INFORMATION-->
	<variable name="information:Title">
		<value condition="Container.Content(artists)">$INFO[ListItem.Artist]</value>
		<value condition="Container.Content(albums)">$INFO[ListItem.Album]</value>
	</variable>
	
	<variable name="information:Header">
		<value condition="Container.Content(movies)">$INFO[ListItem.Year]$INFO[ListItem.Duration, &#8226; , $LOCALIZE[31701]]$INFO[ListItem.Genre, &#8226; ]</value>
		<value condition="Container.Content(tvshows) + !Skin.HasSetting(nextaired.disable)">$INFO[Window(Home).Property(NextAired.Status)]$INFO[Window(Home).Property(NextAired.NextDate), &#8226; $LOCALIZE[31153]: ]$INFO[ListItem.Studio, &#8226; ]</value>
		<value condition="Container.Content(tvshows) + Skin.HasSetting(nextaired.disable)">$INFO[ListItem.Property(TotalEpisodes),, ]$VAR[media:EpisodeCount,, &#8226; $LOCALIZE[31153]: ]</value>
		<value condition="Container.Content(episodes)">$INFO[ListItem.TVShowTitle]</value>
		<value condition="Container.Content(artists)">$INFO[ListItem.Genre]</value>
		<value condition="Container.Content(albums)">$INFO[ListItem.Artist]</value>
		<value condition="Container.Content(musicvideos)">$INFO[ListItem.Artist]</value>
	</variable>

	<variable name="information:Sub">
		<value condition="Container.Content(movies)">$INFO[ListItem.Studio]</value>
		<value condition="Container.Content(tvshows) + !Skin.HasSetting(nextaired.disable)">$INFO[ListItem.Property(TotalEpisodes),, ]$VAR[media:EpisodeCount,, ]$INFO[ListItem.Property(UnwatchedEpisodes),(, $LOCALIZE[16101])]</value>
		<value condition="Container.Content(tvshows) + Skin.HasSetting(nextaired.disable)">$INFO[ListItem.Premiered,$LOCALIZE[20416]: ]</value>
		<value condition="Container.Content(episodes)">$INFO[ListItem.Season,$LOCALIZE[20373] , - ]$INFO[ListItem.Episode,$LOCALIZE[20359] ]$INFO[ListItem.Premiered, &#8226; ]</value>
		<value condition="Container.Content(artists)">$VAR[information:Origin.Prefix] $VAR[information:Origin]</value>
		<value condition="Container.Content(albums)">$INFO[ListItem.Year]$INFO[ListItem.Genre, &#8226; ]</value>
		<value condition="Container.Content(musicvideos)">$INFO[ListItem.Year]$INFO[ListItem.Genre, &#8226; ]$INFO[ListItem.Studio, &#8226; ]</value>
	</variable>

	<variable name="information:Consensus">
		<value condition="!StringCompare(Window(Home).Property(SkinHelper.RottenTomatoesConsensus),N/A)">$INFO[Window(Home).Property(SkinHelper.RottenTomatoesConsensus),","]</value>
		<value></value>
	</variable>

	<variable name="information:Origin">
		<value condition="!IsEmpty(ListItem.Property(Artist_Born))">$INFO[ListItem.Property(Artist_Born)]</value>
		<value condition="!IsEmpty(ListItem.Property(Artist_Formed))">$INFO[ListItem.Property(Artist_Formed)]</value>
		<value condition="!IsEmpty(ListItem.Property(Artist_Died))">$INFO[ListItem.Property(Artist_Died)]</value>
		<value condition="!IsEmpty(ListItem.Property(Artist_Disbanded))">$INFO[ListItem.Property(Artist_Disbanded)]</value>
	</variable>

	<variable name="information:Origin.Prefix">
		<value condition="!IsEmpty(ListItem.Property(Artist_Born))">$LOCALIZE[21893]</value>
		<value condition="!IsEmpty(ListItem.Property(Artist_Formed))">$LOCALIZE[21894]</value>
		<value condition="!IsEmpty(ListItem.Property(Artist_Died))">$LOCALIZE[21897]</value>
		<value condition="!IsEmpty(ListItem.Property(Artist_Disbanded))">$LOCALIZE[21896]</value>
	</variable>

	<variable name="extContent:Poster">
		<value condition="StringCompare(Window(Home).Property(extContent),$LOCALIZE[31622])">plugin://script.extendedinfo?info=similarmovies&amp;&amp;dbid=$INFO[Window(Home).Property(extDBID)]</value>
		<value condition="StringCompare(Window(Home).Property(extContent),$LOCALIZE[31620])">plugin://script.extendedinfo?info=directormovies&amp;&amp;director=$INFO[Window(Home).Property(extQuery)]</value>
		<value condition="StringCompare(Window(Home).Property(extContent),$LOCALIZE[31621])">plugin://script.extendedinfo?info=writermovies&amp;&amp;writer=$INFO[Window(Home).Property(extQuery)]</value>
	</variable>

	<variable name="extContent:Square">
		<value condition="StringCompare(Window(Home).Property(extContent),$LOCALIZE[21888])">plugin://script.extendedinfo?info=discography&amp;&amp;artistname=$INFO[Window(Home).Property(extQuery)]</value>
		<value condition="StringCompare(Window(Home).Property(extContent),similarartists)">plugin://script.extendedinfo?info=discography&amp;&amp;artistname=$INFO[Window(Home).Property(extQuery)]</value>
	</variable>

	<variable name="extContent:Thumbnail">
		<value condition="StringCompare(Window(Home).Property(extContent),youtube)">plugin://script.extendedinfo?info=youtubesearch&amp;&amp;id=$INFO[Window(Home).Property(extQuery)]</value>
	</variable>


<!--RATINGS-->
	<variable name="rating:Song">
		<value condition="Container.Content(songs) + !IsEmpty(ListItem.Rating) + SubString(ListItem.Rating,5)">&#9733;&#9733;&#9733;&#9733;&#9733;</value>
		<value condition="Container.Content(songs) + !IsEmpty(ListItem.Rating) + SubString(ListItem.Rating,4)">&#9733;&#9733;&#9733;&#9733;&#9734;</value>
		<value condition="Container.Content(songs) + !IsEmpty(ListItem.Rating) + SubString(ListItem.Rating,3)">&#9733;&#9733;&#9733;&#9734;&#9734;</value>
		<value condition="Container.Content(songs) + !IsEmpty(ListItem.Rating) + SubString(ListItem.Rating,2)">&#9733;&#9733;&#9734;&#9734;&#9734;</value>
		<value condition="Container.Content(songs) + !IsEmpty(ListItem.Rating) + SubString(ListItem.Rating,1)">&#9733;&#9734;&#9734;&#9734;&#9734;</value>
		<value condition="Container.Content(songs) + !IsEmpty(ListItem.Rating)">&#9734;&#9734;&#9734;&#9734;&#9734;</value>
	</variable>

	<variable name="rating:Global">
		<value condition="!IsEmpty(ListItem.Title)">$INFO[ListItem.StarRating,rating/nf-,]</value>
		<value condition="Container.Content(addons) | SubString(Container.FolderPath,addons)">$INFO[ListItem.Property(Addon.StarRating),rating/nf-,]</value>
	</variable>

	<variable name="rating:Global.Focused">
		<value condition="!IsEmpty(ListItem.Title)">$INFO[ListItem.StarRating,rating/fo-,]</value>
		<value condition="Container.Content(addons) | SubString(Container.FolderPath,addons)">$INFO[ListItem.Property(Addon.StarRating),rating/fo-,]</value>
	</variable>


<!--FLAGS-->
	<variable name="flag:Studio">
		<value condition="Container.Content(movies)">resource://resource.images.studios.white/$INFO[ListItem.Studio,,.png]</value>
		<value condition="Container.Content(tvshows) | Container.Content(seasons) | Container.Content(episodes)">$INFO[Listitem.Studio,flags/networks/,.png]</value>
		<value condition="Container.Content(musicvideos)">resource://resource.images.recordlabels.white/$INFO[ListItem.Studio,,.png]</value>
		<value condition="Container.Content(albums)">resource://resource.images.recordlabels.white/$INFO[Listitem.Property(Album_Label),,.png]</value>
	</variable>

	<variable name="flag:Type.Video">
		<value condition="ListItem.IsStereoscopic">3D</value>
		<value condition="IntegerGreaterThan(ListItem.VideoResolution,540)">HD</value>
		<value condition="StringCompare(ListItem.VideoResolution,4K)">4K</value>
	</variable>

	<variable name="flag:Channels">
		<value condition="StringCompare(ListItem.AudioChannels,1)">1.0</value>
		<value condition="StringCompare(ListItem.AudioChannels,2)">2.0</value>
		<value condition="StringCompare(ListItem.AudioChannels,3)">2.1</value>
		<value condition="StringCompare(ListItem.AudioChannels,4)">4.0</value>
		<value condition="StringCompare(ListItem.AudioChannels,5)">4.1</value>
		<value condition="StringCompare(ListItem.AudioChannels,6)">5.1</value>
		<value condition="StringCompare(ListItem.AudioChannels,8)">7.1</value>
	</variable>


<!--STATUS-->
	<variable name="status:List">
		<value condition="StringCompare(ListItem.Overlay,OverlayUnwatched.png)">status/list/OverlayUnwatched.png</value>
		<value condition="ListItem.IsResumable + !Skin.HasSetting(overlay.resumable.disable)">status/list/OverlayWatching.png</value>
		<value condition="StringCompare(ListItem.Overlay,OverlayWatched.png)">status/list/OverlayWatched.png</value>
	</variable>

	<variable name="status:Info">
		<value condition="ListItem.IsResumable + !Skin.HasSetting(overlay.resumable.disable)">status/info/OverlayWatching.png</value>
		<value condition="StringCompare(ListItem.Overlay,OverlayUnwatched.png)">status/info/OverlayUnwatched.png</value>
		<value condition="StringCompare(ListItem.Overlay,OverlayWatched.png)">status/info/OverlayWatched.png</value>
	</variable>

	<variable name="status:Progress">
		<value condition="IntegerGreaterThan(ListItem.PercentPlayed,90)">status/progress/100.png</value>
		<value condition="IntegerGreaterThan(ListItem.PercentPlayed,80)">status/progress/90.png</value>
		<value condition="IntegerGreaterThan(ListItem.PercentPlayed,70)">status/progress/80.png</value>
		<value condition="IntegerGreaterThan(ListItem.PercentPlayed,60)">status/progress/60.png</value>
		<value condition="IntegerGreaterThan(ListItem.PercentPlayed,50)">status/progress/50.png</value>
		<value condition="IntegerGreaterThan(ListItem.PercentPlayed,40)">status/progress/40.png</value>
		<value condition="IntegerGreaterThan(ListItem.PercentPlayed,30)">status/progress/30.png</value>
		<value condition="IntegerGreaterThan(ListItem.PercentPlayed,20)">status/progress/20.png</value>
		<value condition="IntegerGreaterThan(ListItem.PercentPlayed,10)">status/progress/10.png</value>
		<value condition="IntegerGreaterThan(ListItem.PercentPlayed,0)">status/progress/00.png</value>
		<value condition="!SubString(ListItem.Icon,Default)">status/progress/00.png</value>
	</variable>
	

<!--PVR-->
	<variable name="pvr:Title">
		<value condition="!IsEmpty(ListItem.Title)">$INFO[ListItem.Title]</value>
		<value>$INFO[ListItem.Label]</value>
	</variable>

	<variable name="pvr:DefaultIcon">
		<value condition="Window.IsActive(tvchannels)">DefaultIconTV.png</value>
		<value>DefaultIconRadio.png</value>
	</variable>

	<variable name="pvr:Status">
		<value condition="!ListItem.HasTimer">pvr/status/recording.png</value>
		<value condition="ListItem.HasTimer + ListItem.IsRecording">pvr/status/timer.png</value>
		<value condition="ListItem.HasTimer + !ListItem.IsRecording">pvr/status/timer.png</value>
		<value condition="!Control.IsVisible(10)">pvr/status/none-nf.png</value>
	</variable>

	<variable name="pvr:Progress">
		<value condition="IntegerGreaterThan(ListItem.Progress,90)">status/progress/90.png</value>
		<value condition="IntegerGreaterThan(ListItem.Progress,80)">status/progress/80.png</value>
		<value condition="IntegerGreaterThan(ListItem.Progress,70)">status/progress/70.png</value>
		<value condition="IntegerGreaterThan(ListItem.Progress,60)">status/progress/60.png</value>
		<value condition="IntegerGreaterThan(ListItem.Progress,50)">status/progress/50.png</value>
		<value condition="IntegerGreaterThan(ListItem.Progress,40)">status/progress/40.png</value>
		<value condition="IntegerGreaterThan(ListItem.Progress,30)">status/progress/30.png</value>
		<value condition="IntegerGreaterThan(ListItem.Progress,20)">status/progress/20.png</value>
		<value condition="IntegerGreaterThan(ListItem.Progress,10)">status/progress/10.png</value>
		<value condition="IntegerGreaterThan(ListItem.Progress,0)">status/progress/00.png</value>
		<value>status/progress/none.png</value>
	</variable>


<!--TOAST-->
	<variable name="toast:Top">
		<value condition="SubString(System.Time,AM,right)">[B]$INFO[System.Time(h),,:]$INFO[System.Time(mm)][/B]AM</value>
		<value condition="SubString(System.Time,PM,right)">[B]$INFO[System.Time(h),,:]$INFO[System.Time(mm)][/B]PM</value>
		<value>[B]$INFO[System.Time][/B]</value>
	</variable>

	<variable name="toast:Bottom">
		<value condition="[Window.IsActive(Home)] + Skin.HasSetting(overlay.pvr) + PVR.HasNonRecordingTimer">$LOCALIZE[19157]$INFO[Pvr.NextRecordingTitle,: ]</value>
		<value condition="[Window.IsActive(Home)] + Skin.HasSetting(overlay.pvr) + PVR.IsRecording">$LOCALIZE[19043]$INFO[Pvr.NowRecordingTitle,: ]</value>
		<value condition="!Window.IsActive(fullscreenvideo)">$INFO[System.Date(DDD)] $INFO[System.Date(d)] $INFO[System.Date(MMM)]</value>
		<value condition="Window.IsActive(fullscreenvideo)">$LOCALIZE[31323] $INFO[Player.FinishTime]</value>
	</variable>

	<variable name="toast:Icon">
		<value condition="IntegerGreaterThan(Player.Volume,0) + Window.IsActive(Home) + Skin.HasSetting(overlay.pvr) + PVR.HasNonRecordingTimer">$INFO[Pvr.NextRecordingChannelIcon]</value>
		<value condition="IntegerGreaterThan(Player.Volume,0) + Window.IsActive(Home) + Skin.HasSetting(overlay.pvr) + PVR.IsRecording">$INFO[Pvr.NowRecordingChannelIcon]</value>
		<value condition="IntegerGreaterThan(Player.Volume,0) + Weather.IsFetched">$INFO[Window(weather).Property(Current.FanartCode),weather/small/,.png]</value>
		<value>weather/small/na.png</value>
	</variable>

	<variable name="toast:PlayingTitle">
		<value condition="Player.HasVideo">$INFO[VideoPlayer.Title]</value>
		<value condition="Player.HasAudio + !Player.IsInternetStream">$INFO[MusicPlayer.Title]</value>
		<value condition="Player.HasAudio">$INFO[MusicPlayer.Duration,, $LOCALIZE[31701]]</value>
	</variable>

	<variable name="toast:PlayingInfo">
		<value condition="Player.HasVideo + VideoPlayer.Content(livetv)">$LOCALIZE[209]$INFO[VideoPlayer.NextTitle,: ]</value>
		<value condition="Player.HasVideo + VideoPlayer.Content(episodes) + !IsEmpty(VideoPlayer.TVShowTitle)">$INFO[VideoPlayer.TVShowTitle]</value>
		<value condition="Player.HasVideo + VideoPlayer.Content(movies) + !IsEmpty(VideoPlayer.Director)">$INFO[VideoPlayer.Director]</value>
		<value condition="Player.HasVideo + VideoPlayer.Content(musicvideos) + !IsEmpty(VideoPlayer.Artist)">$INFO[VideoPlayer.Artist]</value>
		<value condition="Player.HasVideo">$INFO[VideoPlayer.Duration,, $LOCALIZE[31701]]</value>
		<value condition="Player.HasAudio + !Player.IsInternetStream">$INFO[MusicPlayer.Artist]</value>
		<value condition="Player.HasAudio">$INFO[MusicPlayer.Duration,, $LOCALIZE[31701]]</value>
	</variable>


<!--WINDOW-->
	<variable name="window:Background">
		<value condition="Window.IsActive(custom_Youtube.xml)">special://skin/backgrounds/youtube.jpg</value>
		<value condition="Window.IsActive(custom_Browser.xml)">special://skin/backgrounds/video.jpg</value>
		<value condition="[Window.IsActive(VideoLibrary) | Window.IsActive(Videos)]">special://skin/backgrounds/video.jpg</value>
		<value condition="[SubString(Container.FolderPath,pvr://) | Window.IsActive(tvguide) | Window.IsActive(radioguide) | Window.IsActive(tvsearch) | Window.IsActive(radiosearch)]">special://skin/backgrounds/livetv.jpg</value>
		<value condition="[Window.IsActive(musiclibrary) | Window.IsActive(musicplaylisteditor)]">special://skin/backgrounds/music.jpg</value>
		<value condition="Window.IsActive(pictures) + !Control.IsVisible(531)">special://skin/backgrounds/pictures.jpg</value>
		<value condition="Window.IsActive(programs)">special://skin/backgrounds/programs.jpg</value>
		<value condition="Window.IsActive(weather) + !Skin.HasSetting(fanart.weather)">special://skin/backgrounds/weather.jpg</value>
		<value condition="Window.IsActive(settings) | Window.IsActive(SettingsCategory.xml) | Window.IsActive(filemanager) | Window.IsActive(systeminfo) | Window.IsActive(profiles) | Window.IsActive(skinsettings)">special://skin/backgrounds/settings.jpg</value>
		<value condition="Window.IsActive(addonbrowser)">special://skin/backgrounds/addons.jpg</value>
	</variable>

	<variable name="window:Title.Video">
		<value condition="IsEmpty(Container.FolderPath)">$LOCALIZE[157]</value>
		<value condition="StringCompare(Container.FolderPath,sources://video/)">$LOCALIZE[744]</value>
		<value condition="StringCompare(Container.FolderPath,addons://sources/video)">$LOCALIZE[157] [COLOR=Color2]$INFO[Container.FolderName][/COLOR]</value>
		<value condition="SubString(Container.FolderPath,plugin://plugin,left)">$INFO[Container.FolderName]</value>
		<value condition="StringCompare(Container.FolderPath,special://videoplaylists/)">$LOCALIZE[20012]</value>

		<value condition="SubString(Container.FolderPath,plugin://script.skin.helper.service/?action=nextepisodes)">$LOCALIZE[20343] [COLOR=Color2]$LOCALIZE[31013][/COLOR]</value>


		<value condition="StringCompare(Container.FolderPath,plugin://script.watchlist/)">$LOCALIZE[31013]</value>
		<value condition="StringCompare(Container.FolderPath,plugin://script.watchlist/?type=episodes)">$LOCALIZE[20343] [COLOR=Color2]$LOCALIZE[31013][/COLOR]</value>
		<value condition="StringCompare(Container.FolderPath,plugin://script.watchlist/?type=movies)">$LOCALIZE[342] [COLOR=Color2]$LOCALIZE[31013][/COLOR]</value>
		<value condition="StringCompare(Container.FolderPath,videodb://movies/) | StringCompare(Container.FolderPath,library://video/movies/)">$LOCALIZE[342]</value>
		<value condition="SubString(Container.FolderPath,movies-unwatched.xsp,Right)">$LOCALIZE[342] [COLOR=Color2]$LOCALIZE[16101][/COLOR]</value>
		<value condition="SubString(Container.FolderPath,movies-inprogress.xsp,Right)">$LOCALIZE[342] [COLOR=Color2]$LOCALIZE[575][/COLOR]</value>
		<value condition="SubString(Container.FolderPath,videodb://movies/,left)">$LOCALIZE[342] [COLOR=Color2]$INFO[Container.FolderName][/COLOR]</value>
		<value condition="SubString(Container.FolderPath,videodb://recentlyaddedmovies/)">$LOCALIZE[342] [COLOR=Color2]$LOCALIZE[31705][/COLOR]</value>
		<value condition="Container.Content(seasons) + IsEmpty(Container().ListItem(0).TVShowTitle)">$INFO[Container().ListItem(1).TVShowTitle]</value>
		<value condition="Container.Content(seasons)">$INFO[Container().ListItem().TVShowTitle]</value>
		<value condition="StringCompare(Container.FolderPath,videodb://recentlyaddedepisodes/)">$LOCALIZE[20360] [COLOR=Color2]$LOCALIZE[31705][/COLOR]</value>
		<value condition="SubString(Container.FolderPath,episodes-unwatched.xsp,Right)">$LOCALIZE[20360] [COLOR=Color2]$LOCALIZE[16101][/COLOR]</value>
		<value condition="SubString(Container.FolderPath,plugin://plugin)">$LOCALIZE[24001] [COLOR=Color2]$INFO[Container.FolderName][/COLOR]</value>
		<value condition="Container.Content(episodes) + IsEmpty(Container().ListItem(0).TVShowTitle) + SubString(Container.FolderPath,videodb://)">$INFO[Container().ListItem(1).TVShowTitle]</value>
		<value condition="Container.Content(episodes) + SubString(Container.FolderPath,videodb://)">$INFO[Container().ListItem().TVShowTitle]</value>
		<value condition="StringCompare(Container.FolderName,$LOCALIZE[626])">$LOCALIZE[20343] [COLOR=Color2]$LOCALIZE[575][/COLOR]</value>
		<value condition="StringCompare(Container.FolderPath,videodb://tvshows/) | StringCompare(Container.FolderPath,library://video/tvshows/)">$LOCALIZE[20343]</value>
		<value condition="SubString(Container.FolderPath,videodb://tvshows/,Left)">$LOCALIZE[20343] [COLOR=Color2]$INFO[Container.FolderName][/COLOR]</value>
		<value condition="StringCompare(Container.FolderPath,videodb://musicvideos/)">$LOCALIZE[20389]</value>
		<value condition="SubString(Container.FolderPath,videodb://musicvideos/)">$LOCALIZE[20389] [COLOR=Color2]$INFO[Container.FolderName][/COLOR]</value>
		<value condition="SubString(Container.FolderPath,videodb://recentlyaddedmusicvideos/)">$LOCALIZE[20389] [COLOR=Color2]$LOCALIZE[31705][/COLOR]</value>
		<value condition="SubString(Container.FolderPath,special://profile/playlists/video/)">$LOCALIZE[559] [COLOR=Color2]$INFO[Container.FolderName][/COLOR]</value>
		<value>$LOCALIZE[744] [COLOR=Color2]$INFO[Container.FolderName][/COLOR]</value>
	</variable>

	<variable name="window:Title.Music">
		<value condition="IsEmpty(Container.FolderPath)">$LOCALIZE[2]</value>
		<value condition="StringCompare(Container.FolderPath,sources://music/)">$LOCALIZE[744]</value>
		<value condition="StringCompare(Container.FolderPath,videodb://musicvideos/)">$LOCALIZE[20389]</value>
		<value condition="Container.Content(musicvideos)">$LOCALIZE[20389] [COLOR=Color2]$INFO[Container.FolderName][/COLOR]</value>
		<value condition="SubString(Container.FolderPath,recentlyaddedalbums,Right)">$LOCALIZE[2] [COLOR=Color2]$LOCALIZE[31705][/COLOR]</value>
		<value condition="SubString(Container.FolderPath,recentlyplayedalbums,Right)">$LOCALIZE[2] [COLOR=Color2]$LOCALIZE[31016][/COLOR]</value>
		<value>$LOCALIZE[2] [COLOR=Color2]$INFO[Container.FolderName][/COLOR]</value>
	</variable>

	<variable name="window:Title.System">
		<value condition="Window.IsActive(settings)">$LOCALIZE[10004]</value>
		<value condition="Window.IsActive(systeminfo)">$LOCALIZE[13000] [COLOR=Color2]$LOCALIZE[19033][/COLOR]</value>
		<value condition="Window.IsActive(profiles)">$LOCALIZE[13200] [COLOR=Color2]$LOCALIZE[5][/COLOR]</value>
		<value condition="Window.IsActive(appearancesettings)">$LOCALIZE[480] [COLOR=Color2]$LOCALIZE[5][/COLOR]</value>
		<value condition="Window.IsActive(videossettings)">$LOCALIZE[157] [COLOR=Color2]$LOCALIZE[5][/COLOR]</value>
		<value condition="Window.IsActive(programssettings)">$LOCALIZE[0] [COLOR=Color2]$LOCALIZE[5][/COLOR]</value>
		<value condition="Window.IsActive(musicsettings)">$LOCALIZE[2] [COLOR=Color2]$LOCALIZE[5][/COLOR]</value>
		<value condition="Window.IsActive(picturessettings)">$LOCALIZE[1] [COLOR=Color2]$LOCALIZE[5][/COLOR]</value>
		<value condition="Window.IsActive(networksettings)">$LOCALIZE[705] [COLOR=Color2]$LOCALIZE[5][/COLOR]</value>
		<value condition="Window.IsActive(weathersettings)">$LOCALIZE[12600] [COLOR=Color2]$LOCALIZE[5][/COLOR]</value>
		<value condition="Window.IsActive(systemsettings)">$LOCALIZE[13000] [COLOR=Color2]$LOCALIZE[5][/COLOR]</value>
		<value condition="Window.IsActive(tvsettings)">$LOCALIZE[19020] [COLOR=Color2]$LOCALIZE[5][/COLOR]</value>
		<value condition="Window.IsActive(filemanager)">$LOCALIZE[7]</value>
		<value condition="Window.IsActive(skinsettings)">$LOCALIZE[5] [COLOR=Color2]$LOCALIZE[166][/COLOR]</value>
		<value condition="Window.IsActive(eventlog)">$LOCALIZE[14111]</value>
	</variable>

	<variable name="window:Title.Addons">
		<value condition="SubString(Container.FolderPath,addons://enabled/)">$LOCALIZE[24062]</value>
		<value condition="SubString(Container.FolderPath,addons://disabled/)">$LOCALIZE[24039]</value>
		<value condition="SubString(Container.FolderPath,addons://downloading/)">$LOCALIZE[24067]</value>
		<value condition="SubString(Container.FolderPath,addons://outdated/)">$LOCALIZE[24043]</value>
		<value condition="SubString(Container.FolderPath,addons://repos/)">$LOCALIZE[24000] [COLOR=Color2]$LOCALIZE[31700][/COLOR]</value>
		<value condition="SubString(Container.FolderPath,addons://all/)">[COLOR=Color2]$LOCALIZE[593][/COLOR] $LOCALIZE[24001]</value>
		<value condition="SubString(Container.FolderPath,addons://all/) + !stringcompare(Container.FolderPath,addons://all/)">$INFO[Container.Property(addoncategory)]</value>
		<value condition="SubString(Container.FolderPath,addons://search/)">$LOCALIZE[283]</value>
		<value condition="SubString(Container.FolderPath,addons://repo.) | SubString(Container.FolderPath,addons://repository.)">$INFO[Container.Property(reponame)]</value>
		<value>$LOCALIZE[24001]</value>
	</variable>

	<variable name="window:Title.PVR">
		<value condition="Window.IsActive(tvguide) + StringCompare(Container.Viewmode,$LOCALIZE[19032])">$LOCALIZE[22020] [COLOR=Color2]$LOCALIZE[19032][/COLOR]</value>
		<value condition="Window.IsActive(tvguide) + StringCompare(Container.Viewmode,$LOCALIZE[19030])">$LOCALIZE[22020] [COLOR=Color2]$LOCALIZE[19030][/COLOR]</value>
		<value condition="Window.IsActive(tvguide) + StringCompare(Container.Viewmode,$LOCALIZE[19031])">$LOCALIZE[22020] [COLOR=Color2]$LOCALIZE[19031][/COLOR]</value>
		<value condition="Window.IsActive(tvguide) + StringCompare(Container.Viewmode,$LOCALIZE[19029])">$LOCALIZE[22020] [COLOR=Color2]$LOCALIZE[19029][/COLOR]</value>
		<value condition="Window.IsActive(tvchannels)">$LOCALIZE[19020] [COLOR=Color2]$INFO[Container.FolderName][/COLOR]</value>
		<value condition="Window.IsActive(tvtimers)">$LOCALIZE[19020] [COLOR=Color2]$LOCALIZE[19040][/COLOR]</value>
		<value condition="Window.IsActive(tvsearch)">$LOCALIZE[19020] [COLOR=Color2]$LOCALIZE[137][/COLOR]</value>
		<value condition="Window.IsActive(radioguide)">$LOCALIZE[19021] [COLOR=Color2]$LOCALIZE[22020][/COLOR]</value>
		<value condition="Window.IsActive(radiochannels)">$LOCALIZE[19021] [COLOR=Color2]$INFO[Container.FolderName][/COLOR]</value>
		<value condition="Window.IsActive(radiotimers)">$LOCALIZE[19021] [COLOR=Color2]$LOCALIZE[19040][/COLOR]</value>
		<value condition="Window.IsActive(radiosearch)">$LOCALIZE[19021] [COLOR=Color2]$LOCALIZE[137][/COLOR]</value>
		<value condition="Window.IsActive(tvrecordings) | Window.IsActive(radiorecordings)">$LOCALIZE[19017]</value>
	</variable>

	<variable name="window:Title.Pictures">
		<value condition="!SubString(Container.FolderPath,plugin)">$LOCALIZE[1]</value>
		<value>$INFO[Container.FolderName]</value>
	</variable>

	<variable name="window:Title.Playlists">
		<value condition="Window.IsVisible(videoplaylist) + !Window.IsActive(movieinformation)">$LOCALIZE[157] [COLOR=Color2]$LOCALIZE[559][/COLOR]</value>
		<value condition="Window.IsVisible(musicplaylist) + !Window.IsActive(musicinformation)">$LOCALIZE[2] [COLOR=Color2]$LOCALIZE[559][/COLOR]</value>
	</variable>

	<variable name="window:Title.Weather">
		<value condition="Window.IsVisible(Weather) + Weather.IsFetched">$INFO[Window.Property(WeatherProvider)]</value>
		<value>$LOCALIZE[12600]</value>
	</variable>

	<variable name="window:Title.Programs">
		<value condition="Window.IsVisible(Programs)">$LOCALIZE[0] [COLOR=Color2]$INFO[Container.FolderName][/COLOR]</value>
		<value>$LOCALIZE[12600]</value>
	</variable>

	<variable name="window:Debug">
		<value condition="Window.IsVisible(AddonBrowser.xml)">AddonBrowser.xml</value>
		<value condition="Window.IsVisible(FileManager.xml)">FileManager.xml</value>
		<value condition="Window.IsVisible(Home.xml)">Home.xml</value>
		<value condition="Window.IsVisible(LoginScreen.xml)">LoginScreen.xml</value>
		<value condition="Window.IsVisible(MyMusicNav.xml)">MyMusicNav.xml</value>
		<value condition="Window.IsVisible(MyMusicPlaylist.xml)">MyMusicPlaylist.xml</value>
		<value condition="Window.IsVisible(MyMusicPlaylistEditor.xml)">MyMusicPlaylistEditor.xml</value>
		<value condition="Window.IsVisible(MyMusicSongs.xml)">MyMusicSongs.xml</value>
		<value condition="Window.IsVisible(MyPics.xml)">MyPics.xml</value>
		<value condition="Window.IsVisible(MyPrograms.xml)">MyPrograms.xml</value>
		<value condition="Window.IsVisible(MyVideoNav.xml)">MyVideoNav.xml</value>
		<value condition="Window.IsVisible(MyVideoPlaylist.xml)">MyVideoPlaylist.xml</value>
		<value condition="Window.IsVisible(MyWeather.xml)">MyWeather.xml</value>
		<value condition="Window.IsVisible(Settings.xml)">Settings.xml</value>
		<value condition="Window.IsVisible(SettingsCategory.xml)">SettingsCategory.xml</value>
		<value condition="Window.IsVisible(SettingsProfile.xml)">SettingsProfile.xml</value>
		<value condition="Window.IsVisible(SkinSettings.xml)">SkinSettings.xml</value>
		<value condition="Window.IsVisible(DialogAddonInfo.xml)">DialogAddonInfo.xml</value>
		<value condition="Window.IsVisible(DialogAddonSettings.xml)">DialogAddonSettings.xml</value>
		<value condition="Window.IsVisible(DialogAlbumInfo.xml)">DialogAlbumInfo.xml</value>
		<value condition="Window.IsVisible(DialogBusy.xml)">DialogBusy.xml</value>
		<value condition="Window.IsVisible(DialogButtonMenu.xml)">DialogButtonMenu.xml</value>
		<value condition="Window.IsVisible(DialogContentSettings.xml)">DialogContentSettings.xml</value>
		<value condition="Window.IsVisible(DialogContextMenu.xml)">DialogContextMenu.xml</value>
		<value condition="Window.IsVisible(DialogExtendedProgressBar.xml)">DialogExtendedProgressBar.xml</value>
		<value condition="Window.IsVisible(DialogFavourites.xml)">DialogFavourites.xml</value>
		<value condition="Window.IsVisible(DialogFileStacking.xml)">DialogFileStacking.xml</value>
		<value condition="Window.IsVisible(DialogKaiToast.xml)">DialogKaiToast.xml</value>
		<value condition="Window.IsVisible(DialogFullScreenInfo.xml)">DialogFullScreenInfo.xml</value>
		<value condition="Window.IsVisible(DialogKaraokeSongSelector.xml)">DialogKaraokeSongSelector.xml</value>
		<value condition="Window.IsVisible(DialogKaraokeSongSelectorLarge.xml)">DialogKaraokeSongSelectorLarge.xml</value>
		<value condition="Window.IsVisible(DialogKeyboard.xml)">DialogKeyboard.xml</value>
		<value condition="Window.IsVisible(DialogMediaFilter.xml)">DialogMediaFilter.xml</value>
		<value condition="Window.IsVisible(DialogMediaSource.xml)">DialogMediaSource.xml</value>
		<value condition="Window.IsVisible(DialogMuteBug.xml)">DialogMuteBug.xml</value>
		<value condition="Window.IsVisible(DialogNetworkSetup.xml)">DialogNetworkSetup.xml</value>
		<value condition="Window.IsVisible(DialogNumeric.xml)">DialogNumeric.xml</value>
		<value condition="Window.IsVisible(DialogOK.xml)">DialogOK.xml</value>
		<value condition="Window.IsVisible(DialogPeripheralManager.xml)">DialogPeripheralManager.xml</value>
		<value condition="Window.IsVisible(DialogPeripheralSettings.xml)">DialogPeripheralSettings.xml</value>
		<value condition="Window.IsVisible(DialogPictureInfo.xml)">DialogPictureInfo.xml</value>
		<value condition="Window.IsVisible(DialogProgress.xml)">DialogProgress.xml</value>
		<value condition="Window.IsVisible(DialogPVRChannelManager.xml)">DialogPVRChannelManager.xml</value>
		<value condition="Window.IsVisible(DialogPVRChannelsOSD.xml)">DialogPVRChannelsOSD.xml</value>
		<value condition="Window.IsVisible(DialogPVRGroupManager.xml)">DialogPVRGroupManager.xml</value>
		<value condition="Window.IsVisible(DialogPVRGuideInfo.xml)">DialogPVRGuideInfo.xml</value>
		<value condition="Window.IsVisible(DialogPVRGuideOSD.xml)">DialogPVRGuideOSD.xml</value>
		<value condition="Window.IsVisible(DialogPVRGuideSearch.xml)">DialogPVRGuideSearch.xml</value>
		<value condition="Window.IsVisible(DialogPVRRecordingInfo.xml)">DialogPVRRecordingInfo.xml</value>
		<value condition="Window.IsVisible(DialogPVRTimerSettings.xml)">DialogPVRTimerSettings.xml</value>
		<value condition="Window.IsVisible(DialogSeekbar.xml)">DialogSeekbar.xml</value>
		<value condition="Window.IsVisible(DialogSelect.xml)">DialogSelect.xml</value>
		<value condition="Window.IsVisible(DialogSlider.xml)">DialogSlider.xml</value>
		<value condition="Window.IsVisible(DialogSongInfo.xml)">DialogSongInfo.xml</value>
		<value condition="Window.IsVisible(DialogPictureInfo.xml)">DialogPictureInfo.xml</value>
		<value condition="Window.IsVisible(DialogSubtitles.xml)">DialogSubtitles.xml</value>
		<value condition="Window.IsVisible(DialogTextViewer.xml)">DialogTextViewer.xml</value>
		<value condition="Window.IsVisible(DialogVideoInfo.xml)">DialogVideoInfo.xml</value>
		<value condition="Window.IsVisible(DialogVolumeBar.xml)">DialogVolumeBar.xml</value>
		<value condition="Window.IsVisible(DialogYesNo.xml)">DialogYesNo.xml</value>
		<value condition="Window.IsVisible(FileBrowser.xml)">FileBrowser.xml</value>
		<value condition="Window.IsVisible(LockSettings.xml)">LockSettings.xml</value>
		<value condition="Window.IsVisible(MusicKaraokeLyrics.xml)">MusicKaraokeLyrics.xml</value>
		<value condition="Window.IsVisible(MusicOSD.xml)">MusicOSD.xml</value>
		<value condition="Window.IsVisible(MusicOverlay.xml)">MusicOverlay.xml</value>
		<value condition="Window.IsVisible(MusicVisualisation.xml)">MusicVisualisation.xml</value>
		<value condition="Window.IsVisible(PlayerControls.xml)">PlayerControls.xml</value>
		<value condition="Window.IsVisible(ProfileSettings.xml)">ProfileSettings.xml</value>
		<value condition="Window.IsVisible(SettingsScreenCalibration.xml)">SettingsScreenCalibration.xml</value>
		<value condition="Window.IsVisible(SettingsUICalibration.xml)">SettingsUICalibration.xml</value>
		<value condition="Window.IsVisible(SettingsSystemInfo.xml)">SettingsSystemInfo.xml</value>
		<value condition="Window.IsVisible(SlideShow.xml)">SlideShow.xml</value>
		<value condition="Window.IsVisible(SmartPlaylistEditor.xml)">SmartPlaylistEditor.xml</value>
		<value condition="Window.IsVisible(SmartPlaylistRule.xml)">SmartPlaylistRule.xml</value>
		<value condition="Window.IsVisible(VideoOSD.xml)">VideoOSD.xml</value>
		<value condition="Window.IsVisible(VideoOSDBookmarks.xml)">VideoOSDBookmarks.xml</value>
		<value condition="Window.IsVisible(VideoOSDSettings.xml)">VideoOSDSettings.xml</value>
		<value condition="Window.IsVisible(VideoOverlay.xml)">VideoOverlay.xml</value>
		<value condition="Window.IsVisible(VisualisationPresetList.xml)">VisualisationPresetList.xml</value>
	</variable>

	<variable name="epg:Scrolltime">
		<value condition="StringCompare(Skin.String(epg.scrolltime),instant)">$LOCALIZE[31229]</value>
		<value condition="StringCompare(Skin.String(epg.scrolltime),fast)">$LOCALIZE[31228]</value>
		<value>$LOCALIZE[31227]</value>
	</variable>

	<variable name="view:List.TextColor">
		<value condition="Window.IsActive(script-globalsearch-main.xml) + !StringCompare(Window(Home).Property(category),focus)">Color4</value>
		<value condition="!Window.IsActive(script-globalsearch-main.xml) + ![ControlGroup(6000).HasFocus | ControlGroup(4000).HasFocus | Control.HasFocus(70) | Control.HasFocus(99)]">Color4</value>
		<value>Color1</value>
	</variable>
	<variable name="view:List.TextColor2">
		<value condition="Window.IsActive(script-globalsearch-main.xml) + !StringCompare(Window(Home).Property(category),focus)">Color4</value>
		<value condition="!Window.IsActive(script-globalsearch-main.xml) + ![ControlGroup(6000).HasFocus | ControlGroup(4000).HasFocus | Control.HasFocus(70) | Control.HasFocus(99)]">Color4</value>
		<value>Color2</value>
	</variable>

</includes>