<?xml version='1.0' encoding='UTF-8'?>
<shortcuts>
	<shortcut>
		<defaultID>31013</defaultID>
		<label>$SKIN[31013|skin.refocus|Watchlist]</label>
		<label2>Movies</label2>
		<icon>DefaultIconWatchlist.png</icon>
		<thumb />
		<action>ActivateWindow(Videos,plugin://script.watchlist?type=movies,return)</action>
	</shortcut>
	<shortcut>
		<defaultID>31705</defaultID>
		<label>$SKIN[31705|skin.refocus|Recently Added]</label>
		<label2>Movies</label2>
		<icon>DefaultRecentlyAddedMovies.png</icon>
		<thumb />
		<action>ActivateWindow(10025,videodb://recentlyaddedmovies/,return)</action>
	</shortcut>
	<shortcut>
		<defaultID>unwatched</defaultID>
		<label>Unwatched</label>
		<label2>Skin Playlist</label2>
		<icon>DefaultPlaylist.png</icon>
		<thumb />
		<action>ActivateWindow(VideoLibrary,special://skin/playlists/video/movies-unwatched.xsp,return)</action>
	</shortcut>
</shortcuts>
