<?xml version='1.0' encoding='UTF-8'?>
<shortcuts>
	<shortcut>
		<defaultID>133</defaultID>
		<label>133</label>
		<label2>item</label2>
		<icon>DefaultMusicArtists.png</icon>
		<thumb />
		<action>ActivateWindow(10502,library://music/artists.xml,return)</action>
	</shortcut>
	<shortcut>
		<defaultID>31705</defaultID>
		<label>$SKIN[31705|skin.refocus|Recently Added]</label>
		<label2>Albums</label2>
		<icon>DefaultMusicRecentlyAdded.png</icon>
		<thumb />
		<action>ActivateWindow(10502,musicdb://recentlyaddedalbums/,return)</action>
	</shortcut>
	<shortcut>
		<defaultID>31016</defaultID>
		<label>$SKIN[31016|skin.refocus|Recently Played]</label>
		<label2>Albums</label2>
		<icon>DefaultMusicRecentlyPlayed.png</icon>
		<thumb />
		<action>ActivateWindow(10502,musicdb://recentlyplayedalbums/,return)</action>
	</shortcut>
	<shortcut>
		<defaultID>musicvideos</defaultID>
		<label>20389</label>
		<label2>Common Shortcut</label2>
		<icon>DefaultMusicVideos.png</icon>
		<thumb />
		<action>ActivateWindow(Videos,videodb://musicvideos/titles/,return)</action>
	</shortcut>
	<shortcut>
		<defaultID>24001</defaultID>
		<label>24001</label>
		<label2>Music</label2>
		<icon>DefaultAddonMusic.png</icon>
		<thumb />
		<action>ActivateWindow(MusicLibrary,Addons,return)</action>
	</shortcut>
</shortcuts>
