<?xml version="1.0" encoding="UTF-8"?>
<overrides>	

	<!--shortcuts-->
	<groupings>
		<!--common-->
		<node label="32029">
			<content>common</content>
			<shortcut label="$LOCALIZE[24001]" type="::SCRIPT::32034" icon="DefaultAddonProgram.png">ActivateWindow(addonbrowser)</shortcut>
			<shortcut label="::LOCAL::31210" type="::SCRIPT::32034" icon="DefaultIconSettings.png">RunScript(script.skinshortcuts,type=manage&amp;nolabels=True&amp;group=mainmenu)</shortcut>
			<shortcut label="::LOCAL::13000" type="::SCRIPT::32034" icon="DefaultIconSettings.png">ActivateWindow(Settings)</shortcut>
			<shortcut label="137" type="::SCRIPT::32034" icon="DefaultIconSearch.png" condition="System.HasAddon(script.globalsearch) + !Skin.HasSetting(search.disable)">RunAddon(script.globalsearch)</shortcut>
		</node>

		<!--video-->
		<node label="32030">
			<node label="31013">
				<shortcut label="31013" type="342" icon="DefaultIconWatchlist.png">ActivateWindow(Videos,plugin://script.watchlist?type=movies,return)</shortcut>
				<shortcut label="31013" type="20360" icon="DefaultIconWatchlist.png">ActivateWindow(Videos,plugin://script.skin.helper.service/?action=nextepisodes&amp;limit=100)</shortcut>
			</node>
			<node label="32040">
				<content>playlist-video</content>
			</node>
			<node label="32010">
				<shortcut label="1037" type="32014" icon="DefaultAddonVideo.png">ActivateWindow(Videos,Addons,return)</shortcut>
				<content>addon-video</content>
			</node>
			<node label="32075">
				<content>videosources</content>
				<content>upnp-video</content>
			</node>
			<content>video</content>
		</node>
		
		<!--music-->
		<node label="32031">
			<content>music</content>
			<node label="32040">
				<content>playlist-audio</content>
			</node>
			<node label="32011">
				<shortcut label="1038" type="32019" icon="DefaultAddonMusic.png">ActivateWindow(MusicLibrary,Addons,return)</shortcut>
				<content>addon-audio</content>
			</node>
			<node label="32075">
				<content>musicsources</content>
				<content>upnp-music</content>
			</node>
		</node>

		<!--pvr-->
		<node label="32017">
			<content>pvr</content>
			<node label="19023">
				<content>pvr-tv</content>
			</node>
		</node>
		<node label="32087">
			<content>radio</content>
			<node label="19024">
				<content>pvr-radio</content>
			</node>
		</node>

		<!--pictures-->
		<node label="32020">
			<content>picturesources</content>
		</node>

		<!--add-ons-->
		<node label="32007">
			<node label="32009">
				<shortcut label="10001" type="32021" icon="DefaultAddonProgram.png">ActivateWindow(Programs,Addons,return)</shortcut>
				<content>addon-program</content>
			</node>
			<node label="32010">
				<shortcut label="1037" type="32014" icon="DefaultAddonVideo.png">ActivateWindow(Videos,Addons,return)</shortcut>
				<content>addon-video</content>
			</node>
			<node label="32011">
				<shortcut label="1038" type="32019" icon="DefaultAddonMusic.png">ActivateWindow(MusicLibrary,Addons,return)</shortcut>
				<content>addon-audio</content>
			</node>
			<node label="32012">
				<shortcut label="1039" type="32020" icon="DefaultAddonPicture.png">ActivateWindow(Pictures,Addons,return)</shortcut>
				<content>addon-image</content>
			</node>
		</node>

		<!--favourites-->
		<node label="32006">
			<content>favourite</content>
		</node>

		<!--settings-->
		<node label="10004">
			<content>settings</content>
		</node>

		<!--commands-->
		<node label="32054">
			<shortcut label="$LOCALIZE[13012]" type="$LOCALIZE[31704]" icon="DefaultIconKodi.png">ActivateWindow(shutdownmenu)</shortcut>
			<content>commands</content>
		</node>
	</groupings>

	<!--widgets-->
	<widget-groupings>
	<content>widgets</content>
		<!--watchlist-->
		<node label="31013">
			<shortcut label="342" type="32099" icon="DefaultIconWatchlist.png" widget="Addon" widgetType="movies" widgetTarget="video" condition="System.HasAddon(script.watchlist)">plugin://script.watchlist/?type=movies</shortcut>
			<shortcut label="20360" type="32099" icon="DefaultIconWatchlist.png" widget="Addon" widgetType="episodes" widgetTarget="video" condition="System.HasAddon(script.skin.helper.service)">plugin://script.skin.helper.service/?action=nextepisodes&amp;limit=100</shortcut>
		</node>

		<!--recently added-->
		<node label="31705">
			<shortcut label="3" type="32099" widgetName="$ADDON[service.library.data.provider 32019]" icon="DefaultVideo.png" widget="Addon" widgetType="videos" widgetTarget="video" condition="System.HasAddon(service.library.data.provider)">plugin://service.library.data.provider?type=recentvideos&amp;reload=$INFO[Window(10000).Property(recentvideos)]</shortcut>
			<shortcut label="342" type="32099" widgetName="$ADDON[service.library.data.provider 32005]" icon="DefaultRecentlyAddedMovies.png" widget="Addon" widgetType="movies" widgetTarget="video" condition="System.HasAddon(service.library.data.provider)">plugin://service.library.data.provider?type=recentmovies&amp;reload=$INFO[Window(10000).Property(recentmovies)]</shortcut>
			<shortcut label="20360" type="32099" widgetName="$ADDON[service.library.data.provider 32008]" icon="DefaultRecentlyAddedEpisodes.png" widget="Addon" widgetType="episodes" widgetTarget="video" condition="System.HasAddon(service.library.data.provider)">plugin://service.library.data.provider?type=recentepisodes&amp;reload=$INFO[Window(10000).Property(recentepisodes)]</shortcut>
			<shortcut label="132" type="32099" widgetName="$ADDON[service.library.data.provider 32017]" icon="DefaultMusicAlbums.png" widget="Addon" widgetType="albums" widgetTarget="music" condition="System.HasAddon(service.library.data.provider)">plugin://service.library.data.provider?type=recentalbums&amp;reload=$INFO[Window.Property(recentalbums)]</shortcut>
			<shortcut label="134" type="32099" widgetName="$ADDON[script.skin.helper.service 32087]" icon="DefaultMusicSongs.png" widget="Addon" widgetType="songs" widgetTarget="music" condition="System.HasAddon(script.skin.helper.service)">plugin://script.skin.helper.service/?action=recentsongs&amp;limit=25&amp;reload=$INFO[Window(Home).Property(widgetreloadmusic)]</shortcut>
			<shortcut label="20389" type="32099" widgetName="$ADDON[service.library.data.provider 32023]" icon="DefaultMusicVideos.png" widget="Library" widgetType="musicvideos" widgetTarget="video">plugin://service.library.data.provider?type=recentmusicvideos&amp;reload=$INFO[Window.Property(recentmusicvideos)]</shortcut>
			<shortcut label="31156" type="32099" widgetName="$ADDON[script.skin.helper.service 32005]" icon="DefaultIconKodi.png" widget="Addon" widgetType="mixed" widgetTarget="video" condition="System.HasAddon(script.skin.helper.service)">plugin://script.skin.helper.service/?action=recentmedia&amp;limit=25&amp;reload=$INFO[Window(Home).Property(widgetreloadmusic)]</shortcut>
		</node>

		<!--unwatched-->
		<node label="16101">
			<shortcut label="342" type="32099" widgetName="$LOCALIZE[31036]" icon="DefaultMovies.png" widget="Playlist" widgetType="movies" widgetTarget="video">special://skin/playlists/video/movies-unwatched.xsp</shortcut>
			<shortcut label="20360" type="32099" widgetName="$LOCALIZE[31148]" icon="DefaultIconEpisode.png" widget="Playlist" widgetType="episodes" widgetTarget="video">special://skin/playlists/video/episodes-unwatched.xsp</shortcut>
			<shortcut label="20389" type="32099" widgetName="$LOCALIZE[31155]" icon="DefaultMusicVideos.png" widget="Playlist" widgetType="musicvideos" widgetTarget="video">special://skin/playlists/video/musicvideos-unwatched.xsp</shortcut>
			<shortcut label="31156" type="32099" widgetName="$ADDON[script.skin.helper.service 32005]" icon="DefaultIconKodi.png" widget="Addon" widgetType="albums" widgetTarget="music" condition="System.HasAddon(script.skin.helper.service)">plugin://script.skin.helper.service/?action=recentmedia&amp;limit=25&amp;reload=$INFO[Window(Home).Property(widgetreload2)]</shortcut>
		</node>

		<!--online sources-->
		<node label="Online sources">
			<shortcut label="$ADDON[plugin.video.youtube 30513]" type="YouTube" icon="DefaultIconYouTube.png" widget="Addon" widgetType="episodes" widgetTarget="video" condition="System.HasAddon(plugin.video.youtube)">plugin://plugin.video.youtube/special/popular_right_now/</shortcut>
			<shortcut label="$LOCALIZE[31015]" type="iTunes" icon="DefaultIconTrailers.png" widget="Addon" widgetType="movies" widgetTarget="video" condition="System.HasAddon(plugin.video.itunes_trailers)">plugin://plugin.video.itunes_trailers/</shortcut>
			<shortcut label="$ADDON[script.extendedinfo 32047]" type="Trakt.tv" icon="DefaultIconTrakt.png" widget="Addon" widgetType="movies" widgetTarget="video" condition="System.HasAddon(script.extendedinfo)">plugin://script.extendedinfo?info=trendingmovies</shortcut>
			<shortcut label="$ADDON[script.extendedinfo 32032]" type="Trakt.tv" icon="DefaultIconTrakt.png" widget="Addon" widgetType="tvshows" widgetTarget="video" condition="System.HasAddon(script.extendedinfo)">plugin://script.extendedinfo?info=trendingshows</shortcut>
			<shortcut label="$ADDON[script.extendedinfo 32028]" type="Trakt.tv" icon="DefaultIconTrakt.png" widget="Addon" widgetType="tvshows" widgetTarget="video" condition="System.HasAddon(script.extendedinfo)">plugin://script.extendedinfo?info=airingshows</shortcut>
			<shortcut label="$ADDON[script.extendedinfo 32029]" type="Trakt.tv" icon="DefaultIconTrakt.png" widget="Addon" widgetType="tvshows" widgetTarget="video" condition="System.HasAddon(script.extendedinfo)">plugin://script.extendedinfo?info=premiereshows</shortcut>
			<shortcut label="$ADDON[script.extendedinfo 32042]" type="TheMovieDB" icon="DefaultIconTMBD.png" widget="Addon" widgetType="movies" widgetTarget="video" condition="System.HasAddon(script.extendedinfo)">plugin://script.extendedinfo?info=incinemas</shortcut>
			<shortcut label="$ADDON[script.extendedinfo 32043]" type="TheMovieDB" icon="DefaultIconTMBD.png" widget="Addon" widgetType="movies" widgetTarget="video" condition="System.HasAddon(script.extendedinfo)">plugin://script.extendedinfo?info=upcoming</shortcut>
			<shortcut label="$ADDON[script.extendedinfo 32044]" type="TheMovieDB" icon="DefaultIconTMBD.png" widget="Addon" widgetType="movies" widgetTarget="video" condition="System.HasAddon(script.extendedinfo)">plugin://script.extendedinfo?info=popularmovies</shortcut>
			<shortcut label="$ADDON[script.extendedinfo 32046]" type="TheMovieDB" icon="DefaultIconTMBD.png" widget="Addon" widgetType="movies" widgetTarget="video" condition="System.HasAddon(script.extendedinfo)">plugin://script.extendedinfo?info=topratedmovies</shortcut>
			<shortcut label="$ADDON[script.extendedinfo 32041]" type="TheMovieDB" icon="DefaultIconTMBD.png" widget="Addon" widgetType="tvshows" widgetTarget="video" condition="System.HasAddon(script.extendedinfo)">plugin://script.extendedinfo?info=populartvshows</shortcut>
			<shortcut label="$ADDON[script.extendedinfo 32040]" type="TheMovieDB" icon="DefaultIconTMBD.png" widget="Addon" widgetType="tvshows" widgetTarget="video" condition="System.HasAddon(script.extendedinfo)">plugin://script.extendedinfo?info=topratedtvshows</shortcut>
			<shortcut label="$ADDON[script.extendedinfo 32039]" type="TheMovieDB" icon="DefaultIconTMBD.png" widget="Addon" widgetType="tvshows" widgetTarget="video" condition="System.HasAddon(script.extendedinfo)">plugin://script.extendedinfo?info=onairtvshows</shortcut>
			<shortcut label="$ADDON[script.extendedinfo 32038]" type="TheMovieDB" icon="DefaultIconTMBD.png" widget="Addon" widgetType="tvshows" widgetTarget="video" condition="System.HasAddon(script.extendedinfo)">plugin://script.extendedinfo?info=airingtodaytvshows</shortcut>
			<shortcut label="$ADDON[script.extendedinfo 32042]" type="Rotten Tomatoes" icon="DefaultIconRT.png" widget="Addon" widgetType="movies" widgetTarget="video" condition="System.HasAddon(script.extendedinfo)">plugin://script.extendedinfo?info=intheaters</shortcut>
			<shortcut label="$ADDON[script.extendedinfo 32043]" type="Rotten Tomatoes" icon="DefaultIconRT.png" widget="Addon" widgetType="movies" widgetTarget="video" condition="System.HasAddon(script.extendedinfo)">plugin://script.extendedinfo?info=comingsoon</shortcut>
			<shortcut label="$ADDON[script.extendedinfo 32048]" type="Rotten Tomatoes" icon="DefaultIconRT.png" widget="Addon" widgetType="movies" widgetTarget="video" condition="System.HasAddon(script.extendedinfo)">plugin://script.extendedinfo?info=opening</shortcut>
			<shortcut label="$ADDON[script.extendedinfo 32055]" type="Rotten Tomatoes" icon="DefaultIconRT.png" widget="Addon" widgetType="movies" widgetTarget="video" condition="System.HasAddon(script.extendedinfo)">plugin://script.extendedinfo?info=boxoffice</shortcut>
			<shortcut label="$ADDON[script.extendedinfo 32056]" type="Rotten Tomatoes" icon="DefaultIconRT.png" widget="Addon" widgetType="movies" widgetTarget="video" condition="System.HasAddon(script.extendedinfo)">plugin://script.extendedinfo?info=toprentals</shortcut>
			<shortcut label="$ADDON[script.extendedinfo 32049]" type="Rotten Tomatoes" icon="DefaultIconRT.png" widget="Addon" widgetType="movies" widgetTarget="video" condition="System.HasAddon(script.extendedinfo)">plugin://script.extendedinfo?info=currentdvdreleases</shortcut>
			<shortcut label="$ADDON[script.extendedinfo 32053]" type="Rotten Tomatoes" icon="DefaultIconRT.png" widget="Addon" widgetType="movies" widgetTarget="video" condition="System.HasAddon(script.extendedinfo)">plugin://script.extendedinfo?info=newdvdreleases</shortcut>
			<shortcut label="$ADDON[script.extendedinfo 32054]" type="Rotten Tomatoes" icon="DefaultIconRT.png" widget="Addon" widgetType="movies" widgetTarget="video" condition="System.HasAddon(script.extendedinfo)">plugin://script.extendedinfo?info=upcomingdvds</shortcut>
		</node>

		<!--information-->
		<node label="$LOCALIZE[14116]">
			<shortcut label="$LOCALIZE[12600]" type="32099" icon="DefaultAddonWeather.png" widget="WeatherForecast" widgetType="weather" condition="Weather.IsFetched">$INCLUDE[weather-widget]</shortcut>
			<shortcut label="$LOCALIZE[10517]" type="32099" icon="DefaultMusicSongs.png" widget="PlayingMusic" widgetType="playingmusic">playlistmusic://</shortcut>
		</node>

		<!--favourites-->
		<node label="1036">
			<shortcut label="$ADDON[script.skin.helper.service 32000]" type="32099" icon="DefaultIconFavourite.png" widget="Addon" widgetType="mixed" widgetTarget="video" condition="System.HasAddon(script.skin.helper.service)">plugin://script.skin.helper.service/?action=favourites&amp;limit=25&amp;reload=$INFO[Window(Home).Property(widgetreload2)]</shortcut>
			<shortcut label="$ADDON[script.skin.helper.service 32001]" type="32099" icon="DefaultIconFavourite.png" widget="Addon" widgetType="mixed" widgetTarget="video" condition="System.HasAddon(script.skin.helper.service)">plugin://script.skin.helper.service/?action=favouritemedia&amp;limit=25&amp;reload=$INFO[Window(Home).Property(widgetreload2)]</shortcut>
		</node>

		<!--library-->
		<node label="29921">
			<node label="32030">
				<content>video</content>
				<node label="32040">
					<content>playlist-video</content>
				</node>
				<node label="32010">
					<content>addon-video</content>
				</node>
				<node label="32075">
					<content>videosources</content>
				</node>
			</node>
			<node label="32031">
				<content>music</content>
				<node label="32040">
					<content>playlist-audio</content>
				</node>
				<node label="32011">
					<content>addon-audio</content>
				</node>
				<node label="32075">
					<content>musicsources</content>
				</node>
			</node>
			<node label="32020">
				<content>picturesources</content>
			</node>
			<node label="32007">
				<node label="32009">
					<content>addon-program-plugin</content>
				</node>
				<node label="32010">
					<content>addon-video</content>
				</node>
				<node label="32011">
					<content>addon-audio</content>
				</node>
				<node label="32012">
					<content>addon-image</content>
				</node>
				<shortcut label="10001" type="32021" icon="DefaultAddonProgram.png" widget="Addon" widgetType="program" widgetTarget="programs">addons://sources/executable</shortcut>
				<shortcut label="1037" type="32014" icon="DefaultAddonVideo.png" widget="Addon" widgetType="video" widgetTarget="video">addons://sources/video</shortcut>
				<shortcut label="1038" type="32019" icon="DefaultAddonMusic.png" widget="Addon" widgetType="music" widgetTarget="music">addons://sources/audio</shortcut>
				<shortcut label="1039" type="32020" icon="DefaultAddonPicture.png" widget="Addon" widgetType="picture" widgetTarget="pictures">addons://sources/image</shortcut>
			</node>
		</node>
	</widget-groupings>

<!--default widgets-->
	<widgetdefault labelID="tvshows">RecentEpisodes</widgetdefault>
	<widgetdefaultnode defaultID="movies" group="mainmenu" label="31028" type="movies" path="plugin://script.watchlist/?type=movies" target="video">MoviesWatchlist</widgetdefaultnode>
	<widgetdefaultnode defaultID="tvshows" group="mainmenu" label="31029" type="episodes" path="plugin://script.watchlist/?type=episodes" target="video">EpisodesWatchlist</widgetdefaultnode>
	<widgetdefaultnode defaultID="videos" group="mainmenu" label="$ADDON[service.library.data.provider 32019]" type="videos" path="plugin://service.library.data.provider?type=recentvideos&amp;reload=$INFO[Window(10000).Property(recentvideos)]" target="video">RecentVideos</widgetdefaultnode>
	<widgetdefaultnode defaultID="24001" group="mainmenu" label="YouTube" type="Addon" path="plugin://plugin.video.youtube/special/popular_right_now/" target="video" condition="System.HasAddon(plugin.video.youtube)">YouTubePopular</widgetdefaultnode>
	<widgetdefaultnode defaultID="weather" group="mainmenu" label="Weather" type="weather" path="$INCLUDE[weather-widget]" target="static">WeatherWidget</widgetdefaultnode>

<!--custom shortcuts-->
	<!--now playing-->
	<shortcut label="31035" type="32034" grouping="common" icon="DefaultIconPlay.png">fullscreen</shortcut>
	<override action="fullscreen">
		<condition>Player.HasVideo</condition>
	</override>
	<override action="fullscreen">
		<condition>Player.HasAudio</condition>
		<action>ActivateWindow(musicplaylist)</action>
	</override>

<!--settings removal warning-->
	<warn heading="::LOCAL::19098" message="::LOCAL::31018">ActivateWindow(Settings)</warn>

<!--label overrides-->
	<availableshortcutlabel action="ActivateWindow(10025,videodb://recentlyaddedmovies/,return)" type="342">$LOCALIZE[31705]</availableshortcutlabel>
	<availableshortcutlabel action="ActivateWindow(10025,videodb://recentlyaddedepisodes/,return)" type="20360">$LOCALIZE[31705]</availableshortcutlabel>
	<availableshortcutlabel action="ActivateWindow(10025,videodb://recentlyaddedmusicvideos/,return)" type="20389">$LOCALIZE[31705]</availableshortcutlabel>
	<availableshortcutlabel action="ActivateWindow(10502,musicdb://recentlyaddedalbums/,return)" type="132">$LOCALIZE[31705]</availableshortcutlabel>
	<availableshortcutlabel action="ActivateWindow(10502,musicdb://recentlyplayedalbums/,return)" type="132">$LOCALIZE[31016]</availableshortcutlabel>
	<availableshortcutlabel action="ActivateWindow(MusicLibrary,Addons,return)" type="249">$LOCALIZE[24001]</availableshortcutlabel>
	<availableshortcutlabel action="ActivateWindow(Videos,Addons,return)" type="291">$LOCALIZE[24001]</availableshortcutlabel>
	<availableshortcutlabel action="ActivateWindow(Pictures,Addons,return)" type="1">$LOCALIZE[24001]</availableshortcutlabel>
	<availableshortcutlabel action="ActivateWindow(Programs,Addons,return)" type="24001">$LOCALIZE[10506]</availableshortcutlabel>

<!--icon overrides-->
	<icon image="DefaultShortcut.png" grouping="settings">DefaultIconSettings.png</icon>
	<icon labelID="weather">DefaultAddonWeather.png</icon>
	<icon labelID="1036">DefaultIconFavourite.png</icon>
	<icon labelID="settings">DefaultIconSettings.png</icon>
	<icon labelID="32058">DefaultAddonWebSkin.png</icon><!--create shortcut here-->
	<icon labelID="1036">DefaultIconFavourite.png</icon>
	<icon labelID="10007">DefaultIconInfo.png</icon><!--system information-->

<!--backgrounds-->
	<backgroundBrowse default="">True</backgroundBrowse>
	<background label="8">$INFO[Skin.String(WeatherFanart.path)]$INFO[Window(Weather).Property(Current.FanartCode)]$VAR[weather:FanartExtension]</background>
	<background label="smartshortcuts">||BROWSE||plugin://script.skin.helper.service/?action=backgrounds</background>
</overrides>