<template>
	<other include="widget_Vertical">
		<!-- This will match against any menu items with a <property name="widgetPath" /> element -->
		<condition tag="property" attribute="name|widgetPath"></condition>

		<!-- Pull out the widgetPath and widgetTarget properties from the menu item -->
		<property name="path" tag="property" attribute="name|widgetPath" />
		<property name="target" tag="property" attribute="name|widgetTarget" />

		<controls>
			<control type="list" id="9200">
				<skinshortcuts>visibility</skinshortcuts>
				<left>320</left>
				<width>1620</width>
				<height>screen_Height</height>
				<onleft>9000</onleft>
				<onleft>ClearProperty(WidgetState)</onleft>
				<onleft>noop</onleft>
				<onup>9200</onup>
				<ondown>9200</ondown>
				<onback>ClearProperty(WidgetState)</onback>
				<onback>9000</onback>
				<oninfo>SetProperty(ExtInfo,open,Home)</oninfo>
				<oninfo>RunScript(script.extendedinfo,info=extendedinfo,name=$INFO[Container(9200).ListItem.Label])</oninfo>
				<orientation>vertical</orientation>
				<preloaditems>2</preloaditems>
				<pagecontrol>70</pagecontrol>
				<include>focus</include>
				<include>transition_Home</include>
				<include>global_Scrolltime</include>
				<include>toggle_Widget</include>
				<itemlayout width="screen_Width" height="screen_Height">
					<include>widget_Item-Art</include>
					<include>widget_Item-Info</include>
				</itemlayout>
				<focusedlayout width="screen_Width" height="screen_Height">
					<include>widget_Item-Art</include>
					<include>widget_Item-Info</include>
				</focusedlayout>
				<!--insert the properties pulled from the main menu-->
				<content target="$SKINSHORTCUTS[target]">$SKINSHORTCUTS[path]</content>
			</control>
		</controls>
	</other>

	<other include="widget_Horizontal">
		<!-- This will match against any menu items with a <property name="widgetPath" /> element -->
		<condition tag="property" attribute="name|widgetPath"></condition>

		<!-- Pull out the widgetPath and widgetTarget properties from the menu item -->
		<property name="path" tag="property" attribute="name|widgetPath" />
		<property name="target" tag="property" attribute="name|widgetTarget" />

		<controls>
			<control type="list" id="9200">
				<skinshortcuts>visibility</skinshortcuts>
				<left>0</left>
				<width>screen_Width</width>
				<height>screen_Height</height>
				<onleft>9200</onleft>
				<onleft>9200</onleft>
				<onup>noop</onup>
				<ondown>ClearProperty(WidgetState)</ondown>
				<ondown>9000</ondown>
				<onback>ClearProperty(WidgetState)</onback>
				<onback>9000</onback>
				<oninfo>RunScript(script.extendedinfo,info=extendedinfo,name=$INFO[Container(9200).ListItem.Label])</oninfo>
				<orientation>horizontal</orientation>
				<preloaditems>2</preloaditems>
				<pagecontrol>71</pagecontrol>
				<include>focus</include>
				<include>transition_Home</include>
				<include>global_Scrolltime</include>
				<include>toggle_Widget</include>
				<itemlayout width="screen_Width" height="screen_Height">
					<include>widget_Item-Art</include>
					<include>widget_Item-Info</include>
				</itemlayout>
				<focusedlayout width="screen_Width" height="screen_Height">
					<include>widget_Item-Art</include>
					<include>widget_Item-Info</include>
				</focusedlayout>
				<!--insert the properties pulled from the main menu-->
				<content target="$SKINSHORTCUTS[target]">$SKINSHORTCUTS[path]</content>
			</control>
		</controls>
	</other>
</template>