<?xml version='1.0' encoding='UTF-8'?>
<shortcuts>
	<shortcut>
		<defaultID>1214</defaultID>
		<label>1214</label>
		<label2>Videos</label2>
		<icon>DefaultVideo.png</icon>
		<thumb />
		<action>ActivateWindow(Videos,Files,return)</action>
	</shortcut>
	<shortcut>
		<defaultID>136</defaultID>
		<label>136</label>
		<label2>Videos</label2>
		<icon>DefaultVideoPlaylists.png</icon>
		<thumb />
		<action>ActivateWindow(Videos,Playlists,return)</action>
	</shortcut>
	<shortcut>
		<defaultID>24001</defaultID>
		<label>24001</label>
		<label2>Videos</label2>
		<icon>DefaultAddonVideo.png</icon>
		<thumb />
		<action>ActivateWindow(Videos,Addons,return)</action>
	</shortcut>
</shortcuts>
