﻿<?xml version="1.0" encoding="UTF-8" standalone="yes"?>
<addon id="repository.mrquim" name="Mr. Quim repository" version="1.0.5" provider-name="Mr. Quim">
	<extension point="xbmc.addon.repository" name="Mr. Quim Add-on Repository">
		<info compressed="false">http://raw.github.com/mrquim/repository.mrquim/master/addons.xml</info>
		<checksum>http://raw.github.com/mrquim/repository.mrquim/master/addons.xml.md5</checksum>
		<datadir zip="true">http://raw.github.com/mrquim/repository.mrquim/master/repo/</datadir>
	</extension>
	<extension point="xbmc.addon.metadata">
		<summary>Mr. Quim Repository</summary>
		<description>Este repositório serve para que tenhas todos os add-ons criados por mim, actualizados de forma automática.
		Neste repositório irás encontrar também outros repositórios e add-ons.
		Todos os repositórios e add-ons que se encontram aqui são add-ons desenvolvidos por terceiros para usar no programa Kodi (Add-ons Não Oficiais), visto o Kodi ser um projecto OpenSource, logo não têm qualquer ligação com o Kodi.tv.</description>
		<disclaimer></disclaimer>
		<platform>all</platform>
	</extension>
</addon>