	<ol class='highlight code'>
	<li class='' id='line-0'><div>Sports:</div></li>
	<li class='' id='line-1'><div>Arena 1:mpd://06601e3489890afdb3bdcaf46e87747e.m3u8</div></li>
	<li class='' id='line-2'><div>Arena 2:mpd://9fc113e3cb65d67185903645c5a7d77b.m3u8</div></li>
	<li class='' id='line-3'><div>Arena 3:mpd://205a864931b005cb983e67e717acc544.m3u8</div></li>
	<li class='' id='line-4'><div>Arena 4:mpd://68b9d03354a24ea0cdcdf10413ccb635.m3u8</div></li>
	<li class='' id='line-5'><div>At the Races:mpd://770491f6a94a4901fb248d5f6659d88a.m3u8</div></li>
	<li class='' id='line-6'><div>Barça TV:mpd://51301e238855a098f2650290a71e3de0.m3u8</div></li>
	<li class='' id='line-7'><div>beIN Sport España:mpd://b307f22d624c42d3d6931847c0415ee3.m3u8</div></li>
	<li class='' id='line-8'><div>Bein Sports 1:mpd://093bace1b3ab30f0f81062517cbd041b.m3u8</div></li>
	<li class='' id='line-9'><div>Bein Sports 2:mpd://d53a1633dace80c6dd8368d1d679e50b.m3u8</div></li>
	<li class='' id='line-10'><div>Bein Sports 3:mpd://ecd1661eb886ba1be6dc1844ab933717.m3u8</div></li>
	<li class='' id='line-11'><div>beIN Sport Usa:mpd://03a52790c4f8fac2f87b274087041b87.m3u8</div></li>
	<li class='' id='line-12'><div>British Eurosport 1:mpd://7adc3be6083aeecdcfd51f2cc92d3713.m3u8</div></li>
	<li class='' id='line-13'><div>British Eurosport 2:mpd://b17a4be223d6d945f21785dc401a0429.m3u8</div></li>
	<li class='' id='line-14'><div>BT SPORT 1:mpd://feb9c19124327ffd2bae3c97249ea40e.m3u8</div></li>
	<li class='' id='line-15'><div>BT SPORT 2:mpd://a0baff4a9870ad57efd54f32cf8be880.m3u8</div></li>
	<li class='' id='line-16'><div>BT SPORT ESPN:mpd://8a0b2af9d4b4eb4cf9967448b67714d6.m3u8</div></li>
	<li class='' id='line-17'><div>BT SPORT EUROPE:mpd://9d8896af505619b4c912197f79833555.m3u8</div></li>
	<li class='' id='line-18'><div>Canal+ Deportes:mpd://13a82fefd89fa03cd8e51ce80f77fd2a.m3u8</div></li>
	<li class='' id='line-19'><div>Canal+ Fútbol:mpd://7d0bba092d8b7e333e672720d4a8e994.m3u8</div></li>
	<li class='' id='line-20'><div>Canal+ Golf:mpd://7f47151b98d5a4a4b6d2fb8618ed9fde.m3u8</div></li>
	<li class='' id='line-21'><div>Canal+ Liga:mpd://f4c4f1527dee66e5fefbda7f1763afb9.m3u8</div></li>
	<li class='' id='line-22'><div>Canal+ Sport:mpd://71acd8666ea6c8155ff0e261b6f75e86.m3u8</div></li>
	<li class='' id='line-23'><div>Canal+ Toros:mpd://bc066419395d6d17952a1915c5b9ebc5.m3u8</div></li>
	<li class='' id='line-24'><div>Chelsea TV:mpd://dc3b39d192930d7e940b1d58bda64bcf.m3u8</div></li>
	<li class='' id='line-25'><div>ESPN:mpd://7b0ef842a6a1233a8a86a8533063a1a1.m3u8</div></li>
	<li class='' id='line-26'><div>ESPN:mpd://aca0a31d14c85e19f7023c9a3889f37b.m3u8</div></li>
	<li class='' id='line-27'><div>ESPN 2:mpd://7a39b11b9af247053ebd637ff1ca9db8.m3u8</div></li>
	<li class='' id='line-28'><div>ESPN News:mpd://9d2247985e7b08766720fcb65864c49c.m3u8</div></li>
	<li class='' id='line-29'><div>ESPN U:mpd://5a04e5bb28a009ab9e705cd588a3a908.m3u8</div></li>
	<li class='' id='line-30'><div>Eurosport (version in French):mpd://c1b1673a1ac23f4f2bba24ff742ad882.m3u8</div></li>
	<li class='' id='line-31'><div>Eurosport 2 (version in French):mpd://b4ddd7daba093874111eb1d7d5af4513.m3u8</div></li>
	<li class='' id='line-32'><div>Fox Sports:mpd://c1ba19187bba4d273cdc877dc413564a.m3u8</div></li>
	<li class='' id='line-33'><div>Golf Channel:mpd://5eed0d397932b4241d4866728c3b7fcf.m3u8</div></li>
	<li class='' id='line-34'><div>Liverpool TV:mpd://71a00014007ea740e245d9a342300cab.m3u8</div></li>
	<li class='' id='line-35'><div>MLB Network:mpd://fdfa99e57d0b886df98fa16b8cefa2b8.m3u8</div></li>
	<li class='' id='line-36'><div>Motors TV (version in English):mpd://fde662273436c9c5f0b04ffd85682092.m3u8</div></li>
	<li class='' id='line-37'><div>Movistar F1:mpd://97706223a5ddbf5d770c8024cbc37edb.m3u8</div></li>
	<li class='' id='line-38'><div>Movistar Moto GP:mpd://db8a1d01cfbb7fceb1d39c4f56347f5b.m3u8</div></li>
	<li class='' id='line-39'><div>MUTV:mpd://50e67d468d54cd43a2bd100b5ef8a53e.m3u8</div></li>
	<li class='' id='line-40'><div>NBA TV:mpd://ac36a3696ec781ba88e1469447723040.m3u8</div></li>
	<li class='' id='line-41'><div>NBC Sport Network:mpd://e4d6b46ca81b601fe8461b43f641488c.m3u8</div></li>
	<li class='' id='line-42'><div>NFL TV:mpd://877ad69c810ccc693b207cf11badc04a.m3u8</div></li>
	<li class='' id='line-43'><div>Premier Sports:mpd://2d18f483dbcf20bf0cc41b916f026d6b.m3u8</div></li>
	<li class='' id='line-44'><div>Racing UK:mpd://7e8c4145e3a4119dbe243813d877aca8.m3u8</div></li>
	<li class='' id='line-45'><div>Setanta Sports:mpd://bb454d6d1f9532af6c46dc4c3a8c7a27.m3u8</div></li>
	<li class='' id='line-46'><div>Sky Sport 1 (Deutschland):mpd://f99a45c353064b8ab4f95574a93c9245.m3u8</div></li>
	<li class='' id='line-47'><div>Sky Sport 2 (Deutschland):mpd://231e7d1de87cb6ac16992717d34c6683.m3u8</div></li>
	<li class='' id='line-48'><div>Sky Sports 1:mpd://3562f7795a18fc93d94ad2cb616c3d90.m3u8</div></li>
	<li class='' id='line-49'><div>Sky Sports 2:mpd://c715e3cbca072810c4d5216b0827437b.m3u8</div></li>
	<li class='' id='line-50'><div>Sky Sports 3:mpd://1b08968ed7063cf6d11c88e0c52cbb91.m3u8</div></li>
	<li class='' id='line-51'><div>Sky Sports 4:mpd://1607ec4a5cdcb0acd48804076737f712.m3u8</div></li>
	<li class='' id='line-52'><div>Sky Sports 5:mpd://ce89bce2a42f4d7df8854af633da1a86.m3u8</div></li>
	<li class='' id='line-53'><div>Sky Sports F1:mpd://343b4b2909705b5f5babe196c05c7895.m3u8</div></li>
	<li class='' id='line-54'><div>Sky Sports News:mpd://4b200ad68aeb55750139f206f6c47a7d.m3u8</div></li>
	<li class='' id='line-55'><div>Sony Entertainment Television (SIX):mpd://c9d109c8c1a3de18abc39b29d3fe974a.m3u8</div></li>
	<li class='' id='line-56'><div>SPORT 1 (Germany):mpd://e5225eafe9137eb1ed44350c1a12a019.m3u8</div></li>
	<li class='' id='line-57'><div>SportsNet One:mpd://a2b655b0f54f8fdd0c5640acbf1378a3.m3u8</div></li>
	<li class='' id='line-58'><div>SportsNet Ontario:mpd://cc3c73333d405c31fef0b6247be099df.m3u8</div></li>
	<li class='' id='line-59'><div>SportsNet World:mpd://ac090b774d01536fce7dc4e4a08abf25.m3u8</div></li>
	<li class='' id='line-60'><div>Star Sports:mpd://2c1ecd7634160747faec6c2e472d63c5.m3u8</div></li>
	<li class='' id='line-61'><div>Star Sports 2:mpd://f9a3896a6c8ab06856cf96358abfc17a.m3u8</div></li>
	<li class='' id='line-62'><div>Star Sports 4:mpd://4c0d9b0dc4545aa0d5549b45b18b6b64.m3u8</div></li>
	<li class='' id='line-63'><div>Ten Cricket:mpd://24fbea42d08c89ba274936cd42dac5b4.m3u8</div></li>
	<li class='' id='line-64'><div>Tennis Channel:mpd://d64e5234d56d13467181491d8d2afef5.m3u8</div></li>
	<li class='' id='line-65'><div>Ten sports:mpd://21df7a8d68618dee295674bc956bacff.m3u8</div></li>
	<li class='' id='line-66'><div>TSN 1:mpd://40beacf01f852160e0d3cf1d962449e6.m3u8</div></li>
	<li class='' id='line-67'><div>TSN 2:mpd://bc42f627a6254b12a10dd090a8c7ff42.m3u8</div></li>
	<li class='' id='line-68'><div>TSN 3:mpd://418e4380e1577624622d91b6a1997e5b.m3u8</div></li>
	<li class='' id='line-69'><div>TSN 4:mpd://217ba763c8f90807fe76de76e36be045.m3u8</div></li>
	<li class='' id='line-70'><div>TSN 5:mpd://feca97a90c0adc74a57a8a3c1e93a4df.m3u8</div></li>
	<li class='' id='line-71'><div>WWE TV:mpd://cd61f0ea3b560a665ea813dab2505a2f.m3u8</div></li>
	<li class='' id='line-72'><div>Channels:</div></li>
	<li class='' id='line-73'><div>3sat:mpd://088f47d27aca1053823567d22df3a168.m3u8</div></li>
	<li class='' id='line-74'><div>6Ter:mpd://e29c2e523a53e54ada9a5a8b79d790f4.m3u8</div></li>
	<li class='' id='line-75'><div>A&E:mpd://ce425ca32dea0f37b22717ae989bcffb.m3u8</div></li>
	<li class='' id='line-76'><div>A&E (Spain):mpd://bd0e73b1b69bbea4f49961cfba9b4d9f.m3u8</div></li>
	<li class='' id='line-77'><div>abc:mpd://ba354149f3c117ceb69529a1542b6281.m3u8</div></li>
	<li class='' id='line-78'><div>ABC 7 NY:mpd://598d34aff61b9e13ca903a10b5221114.m3u8</div></li>
	<li class='' id='line-79'><div>abc family:mpd://676bc281cc47daab103d1629738a60fd.m3u8</div></li>
	<li class='' id='line-80'><div>Alibi:mpd://e4281447a8f4f03aabfb0e0dfad9af20.m3u8</div></li>
	<li class='' id='line-81'><div>AMC:mpd://b06316b29b6c788ecf95287567cb2a3a.m3u8</div></li>
	<li class='' id='line-82'><div>AMC:mpd://7c52ed5b8820b7dfd90b5a784bac64b3.m3u8</div></li>
	<li class='' id='line-83'><div>Animal Planet:mpd://a0f8ddb8c8251a68f136648b32c0f62d.m3u8</div></li>
	<li class='' id='line-84'><div>Animal Planet UK:mpd://b39899a4d7a8537a3fb9a4b36a364642.m3u8</div></li>
	<li class='' id='line-85'><div>Antena.Nova:mpd://4519750045b4dd39c8ed5eeed4d0fe04.m3u8</div></li>
	<li class='' id='line-86'><div>Antena 3 (Spain):mpd://a84813c2e00d5192844e855b98fb90bd.m3u8</div></li>
	<li class='' id='line-87'><div>ARD1 (Das Erste):mpd://c2f4fbf729175d0e6c0a74e88f37a3d0.m3u8</div></li>
	<li class='' id='line-88'><div>ARTE Deutsch:mpd://27aefa295a0bf58102b7f7c373d950bc.m3u8</div></li>
	<li class='' id='line-89'><div>ARTE Francais:mpd://296c263cb739ddf316c97962e85f0d50.m3u8</div></li>
	<li class='' id='line-90'><div>AXN (version in Spanish):mpd://6f6aebf94a17416f5ca9751648ab7b16.m3u8</div></li>
	<li class='' id='line-91'><div>AXN White España:mpd://675c30cb9a8994f09f93f4535b9e39c9.m3u8</div></li>
	<li class='' id='line-92'><div>BBC Entertainment:mpd://eb1271730cce8fb8bebdabb75eb2b9f6.m3u8</div></li>
	<li class='' id='line-93'><div>BBC Four:mpd://242b381a075fd20a0a73060c277e54a2.m3u8</div></li>
	<li class='' id='line-94'><div>BBC One:mpd://a8f14a834d2d09054715803924e798b2.m3u8</div></li>
	<li class='' id='line-95'><div>BBC Three:mpd://b0cb790c33fec1d8babed26ff68ee629.m3u8</div></li>
	<li class='' id='line-96'><div>BBC Two:mpd://d6b64a19b548bf941f57cdd4c5d71904.m3u8</div></li>
	<li class='' id='line-97'><div>Boomerang (German):mpd://facdc047f757d4426e1a0c6795e6e8f9.m3u8</div></li>
	<li class='' id='line-98'><div>Bravo TV:mpd://afa880d42b94c19e5f644bdf24e76651.m3u8</div></li>
	<li class='' id='line-99'><div>Bravo TV:mpd://582b19f3ef5459a2f139ec69ee2053d0.m3u8</div></li>
	<li class='' id='line-100'><div>calle 13:mpd://b7c111833059227685fb74887fe07c8a.m3u8</div></li>
	<li class='' id='line-101'><div>Canal+:mpd://e5a548ab48a04c3e9975a1329f1141bc.m3u8</div></li>
	<li class='' id='line-102'><div>Canal+ Acción:mpd://068c4b4c704da52cc9c66e9c3369c319.m3u8</div></li>
	<li class='' id='line-103'><div>CANAL+ CINEMA:mpd://96486b9ebb7be3dc9939a3268966aee4.m3u8</div></li>
	<li class='' id='line-104'><div>Canal+ Comedia:mpd://f1089f30a1e5ae4692320483b459bb72.m3u8</div></li>
	<li class='' id='line-105'><div>Canal+ DCine:mpd://dc6e42d426604861498c2b2688c92610.m3u8</div></li>
	<li class='' id='line-106'><div>Canal+ Décalé:mpd://3aeef6dc8d7d4278a8f4341396d20005.m3u8</div></li>
	<li class='' id='line-107'><div>Canal+ Family:mpd://0e6ce9ab0e29686bfd74fe793ad97c4a.m3u8</div></li>
	<li class='' id='line-108'><div>Canal+ Series:mpd://e1936c3ee74711cd239daafa0220c232.m3u8</div></li>
	<li class='' id='line-109'><div>Canal+ Series (Version in French):mpd://17095702ee9f412f7f00f7bbb6eb0664.m3u8</div></li>
	<li class='' id='line-110'><div>Canal+ Series xtra:mpd://21744aeacb3e5bdc226d367a0f96667b.m3u8</div></li>
	<li class='' id='line-111'><div>Canal+ Xtra España:mpd://fafc6ebba7b772f8bac905d94a12d0d6.m3u8</div></li>
	<li class='' id='line-112'><div>Canal Cocina:mpd://9a522b7591d1db002d373cfa246aa271.m3u8</div></li>
	<li class='' id='line-113'><div>Canal Decasa:mpd://8c8d23a626c330e69bf25d02468c98b3.m3u8</div></li>
	<li class='' id='line-114'><div>Canal de Historia:mpd://0d18cbfa36f577fec263df066421d154.m3u8</div></li>
	<li class='' id='line-115'><div>canal hollywood (Spain):mpd://fe7e0b66b38dbc02ae1b847087115a84.m3u8</div></li>
	<li class='' id='line-116'><div>Cartoon Network:mpd://720933e62452d65671c676a065c18192.m3u8</div></li>
	<li class='' id='line-117'><div>Cartoon Network UK:mpd://afafc38ed5abfaf4372734cea19f409a.m3u8</div></li>
	<li class='' id='line-118'><div>Caza y Pesca:mpd://8c6f6adb4817a92285531a4f3dc5c0e8.m3u8</div></li>
	<li class='' id='line-119'><div>CBS:mpd://4d0fadca2686a2cdd4a4a6623212449c.m3u8</div></li>
	<li class='' id='line-120'><div>CBS Action:mpd://af742351710d35069d31eb91f646cf56.m3u8</div></li>
	<li class='' id='line-121'><div>CBS Drama:mpd://b0f8f6e8535e082a1d0e8b9c7366e95f.m3u8</div></li>
	<li class='' id='line-122'><div>Ciné+ Classic:mpd://90349e14e91b6e4fc68c719466c515aa.m3u8</div></li>
	<li class='' id='line-123'><div>Ciné+ Emotion:mpd://bc65d4efb166b9d6d30cb02b52496378.m3u8</div></li>
	<li class='' id='line-124'><div>Ciné+ Frisson:mpd://10c7c075548ed5681b990e5b3180c63a.m3u8</div></li>
	<li class='' id='line-125'><div>Ciné+ Premier:mpd://5b036d592aceacb0e56c2dee5d63f131.m3u8</div></li>
	<li class='' id='line-126'><div>Comedy Central:mpd://1ed9b2bf325e5bba7f3c577c3a86d0ef.m3u8</div></li>
	<li class='' id='line-127'><div>Comedy Central (Germany):mpd://fafa94d4d6b92cf35713a5c2bdebeac7.m3u8</div></li>
	<li class='' id='line-128'><div>Comedy Central UK:mpd://b9b55864b6779b7e83321ab0b74ed727.m3u8</div></li>
	<li class='' id='line-129'><div>Comédie+:mpd://339609ed5699baf0d788c57edfde7271.m3u8</div></li>
	<li class='' id='line-130'><div>Cosmopolitan TV (Spain):mpd://f54f832e01f6b26ece4283d67134aa71.m3u8</div></li>
	<li class='' id='line-131'><div>Cuatro:mpd://ae006bceab7f8834fb2928cc96004d29.m3u8</div></li>
	<li class='' id='line-132'><div>D8:mpd://b1522194d726a396729c3148c2b3a0bd.m3u8</div></li>
	<li class='' id='line-133'><div>Destination America:mpd://dcd994bf83790bd9bf68228c74daad14.m3u8</div></li>
	<li class='' id='line-134'><div>Discovery Channel:mpd://075d66993151c178df1ed9840202d983.m3u8</div></li>
	<li class='' id='line-135'><div>Discovery Channel (version in Spanish):mpd://40347bb95c4af37d6fd3a3a757115aeb.m3u8</div></li>
	<li class='' id='line-136'><div>Discovery Channel UK:mpd://c283a671e1189d568500d494ff8cd77d.m3u8</div></li>
	<li class='' id='line-137'><div>Discovery History (UK):mpd://1e28a146727a9169053fe4759def0e47.m3u8</div></li>
	<li class='' id='line-138'><div>Discovery Science (version in English):mpd://344fa3289867fdacd0f60047a790601b.m3u8</div></li>
	<li class='' id='line-139'><div>Discovery Shed:mpd://5143132d4f880ee96e11f59f169f7770.m3u8</div></li>
	<li class='' id='line-140'><div>Discovery Turbo UK:mpd://0f61fdde073409d41b534b38184fb9c9.m3u8</div></li>
	<li class='' id='line-141'><div>Disney Channel España:mpd://b0b03107107b12286b6ac31531184618.m3u8</div></li>
	<li class='' id='line-142'><div>Disney Channel Germany:mpd://8e0671ea88041d9410d86a9f45e9e461.m3u8</div></li>
	<li class='' id='line-143'><div>Disney Channel UK:mpd://14b7d3edf41bba55aebd39254e3a0100.m3u8</div></li>
	<li class='' id='line-144'><div>Disney Junior UK:mpd://e6e17fbb85e77c0eabc0ed20d6b8799e.m3u8</div></li>
	<li class='' id='line-145'><div>Disney XD:mpd://c8c584218a3b3036c001e7e440b63c28.m3u8</div></li>
	<li class='' id='line-146'><div>DMAX Deutschland:mpd://c6c040406a13028a9f02ab306e34b86a.m3u8</div></li>
	<li class='' id='line-147'><div>DMax UK:mpd://8371f16a5529228ac3dda62ea9ffb0e4.m3u8</div></li>
	<li class='' id='line-148'><div>E! Entertainment:mpd://c73381d6543700790e949ee08157120f.m3u8</div></li>
	<li class='' id='line-149'><div>E4:mpd://2157d56d6aff208ae90c869526290656.m3u8</div></li>
	<li class='' id='line-150'><div>Film 4:mpd://0f2c179db3d0e356f8615dde513bc4aa.m3u8</div></li>
	<li class='' id='line-151'><div>Food Network:mpd://3745afe9a36c3bc1b9adf3fc58ea09ef.m3u8</div></li>
	<li class='' id='line-152'><div>Food Network UK:mpd://ceebc66a0265f56db9fe5b2fd17b6115.m3u8</div></li>
	<li class='' id='line-153'><div>FOX (Spain):mpd://0e7028a591302250c4d0239ce6840181.m3u8</div></li>
	<li class='' id='line-154'><div>FOX 5 NY:mpd://938230615eafe3e2adf33332d1be3940.m3u8</div></li>
	<li class='' id='line-155'><div>FOX Life (Spain):mpd://81236d59196dc2c28bee042f88d6d005.m3u8</div></li>
	<li class='' id='line-156'><div>Fox UK:mpd://c37f98026cb0acb60766071a6e45c01b.m3u8</div></li>
	<li class='' id='line-157'><div>France 2:mpd://98763cd461b40c4bc3e60028c94adbc7.m3u8</div></li>
	<li class='' id='line-158'><div>France 3:mpd://7b8eeb443198422a9b374abc758c97b5.m3u8</div></li>
	<li class='' id='line-159'><div>France 4:mpd://ddae356b4954cd7f3315da60cab75041.m3u8</div></li>
	<li class='' id='line-160'><div>France 5:mpd://19893d10d640f333a42110ea6c7f0b7b.m3u8</div></li>
	<li class='' id='line-161'><div>FX:mpd://d4c503dbcdd0aaa79724dd4b79b5c8c6.m3u8</div></li>
	<li class='' id='line-162'><div>GOLD:mpd://2c0898822ab3baf7f93bea86648adb26.m3u8</div></li>
	<li class='' id='line-163'><div>Gulli:mpd://08051ef3b903332bffa361d4b948bd7f.m3u8</div></li>
	<li class='' id='line-164'><div>H2:mpd://ca2bf3f6b7e18a508253e9521510a4b5.m3u8</div></li>
	<li class='' id='line-165'><div>HBO:mpd://509e5f41146e278f9eab1ddaceb34515.m3u8</div></li>
	<li class='' id='line-166'><div>HD1 (France):mpd://56b413603a4d5325109de63072c81c72.m3u8</div></li>
	<li class='' id='line-167'><div>History Channel:mpd://d722293bb9bbf20cc112924ef000a225.m3u8</div></li>
	<li class='' id='line-168'><div>History Channel:mpd://d4a4950b7b7267417aa0b9733f30b6fe.m3u8</div></li>
	<li class='' id='line-169'><div>History Channel UK:mpd://ccb7de5c42461be2cac10f5baf7d62cf.m3u8</div></li>
	<li class='' id='line-170'><div>House & Garden Television:mpd://7d9000c0967cc4919f07ecbe2736c95a.m3u8</div></li>
	<li class='' id='line-171'><div>Investigation Discovery UK:mpd://cf723f822ded11e60e6bb78f16c327c8.m3u8</div></li>
	<li class='' id='line-172'><div>ITV1:mpd://cc0b763f7c5ce91a396c0ef4fa529df9.m3u8</div></li>
	<li class='' id='line-173'><div>ITV2:mpd://28d16f04d9b55d2ea2f826735ddffb85.m3u8</div></li>
	<li class='' id='line-174'><div>ITV3:mpd://ef4aa10e04cfa8191ff3253dc8184bc2.m3u8</div></li>
	<li class='' id='line-175'><div>ITV4:mpd://2a2714a7d955d8810a21bb3f195cc0d9.m3u8</div></li>
	<li class='' id='line-176'><div>ITV Encore:mpd://7b8ca0ab87affed7fe2b2935892ee5bc.m3u8</div></li>
	<li class='' id='line-177'><div>Kabel Eins:mpd://c6c1577fa8aab8655ab13b8db1ef8cfb.m3u8</div></li>
	<li class='' id='line-178'><div>KIKA:mpd://7814b33686d5348d4511c75d331b3b45.m3u8</div></li>
	<li class='' id='line-179'><div>Lifetime:mpd://171879baa092ef14d5ec8f401aeaffcd.m3u8</div></li>
	<li class='' id='line-180'><div>Lifetime UK:mpd://f31ff373857e6b6e0bc44ae55da2e208.m3u8</div></li>
	<li class='' id='line-181'><div>Movies4men:mpd://5f6d29a277a909797e7eb360f3cc6e1b.m3u8</div></li>
	<li class='' id='line-182'><div>Movistar #0:mpd://212a29ce2029ffd50432397afbf8c644.m3u8</div></li>
	<li class='' id='line-183'><div>Nat Geo Wild (version in English):mpd://acf9249594df8395d62a4fee0dd484cb.m3u8</div></li>
	<li class='' id='line-184'><div>Nat Geo Wild (Version in Spanish):mpd://14b883544fcd5ead09b42a29c6969025.m3u8</div></li>
	<li class='' id='line-185'><div>National Geographic:mpd://be2fa358e4f1c9a0ee833aa15f829f81.m3u8</div></li>
	<li class='' id='line-186'><div>National Geographic Channel Europe (Version in Spanish):mpd://c2a657575fdd40a765b1dac33e5dbf83.m3u8</div></li>
	<li class='' id='line-187'><div>National Geographic UK:mpd://f3f75dee3b4ed4497dfa412079c3a6f9.m3u8</div></li>
	<li class='' id='line-188'><div>Nickelodeon:mpd://a55d7c24a00915235cdc6a6ddaaaf67b.m3u8</div></li>
	<li class='' id='line-189'><div>Nickelodeon UK:mpd://79a7da99288ea0c498d3a9de03235bb5.m3u8</div></li>
	<li class='' id='line-190'><div>Nicktoons TV:mpd://a5c568b3ed1bce30903f6092519ef949.m3u8</div></li>
	<li class='' id='line-191'><div>ORF 1:mpd://757ee53b00d9d571902b1d8d2351bb01.m3u8</div></li>
	<li class='' id='line-192'><div>PBS:mpd://fe22365235b496368609515523bfb971.m3u8</div></li>
	<li class='' id='line-193'><div>Planète+:mpd://14ebac392de77b37b38b81863829e8f0.m3u8</div></li>
	<li class='' id='line-194'><div>Planète+ CI (Crime & Investigation):mpd://f9cc32f4e5d665f59355da62d4bca4f7.m3u8</div></li>
	<li class='' id='line-195'><div>ProSieben:mpd://f5b7e9d4afca2d7198ab069c6b814454.m3u8</div></li>
	<li class='' id='line-196'><div>ProSieben Maxx:mpd://af2a8d2597dd52013e2a9fffa4434508.m3u8</div></li>
	<li class='' id='line-197'><div>Rai 1:mpd://d9f1f6380a8ce8a94be3e57a2ea447cd.m3u8</div></li>
	<li class='' id='line-198'><div>Rai 2:mpd://6ad178ba29f947df477add82b578dec6.m3u8</div></li>
	<li class='' id='line-199'><div>Rai 3:mpd://2d036b0407bcdfcecdfa4c79829cefe0.m3u8</div></li>
	<li class='' id='line-200'><div>Rai 4:mpd://35057fd023042712dc106a085f0c66bf.m3u8</div></li>
	<li class='' id='line-201'><div>Rai 5:mpd://ec0bd256a6a95a0f216a6efbad9d923d.m3u8</div></li>
	<li class='' id='line-202'><div>RTE 1:mpd://2c3bc07df7606365a0c449d3193cefe8.m3u8</div></li>
	<li class='' id='line-203'><div>RTE 2:mpd://36fc922224816d18332eb55b897746ba.m3u8</div></li>
	<li class='' id='line-204'><div>RTL:mpd://efe01da942ed68b700b911f5a1b131a7.m3u8</div></li>
	<li class='' id='line-205'><div>RTL9:mpd://9f09594706f0260bb0316ff55b5b1a60.m3u8</div></li>
	<li class='' id='line-206'><div>RTL Nitro:mpd://63c32568297d3d493b484a35b9022951.m3u8</div></li>
	<li class='' id='line-207'><div>Sat 1:mpd://a7af4c42c5a684ca822c2a79af0e5a90.m3u8</div></li>
	<li class='' id='line-208'><div>SIXX TV:mpd://298b488cf4205e03edc17afc8de9527b.m3u8</div></li>
	<li class='' id='line-209'><div>Sky Action:mpd://e5c20351b28ad001056a35ab8879e3ef.m3u8</div></li>
	<li class='' id='line-210'><div>Sky Arts 2:mpd://19720b905499b5bc8ff1c34eeb6c6e91.m3u8</div></li>
	<li class='' id='line-211'><div>Sky Atlantic Ireland:mpd://eabd32acc39d4bd72a4ad687090aef8f.m3u8</div></li>
	<li class='' id='line-212'><div>Sky Cinema (Deutschland):mpd://921a17733860f7f08fc434085cc18421.m3u8</div></li>
	<li class='' id='line-213'><div>Sky Emotion:mpd://c12dd56f3aff023c9d60697b45c8867c.m3u8</div></li>
	<li class='' id='line-214'><div>Sky Living:mpd://26cb04f6748172109489d18b64feca2e.m3u8</div></li>
	<li class='' id='line-215'><div>Sky Movies (Modern Greats):mpd://a2d025900c268045e4e2da567a8c3f9b.m3u8</div></li>
	<li class='' id='line-216'><div>Sky Movies Action & Adventure:mpd://3c909c9218961b2ecfdd5f44a89a90b8.m3u8</div></li>
	<li class='' id='line-217'><div>Sky Movies Comedy:mpd://c168262cf8b9775300da0b79b2199ee6.m3u8</div></li>
	<li class='' id='line-218'><div>Sky Movies Crime & Thriller:mpd://a84271250d9dc93c1edc84874552d6c7.m3u8</div></li>
	<li class='' id='line-219'><div>Sky Movies Disney:mpd://fb2cde6e0410cf537a19800bd19261f0.m3u8</div></li>
	<li class='' id='line-220'><div>Sky Movies Drama & Romance:mpd://5081d68d4054bc9209ec2bb1c5ff5eef.m3u8</div></li>
	<li class='' id='line-221'><div>Sky Movies Family:mpd://3caed59e3b7e405b3a802cc480a14e32.m3u8</div></li>
	<li class='' id='line-222'><div>Sky Movies Premiere:mpd://3265682a41f442e5a4164e9b26393634.m3u8</div></li>
	<li class='' id='line-223'><div>Sky Movies Sci-fi Horror:mpd://20abccafd4a26b6fce57df892e5040be.m3u8</div></li>
	<li class='' id='line-224'><div>Sky Movies Select:mpd://760670eeaaa3e62adc1989fee2e8b259.m3u8</div></li>
	<li class='' id='line-225'><div>Sky Movies Showcase:mpd://b6f08ad1b0976d993e116cbb72aef8bd.m3u8</div></li>
	<li class='' id='line-226'><div>Sky One:mpd://ebcd8ef93fa99c4834d0cc3275f3dcd7.m3u8</div></li>
	<li class='' id='line-227'><div>Sky Two:mpd://838d5a3429b075f8b9ab00c083d93989.m3u8</div></li>
	<li class='' id='line-228'><div>Sony Film Channel:mpd://cd5e2f21c8b8f7b42c054dcf4edc0b69.m3u8</div></li>
	<li class='' id='line-229'><div>Spike TV:mpd://a01d4a2d79052d6b1c2c63bf2d284202.m3u8</div></li>
	<li class='' id='line-230'><div>Spike UK:mpd://3036779a6ef01d9c0da3b7e139a6445d.m3u8</div></li>
	<li class='' id='line-231'><div>Super RTL:mpd://5375a143da899f4c318aa7518fc43278.m3u8</div></li>
	<li class='' id='line-232'><div>SyFy:mpd://d8320fedb4a90fb06c9f7bff96a7e619.m3u8</div></li>
	<li class='' id='line-233'><div>SyFy:mpd://15bb1e6a7ebf945b85b834b2c84cf9f1.m3u8</div></li>
	<li class='' id='line-234'><div>Syfy (Germany):mpd://646bfd6945f63f6d1fdc0b4e6b446b1a.m3u8</div></li>
	<li class='' id='line-235'><div>TBS:mpd://d377ff63e9e229343418ba065acb643f.m3u8</div></li>
	<li class='' id='line-236'><div>TCM UK:mpd://1debc5c648b7d2fa58d76d8e90f314a9.m3u8</div></li>
	<li class='' id='line-237'><div>Telecinco:mpd://ab71f380322e796b814765a382cb82b4.m3u8</div></li>
	<li class='' id='line-238'><div>TG4:mpd://cd7247622a163a95d54994da83ee69fd.m3u8</div></li>
	<li class='' id='line-239'><div>The CW:mpd://296e56c668bc8bd6b0044d3e4f034153.m3u8</div></li>
	<li class='' id='line-240'><div>TLC:mpd://e12a8b6e18ee3d67dc8153f4f4713a40.m3u8</div></li>
	<li class='' id='line-241'><div>TLC UK:mpd://d7aa295db6f5a09cc47f862d7042dd64.m3u8</div></li>
	<li class='' id='line-242'><div>TMC:mpd://60813764ee71311b6ff5dc90b2eaab94.m3u8</div></li>
	<li class='' id='line-243'><div>TNT (Spain):mpd://a351e9b9de9e6729b76115fb8e8cd9a8.m3u8</div></li>
	<li class='' id='line-244'><div>TNT USA:mpd://b5e39fb359975ce6a68be8a6935d4d7e.m3u8</div></li>
	<li class='' id='line-245'><div>TNT USA:mpd://e00dd9ccbf6cba8e47ca458993f307c1.m3u8</div></li>
	<li class='' id='line-246'><div>True Movies:mpd://d2c73be17b950368083f5c7ca9445cb9.m3u8</div></li>
	<li class='' id='line-247'><div>True Movies 2:mpd://f24ec9b08bbf156e4b0d1e0065ed204b.m3u8</div></li>
	<li class='' id='line-248'><div>TV3 (Ireland):mpd://01823533507c24960b87a6f8e0049c5c.m3u8</div></li>
	<li class='' id='line-249'><div>TVE La 2:mpd://5f2ef715f5b709f65b146342fb3a5bc2.m3u8</div></li>
	<li class='' id='line-250'><div>TVE La Primera:mpd://5bff4eaacfb2c2b61cf1e01ed6b75917.m3u8</div></li>
	<li class='' id='line-251'><div>USA Network:mpd://0e367435d4bc1a89ea7506cf0eadb3a7.m3u8</div></li>
	<li class='' id='line-252'><div>USA Network:mpd://6e41f30f946d9327c3322a05250735a7.m3u8</div></li>
	<li class='' id='line-253'><div>VOX:mpd://ccda5ae0852a58ca19ec280be9db8ee5.m3u8</div></li>
	<li class='' id='line-254'><div>W9:mpd://68da5750c408c276e3bcd1df60096ddc.m3u8</div></li>
	<li class='' id='line-255'><div>WWOR-TV:mpd://f55025e27be5231454658cc200a5565e.m3u8</div></li>
	<li class='' id='line-256'><div>Wéo:mpd://58875096c2c3d006be0e8d4dce180d5b.m3u8</div></li>
	<li class='' id='line-257'><div>ZDF Neo:mpd://82854563c91c7cd58b180795622d839e.m3u8</div></li>
	<li class='' id='line-258'><div>News:</div></li>
	<li class='' id='line-259'><div>BBC News 24:mpd://b08264f362f74f9a2b44c209f40dbdee.m3u8</div></li>
	<li class='' id='line-260'><div>Bloomberg:mpd://208421fcbc090a62f099f85472ded9ba.m3u8</div></li>
	<li class='' id='line-261'><div>CNBC:mpd://aa11677d237b2c2b435fd7decac0d7ad.m3u8</div></li>
	<li class='' id='line-262'><div>CNBC:mpd://0fa1864db527d3de89020cb06a050b35.m3u8</div></li>
	<li class='' id='line-263'><div>CNN International:mpd://81584236b35ba70e2e9a12f5fb338ff0.m3u8</div></li>
	<li class='' id='line-264'><div>CNN International:mpd://fb655e03035550c14fc2bcc65d40cff8.m3u8</div></li>
	<li class='' id='line-265'><div>Euronews (version in German):mpd://4dfaec1a87d707a39b8ed876d302d904.m3u8</div></li>
	<li class='' id='line-266'><div>Fox 43 WMPT:mpd://12435593255e0696ec0a09071b96f97e.m3u8</div></li>
	<li class='' id='line-267'><div>Fox News Channel:mpd://877e1fd192b3a58577e4387971c215a7.m3u8</div></li>
	<li class='' id='line-268'><div>MSNBC:mpd://69dc9c046381f52544ed04044c072b29.m3u8</div></li>
	<li class='' id='line-269'><div>n-tv:mpd://901910dbcbc321c46ae35096a3a65968.m3u8</div></li>
	<li class='' id='line-270'><div>N24:mpd://e24244c926110424f94896c030fc0500.m3u8</div></li>
	<li class='' id='line-271'><div>NBC:mpd://3baf7db0d8f1d400816fb6166b297f46.m3u8</div></li>
	<li class='' id='line-272'><div>NBC:mpd://89b7abacbe0cefbadf6ad5c5ccb4ae15.m3u8</div></li>
	<li class='' id='line-273'><div>Sky News:mpd://3b7dd11b6654dd5f35745285ededdbd9.m3u8</div></li>
	<li class='' id='line-274'><div>Shows:</div></li>
	<li class='' id='line-275'><div>Adult Swim:mpd://539125fdf85ba9fc38e2550c3c838e4d.m3u8</div></li>
	<li class='' id='line-276'><div>Adventure Time:mpd://7d0db380a5b95a8ba1da0bca241abda1.m3u8</div></li>
	<li class='' id='line-277'><div>American Dad:mpd://523af537946b79c4f8369ed39ba78605.m3u8</div></li>
	<li class='' id='line-278'><div>Anime Central:mpd://d4fda09f200a7fcb0c05ad251b18d380.m3u8</div></li>
	<li class='' id='line-279'><div>Archer:mpd://4124bc0a9335c27f086f24ba207a4912.m3u8</div></li>
	<li class='' id='line-280'><div>Better Call Saul:mpd://5360af35bde9ebd8f01f492dc059593c.m3u8</div></li>
	<li class='' id='line-281'><div>Blacklist:mpd://a0bc9791616492b14e330a7e0ef35512.m3u8</div></li>
	<li class='' id='line-282'><div>Blue Bloods:mpd://9ccb6d939dd20822476e4467a81bede6.m3u8</div></li>
	<li class='' id='line-283'><div>Bob's Burgers:mpd://21ad0bd836b90d08f4cf640b4c298e7c.m3u8</div></li>
	<li class='' id='line-284'><div>Celebrity Deathmatch:mpd://161747ec4dc9f55f1760195593742232.m3u8</div></li>
	<li class='' id='line-285'><div>Classic Looney Tunes:mpd://d91af6958918af87d6a057c1cdf5b225.m3u8</div></li>
	<li class='' id='line-286'><div>Community:mpd://820eb5b696ea2a657c0db1e258dc7d81.m3u8</div></li>
	<li class='' id='line-287'><div>Curb Your Enthusiasm:mpd://9b5394fd929896fb9e90e26b3d18e63d.m3u8</div></li>
	<li class='' id='line-288'><div>Doctor Who:mpd://c0e67c407905103dbce3984c756f3f21.m3u8</div></li>
	<li class='' id='line-289'><div>Dragoon Ball:mpd://0de7b6a61a70688b26e6eeb3113531a3.m3u8</div></li>
	<li class='' id='line-290'><div>Family Guy:mpd://3d4044d65abdda407a92991f1300ec97.m3u8</div></li>
	<li class='' id='line-291'><div>Frasier:mpd://c485bb561918025e75545506984d363c.m3u8</div></li>
	<li class='' id='line-292'><div>Friends:mpd://28f20a02bf8a021fab4fcec48afb584e.m3u8</div></li>
	<li class='' id='line-293'><div>Futurama:mpd://89e6d2b383471fc370d828e552c19e65.m3u8</div></li>
	<li class='' id='line-294'><div>Game of Thrones:mpd://4a1a27296188c273f6733ead4fe4eff6.m3u8</div></li>
	<li class='' id='line-295'><div>I Love Lucy:mpd://67eea2632a01c967653555f98cb84b36.m3u8</div></li>
	<li class='' id='line-296'><div>Invader Zim:mpd://018d4d19ee6a779b041a625a60df0e2c.m3u8</div></li>
	<li class='' id='line-297'><div>It's Always Sunny in Philadelphia:mpd://f970e2767d0cfe75876ea857f92e319b.m3u8</div></li>
	<li class='' id='line-298'><div>King Of The Hill:mpd://fa46ec0b4924e8c2194a53ef61b94039.m3u8</div></li>
	<li class='' id='line-299'><div>Ren & Stimpy:mpd://3a2d7564baee79182ebc7b65084aabd1.m3u8</div></li>
	<li class='' id='line-300'><div>Rick And Morty:mpd://d67f249b90615ca158b1258712c3a9fc.m3u8</div></li>
	<li class='' id='line-301'><div>Samurai Jack:mpd://b5bf27b2555de44e3df2230080db5a1d.m3u8</div></li>
	<li class='' id='line-302'><div>Scrubs:mpd://456727ac6d97e749f87ec95009617bd2.m3u8</div></li>
	<li class='' id='line-303'><div>Seinfeld:mpd://af1f8d9839dd6ffefedebab89761ee7e.m3u8</div></li>
	<li class='' id='line-304'><div>Shark Tank:mpd://6e5c05d83065de5035a874e9ce581273.m3u8</div></li>
	<li class='' id='line-305'><div>South Park:mpd://1952a01898073d1e561b9b4f2e42cbd7.m3u8</div></li>
	<li class='' id='line-306'><div>That '70s Show:mpd://10174e112d64ae5e09f8f955865a5993.m3u8</div></li>
	<li class='' id='line-307'><div>The Big Bang Theory:mpd://d3517d7d92455b3cf3eb3e774acb4406.m3u8</div></li>
	<li class='' id='line-308'><div>The Fresh Prince of Bel-Air:mpd://0666f0acdeed38d4cd9084ade1739498.m3u8</div></li>
	<li class='' id='line-309'><div>The Marvelous Misadventures of Flapjack:mpd://3be041f44c2035c41eea8268f238e741.m3u8</div></li>
	<li class='' id='line-310'><div>The Office:mpd://e72f4545eb68c96c754f91fc01573517.m3u8</div></li>
	<li class='' id='line-311'><div>The Regular Show:mpd://af37d08ae228a87dc6b265fd1019c97d.m3u8</div></li>
	<li class='' id='line-312'><div>The Simpsons:mpd://3691308f2a4c2f6983f2880d32e29c84.m3u8</div></li>
	<li class='' id='line-313'><div>The Sopranos:mpd://a7f53103240c2f3f1679d704eeed1892.m3u8</div></li>
	<li class='' id='line-314'><div>Trailer Park Boys:mpd://d12d2c37e8c211f096ea78fd159643ba.m3u8</div></li>
	<li class='' id='line-315'><div>Whose Line Is It Anyway?:mpd://9185defbf5f091cd98fe4751b66f91b8.m3u8</div></li>
	<li class='' id='line-316'><div>Workaholics:mpd://742523daef59db4b718409f46de05d0c.m3u8</div></li>
	<li class='' id='line-317'><div>Movies:</div></li>
	<li class='' id='line-318'><div>Action Movies 24/7:mpd://90ce2364e02379b96643fe4d0f2d7c25.m3u8</div></li>
	<li class='' id='line-319'><div>Animation Movies 24/7:mpd://7e18e745bf13ed4e73c5e612599b4cf5.m3u8</div></li>
	<li class='' id='line-320'><div>Comedy Movies 24/7:mpd://6fd04bc5b53697040f6f43a3c96d7658.m3u8</div></li>
	<li class='' id='line-321'><div>Documentary Movies 24/7:mpd://993ce9ee723cef89c679b7a55e42472a.m3u8</div></li>
	<li class='' id='line-322'><div>Horror Movies 24/7:mpd://377feb82d0b63676a18f18f152f6c721.m3u8</div></li>
	<li class='' id='line-323'><div>Movies 24/7:mpd://94d035945b3d82182669c4d3f6daa104.m3u8</div></li>
	<li class='' id='line-324'><div>Music:</div></li>
	<li class='' id='line-325'><div>40TV:mpd://e05e081ee05882d68e7f2683a5f950af.m3u8</div></li>
	<li class='' id='line-326'><div>D17:mpd://29bac384c78e401042ffeb04bec7eecf.m3u8</div></li>
	<li class='' id='line-327'><div>MTV Classic UK:mpd://10e399b182aa88f1444a2f08a9dffb8b.m3u8</div></li>
	<li class='' id='line-328'><div>MTV Dance:mpd://2672617afdf44cdfe0bef6f41856c920.m3u8</div></li>
	<li class='' id='line-329'><div>MTV España:mpd://9bb7afe444e65e818a52988adee673e7.m3u8</div></li>
	<li class='' id='line-330'><div>MTV Hits UK:mpd://43517de93dcacff3fbd255fb70935a38.m3u8</div></li>
	<li class='' id='line-331'><div>MTV Rocks:mpd://38b937a77d8587999c0e1d1d13d9a37c.m3u8</div></li>
	<li class='' id='line-332'><div>MTV UK:mpd://ff68e97b8e401c877284758ae2060cd0.m3u8</div></li>
	<li class='' id='line-333'><div>NRJ 12:mpd://4ce842e7c4475279a6030ef750ae59c2.m3u8</div></li>
	<li class='' id='line-334'><div>NusicTV:mpd://b3afa5ca6c8dbb3131aa15d340d9eddf.m3u8</div></li>
	<li class='' id='line-335'><div>The Landscape Channel:mpd://6613c05762f21c12924bce66e5c8efce.m3u8</div></li>
<li id='line-336'><div>
</div></li></ol>
</div>
