﻿<?xml version="1.0" encoding="UTF-8" standalone="yes"?>
<addon id="mrquim.repo" name="Mr. Quim repository" version="1.0.0" provider-name="Mr. Quim">
	<extension point="xbmc.addon.repository" name="Mr. Quim Add-on Repository">
		<info compressed="false">http://raw.github.com/mrquim/mrquimrepo/master/addons.xml</info>
		<checksum>http://raw.github.com/mrquim/mrquimrepo/master/addons.xml.md5</checksum>
		<datadir zip="true">http://raw.github.com/mrquim/mrquimrepo/master/repo/</datadir>
	</extension>
	<extension point="xbmc.addon.metadata">
		<summary>Mr. Quim Repository</summary>
		<description>Este repositório serve para que tenhas todos os add-ons criados por mim, actualizados de forma automática.</description>
		<disclaimer></disclaimer>
		<platform>all</platform>
	</extension>
</addon>