<?xml version="1.0" encoding="UTF-8" standalone="yes"?>
<addon id="plugin.program.psychowiz" name="[COLOR aqua]P[/COLOR][COLOR white]sycho Wizard[/COLOR]" version="1.0.0" provider-name="bit.ly/[COLOR blue][B]AMO[/B][/COLOR][COLOR green]box[/COLOR]">
  <requires>
    <import addon="xbmc.python" version="2.1.0"/>
  </requires>
  <extension point="xbmc.python.pluginsource" library="default.py">
        <provides>executable</provides>
  </extension>
  <extension point="xbmc.addon.metadata">
    <summary lang="en">Wizard da [COLOR aqua]P[/COLOR][COLOR white]sycho[/COLOR]</summary>
    <description lang="en">[COLOR yellow][B]*[/B][/COLOR]Para usufruir deste addon é necessário uma combinação username/password</description>
    <platform>all</platform>
  </extension>
</addon>
