<?xml version="1.0" encoding="UTF-8"?>
<includes>
  <include name="RecentlyAdded_Header">
    <animation effect="slide" start="0,0" end="0,-162" time="0" condition="!Skin.HasSetting(plexbmc) + [Control.IsVisible(312) | Control.IsVisible(413) | Control.IsVisible(513) | Control.IsVisible(515)]">Conditional</animation>
	<animation effect="slide" start="0,0" end="0,-162" time="0" condition="Skin.HasSetting(plexbmc) + [IntegerGreaterThan(Container(312).NumItems,0) | IntegerGreaterThan(Container(413).NumItems,0)]">Conditional</animation>
    <align>right</align>
    <posx>20r</posx>
    <posy>339</posy>
    <height>45</height>
    <width>400</width>
    <textcolor>Highlight</textcolor>
    <font>ListDetails</font>
  </include>
  <include name="Recommended_Header">
    <animation effect="slide" start="0,0" end="0,522" time="0" condition="!Skin.HasSetting(plexbmc) + [Control.IsVisible(311) | Control.IsVisible(411) |  Control.IsVisible(511) | Control.IsVisible(514)]">Conditional</animation>
	<animation effect="slide" start="0,0" end="0,522" time="0" condition="Skin.HasSetting(plexbmc) + [IntegerGreaterThan(Container(311).NumItems,0) | IntegerGreaterThan(Container(411).NumItems,0) | IntegerGreaterThan(Container(511).NumItems,0)]">Conditional</animation>
    <align>right</align>
    <posx>20r</posx>
    <posy>339</posy>
    <height>45</height>
    <width>400</width>
    <textcolor>Highlight</textcolor>
    <font>ListDetails</font>
  </include>
  <include name="RecentlyAdded_Label">
    <animation effect="slide" start="0,0" end="0,-162" time="0" condition="!Skin.HasSetting(plexbmc) + [Control.IsVisible(312) | Control.IsVisible(413) | Control.IsVisible(513) | Control.IsVisible(515)]">Conditional</animation>
	<animation effect="slide" start="0,0" end="0,-162" time="0" condition="Skin.HasSetting(plexbmc) + [IntegerGreaterThan(Container(312).NumItems,0) | IntegerGreaterThan(Container(413).NumItems,0)]">Conditional</animation>
    <posx>558</posx>
    <posy>339</posy>
    <height>45</height>
    <width>1080</width>
    <align>left</align>
    <textcolor>Highlight</textcolor>
    <font>ListDetails</font>
  </include>
  <include name="Recommended_Label">
    <animation effect="slide" start="0,0" end="0,522" time="0" condition="!Skin.HasSetting(plexbmc) + [Control.IsVisible(311) | Control.IsVisible(411) | Control.IsVisible(511) | Control.IsVisible(514)]">Conditional</animation>
	<animation effect="slide" start="0,0" end="0,522" time="0" condition="Skin.HasSetting(plexbmc) + [IntegerGreaterThan(Container(311).NumItems,0) | IntegerGreaterThan(Container(411).NumItems,0) | IntegerGreaterThan(Container(511).NumItems,0) | IntegerGreaterThan(Container(900).NumItems,0)]">Conditional</animation>
    <posx>558</posx>
    <posy>339</posy>
    <height>45</height>
    <width>1080</width>
    <align>left</align>
    <textcolor>Highlight</textcolor>
    <font>ListDetails</font>
  </include>
  <include name="RecentlyAdded_Posters">
    <animation effect="slide" start="0,0" end="0,-162" time="0" condition="!Skin.HasSetting(plexbmc) + [Control.IsVisible(312) | Control.IsVisible(515)]">Conditional</animation>
	  <animation effect="slide" start="0,0" end="0,-162" time="0" condition="Skin.HasSetting(plexbmc) + IntegerGreaterThan(Container(312).NumItems,0)">Conditional</animation>
    <include>VisibleFadeEffectDelayShelf</include>
    <posx>540</posx>
    <posy>378</posy>
    <width>1368</width>
    <height>327</height>
    <onleft>300</onleft>
    <onback>300</onback>
    <movement>4</movement>
    <orientation>horizontal</orientation>
    <itemlayout height="345" width="228">
      <control type="image">
        <posx>21</posx>
        <posy>21</posy>
        <width>189</width>
        <height>285</height>
        <include>PosterThumb</include>
      </control>
      <control type="image">
        <posx>175</posx>
        <posy>273</posy>
        <width>33</width>
        <height>33</height>
        <texture>$VAR[Overlay]</texture>
      </control>
    </itemlayout>
    <focusedlayout height="345" width="228">
      <control type="image">
        <visible>Control.HasFocus(311) | Control.HasFocus(514)</visible>
        <posx>21</posx>
        <posy>21</posy>
        <width>189</width>
        <height>285</height>
		    <include>PosterThumbFO</include>
      </control>
      <control type="image">
        <posx>21</posx>
        <posy>21</posy>
        <width>189</width>
        <height>285</height>
        <include>PosterThumb</include>
      </control>
      <control type="image">
        <posx>175</posx>
        <posy>273</posy>
        <width>33</width>
        <height>33</height>
        <texture>$VAR[Overlay]</texture>
      </control>
    </focusedlayout>
  </include>
  <include name="Recommended_Posters">
    <animation effect="slide" start="0,0" end="0,162" time="0" condition="!Skin.HasSetting(plexbmc) + [Control.IsVisible(311) | Control.IsVisible(514)]">Conditional</animation>
	  <animation effect="slide" start="0,0" end="0,162" time="0" condition="Skin.HasSetting(plexbmc) + IntegerGreaterThan(Container(311).NumItems,0)">Conditional</animation>
    <include>VisibleFadeEffectDelayShelf</include>
    <posx>540</posx>
    <posy>378</posy>
    <width>1368</width>
    <height>327</height>
    <onleft>300</onleft>
    <onback>300</onback>
    <movement>4</movement>
    <orientation>horizontal</orientation>
    <itemlayout height="345" width="228">
      <control type="image">
        <posx>21</posx>
        <posy>21</posy>
        <width>189</width>
        <height>285</height>
        <include>PosterThumb</include>
      </control>
  	  <control type="image">
    		<posx>175</posx>
    		<posy>273</posy>
    		<width>33</width>
    		<height>33</height>
    		<texture>$VAR[Overlay]</texture>
  	  </control>
    </itemlayout>
    <focusedlayout height="345" width="228">
      <control type="image">
        <visible>Control.HasFocus(312) | Control.HasFocus(515)</visible>
        <posx>21</posx>
        <posy>21</posy>
        <width>189</width>
        <height>285</height>
		    <include>PosterThumbFO</include>
      </control>
      <control type="image">
        <posx>21</posx>
        <posy>21</posy>
        <width>189</width>
        <height>285</height>
        <include>PosterThumb</include>
      </control>
      <control type="image">
        <posx>175</posx>
        <posy>273</posy>
        <width>33</width>
        <height>33</height>
        <texture>$VAR[Overlay]</texture>
      </control>
    </focusedlayout>
  </include>
  <include name="RecentlyAdded_Episodes">
    <animation effect="slide" start="0,0" end="0,-162" time="0" condition="!Skin.HasSetting(plexbmc) + Control.IsVisible(413)">Conditional</animation>
	<animation effect="slide" start="0,0" end="0,-162" time="0" condition="Skin.HasSetting(plexbmc) + IntegerGreaterThan(Container(413).NumItems,0)">Conditional</animation>
    <include>VisibleFadeEffectDelayShelf</include>
    <posx>540</posx>
    <posy>378</posy>
    <width>1368</width>
    <height>327</height>
    <onleft>300</onleft>
    <onback>300</onback>
    <movement>4</movement>
    <orientation>horizontal</orientation>
    <itemlayout height="345" width="228">
      <!--<control type="image">
        <posx>21</posx>
        <posy>21</posy>
        <width>189</width>
        <height>285</height>
		<include>PosterThumbBG</include>
      </control>-->
      <control type="image">
        <posx>21</posx>
        <posy>21</posy>
        <width>189</width>
        <height>285</height>
        <include>PosterThumb</include>
      </control>
      <control type="group">
        <posy>240</posy>
        <control type="image">
          <posx>21</posx>
          <posy>12</posy>
          <width>189</width>
          <height>44</height>
          <texture>img/OverlayStripe.png</texture>
        </control>
        <control type="label">
          <posx>23</posx>
          <width>185</width>
          <height>70</height>
          <font>Slider</font>
          <align>center</align>
          <label>$INFO[ListItem.Property(SeasonEpisode)]</label>
        </control>
      </control>
    </itemlayout>
    <focusedlayout height="345" width="228">
      <!--<control type="image">
        <visible>![Control.HasFocus(411) | Control.HasFocus(412)]</visible>
        <posx>21</posx>
        <posy>21</posy>
        <width>189</width>
        <height>285</height>
		<include>PosterThumbBG</include>
      </control>-->
      <control type="image">
        <visible>Control.HasFocus(411) | Control.HasFocus(412)</visible>
        <posx>21</posx>
        <posy>21</posy>
        <width>189</width>
        <height>285</height>
		<include>PosterThumbFO</include>
      </control>
      <control type="image">
        <posx>21</posx>
        <posy>21</posy>
        <width>189</width>
        <height>285</height>
        <include>PosterThumb</include>
      </control>
      <control type="group">
        <posy>240</posy>
        <control type="image">
          <posx>21</posx>
          <posy>12</posy>
          <width>189</width>
          <height>44</height>
          <texture>img/OverlayStripe.png</texture>
        </control>
        <control type="label">
          <posx>23</posx>
          <width>185</width>
          <height>70</height>
          <font>Slider</font>
          <align>center</align>
          <label>$INFO[ListItem.Property(SeasonEpisode)]</label>
        </control>
      </control>
    </focusedlayout>
  </include>
  <include name="Recommended_Episodes">
    <animation effect="slide" start="0,0" end="0,162" time="0" condition="!Skin.HasSetting(plexbmc) + Control.IsVisible(411)">Conditional</animation>
	<animation effect="slide" start="0,0" end="0,162" time="0" condition="Skin.HasSetting(plexbmc) + IntegerGreaterThan(Container(411).NumItems,0)">Conditional</animation>
    <include>VisibleFadeEffectDelayShelf</include>
    <posx>540</posx>
    <posy>378</posy>
    <width>1368</width>
    <height>327</height>
    <onleft>300</onleft>
    <onback>300</onback>
    <movement>4</movement>
    <orientation>horizontal</orientation>
    <itemlayout height="345" width="228">
      <!--<control type="image">
        <posx>21</posx>
        <posy>21</posy>
        <width>189</width>
        <height>285</height>
        <include>PosterThumbBG</include>
      </control>-->
      <control type="image">
        <posx>21</posx>
        <posy>21</posy>
        <width>189</width>
        <height>285</height>
        <include>PosterThumb</include>
      </control>
      <control type="group">
        <posy>240</posy>
        <control type="image">
          <posx>21</posx>
          <posy>12</posy>
          <width>189</width>
          <height>44</height>
          <texture>img/OverlayStripe.png</texture>
        </control>
        <control type="label">
          <posx>23</posx>
          <width>185</width>
          <height>70</height>
          <font>Slider</font>
          <align>center</align>
          <label>$INFO[ListItem.Property(SeasonEpisode)]</label>
        </control>
      </control>
    </itemlayout>
    <focusedlayout height="345" width="228">
      <!--<control type="image">
        <visible>!Control.HasFocus(413)</visible>
        <posx>21</posx>
        <posy>21</posy>
        <width>189</width>
        <height>285</height>
        <include>PosterThumbBG</include>
      </control>-->
      <control type="image">
        <visible>Control.HasFocus(413)</visible>
        <posx>21</posx>
        <posy>21</posy>
        <width>189</width>
        <height>285</height>
        <include>PosterThumbFO</include>
      </control>
      <control type="image">
        <posx>21</posx>
        <posy>21</posy>
        <width>189</width>
        <height>285</height>
        <include>PosterThumb</include>
      </control>
      <control type="group">
        <posy>240</posy>
        <control type="image">
          <posx>21</posx>
          <posy>12</posy>
          <width>189</width>
          <height>44</height>
          <texture>img/OverlayStripe.png</texture>
        </control>
        <control type="label">
          <posx>23</posx>
          <width>185</width>
          <height>70</height>
          <font>Slider</font>
          <align>center</align>
          <label>$INFO[ListItem.Property(SeasonEpisode)]</label>
        </control>
      </control>
    </focusedlayout>
  </include>
  <include name="RecentlyAdded_Albums">
    <animation effect="slide" start="0,0" end="0,-162" time="0" condition="!Skin.HasSetting(plexbmc) + Control.IsVisible(513)">Conditional</animation>
    <include>VisibleFadeEffectDelayShelf</include>
    <posx>540</posx>
    <posy>378</posy>
    <width>1368</width>
    <height>327</height>
    <onleft>300</onleft>
    <onback>300</onback>
    <movement>4</movement>
    <orientation>horizontal</orientation>
    <itemlayout height="345" width="228">
      <!--<control type="image">
        <posx>21</posx>
        <posy>21</posy>
        <width>198</width>
        <height>198</height>
        <include>SquareThumbBG</include>
      </control>-->
      <control type="image">
        <posx>21</posx>
        <posy>21</posy>
        <width>198</width>
        <height>198</height>
        <include>SquareThumb</include>
      </control>
      <control type="image">
        <posx>21</posx>
        <posy>240</posy>
        <width>198</width>
        <height>66</height>
        <bordersize>-3</bordersize>
        <texture border="8">img/WhiteRoundedT.png</texture>
      </control>
      <control type="label">
        <posx>25</posx>
        <posy>243</posy>
        <width>190</width>
        <height>30</height>
        <align>center</align>
        <font>ItemCount</font>
        <scroll>false</scroll>
        <label>$INFO[ListItem.Label]</label>
      </control>
      <control type="label">
        <posx>25</posx>
        <posy>273</posy>
        <width>190</width>
        <height>30</height>
        <align>center</align>
        <font>ItemCount</font>
        <scroll>false</scroll>
        <label>$INFO[ListItem.Label2]</label>
      </control>
    </itemlayout>
    <focusedlayout height="345" width="228">
      <!--<control type="image">
        <visible>![Control.HasFocus(511) | Control.HasFocus(512) | Control.HasFocus(515)]</visible>
        <posx>21</posx>
        <posy>21</posy>
        <width>198</width>
        <height>198</height>
        <include>SquareThumbBG</include>
      </control>-->
      <control type="image">
        <visible>Control.HasFocus(511) | Control.HasFocus(512) | Control.HasFocus(515)</visible>
        <posx>21</posx>
        <posy>21</posy>
        <width>198</width>
        <height>198</height>
        <include>SquareThumbFO</include>
      </control>
      <control type="image">
        <posx>21</posx>
        <posy>21</posy>
        <width>198</width>
        <height>198</height>
        <include>SquareThumb</include>
      </control>
      <control type="image">
        <posx>21</posx>
        <posy>240</posy>
        <width>198</width>
        <height>66</height>
        <bordersize>-3</bordersize>
        <texture border="8">img/WhiteRoundedT.png</texture>
      </control>
      <control type="label">
        <posx>25</posx>
        <posy>243</posy>
        <width>190</width>
        <height>30</height>
        <align>center</align>
        <font>ItemCount</font>
        <scroll>false</scroll>
        <label>$INFO[ListItem.Label]</label>
      </control>
      <control type="label">
        <posx>25</posx>
        <posy>273</posy>
        <width>190</width>
        <height>30</height>
        <align>center</align>
        <font>ItemCount</font>
        <scroll>false</scroll>
        <label>$INFO[ListItem.Label2]</label>
      </control>
    </focusedlayout>
  </include>
  <include name="Recommended_Albums">
    <animation effect="slide" start="0,0" end="0,162" time="0" condition="!Skin.HasSetting(plexbmc) + Control.IsVisible(511)">Conditional</animation>
	<animation effect="slide" start="0,0" end="0,162" time="0" condition="Skin.HasSetting(plexbmc) + IntegerGreaterThan(Container(511).NumItems,0)">Conditional</animation>
    <include>VisibleFadeEffectDelayShelf</include>
    <posx>540</posx>
    <posy>378</posy>
    <width>1368</width>
    <height>327</height>
    <onleft>300</onleft>
    <onback>300</onback>
    <movement>4</movement>
    <orientation>horizontal</orientation>
    <itemlayout height="345" width="228">
      <!--<control type="image">
        <posx>21</posx>
        <posy>21</posy>
        <width>198</width>
        <height>198</height>
        <include>SquareThumbBG</include>
      </control>-->
      <control type="image">
        <posx>21</posx>
        <posy>21</posy>
        <width>198</width>
        <height>198</height>
        <include>SquareThumb</include>
      </control>
      <control type="image">
        <posx>21</posx>
        <posy>240</posy>
        <width>198</width>
        <height>66</height>
        <bordersize>-3</bordersize>
        <texture border="8">img/WhiteRoundedT.png</texture>
      </control>
      <control type="label">
        <posx>25</posx>
        <posy>243</posy>
        <width>190</width>
        <height>30</height>
        <align>center</align>
        <font>ItemCount</font>
        <scroll>false</scroll>
        <label>$INFO[ListItem.Label]</label>
      </control>
      <control type="label">
        <posx>25</posx>
        <posy>273</posy>
        <width>190</width>
        <height>30</height>
        <align>center</align>
        <font>ItemCount</font>
        <scroll>false</scroll>
        <label>$INFO[ListItem.Label2]</label>
      </control>
    </itemlayout>
    <focusedlayout height="345" width="228">
      <!--<control type="image">
        <visible>!Control.HasFocus(513)</visible>
        <posx>21</posx>
        <posy>21</posy>
        <width>198</width>
        <height>198</height>
        <include>SquareThumbBG</include>
      </control>-->
      <control type="image">
        <visible>Control.HasFocus(513)</visible>
        <posx>21</posx>
        <posy>21</posy>
        <width>198</width>
        <height>198</height>
        <include>SquareThumbFO</include>
      </control>
      <control type="image">
        <posx>21</posx>
        <posy>21</posy>
        <width>198</width>
        <height>198</height>
        <include>SquareThumb</include>
      </control>
      <control type="image">
        <posx>21</posx>
        <posy>240</posy>
        <width>198</width>
        <height>66</height>
        <bordersize>-3</bordersize>
        <texture border="8">img/WhiteRoundedT.png</texture>
      </control>
      <control type="label">
        <posx>25</posx>
        <posy>243</posy>
        <width>190</width>
        <height>30</height>
        <align>center</align>
        <font>ItemCount</font>
        <scroll>false</scroll>
        <label>$INFO[ListItem.Label]</label>
      </control>
      <control type="label">
        <posx>25</posx>
        <posy>273</posy>
        <width>190</width>
        <height>30</height>
        <align>center</align>
        <font>ItemCount</font>
        <scroll>false</scroll>
        <label>$INFO[ListItem.Label2]</label>
      </control>
    </focusedlayout>
  </include>
  <include name="RecentlyAdded_Addons">
    <include>VisibleFadeEffectDelayShelf</include>
    <posx>540</posx>
    <posy>378</posy>
    <width>1368</width>
    <height>327</height>
    <onleft>300</onleft>
    <onback>300</onback>
    <movement>4</movement>
    <orientation>horizontal</orientation>
    <itemlayout height="345" width="228">
      <!--<control type="image">
        <posx>21</posx>
        <posy>21</posy>
        <width>198</width>
        <height>198</height>
        <include>SquareThumbBG</include>
      </control>-->
      <control type="image">
        <posx>21</posx>
        <posy>21</posy>
        <width>198</width>
        <height>198</height>
        <include>SquareThumb</include>
      </control>
      <control type="image">
        <posx>21</posx>
        <posy>264</posy>
        <width>198</width>
        <height>42</height>
        <bordersize>-3</bordersize>
        <texture border="8">img/WhiteRoundedT.png</texture>
      </control>
      <control type="label">
        <posx>25</posx>
        <posy>264</posy>
        <width>190</width>
        <height>42</height>
        <align>center</align>
        <font>ItemCount</font>
        <scroll>false</scroll>
        <label>$INFO[ListItem.Label]</label>
      </control>
    </itemlayout>
    <focusedlayout height="345" width="228">
      <!--<control type="image">
        <visible>![Control.HasFocus(111) | Control.HasFocus(211) | Control.HasFocus(212) | Control.HasFocus(900) | Control.HasFocus(901)]</visible>
        <posx>21</posx>
        <posy>21</posy>
        <width>198</width>
        <height>198</height>
        <include>SquareThumbBG</include>
      </control>-->
      <control type="image">
        <visible>Control.HasFocus(111) | Control.HasFocus(211) | Control.HasFocus(212) | Control.HasFocus(900) | Control.HasFocus(901)</visible>
        <posx>21</posx>
        <posy>21</posy>
        <width>198</width>
        <height>198</height>
        <include>SquareThumbFO</include>
      </control>
      <control type="image">
        <posx>21</posx>
        <posy>21</posy>
        <width>198</width>
        <height>198</height>
        <include>SquareThumb</include>
      </control>
      <control type="image">
        <posx>21</posx>
        <posy>264</posy>
        <width>198</width>
        <height>42</height>
        <bordersize>-3</bordersize>
        <texture border="8">img/WhiteRoundedT.png</texture>
      </control>
      <control type="label">
        <posx>25</posx>
        <posy>264</posy>
        <width>190</width>
        <height>42</height>
        <align>center</align>
        <font>ItemCount</font>
        <scroll>false</scroll>
        <label>$INFO[ListItem.Label]</label>
      </control>
    </focusedlayout>
  </include>
  <include name="Vertical_Home_Layout">
    <control type="group" id="700">
      <include condition="Skin.HasSetting(Shelf.Delay)">Shelf_Delay</include>
	  <control type="image" description="RA BG XBMC only">
        <visible>!Skin.HasSetting(plexbmc) + [Control.IsVisible(111) | Control.IsVisible(211) | Control.IsVisible(212) | [Control.IsVisible(311) + !Control.IsVisible(312)] | [!Control.IsVisible(311) + Control.IsVisible(312)] | [Control.IsVisible(411) + !Control.IsVisible(413)] | [!Control.IsVisible(411) + Control.IsVisible(413)] | [Control.IsVisible(511) + !Control.IsVisible(513)] | [!Control.IsVisible(511) + Control.IsVisible(513)] | [Control.IsVisible(514) + !Control.IsVisible(515)] | [!Control.IsVisible(514) + Control.IsVisible(515)] | Control.IsVisible(412) | Control.IsVisible(512)]</visible>
        <posx>530</posx>
        <posy>345</posy>
        <width>1390</width>
        <height>390</height>
        <texture border="0,40,0,40">home/OverlayRA2T.png</texture>
      </control>
      <control type="image" description="RA BG 2 XBMC only">
        <visible>!Skin.HasSetting(plexbmc) + [[Control.IsVisible(311) + Control.IsVisible(312)] | [Control.IsVisible(411) + Control.IsVisible(413)] | [Control.IsVisible(511) + Control.IsVisible(513)] | [Control.IsVisible(514) + Control.IsVisible(515)]]</visible>
        <posx>530</posx>
        <posy>183</posy>
        <width>1390</width>
        <height>720</height>
        <texture border="0,40,0,40">home/OverlayRA2T.png</texture>
      </control>
	  <control type="image" description="RA BG Plexbmc only">
        <visible>Skin.HasSetting(plexbmc) + [Control.IsVisible(111) | Control.IsVisible(211) | Control.IsVisible(212) | [IntegerGreaterThan(Container(311).NumItems,0) + !IntegerGreaterThan(Container(312).NumItems,0)] | [!IntegerGreaterThan(Container(311).NumItems,0) + IntegerGreaterThan(Container(312).NumItems,0)] | [IntegerGreaterThan(Container(411).NumItems,0) + !IntegerGreaterThan(Container(413).NumItems,0)] | [!IntegerGreaterThan(Container(411).NumItems,0) + IntegerGreaterThan(Container(413).NumItems,0)] | Control.IsVisible(511) | Control.IsVisible(900) | Control.IsVisible(901)]</visible>
        <posx>530</posx>
        <posy>345</posy>
        <width>1390</width>
        <height>390</height>
        <texture border="0,40,0,40">home/OverlayRA2T.png</texture>
      </control>
      <control type="image" description="RA BG 2 Plexbmc only">
        <visible>Skin.HasSetting(plexbmc) + [[IntegerGreaterThan(Container(311).NumItems,0) + IntegerGreaterThan(Container(312).NumItems,0)] | [IntegerGreaterThan(Container(411).NumItems,0) + IntegerGreaterThan(Container(413).NumItems,0)]]</visible>
        <posx>530</posx>
        <posy>183</posy>
        <width>1390</width>
        <height>720</height>
        <texture border="0,40,0,40">home/OverlayRA2T.png</texture>
      </control>
      <include condition="!Skin.HasSetting(Hide.Favourites)">Favourite.List</include>
      <control type="group">
        <include>PVR.List</include>
        <visible>IsEmpty(Weather.Plugin) + System.GetBool(pvrmanager.enabled)</visible>
      </control>
      <control type="group">
        <top>100</top>
        <include>PVR.List</include>
        <visible>!IsEmpty(Weather.Plugin) + System.GetBool(pvrmanager.enabled)</visible>
      </control>
      <include condition="Skin.HasSetting(Shelf.Addons)">Addons.List</include>
      <include condition="!Skin.HasSetting(Hide.RecentlyAdded) + !Skin.HasSetting(plexbmc) + SubString(Window(Home).Property(SkinWidgets_RecentItems),t,left)">Recent.Movies.List</include>
      <include condition="!Skin.HasSetting(Hide.RecentlyAdded) + !Skin.HasSetting(plexbmc) + SubString(Window(Home).Property(SkinWidgets_RecentItems),t,left)">Recent.Concerts.List</include>
      <include condition="!Skin.HasSetting(Hide.RecentlyAdded) + !Skin.HasSetting(plexbmc) + SubString(Window(Home).Property(SkinWidgets_RecentItems),t,left)">Recent.Episodes.List</include>
      <include condition="!Skin.HasSetting(Hide.RecentlyAdded) + !Skin.HasSetting(plexbmc) + SubString(Window(Home).Property(SkinWidgets_RecentItems),t,left)">Recent.Albums.List</include>
      <include condition="!Skin.HasSetting(Hide.RecentlyAdded) + !Skin.HasSetting(plexbmc) + SubString(Window(Home).Property(SkinWidgets_RecentItems),t,left)">Recent.Clips.List</include>
      <include condition="!Skin.HasSetting(Hide.RecentlyAdded) + !Skin.HasSetting(plexbmc) + [SubString(Window(Home).Property(SkinWidgets_Recommended),t,left) | SubString(Window(Home).Property(SkinWidgets_RandomItems),t,left)]">Recommended.And.Random.Movies.List</include>
      <include condition="!Skin.HasSetting(Hide.RecentlyAdded) + !Skin.HasSetting(plexbmc) + SubString(Window(Home).Property(SkinWidgets_Recommended),t,left)">Recommended.Concerts.List</include>
      <include condition="!Skin.HasSetting(Hide.RecentlyAdded) + !Skin.HasSetting(plexbmc) + SubString(Window(Home).Property(SkinWidgets_Recommended),t,left)">Recommended.Episodes.List</include>
      <include condition="!Skin.HasSetting(Hide.RecentlyAdded) + !Skin.HasSetting(plexbmc) + SubString(Window(Home).Property(SkinWidgets_Recommended),t,left)">Recommended.Albums.List</include>
      <include condition="!Skin.HasSetting(Hide.RecentlyAdded) + Skin.HasSetting(plexbmc)">Plexbmc_Shelf</include>
    </control>
    <control type="group">
      <!--<control type="group" description="Full screen shelf trigger">
	  <visible>Skin.HasSetting(UseFullScreenShelf)</visible>
	  <control type="image" description="Shelf BG">
            <visible>Skin.HasSetting(Shelf.Favourites) | Skin.HasSetting(Shelf.Addons) | !Skin.HasSetting(Hide.RecentlyAdded)</visible>
            <posx>534</posx>
            <posy>393</posy>
            <width>60</width>
            <height>300</height>
            <texture border="0,39,0,39">home/HomeTopNavVertical.png</texture>
          </control>
          <control type="label" description="Shelf label">
            <visible>Skin.HasSetting(Shelf.Favourites) | Skin.HasSetting(Shelf.Addons) | !Skin.HasSetting(Hide.RecentlyAdded)</visible>
            <posx>363</posx>
            <posy>507</posy>
            <width>400</width>
            <height>60</height>
            <textcolor>Grey</textcolor>
            <shadowcolor>Silver</shadowcolor>
            <align>center</align>
            <label>$LOCALIZE[31976]</label>
			<angle>270</angle>
	      </control>
	  </control>-->
      <control type="group" description="Furniture">
        <control type="image" description="Main Left Blade">
          <posx>0</posx>
          <posy>0</posy>
          <width>540</width>
          <height>1080</height>
          <texture border="0,0,30,0">common/ViewMenuHome.png</texture>
        </control>
        <control type="label">
          <visible>Skin.HasSetting(plexbmc)</visible>
          <posx>50</posx>
          <posy>0</posy>
          <width>460</width>
          <height>80</height>
          <aligny>center</aligny>
          <textcolor>Grey3</textcolor>
          <shadowcolor>ShadowDark</shadowcolor>
          <label>$INFO[Container(300).ListItem.Label2]</label>
          <font>Volume</font>
        </control>
        <control type="label">
          <visible>![Skin.HasSetting(plexbmc) | Player.HasAudio] + IsEmpty(Weather.Plugin)</visible>
          <posx>50</posx>
          <posy>0</posy>
          <width>460</width>
          <height>80</height>
          <aligny>center</aligny>
          <textcolor>Grey3</textcolor>
          <shadowcolor>ShadowDark</shadowcolor>
          <label>KODI</label>
          <font>Volume</font>
        </control>
      </control>
      <control type="fixedlist" id="300" description="Main Bar">
        <animation effect="fade" time="200" start="100" end="20" reversible="true" condition="!Control.HasFocus(300)">Conditional</animation>
        <posx>30</posx>
        <posy>100</posy>
        <width>460</width>
        <height>880</height>
        <onup>300</onup>
        <ondown>300</ondown>
        <onleft>9001</onleft>
        <onright>700</onright>
        <onback>9001</onback>
        <pagecontrol>-</pagecontrol>
        <focusposition>5</focusposition>
        <movement>0</movement>
				<!--<defaultcontrol always="true">1</defaultcontrol>-->
        <preloaditems>4</preloaditems>
        <itemlayout height="80" width="460">
          <control type="label">
            <posx>0</posx>
            <posy>0</posy>
            <width>460</width>
            <height>80</height>
            <align>right</align>
            <aligny>center</aligny>
            <textcolor>Grey3</textcolor>
            <shadowcolor>ShadowDark</shadowcolor>
            <label>$INFO[ListItem.Label]</label>
			<scroll>false</scroll>
            <font>MainMenuVertical</font>
          </control>
        </itemlayout>
        <focusedlayout height="80" width="460">
          <control type="label">
            <posx>0</posx>
            <posy>0</posy>
            <width>460</width>
            <height>80</height>
            <align>right</align>
            <aligny>center</aligny>
            <textcolor>Highlight</textcolor>
            <shadowcolor>ShadowDark</shadowcolor>
            <label>$INFO[ListItem.Label]</label>
            <font>MainMenuVerticalFO</font>
          </control>
        </focusedlayout>
        <content>
          <include>Home.Main.Menu.Items</include>
        </content>
      </control>
    </control>
    <control type="image" description="Sub Left Blade">
      <include>VisibleFadeEffect</include>
      <animation effect="slide" start="0,0" end="389,0" time="250" delay="0" reversible="true" condition="Control.HasFocus(9001)">conditional</animation>
	  <animation effect="slide" start="0,0" end="477,0" time="250" delay="0" reversible="true" condition="Skin.HasSetting(plexbmc) + Control.HasFocus(311) + !IsEmpty(Container(311).ListItem.Property(Plot))">conditional</animation>
	  <animation effect="fade" start="100" end="85" time="0" reversible="true" condition="Skin.HasSetting(plexbmc) + Control.HasFocus(311) + !IsEmpty(Container(311).ListItem.Property(Plot))">conditional</animation>
      <posx>-518</posx>
      <posy>0</posy>
      <width>540</width>
      <height>1080</height>
      <texture border="0,0,30,0">common/ViewMenu.png</texture>
    </control>
    <control type="fixedlist" id="9001">
      <visible allowhiddenfocus="true">Control.HasFocus(9001)</visible>
      <include>VisibleFadeEffect</include>
      <animation effect="slide" start="0,0" end="450,0" time="250" delay="0" condition="Control.HasFocus(9001)">conditional</animation>
      <animation effect="fade" time="300" start="100" end="0" delay="0" reversible="true" condition="!Control.HasFocus(9001)">Conditional</animation>
      <posx>-450</posx>
      <posy>330</posy>
      <width>400</width>
      <height>480</height>
      <onleft>300</onleft>
      <onright>300</onright>
      <onup>9001</onup>
      <ondown>9001</ondown>
      <onback>300</onback>
      <focusposition>3</focusposition>
      <movement>3</movement>
      <itemlayout width="400" height="60">
        <control type="image">
          <posx>0</posx>
          <posy>0</posy>
          <width>400</width>
          <height>60</height>
          <texture border="3">buttons/ButtonNF.png</texture>
        </control>
        <control type="label" description="Main Label">
          <posx>30</posx>
          <posy>0</posy>
          <width>360</width>
          <height>60</height>
          <label>$INFO[ListItem.Label]</label>
        </control>
      </itemlayout>
      <focusedlayout width="400" height="60">
        <control type="image">
          <posx>0</posx>
          <posy>0</posy>
          <width>400</width>
          <height>60</height>
          <texture border="2">buttons/ButtonFO.png</texture>
        </control>
        <control type="label" description="Main Label">
          <posx>30</posx>
          <posy>0</posy>
          <width>360</width>
          <height>60</height>
          <textcolor>Highlight</textcolor>
          <label>$INFO[ListItem.Label]</label>
        </control>
      </focusedlayout>
      <content>
        <include>Home.Submenu.Items</include>
      </content>
    </control>
  </include>
</includes>