<?xml version="1.0" encoding="UTF-8"?>
<window>
  <defaultcontrol always="false">101</defaultcontrol>
  <onload condition="!VideoPlayer.Content(LiveTV)">SetFocus(602)</onload>
  <include>OSDFade</include>
  <coordinates>
    <left>0</left>
    <top>0</top>
  </coordinates>  <controls>
    <control type="slider" id="87">
      <description>Seek Slider</description>
      <posx>-123</posx>
      <posy>-950</posy>
      <width>720</width>
      <height>18</height>
      <onup>noop</onup>
      <ondown>100</ondown>
      <action>seek</action>
      <texturesliderbar>OSD/seekslider.png</texturesliderbar>
      <textureslidernib>OSD/ScrollbarNibNF.png</textureslidernib>
      <textureslidernibfocus>OSD/ScrollbarNibFO.png</textureslidernibfocus>
      <visible>![Window.IsVisible(SliderDialog) | Window.IsVisible(OSDVideoSettings) | Window.IsVisible(OSDAudioSettings) | Window.IsVisible(OSDAudioDSPSettings) | Window.IsVisible(VideoBookmarks) | VideoPlayer.Content(LiveTV)]</visible>
    </control>
    <control type="grouplist" id="100">
      <top>900</top>
      <left>30</left>
      <height>98</height>
      <width>1305</width>
      <align>right</align>
      <orientation>horizontal</orientation>
      <itemgap>-20</itemgap>
      <animation effect="fade" time="150">VisibleChange</animation>
      <visible>![Window.IsVisible(SliderDialog) | Window.IsVisible(OSDVideoSettings) | Window.IsVisible(OSDAudioSettings) | Window.IsVisible(OSDAudioDSPSettings) | Window.IsVisible(VideoBookmarks) | Window.IsVisible(PVROSDChannels) | Window.IsVisible(PVROSDGuide)]</visible>
      <control type="button" id="655">
        <enable>VideoPlayer.IsStereoscopic</enable>
        <width>98</width>
        <height>98</height>
        <label>$LOCALIZE[36501]</label>
        <font>-</font>
        <texturefocus aligny="center">VideoOSD/OSDStereoscopicFO.png</texturefocus>
        <texturenofocus aligny="center">VideoOSD/OSDStereoscopicNF.png</texturenofocus>
        <onup>501</onup>
        <ondown>101</ondown>
        <oninfo>Skin.ToggleSetting(OSDInfo)</oninfo>      
      </control>
      <control type="button" id="656">
        <width>98</width>
        <height>98</height>
        <label>$LOCALIZE[31356]</label>
        <font>-</font>
        <texturefocus>VideoOSD/OSDSubtitlesFO.png</texturefocus>
        <texturenofocus>VideoOSD/OSDSubtitlesNF.png</texturenofocus>
        <onup>400</onup>
        <ondown>101</ondown>        
        <onclick>ShowSubtitles</onclick>
        <oninfo>Skin.ToggleSetting(OSDInfo)</oninfo>      
      </control>
      <control type="button" id="657">
        <width>98</width>
        <height>98</height>
        <label>$LOCALIZE[13395]</label>
        <font>-</font>
        <texturefocus>VideoOSD/OSDVideoFO.png</texturefocus>
        <texturenofocus>VideoOSD/OSDVideoNF.png</texturenofocus>
        <onup>87</onup>
        <ondown>101</ondown>
        <onclick>ActivateWindow(OSDVideoSettings)</onclick>
        <oninfo>Skin.ToggleSetting(OSDInfo)</oninfo>      
      </control>
      <control type="button" id="658">
        <width>98</width>
        <height>98</height>
        <label>$LOCALIZE[292] &amp; $LOCALIZE[287]</label>
        <font>-</font>
        <texturefocus>VideoOSD/OSDAudioFO.png</texturefocus>
        <texturenofocus>VideoOSD/OSDAudioNF.png</texturenofocus>
        <onup>87</onup>
        <ondown>101</ondown>
        <onclick>ActivateWindow(OSDAudioSettings)</onclick>
        <oninfo>Skin.ToggleSetting(OSDInfo)</oninfo>      
      </control>
       <control type="button" id="659">
        <width>98</width>
        <height>98</height>
        <label>$LOCALIZE[298]</label>
        <font>-</font>
        <texturefocus>VideoOSD/OSDBookmarksFO.png</texturefocus>
        <texturenofocus>VideoOSD/OSDBookmarksNF.png</texturenofocus>
        <onup>87</onup>
        <ondown>101</ondown>
        <onclick>ActivateWindow(VideoBookmarks)</onclick>
        <visible>!VideoPlayer.Content(LiveTV)</visible>
        <oninfo>Skin.ToggleSetting(OSDInfo)</oninfo>      
      </control>
      <control type="togglebutton" id="660">
        <width>98</width>
        <height>98</height>
        <label>$LOCALIZE[31355]</label>
        <font>-</font>
        <texturefocus>VideoOSD/OSDDvdFO.png</texturefocus>
        <texturenofocus>VideoOSD/OSDDvdNF.png</texturenofocus>
        <alttexturenofocus>VideoOSD/OSDDvdDisabled.png</alttexturenofocus>
        <usealttexture>!VideoPlayer.HasMenu</usealttexture>
        <onup>87</onup>
        <ondown>101</ondown>
        <onclick>PlayerControl(ShowVideoMenu)</onclick>
        <visible>!VideoPlayer.Content(LiveTV) + VideoPlayer.HasMenu</visible>
        <oninfo>Skin.ToggleSetting(OSDInfo)</oninfo>      
      </control>
      <control type="button" id="700">
        <enable>Player.CanRecord</enable>
        <visible>VideoPlayer.Content(LiveTV)</visible>
        <width>98</width>
        <height>98</height>
        <label>$LOCALIZE[31355]</label>
        <font>-</font>
        <texturefocus>VideoOSD/OSDrecordFO.png</texturefocus>
        <texturenofocus>VideoOSD/OSDRecordNF.png</texturenofocus>
        <onup>87</onup>
        <ondown>101</ondown>
        <onclick>PlayerControl(Record)</onclick>
        <animation effect="fade" start="100" end="50" time="100" condition="!Player.CanRecord">Conditional</animation>
        <oninfo>Skin.ToggleSetting(OSDInfo)</oninfo>      
      </control>
      <control type="togglebutton" id="701">
        <width>98</width>
        <height>98</height>
        <label>$LOCALIZE[31355]</label>
        <font>-</font>
        <texturefocus>VideoOSD/OSDInfoOnFO.png</texturefocus>
        <texturenofocus>VideoOSD/OSDInfoOnNF.png</texturenofocus>
        <alttexturefocus>VideoOSD/OSDInfoOffFO.png</alttexturefocus>
        <alttexturenofocus>VideoOSD/OSDInfoOffNF.png</alttexturenofocus>
        <usealttexture>Skin.HasSetting(OSDInfo)</usealttexture>
        <onup>87</onup>
        <ondown>101</ondown>
        <onclick>Skin.ToggleSetting(OSDInfo)</onclick>
        <oninfo>Skin.ToggleSetting(OSDInfo)</oninfo>      
      </control>
    </control>
    <control type="grouplist" id="101">
      <top>960</top>
      <left>30</left>
      <height>98</height>
      <width>1305</width>
      <align>right</align>
      <onup>100</onup>
      <ondown>Close</ondown>
      <orientation>horizontal</orientation>
      <animation effect="fade" time="150">VisibleChange</animation>
      <visible>![Window.IsVisible(SliderDialog) | Window.IsVisible(OSDVideoSettings) | Window.IsVisible(OSDAudioSettings) | Window.IsVisible(OSDAudioDSPSettings) | Window.IsVisible(VideoBookmarks) | Window.IsVisible(PVROSDChannels) | Window.IsVisible(PVROSDGuide)]</visible>
      <control type="button" id="300">
        <width>80</width>
        <height>98</height>
        <label>$LOCALIZE[210]</label>
        <font>-</font>
       <texturefocus>VideoOSD/OSDChannelDownFO.png</texturefocus>
        <texturenofocus>VideoOSD/OSDChannelDownNF.png</texturenofocus>
        <onup>100</onup>
        <ondown>Close</ondown>
        <onclick>PlayerControl(Previous)</onclick>
        <visible>VideoPlayer.Content(LiveTV)</visible>
        <oninfo>Skin.ToggleSetting(OSDInfo)</oninfo>      
      </control>
      <control type="button" id="301">
        <width>80</width>
        <height>98</height>
        <label>$LOCALIZE[31354]</label>
        <font>-</font>
        <texturefocus>VideoOSD/OSDChannelUpFO.png</texturefocus>
        <texturenofocus>VideoOSD/OSDChannelUpNF.png</texturenofocus>
        <onup>100</onup>
        <ondown>Close</ondown>
        <onclick>PlayerControl(Next)</onclick>
        <visible>VideoPlayer.Content(LiveTV)</visible>
        <oninfo>Skin.ToggleSetting(OSDInfo)</oninfo>      
      </control>
      <control type="button" id="600">
        <width>80</width>
        <height>98</height>
        <label>$LOCALIZE[31351]</label>
        <font>-</font>
        <texturefocus>VideoOSD/OSDPreviousFO.png</texturefocus>
        <texturenofocus>VideoOSD/OSDPreviousNF.png</texturenofocus>
        <onup>100</onup>
        <ondown>Close</ondown>
        <onclick>PlayerControl(Previous)</onclick>
        <visible>!VideoPlayer.Content(LiveTV)</visible>
        <oninfo>Skin.ToggleSetting(OSDInfo)</oninfo>      
      </control>
      <control type="button" id="601">
        <width>80</width>
        <height>98</height>
        <label>$LOCALIZE[210]</label>
        <font>-</font>
        <texturefocus>VideoOSD/OSDRWFO.png</texturefocus>
        <texturenofocus>VideoOSD/OSDRWNF.png</texturenofocus>
        <onup>100</onup>
        <ondown>Close</ondown>
        <enable>Player.SeekEnabled</enable>
        <onclick>PlayerControl(Rewind)</onclick>
        <oninfo>Skin.ToggleSetting(OSDInfo)</oninfo>      
      </control>
      <control type="togglebutton" id="602">
        <width>80</width>
        <height>98</height>
        <label>$LOCALIZE[31351]</label>
        <altlabel>$LOCALIZE[208]</altlabel>
        <font>-</font>
        <texturefocus>VideoOSD/OSDPauseFO.png</texturefocus>
        <texturenofocus>VideoOSD/OSDPauseNF.png</texturenofocus>
        <usealttexture>Player.Paused | Player.Forwarding | Player.Rewinding</usealttexture>
        <alttexturefocus>VideoOSD/OSDPlayFO.png</alttexturefocus>
        <alttexturenofocus>VideoOSD/OSDPlayNF.png</alttexturenofocus>
        <onup>100</onup>
        <ondown>Close</ondown>
        <onclick>PlayerControl(Play)</onclick>
        <oninfo>Skin.ToggleSetting(OSDInfo)</oninfo>      
      </control>
      <control type="button" id="603">
        <width>80</width>
        <height>98</height>
        <label>$LOCALIZE[31352]</label>
        <font>-</font>
        <texturefocus>VideoOSD/OSDStopFO.png</texturefocus>
        <texturenofocus>VideoOSD/OSDStopNF.png</texturenofocus>
        <onup>100</onup>
        <ondown>Close</ondown>
        <onclick>PlayerControl(Stop)</onclick>
        <oninfo>Skin.ToggleSetting(OSDInfo)</oninfo>      
      </control>
      <control type="button" id="604">
        <width>80</width>
        <height>98</height>
        <label>$LOCALIZE[31353]</label>
        <font>-</font>
        <texturefocus>VideoOSD/OSDFWFO.png</texturefocus>
        <texturenofocus>VideoOSD/OSDFWNF.png</texturenofocus>
        <onup>100</onup>
        <ondown>Close</ondown>
        <enable>Player.SeekEnabled</enable>
        <onclick>PlayerControl(Forward)</onclick>
        <oninfo>Skin.ToggleSetting(OSDInfo)</oninfo>      
      </control>
      <control type="button" id="605">
        <width>80</width>
        <height>98</height>
        <label>$LOCALIZE[209]</label>
        <font>-</font>
        <texturefocus>VideoOSD/OSDNextFO.png</texturefocus>
        <texturenofocus>VideoOSD/OSDNextNF.png</texturenofocus>
        <onup>100</onup>
        <ondown>Close</ondown>
        <onclick>PlayerControl(Next)</onclick>
        <visible>!VideoPlayer.Content(LiveTV)</visible>
        <oninfo>Skin.ToggleSetting(OSDInfo)</oninfo>      
      </control>
      <control type="button" id="606">
        <width>80</width>
        <height>98</height>
        <label>$LOCALIZE[31353]</label>
        <font>-</font>
        <texturefocus>VideoOSD/OSDChannelsFO.png</texturefocus>
        <texturenofocus>VideoOSD/OSDChannelsNF.png</texturenofocus>
        <onup>100</onup>
        <ondown>Close</ondown>
        <onclick>ActivateWindow(PVROSDChannels)</onclick>
        <onclick>Dialog.Close(VideoOSD)</onclick>
        <visible>VideoPlayer.Content(LiveTV)</visible>
        <oninfo>Skin.ToggleSetting(OSDInfo)</oninfo>      
      </control>
      <control type="button" id="607">
        <width>80</width>
        <height>98</height>
        <label>$LOCALIZE[19029]$INFO[VideoPlayer.ChannelName, - ]</label>
        <font>-</font>
        <texturefocus>VideoOSD/OSDEpgFO.png</texturefocus>
        <texturenofocus>VideoOSD/OSDEpgNF.png</texturenofocus>
        <onup>100</onup>
        <ondown>Close</ondown>
        <onclick>ActivateWindow(PVROSDGuide)</onclick>
        <onclick>Dialog.Close(VideoOSD)</onclick>
        <visible>VideoPlayer.Content(LiveTV)</visible>
        <oninfo>Skin.ToggleSetting(OSDInfo)</oninfo>      
      </control>
      <control type="button" id="650">
        <width>80</width>
        <height>98</height>
        <label>$LOCALIZE[31356]</label>
        <font>-</font>
        <texturefocus>VideoOSD/OSDBookmarksFO.png</texturefocus>
        <texturenofocus>VideoOSD/OSDBookmarksNF.png</texturenofocus>
        <onup>100</onup>
        <ondown>Close</ondown>
        <onclick>Dialog.Close(VideoOSD)</onclick>
        <onclick>ActivateWindow(Teletext)</onclick>
        <visible>VideoPlayer.Content(LiveTV)</visible>
        <oninfo>Skin.ToggleSetting(OSDInfo)</oninfo>      
      </control>
    </control>
    <control type="grouplist" id="400">
      <visible>![Window.IsVisible(SliderDialog) | Window.IsVisible(OSDVideoSettings) | Window.IsVisible(OSDAudioSettings) | Window.IsVisible(OSDAudioDSPSettings) | Window.IsVisible(VideoBookmarks)]</visible>
      <animation effect="fade" time="150">VisibleChange</animation>
      <left>850</left>
      <bottom>0</bottom>
      <width>400</width>
      <height>320</height>
      <itemgap>0</itemgap>
      <onleft>400</onleft>
      <onright>400</onright>
      <onup>656</onup>
      <ondown>656</ondown>
      <orientation>vertical</orientation>
      <visible>!VideoPlayer.Content(LiveTV)</visible>
      <visible>Control.HasFocus(656) | ControlGroup(400).HasFocus</visible>
      <include>VisibleFadeEffect</include>
      <control type="group">
        <description>Header</description>
        <width>400</width>
        <height>40</height>
        <control type="image">
          <description>Header</description>
          <left>0</left>
          <top>0</top>
          <width>400</width>
          <height>40</height>
          <texture border="20,18,20,0">VideoOSD/SubMenuBack-Header.png</texture>
         </control>
        <control type="label">
          <left>0</left>
          <top>20</top>
          <width>400</width>
          <height>15</height>
          <font>font12</font>
          <label>24012</label>
          <textcolor>orange</textcolor>
          <align>center</align>
          <aligny>center</aligny>
        </control>
      </control>
      <control type="togglebutton" id="401">
        <description>Download with Subtitles script</description>
        <height>40</height>
        <width>400</width>
        <textoffsetx>30</textoffsetx>
        <aligny>center</aligny>
        <font>font13</font>
        <label>33003</label>
        <texturefocus border="25,5,25,5">VideoOSD/SubMenuBack-MiddleFO.png</texturefocus>
        <texturenofocus border="25,5,25,5">VideoOSD/SubMenuBack-MiddleNF.png</texturenofocus>
        <alttexturefocus border="25,5,25,5">VideoOSD/SubMenuBack-MiddleFO.png</alttexturefocus>
        <alttexturenofocus border="25,5,25,5">VideoOSD/SubMenuBack-MiddleNF.png</alttexturenofocus>
        <onclick>Close</onclick>
        <onclick>Dialog.Close(VideoOSD)</onclick>
        <onclick>ActivateWindow(SubtitleSearch)</onclick>
      </control>
      <control type="button" id="402">
        <height>40</height>
        <width>400</width>
        <textoffsetx>30</textoffsetx>
        <aligny>center</aligny>
        <font>font13</font>
        <texturefocus border="25,5,25,5">VideoOSD/SubMenuBack-MiddleFO.png</texturefocus>
        <texturenofocus border="25,5,25,5">VideoOSD/SubMenuBack-MiddleNF.png</texturenofocus>
        <pulseonselect>false</pulseonselect>
        <label>22006</label>
        <onclick>SubtitleDelay</onclick>
        <visible>VideoPlayer.HasSubtitles + VideoPlayer.SubtitlesEnabled</visible>
      </control>
      <control type="button" id="403">
        <height>40</height>
        <width>400</width>
        <textoffsetx>30</textoffsetx>
        <aligny>center</aligny>
        <font>font13</font>
        <texturefocus border="25,5,25,5">VideoOSD/SubMenuBack-MiddleFO.png</texturefocus>
        <texturenofocus border="25,5,25,5">VideoOSD/SubMenuBack-MiddleNF.png</texturenofocus>
        <pulseonselect>false</pulseonselect>
        <label>209</label>
        <onclick>CycleSubtitle</onclick>
        <visible>VideoPlayer.HasSubtitles + VideoPlayer.SubtitlesEnabled</visible>
      </control>
      <control type="radiobutton" id="404">
        <height>40</height>
        <width>400</width>
        <textoffsetx>30</textoffsetx>
        <aligny>center</aligny>
        <font>font13</font>
        <label>449</label>
        <radioposx>300</radioposx>
        <texturefocus border="25,5,25,5">VideoOSD/SubMenuBack-MiddleFO.png</texturefocus>
        <texturenofocus border="25,5,25,5">VideoOSD/SubMenuBack-MiddleNF.png</texturenofocus>
        <onclick>ShowSubtitles</onclick>
        <selected>VideoPlayer.SubtitlesEnabled</selected>
        <visible>VideoPlayer.HasSubtitles</visible>
        <pulseonselect>false</pulseonselect>
      </control>
      <control type="image" id="440">
        <description>Footer</description>
        <width>400</width>
        <height>52</height>
        <texture border="20,0,20,50">VideoOSD/SubMenuBack-Footer.png</texture>
      </control>
    </control>
    <control type="grouplist" id="500">
      <visible>videoplayer.isstereoscopic + ![Window.IsVisible(SliderDialog) | Window.IsVisible(OSDVideoSettings) | Window.IsVisible(OSDAudioSettings) | Window.IsVisible(VideoBookmarks) | Window.IsVisible(PVROSDChannels) | Window.IsVisible(PVROSDGuide)] + [Control.HasFocus(656) | ControlGroup(500).HasFocus | Control.HasFocus(656)]</visible>
      <animation effect="fade" time="150">VisibleChange</animation>
      <animation effect="slide" start="0,0" end="55,0" time="0" condition="VideoPlayer.Content(LiveTV)">Conditional</animation>
      <left>667</left>
      <bottom>45</bottom>
      <width>400</width>
      <height>220</height>
      <itemgap>0</itemgap>
      <onleft>100</onleft>
      <onright>100</onright>
      <onup>699</onup>
      <ondown>699</ondown>
      <orientation>vertical</orientation>
      <include>VisibleFadeEffect</include>
      <control type="group">
        <description>Header</description>
        <width>400</width>
        <height>40</height>
        <control type="image">
        	<description>Header</description>
        	<left>0</left>
        	<top>0</top>
        	<width>400</width>
        	<height>40</height>
        	<texture border="20,18,20,0">VideoOSD/SubMenuBack-Header.png</texture>
        </control>
        <control type="label">
        	<left>0</left>
        	<top>20</top>
        	<width>400</width>
        	<height>15</height>
        	<font>font12</font>
        	<label>36501</label>
        	<textcolor>white</textcolor>
        	<align>center</align>
        	<aligny>center</aligny>
        </control>
      </control>
    	<control type="radiobutton" id="503">
    	 <height>40</height>
    	 <width>400</width>
    	 <textoffsetx>30</textoffsetx>
    	 <aligny>center</aligny>
    	 <font>font13</font>
    	 <label>31362</label>
    	 <radioposx>300</radioposx>
    	 <texturefocus border="25,5,25,5">VideoOSD/SubMenuBack-MiddleFO.png</texturefocus>
    	 <texturenofocus border="25,5,25,5">VideoOSD/SubMenuBack-MiddleNF.png</texturenofocus>
    	 <onclick>ToggleStereoMode</onclick>
    	 <selected>IntegerGreaterThan(System.StereoscopicMode,0)</selected>
    	 <pulseonselect>false</pulseonselect>
    	</control>
    	<control type="button" id="502">
    	 <height>40</height>
    	 <width>400</width>
    	 <textoffsetx>30</textoffsetx>
    	 <aligny>center</aligny>
    	 <font>font13</font>
    	 <texturefocus border="25,5,25,5">VideoOSD/SubMenuBack-MiddleFO.png</texturefocus>
    	 <texturenofocus border="25,5,25,5">VideoOSD/SubMenuBack-MiddleNF.png</texturenofocus>
    	 <pulseonselect>false</pulseonselect>
    	 <label>31361</label>
    	 <onclick>StereoMode</onclick>
    	</control>
    	<control type="button" id="501">
    	  <height>40</height>
    	  <width>400</width>
    	  <textoffsetx>30</textoffsetx>
    	  <aligny>center</aligny>
    	  <font>font13</font>
    	  <label>31360</label>
    	  <texturefocus border="25,5,25,5">VideoOSD/SubMenuBack-MiddleFO.png</texturefocus>
    	  <texturenofocus border="25,5,25,5">VideoOSD/SubMenuBack-MiddleNF.png</texturenofocus>
    	  <onclick>StereoModeToMono</onclick>
    	  <pulseonselect>false</pulseonselect>
    	</control>
    	<control type="image" id="549">
    	  <description>Footer</description>
    	  <width>400</width>
    	  <height>52</height>
    	  <texture border="20,0,20,50">VideoOSD/SubMenuBack-Footer.png</texture>
    	</control>
    </control>
  </controls>
</window>
