<?xml version="1.0" encoding="UTF-8"?>
<window>
  <animation effect="fade" time="200">WindowClose</animation>
  <controls>
    <control type="group" id="1">
			<posy>820</posy>
			<include>OSDFade</include>
			<visible>[Player.ShowInfo | Window.IsActive(VideoOSD)] + ![Window.IsVisible(OSDVideoSettings) | Window.IsVisible(OSDAudioSettings) | Window.IsVisible(OSDAudioDSPSettings) | Window.IsVisible(VideoBookmarks) | Window.IsVisible(PVROSDChannels) | Window.IsVisible(PVROSDGuide) | Window.IsVisible(SliderDialog)]</visible>
			<animation effect="fade" time="200">VisibleChange</animation>
			<control type="image" id="1">
				<posx>0</posx>
				<posy>0</posy>
				<width>1920</width>
				<height>260</height>
				<texture border="0,30,0,30">OSD/FS_OSDBackground.png</texture>
				<colordiffuse>FFE2E2E2</colordiffuse>
				<visible>Skin.HasSetting(OSDInfo)</visible>
			</control>
			<control type="image" id="1">
				<posx>0</posx>
				<posy>-150</posy>
				<width>1920</width>
				<height>410</height>
				<texture border="0,30,0,30">OSD/FS_OSDBackground.png</texture>
				<colordiffuse>FFE2E2E2</colordiffuse>
				<visible>!Skin.HasSetting(OSDInfo)</visible>
			</control>
        <control type="image" id="1">
          <posx>30</posx>
          <posy>25</posy>
          <width>1305</width>
          <height>1</height>
          <texture>img/LineST.png</texture>
				<visible>!Skin.HasSetting(OSDInfo)</visible>
        </control>
      <control type="textbox" description="Plot" id="1">
        <posx>30</posx>
        <posy>-110</posy>
        <width>1305</width>
        <height>120</height>
        <align>justify</align>
        <font>InfoPlot</font>
        <autoscroll delay="10000" time="5000" repeat="10000">true</autoscroll>
        <label>$INFO[VideoPlayer.Plot]</label>
 				<visible>!Skin.HasSetting(OSDInfo)</visible>
      </control>
			<control type="image" id="1">
				<posx>555r</posx>
				<posy>432r</posy>
				<width>525</width>
				<height>402</height>
				<texture fallback="DefaultVideoCover.png">$INFO[Player.Art(thumb)]</texture>
				<aspectratio align="center" aligny="bottom">keep</aspectratio>
				<visible>![VideoPlayer.Content(Movies) | VideoPlayer.Content(LiveTV)]</visible>
			</control>
			<control type="image" id="1">
				<posx>555r</posx>
				<posy>608r</posy>
				<width>525</width>
				<height>578</height>
				<texture fallback="DefaultVideoCover.png">$INFO[Player.Art(thumb)]</texture>
				<aspectratio align="center" aligny="bottom">keep</aspectratio>
				<visible>VideoPlayer.Content(Movies)</visible>
			</control>
			<control type="image" id="1">
				<posx>555r</posx>
				<posy>293r</posy>
				<width>525</width>
				<height>263</height>
				<texture fallback="DefaultVideoCover.png">$INFO[Player.Art(thumb)]</texture>
				<align>center</align>
				<aspectratio align="center" aligny="center">keep</aspectratio>
				<visible>VideoPlayer.Content(LiveTV)</visible>
			</control>
			<control type="label" id="1">
				<description>LiveTV Info labelChannel</description>
				<posx>30</posx>
				<posy>50</posy>
				<width>900</width>
				<height>40</height>
				<align>left</align>
				<label>$INFO[VideoPlayer.Studio]</label>
        <font>InfoTitle</font>
        <textcolor>grey</textcolor>
				<visible>VideoPlayer.Content(Movies)</visible>
			</control>
			<control type="label" id="1">
				<description>LiveTV Info labelChannel</description>
				<posx>30</posx>
				<posy>50</posy>
				<width>900</width>
				<height>40</height>
				<align>left</align>
				<label>$INFO[VideoPlayer.TVShowTitle]</label>
        <font>InfoTitle</font>
        <textcolor>grey</textcolor>
				<visible>VideoPlayer.Content(Episodes)</visible>
			</control>
			<control type="label" id="1">
				<description>LiveTV Info labelChannel</description>
				<posx>30</posx>
				<posy>50</posy>
				<width>900</width>
				<height>40</height>
				<align>left</align>
				<label>$INFO[VideoPlayer.Artist] $INFO[VideoPlayer.Album, - ]</label>
        <font>InfoTitle</font>
        <textcolor>grey</textcolor>
				<visible>VideoPlayer.Content(MusicVideos)</visible>
			</control>
			<control type="label" id="1">
				<description>LiveTV Info labelChannel</description>
				<posx>30</posx>
				<posy>50</posy>
				<width>900</width>
				<height>40</height>
				<align>left</align>
				<label>$INFO[VideoPlayer.ChannelNumberLabel,[COLOR=orange],[/COLOR]] $INFO[VideoPlayer.ChannelName,  •  ,]$INFO[VideoPlayer.ChannelGroup,  •  (,)]</label>
        <font>InfoTitle</font>
        <textcolor>grey</textcolor>
				<visible>VideoPlayer.Content(LiveTV)</visible>
			</control>
			<control type="grouplist" id="1">
				<top>50</top>
				<posx>710</posx>
				<height>35</height>
				<width>605</width>
				<orientation>horizontal</orientation>
				<itemgap>15</itemgap>
				<align>right</align>
				<control type="image" id="1">
					<description>Video Resolution Image</description>
					<width>85</width>
					<aspectratio align="center" aligny="center">keep</aspectratio>
					<texture>$INFO[VideoPlayer.VideoResolution,badges/video/,.png]</texture>
					<colordiffuse>grey</colordiffuse>
					<visible>!Player.ChannelPreviewActive</visible>
				</control>
				<control type="group" id="1">
					<width>85</width>
					<height>35</height>
					<control type="image" id="1">
						<description>Video Aspect Image</description>			
						<align>center</align>
						<aspectratio>keep</aspectratio>
						<texture>badges/video/FlagFrame.png</texture>
						<colordiffuse>grey</colordiffuse>
						<visible>!Player.ChannelPreviewActive</visible>
					</control>
					<control type="label" id="1">
						<description>Video Aspect Image</description>
						<font>Flags</font>
						<align>center</align>
						<aligny>bottom</aligny>
						<label>$INFO[VideoPlayer.VideoAspect]</label>
						<textcolor>grey</textcolor>
						<visible>!Player.ChannelPreviewActive</visible>
					</control>
				</control>
				<control type="image" id="1">
					<description>ADSP Master Mode Image</description>
					<width>85</width>
					<aspectratio align="center" aligny="center">keep</aspectratio>
					<visible>![IsEmpty(ADSP.MasterOwnIcon) | Player.ChannelPreviewActive]</visible>
					<texture>$INFO[ADSP.MasterOwnIcon]</texture>
				</control>
				<control type="image" id="1">
					<description>Audio Codec Image</description>
					<width>85</width>
					<aspectratio align="center">keep</aspectratio>
					<texture>$INFO[VideoPlayer.AudioCodec,badges/audio/,.png]</texture>
					<colordiffuse>grey</colordiffuse>
					<visible>IsEmpty(ADSP.MasterOverrideIcon) + !Player.ChannelPreviewActive</visible>
				</control>
				<control type="image" id="1">
					<description>ADSP Audio Codec Override Image</description>
					<width>85</width>
					<aspectratio align="center">keep</aspectratio>
					<visible>![IsEmpty(ADSP.MasterOverrideIcon) | Player.ChannelPreviewActive]</visible>
					<texture>$INFO[ADSP.MasterOverrideIcon]</texture>
				</control>
				<control type="image" id="1">
					<description>Audio Channels Image</description>
					<width>85</width>
					<aspectratio align="center">keep</aspectratio>
					<texture>$INFO[VideoPlayer.AudioChannels,badges/channels,.png]</texture>
					<colordiffuse>grey</colordiffuse>
					<visible>!Player.ChannelPreviewActive</visible>
				</control>
			</control>
			<control type="grouplist" id="1">
				<left>30</left>
				<top>110</top>
				<width>905</width>
				<height>40</height>
				<orientation>horizontal</orientation>
				<control type="image" id="1">
					<width>40</width>
					<aspectratio align="center" aligny="center">keep</aspectratio>
					<texture>OverlayRecording.png</texture>
					<visible>VideoPlayer.Content(LiveTV) + Player.Recording</visible>
				</control>
					<control type="image" id="1">
					<width>20</width>
					<texture>-</texture>
					<visible>VideoPlayer.Content(LiveTV) + Player.Recording</visible>
				</control>
				<control type="label" id="1">
					<width min="10" max="750">auto</width>
					<height>40</height>
					<font>MainLabelBigTitle</font>
					<label>$INFO[Player.Title]</label>
					<textcolor>orange</textcolor>
					<scroll>true</scroll>
				</control>
			</control>
			<control type="label" id="1">
				<posx>30</posx>
				<posy>170</posy>
				<width>640</width>
				<height>40</height>
				<align>left</align>
				<label>$INFO[VideoPlayer.NextTitle,[COLOR=orange]$LOCALIZE[19031]:[/COLOR] ]</label>
				<font>Details</font>
				<scroll>true</scroll>
				<textcolor>grey</textcolor>
				<visible>VideoPlayer.Content(LiveTV)</visible>
			</control>
			<control type="label" id="1">
				<posx>30</posx>
				<posy>170</posy>
				<width>640</width>
				<height>40</height>
				<align>left</align>
				<label>$INFO[VideoPlayer.Season,[COLOR=orange]$LOCALIZE[20373]:[/COLOR] ]$INFO[VideoPlayer.Episode, • [COLOR=orange]$LOCALIZE[20359]:[/COLOR] ]</label>
				<font>Details</font>
				<scroll>true</scroll>
				<textcolor>grey</textcolor>
				<visible>VideoPlayer.Content(Episodes)</visible>
			</control>
			<control type="label" id="1">
				<posx>30</posx>
				<posy>170</posy>
				<width>640</width>
				<height>40</height>
				<align>left</align>
				<label>$INFO[VideoPlayer.Year,[COLOR=orange]$LOCALIZE[345]:[/COLOR] ]$INFO[VideoPlayer.Director, • [COLOR=orange]$LOCALIZE[20339]:[/COLOR] ]</label>
				<font>Details</font>
				<scroll>true</scroll>
				<textcolor>grey</textcolor>
				<visible>VideoPlayer.Content(Movies)</visible>
			</control>
		</control>
    <control type="group">
      <posx>0</posx>
      <posy>0</posy>
      <include>OSDFade</include>
      <include>CodecInfo</include>
      <visible>!Window.IsVisible(DialogSeekBar.xml)</visible>
    </control>
    <control type="group">
      <posx>0</posx>
      <posy>88</posy>
      <include>OSDFade</include>
      <include>CodecInfo</include>
      <visible>Window.IsVisible(DialogSeekBar.xml)</visible>
    </control>
  </controls>
</window>
