<window id="40">
	<defaultcontrol always="true">9000</defaultcontrol>
	<allowoverlay>no</allowoverlay>
	<include condition="!Skin.HasSetting(welcomedone5)">Startup</include>
	<controls>
		<control type="image">
			<include>HomeBG</include>
			<texture fallback="special://skin/backgrounds/settings.jpg" background="true">$INFO[skin.string(settings.bg)]</texture>
		</control>
		<control type="image">
			<include>HomeBG</include>
			<texture background="true">$INFO[ListItem.Property(Fanart_Image)]</texture>
			<include>Animation_Fade</include>
			<visible>!Skin.HasSetting(noAddonfanart)</visible>
		</control>
		<control type="group">
			<!-- default group -->
			<include>Animation_Window</include>
			<include>SettingsBack</include>
			<!-- Menu da direita -->
			<control type="label">
				<include>SettingsContentTitle</include>
				<label>31010</label>
			</control>
			<control type="scrollbar" id="80">
				<include>ScrollBar_Vertical</include>
				<posx>1240</posx>
				<posy>135</posy>
				<height>265</height>
				<onleft>55</onleft>
				<onright>55</onright>
				<animation effect="fade" time="200">Visible</animation>
				<animation effect="fade" time="50">Hidden</animation>
				<visible allowhiddenfocus="true">Control.IsVisible(55)</visible>
			</control>
			<control type="group">
				<animation effect="fade" reversible="true" time="150">VisibleChange</animation>
				<visible>![Container(9000).HasFocus(2) | ControlGroup(9001).HasFocus]</visible>
				<control type="list" id="55">
					<viewtype>list</viewtype>
					<posx>240</posx>
					<posy>120</posy>
					<width>1040</width>
					<height>275</height>
					<itemgap>0</itemgap>
					<onup>55</onup>
					<ondown>55</ondown>
					<onleft>9000</onleft>
					<onright>80</onright>
					<orientation>vertical</orientation>
					<pagecontrol>80</pagecontrol>
					<itemlayout width="990" height="40">
						<control type="label">
							<posx>50</posx>
							<posy>0</posy>
							<width>600</width>
							<height>40</height>
							<align>left</align>
							<aligny>center</aligny>
							<font>Font_18</font>
							<textcolor>FFFFFAF0</textcolor>
							<label>$INFO[ListItem.Label]</label>
							<scroll>true</scroll>
							<scrollout>false</scrollout>
						</control>
						<control type="label">
							<posx>700</posx> <!-- 960 -->
							<posy>0</posy>
							<width>290</width>
							<height>40</height>
							<align>right</align>
							<aligny>center</aligny>
							<font>Font_18</font>
							<textcolor>FFFFFAF0</textcolor>
							<aligny>center</aligny>
							<label>$INFO[ListItem.Label2]</label>
						</control>
					</itemlayout>
					<focusedlayout width="990" height="40">
						<control type="image">
							<posx>0</posx>
							<posy>0</posy>
							<width>1040</width>
							<height>40</height>
							<texture>settings_button_focus.png</texture>
							<visible>Control.HasFocus(55)</visible>
						</control>
						<control type="label">
							<posx>50</posx>
							<posy>0</posy>
							<width>600</width>
							<height>40</height>
							<align>left</align>
							<aligny>center</aligny>
							<font>Font_18</font>
							<textcolor>FF101010</textcolor>
							<label>$INFO[ListItem.Label]</label>
							<scroll>true</scroll>
							<scrollout>false</scrollout>
							<visible>Control.HasFocus(55)</visible>
						</control>
						<control type="label">
							<posx>700</posx>
							<posy>0</posy>
							<width>290</width>
							<height>40</height>
							<align>right</align>
							<aligny>center</aligny>
							<font>Font_18</font>
							<textcolor>FF101010</textcolor>
							<aligny>center</aligny>
							<label>$INFO[ListItem.Label2]</label>
							<visible>Control.HasFocus(55)</visible>
						</control>
						<control type="label">
							<posx>50</posx>
							<posy>0</posy>
							<width>600</width>
							<height>40</height>
							<align>left</align>
							<aligny>center</aligny>
							<font>Font_18</font>
							<textcolor>FFFFFAF0</textcolor>
							<label>$INFO[ListItem.Label]</label>
							<scroll>true</scroll>
							<scrollout>false</scrollout>
							<visible>!Control.HasFocus(55)</visible>
						</control>
						<control type="label">
							<posx>700</posx>
							<posy>0</posy>
							<width>290</width>
							<height>40</height>
							<align>right</align>
							<aligny>center</aligny>
							<font>Font_18</font>
							<textcolor>FFFFFAF0</textcolor>
							<aligny>center</aligny>
							<label>$INFO[ListItem.Label2]</label>
							<visible>!Control.HasFocus(55)</visible>
						</control>
					</focusedlayout>
				</control>
				<control type="image">
					<posx>240</posx>
					<posy>416</posy>
					<width>1040</width>
					<height>249</height>
					<texture>darkgrey.png</texture>
					<colordiffuse>$VAR[value_texturecolor]</colordiffuse>
					<animation effect="fade" end="85" condition="true">Conditional</animation>
				</control>
				<control type="image">
					<posx>288</posx>
					<posy>418</posy>
					<width>255</width>
					<height>245</height>
					<fadetime>FanartCrossFadeTime</fadetime>
					<texture fallback="DefaultAddon.png" background="true">$INFO[Container(55).ListItem.Icon]</texture>
					<aspectratio scalediffuse="false">scale</aspectratio>
				</control>
				<control type="textbox">
					<posx>575</posx>
					<posy>444</posy>
					<width>595</width>
					<height>200</height>
					<textcolor>FFFFFAF0</textcolor>
					<font>Font_16</font>
					<label>$INFO[ListItem.Property(Addon.Description)]</label>
					<autoscroll delay="15000" time="2000" repeat="15000">!Skin.HasSetting(noallowscroll)</autoscroll>
				</control>
			</control>
			<include>RSS</include>
			<include>SettingsMenu</include>
			<!-- Menu da esquerda -->
			<include>Date</include>
			<control type="label">
				<include>SettingsSectionTitle</include>
				<label>31202</label>
			</control>
			<control type="list" id="9000">
				<viewtype>list</viewtype>
				<posx>0</posx>
				<posy>120</posy>
				<width>249</width>
				<height>600</height>
				<onup>9000</onup>
				<ondown>9000</ondown>
				<onleft condition="Window.Previous(4)">ActivateWindow(4)</onleft>
				<onleft condition="Window.Previous(Home)">ActivateWindow(Home)</onleft>
				<onright condition="Container(9000).HasFocus(1)">55</onright>
				<onright condition="Container(9000).HasFocus(2)">9001</onright>
				<orientation>vertical</orientation>
				<itemgap>0</itemgap>
				<focusposition>0</focusposition>
				<scrolltime>400</scrolltime>
				<itemlayout width="240" height="40">
					<control type="label">
						<include>SettingsLabel</include>
						<label>$INFO[ListItem.Label]</label>
					</control>
				</itemlayout>
				<focusedlayout width="240" height="40">
					<control type="image">
						<include>SettingsImage</include>
						<animation effect="fade" start="100" end="50" time="0" condition="!Control.Hasfocus(9000)">conditional</animation>
					</control>
					<control type="label">
						<include>SettingsLabelFocus</include>
						<label>$INFO[ListItem.Label]</label>
					</control>
				</focusedlayout>
				<content>
					<item id="1">
						<!-- Addons List -->
						<label>24001</label>
						<icon>-</icon>
						<onclick>SetFocus(55)</onclick>
					</item>
					<item id="2">
						<!-- Configure -->
						<label>31261</label>
						<icon>-</icon>
						<onclick>SetFocus(9001)</onclick>
					</item>
				</content>
			</control>
			<control type="image">
				<posx>0</posx>
				<posy>0</posy>
				<width>250</width>
				<height>720</height>
				<texture>menu_glass.png</texture>
				<colordiffuse>70FFFAF0</colordiffuse>
			</control>

			<!-- Settings List -->
			<control type="grouplist" id="9001">
				<animation effect="fade" reversible="true" time="150">VisibleChange</animation>
				<posx>240</posx>
				<posy>120</posy>
				<width>990</width>
				<height>494</height>
				<itemgap>0</itemgap>
				<visible>Container(9000).HasFocus(2)</visible>
				<onleft>9000</onleft>
				<onright>9000</onright>
				<onup>9001</onup>
				<ondown>9001</ondown>
				<control type="button" id ="5">
					<!-- Enable add-ons auto-updates -->
					<label>31263</label>
				</control>
				<control type="radiobutton" id ="6">
					<!-- No notifications -->
					<label>31264</label>
				</control>
				<control type="radiobutton" id="7">
					<description>Hide foreign</description>
					<label>25001</label>
				</control>
				<control type="radiobutton" id="8">
					<description>Hide broken</description>
					<label>24999</label>
				</control>
				<control type="radiobutton" id ="500">
					<!-- Add-on fanart -->
					<label>31265</label>
					<onclick>Skin.ToggleSetting(noaddonfanart)</onclick>
					<selected>!Skin.HasSetting(noaddonfanart)</selected>
				</control>
			</control>
			<include>BGBlack</include>
		</control>
	</controls>
</window>