<window id="5002" type="dialog">
	<!-- SubMenu TVShows - 2 -->
	<defaultcontrol>-</defaultcontrol>
	<onload condition="!StringCompare(Container(9100).numitems,0)">SetFocus(9100)</onload>
	<onload condition="StringCompare(Container(9100).numitems,0)">SetFocus(9101)</onload>
	<onunload>Skin.Reset(submode)</onunload>
	<controls>
		<control type="group">
			<visible>Window.IsVisible(0) | Window.IsVisible(6000)</visible>
			<include condition="Skin.HasSetting(custommode)">SubmenuCustom</include>
			<control type="group">
				<!-- default group -->
				<include>Animation_SubMenu</include>
				<control type="fadelabel">
					<!-- Titulo do submenu -->
					<include>SubmenuTitle</include>
					<label>31201</label>
					<label fallback="31005">$INFO[skin.string(tvshows.label)]</label>
					<visible>SubString(skin.string(menu),vertical) | Skin.HasSetting(custommode)</visible>
				</control>
				<include condition="SubString(skin.string(menu),horizontal) + !Skin.HasSetting(custommode)">SubmenuBar</include>
				<control type="button" id="9101">
					<!-- Botao vazio -->
					<include condition="SubString(skin.string(menu),vertical)">emptybutton_v</include>
					<include condition="SubString(skin.string(menu),horizontal)">emptybutton_h</include>
					<visible>StringCompare(Container(9100).numitems,0) + !Skin.HasSetting(custommode)</visible>
				</control>
				<include condition="SubString(skin.string(menu),vertical) | Skin.HasSetting(custommode)">SubmenuGoTo</include>
				<!-- Para menu -->
				<control type="list" id="9100">
					<include condition="SubString(skin.string(menu),vertical) | Skin.HasSetting(custommode)">SubmenuVList</include>
					<include condition="SubString(skin.string(menu),horizontal) + !Skin.HasSetting(custommode)">SubmenuHList</include>
					<content>
						<item>
							<!-- Adicionar Favorito -->
							<include>subaddfav</include>
							<property name="name">tvshows</property>
							<visible>Skin.HasSetting(custommode)</visible>
						</item>
						<item>
							<!-- Adicionar Playlist de Video -->
							<include>subaddvpl</include>
							<property name="name">tvshows</property>
							<visible>Skin.HasSetting(custommode)</visible>
						</item>
						<item>
							<!-- Adicionar Vnodes -->
							<include>subaddvnodes</include>
							<property name="name">tvshows</property>
							<visible>Skin.HasSetting(custommode)</visible>
						</item>
						<item>
							<!-- Adicionar Playlist de Audio -->
							<include>subaddapl</include>
							<property name="name">tvshows</property>
							<visible>Skin.HasSetting(custommode)</visible>
						</item>
						<item>
							<!-- Adicionar Addon -->
							<include>subaddaddon</include>
							<property name="name">tvshows</property>
							<visible>Skin.HasSetting(custommode)</visible>
						</item>
						<item>
							<!-- Favorito 1 -->
							<include>subfav1</include>
							<visible>[StringCompare(skin.string(subfav1.property),tvshows) + SubString(skin.string(subfav1.submenu),on)]</visible>
						</item>
						<item>
							<!-- Favorito 2 -->
							<include>subfav2</include>
							<visible>[StringCompare(skin.string(subfav2.property),tvshows) + SubString(skin.string(subfav2.submenu),on)]</visible>
						</item>
						<item>
							<!-- Favorito 3 -->
							<include>subfav3</include>
							<visible>[StringCompare(skin.string(subfav3.property),tvshows) + SubString(skin.string(subfav3.submenu),on)]</visible>
						</item>
						<item>
							<!-- Favorito 4 -->
							<include>subfav4</include>
							<visible>[StringCompare(skin.string(subfav4.property),tvshows) + SubString(skin.string(subfav4.submenu),on)]</visible>
						</item>
						<item>
							<!-- Favorito 5 -->
							<include>subfav5</include>
							<visible>[StringCompare(skin.string(subfav5.property),tvshows) + SubString(skin.string(subfav5.submenu),on)]</visible>
						</item>
						<item>
							<!-- Favorito 6 -->
							<include>subfav6</include>
							<visible>[StringCompare(skin.string(subfav6.property),tvshows) + SubString(skin.string(subfav6.submenu),on)]</visible>
						</item>
						<item>
							<!-- Favorito 7 -->
							<include>subfav7</include>
							<visible>[StringCompare(skin.string(subfav7.property),tvshows) + SubString(skin.string(subfav7.submenu),on)]</visible>
						</item>
						<item>
							<!-- Favorito 8 -->
							<include>subfav8</include>
							<visible>[StringCompare(skin.string(subfav8.property),tvshows) + SubString(skin.string(subfav8.submenu),on)]</visible>
						</item>
						<item>
							<!-- Favorito 9 -->
							<include>subfav9</include>
							<visible>[StringCompare(skin.string(subfav9.property),tvshows) + SubString(skin.string(subfav9.submenu),on)]</visible>
						</item>
						<item>
							<!-- Favorito 10 -->
							<include>subfav10</include>
							<visible>[StringCompare(skin.string(subfav10.property),tvshows) + SubString(skin.string(subfav10.submenu),on)]</visible>
						</item>
						<item>
							<!-- Favorito 11 -->
							<include>subfav11</include>
							<visible>[StringCompare(skin.string(subfav11.property),tvshows) + SubString(skin.string(subfav11.submenu),on)]</visible>
						</item>
						<item>
							<!-- Favorito 12 -->
							<include>subfav12</include>
							<visible>[StringCompare(skin.string(subfav12.property),tvshows) + SubString(skin.string(subfav12.submenu),on)]</visible>
						</item>
						<item>
							<!-- Playlist de video 1 -->
							<include>subvpl1</include>
							<visible>[StringCompare(skin.string(subvpl1.property),tvshows) + SubString(skin.string(subvpl1.submenu),on)]</visible>
						</item>
						<item>
							<!-- Playlist de video 2 -->
							<include>subvpl2</include>
							<visible>[StringCompare(skin.string(subvpl2.property),tvshows) + SubString(skin.string(subvpl2.submenu),on)]</visible>
						</item>
						<item>
							<!-- Playlist de video 3 -->
							<include>subvpl3</include>
							<visible>[StringCompare(skin.string(subvpl3.property),tvshows) + SubString(skin.string(subvpl3.submenu),on)]</visible>
						</item>
						<item>
							<!-- Playlist de video 4 -->
							<include>subvpl4</include>
							<visible>[StringCompare(skin.string(subvpl4.property),tvshows) + SubString(skin.string(subvpl4.submenu),on)]</visible>
						</item>
						<item>
							<!-- Playlist de video 5 -->
							<include>subvpl5</include>
							<visible>[StringCompare(skin.string(subvpl5.property),tvshows) + SubString(skin.string(subvpl5.submenu),on)]</visible>
						</item>
						<item>
							<!-- Playlist de video 6 -->
							<include>subvpl6</include>
							<visible>[StringCompare(skin.string(subvpl6.property),tvshows) + SubString(skin.string(subvpl6.submenu),on)]</visible>
						</item>
						<item>
							<!-- Playlist de video 7 -->
							<include>subvpl7</include>
							<visible>[StringCompare(skin.string(subvpl7.property),tvshows) + SubString(skin.string(subvpl7.submenu),on)]</visible>
						</item>
						<item>
							<!-- Playlist de video 8 -->
							<include>subvpl8</include>
							<visible>[StringCompare(skin.string(subvpl8.property),tvshows) + SubString(skin.string(subvpl8.submenu),on)]</visible>
						</item>
						<item>
							<!-- Playlist de video 9 -->
							<include>subvpl9</include>
							<visible>[StringCompare(skin.string(subvpl9.property),tvshows) + SubString(skin.string(subvpl9.submenu),on)]</visible>
						</item>
						<item>
							<!-- Playlist de video 10 -->
							<include>subvpl10</include>
							<visible>[StringCompare(skin.string(subvpl10.property),tvshows) + SubString(skin.string(subvpl10.submenu),on)]</visible>
						</item>
						<item>
							<!-- Playlist de video 11 -->
							<include>subvpl11</include>
							<visible>[StringCompare(skin.string(subvpl11.property),tvshows) + SubString(skin.string(subvpl11.submenu),on)]</visible>
						</item>
						<item>
							<!-- Playlist de video 12 -->
							<include>subvpl12</include>
							<visible>[StringCompare(skin.string(subvpl12.property),tvshows) + SubString(skin.string(subvpl12.submenu),on)]</visible>
						</item>
						<item>
							<!-- VNodes 1 -->
							<include>subvnodes1</include>
							<visible>[StringCompare(skin.string(subvnodes1.property),tvshows) + SubString(skin.string(subvnodes1.submenu),on)]</visible>
						</item>
						<item>
							<!-- VNodes 2 -->
							<include>subvnodes2</include>
							<visible>[StringCompare(skin.string(subvnodes2.property),tvshows) + SubString(skin.string(subvnodes2.submenu),on)]</visible>
						</item>
						<item>
							<!-- VNodes 3 -->
							<include>subvnodes3</include>
							<visible>[StringCompare(skin.string(subvnodes3.property),tvshows) + SubString(skin.string(subvnodes3.submenu),on)]</visible>
						</item>
						<item>
							<!-- VNodes 4 -->
							<include>subvnodes4</include>
							<visible>[StringCompare(skin.string(subvnodes4.property),tvshows) + SubString(skin.string(subvnodes4.submenu),on)]</visible>
						</item>
						<item>
							<!-- VNodes 5 -->
							<include>subvnodes5</include>
							<visible>[StringCompare(skin.string(subvnodes5.property),tvshows) + SubString(skin.string(subvnodes5.submenu),on)]</visible>
						</item>
						<item>
							<!-- VNodes 6 -->
							<include>subvnodes6</include>
							<visible>[StringCompare(skin.string(subvnodes6.property),tvshows) + SubString(skin.string(subvnodes6.submenu),on)]</visible>
						</item>
						<item>
							<!-- VNodes 7 -->
							<include>subvnodes7</include>
							<visible>[StringCompare(skin.string(subvnodes7.property),tvshows) + SubString(skin.string(subvnodes7.submenu),on)]</visible>
						</item>
						<item>
							<!-- VNodes 8 -->
							<include>subvnodes8</include>
							<visible>[StringCompare(skin.string(subvnodes8.property),tvshows) + SubString(skin.string(subvnodes8.submenu),on)]</visible>
						</item>
						<item>
							<!-- VNodes 9 -->
							<include>subvnodes9</include>
							<visible>[StringCompare(skin.string(subvnodes9.property),tvshows) + SubString(skin.string(subvnodes9.submenu),on)]</visible>
						</item>
						<item>
							<!-- VNodes 10 -->
							<include>subvnodes10</include>
							<visible>[StringCompare(skin.string(subvnodes10.property),tvshows) + SubString(skin.string(subvnodes10.submenu),on)]</visible>
						</item>
						<item>
							<!-- VNodes 11 -->
							<include>subvnodes11</include>
							<visible>[StringCompare(skin.string(subvnodes11.property),tvshows) + SubString(skin.string(subvnodes11.submenu),on)]</visible>
						</item>
						<item>
							<!-- VNodes 12 -->
							<include>subvnodes12</include>
							<visible>[StringCompare(skin.string(subvnodes12.property),tvshows) + SubString(skin.string(subvnodes12.submenu),on)]</visible>
						</item>
						<item>
							<!-- Playlist de audio 1 -->
							<include>subapl1</include>
							<visible>[StringCompare(skin.string(subapl1.property),tvshows) + SubString(skin.string(subapl1.submenu),on)]</visible>
						</item>
						<item>
							<!-- Playlist de audio 2 -->
							<include>subapl2</include>
							<visible>[StringCompare(skin.string(subapl2.property),tvshows) + SubString(skin.string(subapl2.submenu),on)]</visible>
						</item>
						<item>
							<!-- Playlist de audio 3 -->
							<include>subapl3</include>
							<visible>[StringCompare(skin.string(subapl3.property),tvshows) + SubString(skin.string(subapl3.submenu),on)]</visible>
						</item>
						<item>
							<!-- Playlist de audio 4 -->
							<include>subapl4</include>
							<visible>[StringCompare(skin.string(subapl4.property),tvshows) + SubString(skin.string(subapl4.submenu),on)]</visible>
						</item>
						<item>
							<!-- Playlist de audio 5 -->
							<include>subapl5</include>
							<visible>[StringCompare(skin.string(subapl5.property),tvshows) + SubString(skin.string(subapl5.submenu),on)]</visible>
						</item>
						<item>
							<!-- Playlist de audio 6 -->
							<include>subapl6</include>
							<visible>[StringCompare(skin.string(subapl6.property),tvshows) + SubString(skin.string(subapl6.submenu),on)]</visible>
						</item>
						<item>
							<!-- Playlist de audio 7 -->
							<include>subapl7</include>
							<visible>[StringCompare(skin.string(subapl7.property),tvshows) + SubString(skin.string(subapl7.submenu),on)]</visible>
						</item>
						<item>
							<!-- Playlist de audio 8 -->
							<include>subapl8</include>
							<visible>[StringCompare(skin.string(subapl8.property),tvshows) + SubString(skin.string(subapl8.submenu),on)]</visible>
						</item>
						<item>
							<!-- Playlist de audio 9 -->
							<include>subapl9</include>
							<visible>[StringCompare(skin.string(subapl9.property),tvshows) + SubString(skin.string(subapl9.submenu),on)]</visible>
						</item>
						<item>
							<!-- Playlist de audio 10 -->
							<include>subapl10</include>
							<visible>[StringCompare(skin.string(subapl10.property),tvshows) + SubString(skin.string(subapl10.submenu),on)]</visible>
						</item>
						<item>
							<!-- Playlist de audio 11 -->
							<include>subapl11</include>
							<visible>[StringCompare(skin.string(subapl11.property),tvshows) + SubString(skin.string(subapl11.submenu),on)]</visible>
						</item>
						<item>
							<!-- Playlist de audio 12 -->
							<include>subapl12</include>
							<visible>[StringCompare(skin.string(subapl12.property),tvshows) + SubString(skin.string(subapl12.submenu),on)]</visible>
						</item>
						<item>
							<!-- Addon 1 -->
							<include>subaddon1</include>
							<visible>[StringCompare(skin.string(subaddon1.property),tvshows) + SubString(skin.string(subaddon1.submenu),on)]</visible>
						</item>
						<item>
							<!-- Addon 2 -->
							<include>subaddon2</include>
							<visible>[StringCompare(skin.string(subaddon2.property),tvshows) + SubString(skin.string(subaddon2.submenu),on)]</visible>
						</item>
						<item>
							<!-- Addon 3 -->
							<include>subaddon3</include>
							<visible>[StringCompare(skin.string(subaddon3.property),tvshows) + SubString(skin.string(subaddon3.submenu),on)]</visible>
						</item>
						<item>
							<!-- Addon 4 -->
							<include>subaddon4</include>
							<visible>[StringCompare(skin.string(subaddon4.property),tvshows) + SubString(skin.string(subaddon4.submenu),on)]</visible>
						</item>
						<item>
							<!-- Addon 5 -->
							<include>subaddon5</include>
							<visible>[StringCompare(skin.string(subaddon5.property),tvshows) + SubString(skin.string(subaddon5.submenu),on)]</visible>
						</item>
						<item>
							<!-- Addon 6 -->
							<include>subaddon6</include>
							<visible>[StringCompare(skin.string(subaddon6.property),tvshows) + SubString(skin.string(subaddon6.submenu),on)]</visible>
						</item>
						<item>
							<!-- Addon 7 -->
							<include>subaddon7</include>
							<visible>[StringCompare(skin.string(subaddon7.property),tvshows) + SubString(skin.string(subaddon7.submenu),on)]</visible>
						</item>
						<item>
							<!-- Addon 8 -->
							<include>subaddon8</include>
							<visible>[StringCompare(skin.string(subaddon8.property),tvshows) + SubString(skin.string(subaddon8.submenu),on)]</visible>
						</item>
						<item>
							<!-- Addon 9 -->
							<include>subaddon9</include>
							<visible>[StringCompare(skin.string(subaddon9.property),tvshows) + SubString(skin.string(subaddon9.submenu),on)]</visible>
						</item>
						<item>
							<!-- Addon 10 -->
							<include>subaddon10</include>
							<visible>[StringCompare(skin.string(subaddon10.property),tvshows) + SubString(skin.string(subaddon10.submenu),on)]</visible>
						</item>
						<item>
							<!-- Addon 11 -->
							<include>subaddon11</include>
							<visible>[StringCompare(skin.string(subaddon11.property),tvshows) + SubString(skin.string(subaddon11.submenu),on)]</visible>
						</item>
						<item>
							<!-- Addon 12 -->
							<include>subaddon12</include>
							<visible>[StringCompare(skin.string(subaddon12.property),tvshows) + SubString(skin.string(subaddon12.submenu),on)]</visible>
						</item>
						<item>
							<!-- Recently Added -->
							<label fallback="31583">$INFO[skin.string(tvshowsrecently.label)]</label>
							<icon fallback="-">$INFO[skin.string(tvshowsrecently.bg)]</icon>
							<property name="condition">$INFO[skin.string(tvshowsrecently.submenu),on)]</property>
							<property name="empty">true</property>
							<property name="type">default</property>
							<property name="name">tvshowsrecently</property>
							<onclick condition="!Skin.HasSetting(custommode)">Close</onclick>
							<onclick condition="!Skin.HasSetting(custommode)">ActivateWindow(videos,recentlyaddedepisodes,return)</onclick>
							<onclick condition="Skin.HasSetting(custommode)">SetFocus(5120)</onclick>
							<visible>[SubString(skin.string(tvshowsrecently.submenu),on) | Skin.HasSetting(custommode)]</visible>
						</item>
						<item>
							<!-- TVGuide -->
							<label fallback="31067">$INFO[skin.string(tvshowstvguide.label)]</label>
							<icon fallback="-">$INFO[skin.string(tvshowstvguide.bg)]</icon>
							<property name="condition">$INFO[skin.string(tvshowstvguide.submenu),on)]</property>
							<property name="empty">true</property>
							<property name="type">default</property>
							<property name="name">tvshowstvguide</property>
							<onclick condition="!Skin.HasSetting(custommode)">Close</onclick>
							<onclick condition="!Skin.HasSetting(custommode)">RunScript(script.tv.show.next.aired)</onclick>
							<onclick condition="Skin.HasSetting(custommode)">SetFocus(5120)</onclick>
							<visible>[SubString(skin.string(tvshowstvguide.submenu),on) | Skin.HasSetting(custommode)] + System.HasAddon(script.tv.show.next.aired)</visible>
						</item>
						<item>
							<!-- Genres -->
							<label fallback="31091">$INFO[skin.string(tvshowsgenres.label)]</label>
							<icon fallback="-">$INFO[skin.string(tvshowsgenres.bg)]</icon>
							<property name="condition">$INFO[skin.string(tvshowsgenres.submenu),on)]</property>
							<property name="empty">true</property>
							<property name="type">default</property>
							<property name="name">tvshowsgenres</property>
							<onclick condition="!Skin.HasSetting(custommode)">Close</onclick>
							<onclick condition="!Skin.HasSetting(custommode)">ActivateWindow(videos,tvshowgenres,return)</onclick>
							<onclick condition="Skin.HasSetting(custommode)">SetFocus(5120)</onclick>
							<visible>[SubString(skin.string(tvshowsgenres.submenu),on) | Skin.HasSetting(custommode)]</visible>
						</item>
						<item>
							<!-- Playlists -->
							<label fallback="31092">$INFO[skin.string(tvshowsplaylists.label)]</label>
							<icon fallback="-">$INFO[skin.string(tvshowsplaylists.bg)]</icon>
							<property name="condition">$INFO[skin.string(tvshowsplaylists.submenu),on)]</property>
							<property name="empty">true</property>
							<property name="type">default</property>
							<property name="name">tvshowsplaylists</property>
							<onclick condition="!Skin.HasSetting(custommode)">Close</onclick>
							<onclick condition="!Skin.HasSetting(custommode)">ActivateWindow(videos,playlists,return)</onclick>
							<onclick condition="Skin.HasSetting(custommode)">SetFocus(5120)</onclick>
							<visible>[SubString(skin.string(tvshowsplaylists.submenu),on) | Skin.HasSetting(custommode)]</visible>
						</item>
						<item>
							<!-- Titles -->
							<label fallback="31070">$INFO[skin.string(tvshowstitles.label)]</label>
							<icon fallback="-">$INFO[skin.string(tvshowstitles.bg)]</icon>
							<property name="condition">$INFO[skin.string(tvshowstitles.submenu),on)]</property>
							<property name="empty">true</property>
							<property name="type">default</property>
							<property name="name">tvshowstitles</property>
							<onclick condition="!Skin.HasSetting(custommode)">Close</onclick>
							<onclick condition="!Skin.HasSetting(custommode)">ActivateWindow(videos,tvshowtitles,return)</onclick>
							<onclick condition="Skin.HasSetting(custommode)">SetFocus(5120)</onclick>
							<visible>[SubString(skin.string(tvshowstitles.submenu),on) | Skin.HasSetting(custommode)]</visible>
						</item>
						<item>
							<!-- Years -->
							<label fallback="31036">$INFO[skin.string(tvshowsyears.label)]</label>
							<icon fallback="-">$INFO[skin.string(tvshowsyears.bg)]</icon>
							<property name="condition">$INFO[skin.string(tvshowsyears.submenu),on)]</property>
							<property name="empty">true</property>
							<property name="type">default</property>
							<property name="name">tvshowsyears</property>
							<onclick condition="!Skin.HasSetting(custommode)">Close</onclick>
							<onclick condition="!Skin.HasSetting(custommode)">ActivateWindow(videos,tvshowyears,return)</onclick>
							<onclick condition="Skin.HasSetting(custommode)">SetFocus(5120)</onclick>
							<visible>[SubString(skin.string(tvshowsyears.submenu),on) | Skin.HasSetting(custommode)]</visible>
						</item>
						<item>
							<!-- Actors -->
							<label fallback="31045">$INFO[skin.string(tvshowsactors.label)]</label>
							<icon fallback="-">$INFO[skin.string(tvshowsactors.bg)]</icon>
							<property name="condition">$INFO[skin.string(tvshowsactors.submenu),on)]</property>
							<property name="empty">true</property>
							<property name="type">default</property>
							<property name="name">tvshowsactors</property>
							<onclick condition="!Skin.HasSetting(custommode)">Close</onclick>
							<onclick condition="!Skin.HasSetting(custommode)">ActivateWindow(videos,tvshowactors,return)</onclick>
							<onclick condition="Skin.HasSetting(custommode)">SetFocus(5120)</onclick>
							<visible>[SubString(skin.string(tvshowsactors.submenu),on) | Skin.HasSetting(custommode)]</visible>
						</item>
						<item>
							<!-- Studios -->
							<label fallback="31047">$INFO[skin.string(tvshowsstudios.label)]</label>
							<icon fallback="-">$INFO[skin.string(tvshowsstudios.bg)]</icon>
							<property name="condition">$INFO[skin.string(tvshowsstudios.submenu),on)]</property>
							<property name="empty">true</property>
							<property name="type">default</property>
							<property name="name">tvshowsstudios</property>
							<onclick condition="!Skin.HasSetting(custommode)">Close</onclick>
							<onclick condition="!Skin.HasSetting(custommode)">ActivateWindow(videos,tvshowstudios,return)</onclick>
							<onclick condition="Skin.HasSetting(custommode)">SetFocus(5120)</onclick>
							<visible>[SubString(skin.string(tvshowsstudios.submenu),on) | Skin.HasSetting(custommode)]</visible>
						</item>
						<item>
							<!-- Files -->
							<label fallback="31033">$INFO[skin.string(tvshowsvideofiles.label)]</label>
							<icon fallback="-">$INFO[skin.string(tvshowsvideofiles.bg)]</icon>
							<property name="condition">$INFO[skin.string(tvshowsvideofiles.submenu),on)]</property>
							<property name="empty">true</property>
							<property name="type">default</property>
							<property name="name">tvshowsvideofiles</property>
							<onclick condition="!Skin.HasSetting(custommode)">Close</onclick>
							<onclick condition="!Skin.HasSetting(custommode)">ActivateWindow(videos,files)</onclick>
							<onclick condition="Skin.HasSetting(custommode)">SetFocus(5120)</onclick>
							<visible>[SubString(skin.string(tvshowsvideofiles.submenu),on) | Skin.HasSetting(custommode)]</visible>
						</item>
						<item>
							<!-- Videos -->
							<label fallback="31001">$INFO[skin.string(tvshowsvideoroot.label)]</label>
							<icon fallback="-">$INFO[skin.string(tvshowsvideoroot.bg)]</icon>
							<property name="condition">$INFO[skin.string(tvshowsvideoroot.submenu),on)]</property>
							<property name="empty">true</property>
							<property name="type">default</property>
							<property name="name">tvshowsvideoroot</property>
							<onclick condition="!Skin.HasSetting(custommode)">Close</onclick>
							<onclick condition="!Skin.HasSetting(custommode)">ActivateWindow(videos,root)</onclick>
							<onclick condition="Skin.HasSetting(custommode)">SetFocus(5120)</onclick>
							<visible>[SubString(skin.string(tvshowsvideoroot.submenu),on) | Skin.HasSetting(custommode)]</visible>
						</item>
						<item>
							<!-- Clean library -->
							<label fallback="31231">$INFO[skin.string(tvshowscleanlibrary.label)]</label>
							<icon fallback="-">$INFO[skin.string(tvshowscleanlibrary.bg)]</icon>
							<property name="condition">$INFO[skin.string(tvshowscleanlibrary.submenu),on)]</property>
							<property name="empty">true</property>
							<property name="type">default</property>
							<property name="name">tvshowscleanlibrary</property>
							<onclick condition="!Skin.HasSetting(custommode)">Close</onclick>
							<onclick condition="!Skin.HasSetting(custommode)">CleanLibrary(video)</onclick>
							<onclick condition="Skin.HasSetting(custommode)">SetFocus(5120)</onclick>
							<visible>[SubString(skin.string(tvshowscleanlibrary.submenu),on) | Skin.HasSetting(custommode)]</visible>
						</item>
						<item>
							<!-- Update library -->
							<label fallback="31747">$INFO[skin.string(tvshowslibrary.label)]</label>
							<icon fallback="-">$INFO[skin.string(tvshowslibrary.bg)]</icon>
							<property name="condition">$INFO[skin.string(tvshowslibrary.submenu),on)]</property>
							<property name="empty">true</property>
							<property name="type">default</property>
							<property name="name">tvshowslibrary</property>
							<onclick condition="!Skin.HasSetting(custommode)">Close</onclick>
							<onclick condition="!Skin.HasSetting(custommode)">UpdateLibrary(video)</onclick>
							<onclick condition="Skin.HasSetting(custommode)">SetFocus(5120)</onclick>
							<visible>[SubString(skin.string(tvshowslibrary.submenu),on) | Skin.HasSetting(custommode)]</visible>
						</item>
					</content>
				</control>
				<include condition="SubString(skin.string(menu),vertical)">Glass</include>
			</control>
		</control>
	</controls>
</window>