<window id="2001">
	<defaultcontrol always="true">149</defaultcontrol>
	<onload condition="system.hasaddon(script.artistslideshow)">RunScript(script.artistslideshow)</onload>
	<onload>ClearProperty(script.metadata.actors.isactive)</onload>
	<controls>
		<control type="group">
			<!-- default group -->
			<include>Animation_Window</include>
			<animation effect="slide" start="0" end="-1280" time="400" tween="cubic" easing="inout" condition="StringCompare(Window.Property(script.metadata.actors.isactive),1)">Conditional</animation>
			<animation effect="slide" start="0" end="-1280" time="400" tween="cubic" easing="inout" condition="Window.IsActive(2006)">Conditional</animation>
			<control type="multiimage">
				<!-- Multi Fanart -->
				<include>WindowBG</include>
				<imagepath fallback="special://skin/backgrounds/music.jpg" background="true">$VAR[value_musicfanart]</imagepath>
			</control>
			<control type="image">
				<!-- Single Fanart -->
				<include>WindowBG</include>
				<texture background="true">$VAR[value_defaultmusicfanart]</texture>
			</control>
			<control type="multiimage" id="5032">
				<!-- Extra Fanart Artist/Album -->
				<include>WindowBG</include>
				<imagepath background="true">$INFO[Skin.String(CustomMusicLogoPath)]$INFO[ListItem.Artist,,/extrafanart/]</imagepath>
				<visible>[Container.Content(artists) | Container.Content(albums)] + SubString(skin.string(musicfanart),extra)</visible>
			</control>
			<control type="multiimage" id="5033">
				<!-- Extra Fanart Song -->
				<include>WindowBG</include>
				<imagepath background="true">$INFO[ListItem.Path]extrafanart/</imagepath>
				<visible>Container.Content(songs) + SubString(skin.string(musicfanart),extra)</visible>
			</control>
			<control type="image">
				<posx>0</posx>
				<posy>0</posy>
				<height>150</height>
				<width>1280</width>
				<texture flipy="true">shadow_mask.png</texture>
				<colordiffuse>75000000</colordiffuse>
			</control>
			<control type="label">
				<!-- Artist -->
				<posx>30</posx>
				<posy>8</posy>
				<width>1100</width>
				<height>40</height>
				<font>Font_40</font>
				<label>$VAR[value_music_title]</label>
				<textcolor>FFFFFAF0</textcolor>
				<scroll>true</scroll>
				<scrollout>false</scrollout>
			</control>
			<control type="label">
				<posx>30</posx>
				<posy>50</posy>
				<width>1100</width>
				<height>25</height>
				<font>Font_19</font>
				<label>$VAR[value_music_subtitle]</label>
				<textcolor>90FFFFFF</textcolor>
				<scroll>true</scroll>
				<scrollout>false</scrollout>
			</control>
			<control type="image">
				<!-- Star -->
				<posx>1179</posx>
				<posy>5</posy>
				<width>73</width>
				<height>73</height>
				<align>center</align>
				<aligny>center</aligny>
				<texture>star.png</texture>
				<colordiffuse>FFFFFAF0</colordiffuse>
				<visible>Container.Content(albums)</visible>
			</control>
			<control type="label">
				<posx>1185</posx>
				<posy>15</posy>
				<width>60</width>
				<height>60</height>
				<align>center</align>
				<aligny>center</aligny>
				<font>Font_19</font>
				<label>[B]$INFO[ListItem.Rating][/B]</label>
				<textcolor>FF101010</textcolor>
			</control>
			<control type="image">
				<posx>0</posx>
				<posy>80</posy>
				<width>1280</width>
				<height>386</height>
				<texture>darkgrey.png</texture>
				<colordiffuse>$VAR[value_texturecolor]</colordiffuse>
				<include>Animation_DefaultGlass</include>
			</control>
			<control type="image">
				<posx>0</posx>
				<posy>0</posy>
				<width>1280</width>
				<height>80</height>
				<texture>gradient_small.png</texture>
			</control>
			<control type="image">
				<posx>205</posx>
				<posy>80</posy>
				<height>190</height>
				<width>2</width>
				<texture>separator_v.png</texture>
			</control>
			<control type="image">
				<posx>0</posx>
				<posy>136</posy>
				<height>2</height>
				<width>686</width>
				<texture>separator.png</texture>
			</control>
			<control type="label">
				<!-- Year -->
				<posx>220</posx>
				<posy>80</posy>
				<height>40</height>
				<width>110</width>
				<align>left</align>
				<aligny>center</aligny>
				<font>Font_23</font>
				<label>$INFO[ListItem.Year]</label>
				<textcolor>FFFFFAF0</textcolor>
			</control>
			<control type="label">
				<!-- Genre -->
				<posx>220</posx>
				<posy>105</posy>
				<height>40</height>
				<width>440</width>
				<align>left</align>
				<aligny>center</aligny>
				<font>Font_18</font>
				<label>$INFO[ListItem.Genre]</label>
				<textcolor>FFFFFAF0</textcolor>
				<scroll>true</scroll>
				<scrollout>false</scrollout>
			</control>
			<control type="label">
				<!-- Mood -->
				<posx>190</posx>
				<posy>140</posy>
				<height>27</height>
				<width>200</width>
				<align>right</align>
				<aligny>center</aligny>
				<font>Font_15</font>
				<label>$LOCALIZE[175]</label>
				<textcolor>$VAR[value_headercolor]</textcolor>
			</control>
			<control type="label">
				<posx>220</posx>
				<posy>140</posy>
				<height>27</height>
				<width>440</width>
				<align>left</align>
				<aligny>center</aligny>
				<font>Font_15</font>
				<label fallback="161">$INFO[ListItem.Property(Artist_Mood)]$INFO[ListItem.Property(Album_Mood)]</label>
				<textcolor>FFFFFAF0</textcolor>
				<scroll>true</scroll>
				<scrollout>false</scrollout>
			</control>
			<control type="label">
				<!-- Style -->
				<posx>190</posx>
				<posy>160</posy>
				<height>27</height>
				<width>200</width>
				<align>right</align>
				<aligny>center</aligny>
				<font>Font_15</font>
				<label>$LOCALIZE[176]</label>
				<textcolor>$VAR[value_headercolor]</textcolor>
			</control>
			<control type="label">
				<posx>220</posx>
				<posy>160</posy>
				<height>27</height>
				<width>440</width>
				<align>left</align>
				<aligny>center</aligny>
				<font>Font_15</font>
				<label fallback="161">$INFO[ListItem.Property(Artist_Style)]$INFO[ListItem.Property(Album_Style)]</label>
				<textcolor>FFFFFAF0</textcolor>
				<scroll>true</scroll>
				<scrollout>false</scrollout>
			</control>
			<control type="label">
				<!-- Formed/artists - Theme/Albums -->
				<posx>190</posx>
				<posy>180</posy>
				<height>27</height>
				<width>200</width>
				<align>right</align>
				<aligny>center</aligny>
				<font>Font_15</font>
				<label>$VAR[value_audioinfo_label3]</label>
				<textcolor>$VAR[value_headercolor]</textcolor>
			</control>
			<control type="label">
				<posx>220</posx>
				<posy>180</posy>
				<height>27</height>
				<width>440</width>
				<align>left</align>
				<aligny>center</aligny>
				<font>Font_15</font>
				<label fallback="161">$VAR[value_audioinfo_value3]</label>
				<textcolor>FFFFFAF0</textcolor>
				<scroll>true</scroll>
				<scrollout>false</scrollout>
			</control>
			<control type="label">
				<!-- YearsActive/Artists - Type/Albums -->
				<posx>190</posx>
				<posy>200</posy>
				<height>27</height>
				<width>200</width>
				<align>right</align>
				<aligny>center</aligny>
				<font>Font_15</font>
				<label>$VAR[value_audioinfo_label4]</label>
				<textcolor>$VAR[value_headercolor]</textcolor>
			</control>
			<control type="label">
				<posx>220</posx>
				<posy>200</posy>
				<height>27</height>
				<width>440</width>
				<align>left</align>
				<aligny>center</aligny>
				<font>Font_15</font>
				<label fallback="161">$VAR[value_audioinfo_value4]</label>
				<textcolor>FFFFFAF0</textcolor>
				<scroll>true</scroll>
				<scrollout>false</scrollout>
			</control>
			<control type="label">
				<!-- Born/Die - Record/Albums -->
				<posx>190</posx>
				<posy>220</posy>
				<height>27</height>
				<width>200</width>
				<align>right</align>
				<aligny>center</aligny>
				<font>Font_15</font>
				<label>$VAR[value_audioinfo_label5]</label>
				<textcolor>$VAR[value_headercolor]</textcolor>
			</control>
			<control type="label">
				<posx>220</posx>
				<posy>220</posy>
				<height>27</height>
				<width>440</width>
				<align>left</align>
				<aligny>center</aligny>
				<font>Font_15</font>
				<label fallback="161">$VAR[value_audioinfo_value5]</label>
				<textcolor>FFFFFAF0</textcolor>
				<scroll>true</scroll>
				<scrollout>false</scrollout>
			</control>
			<control type="image">
				<posx>0</posx>
				<posy>270</posy>
				<height>2</height>
				<width>686</width>
				<texture>separator.png</texture>
			</control>
			<control type="textbox">
				<!-- Plot -->
				<posx>30</posx>
				<posy>280</posy>
				<width>635</width>
				<height>175</height>
				<align>justify</align>
				<font>Font_16</font>
				<label>$INFO[ListItem.Property(Album_Description)]$INFO[ListItem.Property(Artist_Description)]</label>
				<textcolor>FFFFFAF0</textcolor>
				<autoscroll delay="15000" time="5000" repeat="15000">!Skin.HasSetting(noinfoplotscroll)</autoscroll>
			</control>
			<control type="image">
				<!-- Thumb -->
				<posx>687</posx>
				<posy>80</posy>
				<height>386</height>
				<width>563</width>
				<aspectratio align="left">keep</aspectratio>
				<texture background="true">$INFO[Listitem.Icon]</texture>
				<visible>!IsEmpty(ListItem.Thumb)</visible>
			</control>
			<control type="multiimage">
				<!-- Artist -->
				<posx>687</posx>
				<posy>80</posy>
				<height>386</height>
				<width>563</width>
				<timeperimage>5000</timeperimage>
				<randomize>true</randomize>
				<fadetime>FanartCrossFadeTime</fadetime>
				<aspectratio align="left">keep</aspectratio>
				<imagepath fallback="DefaultAudioCover.png" background="true">$INFO[Window(Visualisation).Property(ArtistSlideshow)]</imagepath>
				<visible>IsEmpty(ListItem.Thumb)</visible>
			</control>
			<control type="image">
				<posx>686</posx>
				<posy>80</posy>
				<height>390</height>
				<width>2</width>
				<texture>separator_v.png</texture>
			</control>
			<control type="image">
				<posx>0</posx>
				<posy>80</posy>
				<height>2</height>
				<width>1280</width>
				<texture>separator.png</texture>
			</control>
			<control type="image">
				<!-- Fundo do rodape -->
				<posx>0</posx>
				<posy>650</posy>
				<width>1280</width>
				<height>70</height>
				<colordiffuse>$VAR[value_flagsbar]</colordiffuse>
				<texture>shadow_mask.png</texture>
			</control>
			<control type="label">
				<posx>30</posx>
				<posy>680</posy>
				<width>400</width>
				<height>27</height>
				<align>left</align>
				<aligny>center</aligny>
				<font>Font_15</font>
				<label>31939</label>
				<textcolor>$VAR[value_flagscolor]</textcolor>
				<visible>IsEmpty(Window(Visualisation).Property(ArtistSlideshow.1.AlbumName)) + !IsEmpty(Window.Property(ArtistSlideshowRunning))</visible>
			</control>
			<control type="label">
				<posx>30</posx>
				<posy>680</posy>
				<width>400</width>
				<height>27</height>
				<align>left</align>
				<aligny>center</aligny>
				<font>Font_15</font>
				<label>$VAR[value_albumsong_items]</label>
				<textcolor>$VAR[value_flagscolor]</textcolor>
				<animation effect="slide" end="0,9" condition="Container.Content(albums)">Conditional</animation>
			</control>
			<control type="label">
				<posx>30</posx>
				<posy>696</posy>
				<width>400</width>
				<height>27</height>
				<align>left</align>
				<aligny>center</aligny>
				<font>Font_12</font>
				<textcolor>$VAR[value_flagscolor]</textcolor>
				<label>$LOCALIZE[31941]: 50 $LOCALIZE[31040]</label>
				<visible>Container.Content(artists)</visible>
			</control>
			<control type="label">
				<posx>315</posx>
				<posy>702</posy>
				<width>650</width>
				<align>center</align>
				<aligny>center</aligny>
				<label>$INFO[Container(50).ListItem.Label]</label>
				<font>Font_23</font>
				<textcolor>$VAR[value_flagscolor]</textcolor>
				<scroll>true</scroll>
				<scrollout>false</scrollout>
				<visible>!IsEmpty(Window(Visualisation).Property(ArtistSlideshow.1.AlbumName)) + !IsEmpty(Window.Property(ArtistSlideshowRunning)) | IsEmpty(Window.Property(ArtistSlideshowRunning))</visible>
			</control>
			<control type="image">
				<posx>0</posx>
				<posy>680</posy>
				<height>43</height>
				<width>1280</width>
				<texture>gradient_small.png</texture>
			</control>
			<control type="image">
				<!-- Cast -->
				<posx>0</posx>
				<posy>679</posy>
				<width>1280</width>
				<height>30</height>
				<texture flipy="true">shadow_h.png</texture>
				<colordiffuse>C3FFFFFF</colordiffuse>
			</control>
			<control type="image">
				<posx>0</posx>
				<posy>494</posy>
				<height>186</height>
				<width>1280</width>
				<texture>darkgrey.png</texture>
				<colordiffuse>$VAR[value_texturecolor]</colordiffuse>
				<include>Animation_DefaultGlass2</include>
			</control>
			<control type="wraplist" id="50">
				<viewtype label="List">List Info</viewtype>
				<posx>52</posx>
				<posy>492</posy>
				<width>1200</width>
				<height>220</height>
				<onup>149</onup>
				<ondown>Skin.Reset(artistzoom)</ondown>
				<ondown>SetFocus(160)</ondown>
				<ondown>Skin.SetBool(coverzoom)</ondown>
				<orientation>horizontal</orientation>
				<scrolltime>400</scrolltime>
				<focusposition>2</focusposition>
				<itemlayout height="170" width="248">
					<control type="image">
						<posx>0</posx>
						<posy>5</posy>
						<width>180</width>
						<height>180</height>
						<aligny>center</aligny>
						<align>left</align>
						<aspectratio>scale</aspectratio>
						<texture fallback="DefaultAudioCover.png" background="true">$INFO[ListItem.Icon]</texture>
						<bordertexture border="-2">black.png</bordertexture>
						<colordiffuse>FF909090</colordiffuse>
					</control>
				</itemlayout>
				<focusedlayout height="170" width="248">
					<control type="image">
						<posx>0</posx>
						<posy>5</posy>
						<width>180</width>
						<height>180</height>
						<aligny>center</aligny>
						<align>left</align>
						<aspectratio>scale</aspectratio>
						<texture fallback="DefaultAudioCover.png" background="true">$INFO[ListItem.Icon]</texture>
						<bordertexture border="-2">black.png</bordertexture>
						<colordiffuse>FF909090</colordiffuse>
						<include>Animation_Fade</include>
						<visible>!Control.HasFocus(50)</visible>
					</control>
					<control type="image">
						<posx>0</posx>
						<posy>5</posy>
						<width>180</width>
						<height>180</height>
						<aligny>center</aligny>
						<align>left</align>
						<aspectratio>scale</aspectratio>
						<texture fallback="DefaultAudioCover.png" background="true">$INFO[ListItem.Icon]</texture>
						<bordertexture border="-2">grey.png</bordertexture>
						<include>Animation_Fade</include>
						<visible>Control.HasFocus(50)</visible>
					</control>
				</focusedlayout>
				<include condition="Player.HasAudio + system.hasaddon(script.artistslideshow)">AlbumContent</include>
			</control>
			<control type="group">
				<!-- Menu bar -->
				<posx>0</posx>
				<posy>465</posy>
				<control type="image">
					<posx>0</posx>
					<posy>-30</posy>
					<width>1280</width>
					<height>30</height>
					<texture>shadow_h.png</texture>
					<colordiffuse>C3FFFFFF</colordiffuse>
				</control>
				<control type="image">
					<posx>0</posx>
					<posy>29</posy>
					<width>1280</width>
					<height>30</height>
					<texture flipy="true">shadow_h.png</texture>
					<colordiffuse>C3FFFFFF</colordiffuse>
				</control>
				<control type="image">
					<posx>0</posx>
					<posy>0</posy>
					<width>1280</width>
					<height>30</height>
					<texture>darkgrey.png</texture>
					<colordiffuse>$VAR[value_texturecolor]</colordiffuse>
					<include>Animation_DefaultGlass2</include>
				</control>
				<control type="list" id="149">
					<posx>0</posx>
					<posy>3</posy>
					<width>1280</width>
					<height>25</height>
					<ondown>50</ondown>
					<orientation>horizontal</orientation>
					<pagecontrol>-</pagecontrol>
					<scrolltime>300</scrolltime>
					<focusposition>3</focusposition>
					<itemlayout height="25" width="182">
						<control type="image">
							<posx>0</posx>
							<posy>0</posy>
							<width>1</width>
							<height>25</height>
							<texture>separator_v.png</texture>
						</control>
						<control type="label">
							<posx>10</posx>
							<posy>0</posy>
							<height>25</height>
							<width>162</width>
							<align>center</align>
							<aligny>center</aligny>
							<font>Font_15</font>
							<label>[UPPERCASE]$INFO[ListItem.Label][/UPPERCASE]</label>
							<textcolor>B6FFFFFF</textcolor>
						</control>
					</itemlayout>
					<focusedlayout height="25" width="182">
						<control type="image">
							<posx>0</posx>
							<posy>-1</posy>
							<width>182</width>
							<height>27</height>
							<texture>settings_button_focus.png</texture>
							<visible>Control.Hasfocus(149)</visible>
						</control>
						<control type="image">
							<posx>0</posx>
							<posy>0</posy>
							<width>1</width>
							<height>25</height>
							<texture>separator_v.png</texture>
						</control>
						<control type="label">
							<posx>10</posx>
							<posy>0</posy>
							<height>25</height>
							<width>162</width>
							<align>center</align>
							<aligny>center</aligny>
							<font>Font_15</font>
							<label>[UPPERCASE]$INFO[ListItem.Label][/UPPERCASE]</label>
							<textcolor>FF101010</textcolor>
							<visible>Control.Hasfocus(149)</visible>
						</control>
						<control type="label">
							<posx>10</posx>
							<posy>0</posy>
							<height>25</height>
							<width>162</width>
							<align>center</align>
							<aligny>center</aligny>
							<font>Font_15</font>
							<label>[UPPERCASE]$INFO[ListItem.Label][/UPPERCASE]</label>
							<textcolor>B6FFFFFF</textcolor>
							<visible>!Control.Hasfocus(149)</visible>
						</control>
					</focusedlayout>
					<content>
						<item id="1">
							<!-- Refresh -->
							<description>Refresh</description>
							<label>31695</label>
							<onclick>SendClick(2001,6)</onclick>
							<visible>!Skin.HasSetting(kioskininfo)</visible>
						</item>
						<item id="2">
							<!-- Get Thumb -->
							<label>13405</label>
							<onclick>SendClick(2001,10)</onclick>
							<visible>!Skin.HasSetting(kioskininfo)</visible>
						</item>
						<item id="3">
							<!-- Get Fanart -->
							<label>20413</label>
							<onclick>SendClick(2001,12)</onclick>
							<visible>!Skin.HasSetting(kioskininfo)</visible>
						</item>
						<item id="4">
							<!-- Artist Info -->
							<label>31885</label>
							<onclick>RunScript(script.metadata.actors,$INFO[Listitem.Artist])</onclick>
							<visible>System.HasAddon(script.metadata.actors)</visible>
						</item>
						<item id="5">
							<!-- Artist Zoom -->
							<label>31944</label>
							<onclick>Skin.Reset(coverzoom)</onclick>
							<onclick>Skin.SetBool(artistzoom)</onclick>
							<onclick>SetFocus(160)</onclick>
						</item>
						<item id="6">
							<!-- Video Clips -->
							<label>31950</label>
							<onclick>Dialog.Close(2001)</onclick>
							<onclick>Skin.SetBool(musictrailers)</onclick>
							<onclick>ActivateWindow(videos,plugin://plugin.video.youtube/?path=/root/search&amp;feed=search&amp;search=$INFO[ListItem.Artist],return)</onclick>
						</item>
						<item id="7">
							<!-- Song Video Clip -->
							<label>31951</label>
							<onclick>Dialog.Close(2001)</onclick>
							<onclick>Skin.SetBool(musictrailers)</onclick>
							<onclick>ActivateWindow(videos,plugin://plugin.video.youtube/?path=/root/search&amp;feed=search&amp;search=$INFO[ListItem.Title],return)</onclick>
						</item>
					</content>
				</control>
			</control>
			<control type="button" id="160">
				<include>InvisibleButton</include>
				<onup condition="Skin.HasSetting(artistzoom)">SetFocus(149)</onup>
				<onup condition="Skin.HasSetting(coverzoom)">SetFocus(50)</onup>
				<ondown condition="Skin.HasSetting(artistzoom)">SetFocus(149)</ondown>
				<ondown condition="Skin.HasSetting(coverzoom)">SetFocus(50)</ondown>
				<onleft condition="Skin.HasSetting(artistzoom)">SetFocus(149)</onleft>
				<onleft condition="Skin.HasSetting(coverzoom)">SetFocus(50)</onleft>
				<onright condition="Skin.HasSetting(artistzoom)">SetFocus(149)</onright>
				<onright condition="Skin.HasSetting(coverzoom)">SetFocus(50)</onright>
			</control>
			<control type="image">
				<posx>0</posx>
				<posy>0</posy>
				<width>1280</width>
				<height>720</height>
				<texture>darkgrey.png</texture>
				<animation effect="fade" start="0" end="100" time="200">Visible</animation>
				<animation effect="fade" start="100" end="0" time="400">Hidden</animation>
				<visible>Control.HasFocus(160)</visible>
			</control>
			<control type="image">
				<posx>0</posx>
				<posy>0</posy>
				<width>1280</width>
				<height>720</height>
				<texture>hive_back.png</texture>
				<animation effect="fade" start="0" end="100" time="200">Visible</animation>
				<animation effect="fade" start="100" end="0" time="400">Hidden</animation>
				<visible>Control.HasFocus(160)</visible>
			</control>
			<control type="group">
				<posx>-1280</posx>
				<posy>15</posy>
				<animation effect="slide" start="0,0" end="1280,0" time="400" tween="cubic" easing="inout" condition="Control.HasFocus(160)">Conditional</animation>
				<animation effect="slide" start="0,0" end="0,-25" time="600" delay="1000" tween="cubic" easing="inout" condition="Control.HasFocus(160)">Conditional</animation>
				<control type="image">
					<description>Cover image</description>
					<posx>35</posx>
					<posy>32</posy>
					<width>1280</width>
					<height>640</height>
					<aspectratio>keep</aspectratio>
					<texture diffuse="thumb_cdcover_mask.png" background="true">$INFO[Container(50).ListItem.Icon]</texture>
					<visible>Skin.HasSetting(coverzoom)</visible>
				</control>
				<control type="image">
					<!-- Thumb -->
					<posx>35</posx>
					<posy>32</posy>
					<width>1200</width>
					<height>640</height>
					<aspectratio align="center">keep</aspectratio>
					<texture background="true">$INFO[Listitem.Icon]</texture>
					<visible>!IsEmpty(ListItem.Thumb) + Skin.HasSetting(artistzoom)</visible>
				</control>
				<control type="multiimage">
					<!-- Artist -->
					<posx>35</posx>
					<posy>32</posy>
					<width>1200</width>
					<height>640</height>
					<timeperimage>5000</timeperimage>
					<randomize>true</randomize>
					<fadetime>FanartCrossFadeTime</fadetime>
					<aspectratio align="center">keep</aspectratio>
					<imagepath fallback="DefaultAudioCover.png" background="true">$INFO[Window(Visualisation).Property(ArtistSlideshow)]</imagepath>
					<visible>IsEmpty(ListItem.Thumb) + Skin.HasSetting(artistzoom)</visible>
				</control>
				<control type="image">
					<description>CD Background</description>
					<posx>0</posx>
					<posy>0</posy>
					<width>1280</width>
					<height>720</height>
					<aspectratio>keep</aspectratio>
					<texture>thumb_box_cd_shadow_light.png</texture>
					<visible>Skin.HasSetting(coverzoom)</visible>
				</control>
				<control type="image">
					<description>CD Glass Overlay</description>
					<posx>0</posx>
					<posy>0</posy>
					<width>1280</width>
					<height>720</height>
					<aspectratio>keep</aspectratio>
					<texture>thumb_box_cd_glass.png</texture>
					<visible>Skin.HasSetting(coverzoom)</visible>
				</control>
			</control>
			<control type="group">
				<visible>Control.HasFocus(160)</visible>
				<animation effect="slide" start="0,0" end="0,-80" time="600" delay="1000" tween="cubic" easing="inout" condition="Control.HasFocus(160)">Conditional</animation>
				<control type="image">
					<posx>0</posx>
					<posy>760</posy>
					<height>40</height>
					<width>1280</width>
					<texture>darkgrey.png</texture>
					<colordiffuse>$VAR[value_texturecolor]</colordiffuse>
					<include>Animation_DefaultGlass2</include>
				</control>
				<control type="label">
					<posx>0</posx>
					<posy>760</posy>
					<height>40</height>
					<width>1280</width>
					<align>center</align>
					<aligny>center</aligny>
					<label>$VAR[value_audioinfo_zoomlabel]</label>
					<font>Font_23</font>
					<textcolor>FFFFFAF0</textcolor>
					<scroll>true</scroll>
					<scrollout>false</scrollout>
				</control>
				<control type="image">
					<posx>0</posx>
					<posy>760</posy>
					<height>40</height>
					<width>1280</width>
					<texture>gradient_small.png</texture>
				</control>
			</control>
			<include>BGBlack</include>
		</control>
	</controls>
</window>