<window id="104">
	<controls>
		<control type="group">
			<include>Animation_TopDialogPopup</include>
			<include>Dialogs_Bar</include>
			<control type="progress" id="20">
				<posx>300</posx>
				<posy>4</posy>
				<width>680</width>
				<height>20</height>
				<info>Player.Volume</info>
				<visible>!player.passthrough</visible>
			</control>
			<control type="label">
				<include>Dialogs_Label1</include>
				<label>$LOCALIZE[31754]</label>
				<visible>!player.passthrough</visible>
			</control>
			<control type="label">
				<include>Dialogs_Label2</include>
				<label>$INFO[Player.Volume]</label>
				<visible>!player.passthrough</visible>
			</control>
			<control type="label">
				<width>900</width>
				<include>Dialogs_Label1</include>
				<label>[COLOR=$VAR[value_headercolor]]$LOCALIZE[31754][/COLOR][COLOR=80ffffff] | [/COLOR]$LOCALIZE[29802]</label>
				<visible>player.passthrough</visible>
			</control>
		</control>
	</controls>
</window>