<window>
	<defaultcontrol always="true">5</defaultcontrol>
	<coordinates>
		<system>1</system>
		<posx>0</posx>
		<posy>0</posy>
	</coordinates>
	<controls>
		<control type="group">
			<include>Animation_DialogPopup</include>
			<control type="image">
				<posx>110</posx>
				<posy>0</posy>
				<width>30</width>
				<height>720</height>
				<texture flipx="true">shadow.png</texture>
				<colordiffuse>C3FFFFFF</colordiffuse>
			</control>
			<control type="image">
				<posx>1140</posx>
				<posy>0</posy>
				<width>30</width>
				<height>720</height>
				<texture>shadow.png</texture>
				<colordiffuse>C3FFFFFF</colordiffuse>
			</control>
			<control type="image">
				<posx>140</posx>
				<posy>0</posy>
				<width>1000</width>
				<height>720</height>
				<texture>darkgrey.png</texture>
				<colordiffuse>$VAR[value_texturecolor]</colordiffuse>
				<include>Animation_DefaultGlass</include>
			</control>
			<control type="image">
				<posx>140</posx>
				<posy>0</posy>
				<width>1000</width>
				<height>80</height>
				<texture>black.png</texture>
				<colordiffuse>90FFFFFF</colordiffuse>
			</control>
			<control type="label" id="2">
				<!-- header -->
				<posx>215</posx>
				<posy>23</posy>
				<width>852</width>
				<height>30</height>
				<label>587</label>
				<font>Font_32</font>
				<textcolor>FFFFFAF0</textcolor>
				<align>center</align>
				<aligny>center</aligny>
				<include>Animation_Fade</include>
			</control>
			<control type="grouplist" id="5">
				<description>control area</description>
				<posx>140</posx>
				<posy>100</posy>
				<width>1000</width>
				<height>600</height>
				<itemgap>0</itemgap>
				<pagecontrol>-</pagecontrol>
				<onup>9001</onup>
				<ondown>9001</ondown>
				<onleft>9001</onleft>
				<onright>9001</onright>
			</control>
			<control type="button" id="7">
			</control>
			<control type="radiobutton" id="8">
				<radioposx>894</radioposx>
			</control>
			<control type="spincontrolex" id="9">
				<spinposx>26</spinposx>
			</control>
			<control type="sliderex" id="13">
			</control>
			<control type="edit" id="12">
			</control>
			<control type="image">
				<posx>140</posx>
				<posy>600</posy>
				<height>40</height>
				<width>1280</width>
				<texture>black.png</texture>
				<colordiffuse>90FFFFFF</colordiffuse>
			</control>
			<control type="grouplist" id="9001">
				<posx>140</posx>
				<posy>600</posy>
				<onup>5</onup>
				<ondown>5</ondown>
				<orientation>horizontal</orientation>
				<control type="button" id="28">
					<!-- OK -->
					<width>500</width>
					<include>SettingsBottomButton</include>
					<label>186</label>
				</control>
				<control type="button" id="27">
					<!-- Clear -->
					<width>500</width>
					<include>SettingsBottomButton</include>
					<label>192</label>
				</control>
			</control>
		</control>
	</controls>
</window>
