<window type="dialog" id="134">
	<defaultcontrol always="true">450</defaultcontrol>
	<allowoverlay>no</allowoverlay>
	<onunload condition="!Skin.HasSetting(nofavouriteswidget)">RunScript(script.favourites)</onunload>
	<controls>
		<control type="image">
			<include>HomeBG</include>
			<texture background="true">special://skin/backgrounds/favourites.jpg</texture>
		</control>
		<control type="group">
			<!-- default group -->
			<include>Animation_Window</include>
			<control type="group">
				<!-- right group -->
				<posx>50</posx>
				<animation effect="slide" start="600,0" end="0,0" time="1000" tween="cubic" easing="out">WindowOpen</animation>
				<animation effect="slide" start="0,0" end="600,0" time="1000" tween="cubic" easing="out">WindowClose</animation>
				<animation effect="slide" start="800,0" end="0,0" time="1000" tween="cubic" easing="out">Visible</animation>
				<animation effect="fade" start="100" end="0" time="400">Hidden</animation>
				<control type="image">
					<posx>805</posx>
					<posy>46</posy>
					<width>425</width>
					<height>30</height>
					<texture>shadow_h.png</texture>
					<colordiffuse>C3FFFFFF</colordiffuse>
				</control>
				<control type="image">
					<posx>805</posx>
					<posy>75</posy>
					<width>425</width>
					<height>645</height>
					<texture>black.png</texture>
					<colordiffuse>C3FFFFFF</colordiffuse>
				</control>
				<control type="image">
					<posx>805</posx>
					<posy>453</posy>
					<width>425</width>
					<height>268</height>
					<texture>black.png</texture>
					<colordiffuse>90FFFFFF</colordiffuse>
				</control>
				<control type="image">
					<posx>840</posx>
					<posy>95</posy>
					<width>360</width>
					<height>360</height>
					<fadetime>FanartCrossFadeTime</fadetime>
					<texture fallback="DefaultVideoPoster.png" background="true">$INFO[ListItem.Icon]</texture>
					<aspectratio aligny="bottom">keep</aspectratio>
					<bordertexture border="-2">black.png</bordertexture>
				</control>
				<control type="image">
					<posx>840</posx>
					<posy>460</posy>
					<width>360</width>
					<height>360</height>
					<fadetime>FanartCrossFadeTime</fadetime>
					<texture flipy="true" fallback="DefaultVideoPoster.png" diffuse="thumb_reflect.png" background="true">$INFO[ListItem.Icon]</texture>
					<aspectratio aligny="top">keep</aspectratio>
					<bordertexture flipy="true" border="-2" diffuse="thumb_reflect.png">black.png</bordertexture>
				</control>
				<control type="textbox">
					<posx>860</posx>
					<posy>463</posy>
					<width>310</width>
					<height>175</height>
					<font>Font_16</font>
					<label>$VAR[value_plot]</label>
					<autoscroll delay="8000" time="2000" repeat="8000">!Skin.HasSetting(noallowscroll)</autoscroll>
				</control>
			</control>

			<control type="group">
				<!-- left group -->
				<animation effect="slide" time="700" start="-800,0" end="0,0" tween="cubic" easing="out">WindowOpen</animation>
				<animation effect="slide" time="700" start="0,0" end="-800,0" tween="cubic" easing="out">WindowClose</animation>
				<animation effect="slide" time="700" start="-800,0" end="0,0" tween="cubic" easing="out">Visible</animation>
				<animation effect="fade" time="200" start="100" end="0">Hidden</animation>
				<control type="image">
					<posx>0</posx>
					<posy>46</posy>
					<width>855</width>
					<height>30</height>
					<texture>shadow_h.png</texture>
					<colordiffuse>C3FFFFFF</colordiffuse>
				</control>
				<control type="image">
					<posx>855</posx>
					<posy>75</posy>
					<width>30</width>
					<height>645</height>
					<texture>shadow.png</texture>
					<colordiffuse>C3FFFFFF</colordiffuse>
				</control>
				<control type="image">
					<posx>0</posx>
					<posy>75</posy>
					<width>855</width>
					<height>645</height>
					<texture>black.png</texture>
					<colordiffuse>C3FFFFFF</colordiffuse>
				</control>
				<control type="image">
					<posx>0</posx>
					<posy>75</posy>
					<width>855</width>
					<height>60</height>
					<texture>black.png</texture>
					<colordiffuse>90FFFFFF</colordiffuse>
				</control>
				<control type="label" id="1">
					<!-- header label -->
					<posx>45</posx>
					<posy>91</posy>
					<width>771</width>
					<height>23</height>
					<font>Font_23</font>
					<label>1036</label>
					<textcolor>80FFFAF0</textcolor>
				</control>
				<control type="list" id="450">
					<!-- Common List -->
					<viewtype label="31801">list</viewtype>
					<posx>0</posx>
					<posy>158</posy>
					<width>855</width>
					<height>470</height>
					<pagecontrol>80</pagecontrol>
					<onleft>Close</onleft>
					<onright>80</onright>
					<orientation>vertical</orientation>
					<scrolltime>450</scrolltime>
					<preloaditems>2</preloaditems>
					<itemlayout height="40">
						<control type="image">
							<posx>10</posx>
							<posy>39</posy>
							<width>835</width>
							<height>1</height>
							<texture>line.png</texture>
						</control>
						<control type="label">
							<posx>45</posx>
							<posy>0</posy>
							<width>760</width>
							<height>41</height>
							<font>Font_18</font>
							<aligny>center</aligny>
							<include>listcolor</include>
							<label>$INFO[ListItem.Label]</label>
						</control>
					</itemlayout>
					<focusedlayout height="40">
						<control type="image">
							<posx>0</posx>
							<posy>0</posy>
							<width>855</width>
							<height>41</height>
							<texture>settings_button_focus.png</texture>
							<animation effect="fade" start="100" end="50" time="0" condition="!Control.Hasfocus(450)">conditional</animation>
						</control>
						<control type="label">
							<posx>45</posx>
							<posy>0</posy>
							<width>760</width>
							<height>41</height>
							<font>Font_20</font>
							<aligny>center</aligny>
							<include>listcolorfocus</include>
							<label>$INFO[ListItem.Label]</label>
						</control>
					</focusedlayout>
				</control>
			</control>
			<control type="scrollbar" id="80">
				<include>ScrollBar_Vertical</include>
				<posx>215</posx>
				<posy>140</posy>
				<height>318</height>
				<onleft>450</onleft>
				<onright>450</onright>
				<visible allowhiddenfocus="true">Control.HasFocus(80)</visible>
			</control>
			<include>MultiData</include>
		</control>
	</controls>
</window>