<window id="132">
	<defaultcontrol always="true">3</defaultcontrol>
	<zorder>2</zorder>
	<coordinates>
		<system>1</system>
		<posx>0</posx>
		<posy>0</posy>
	</coordinates>
	<include>Animation_DialogPopup</include>
	<controls>
		<control type="group">
			<posx>206</posx>
			<posy>190</posy>
			<width>869</width>
			<height>317</height>
			<visible>!Window.IsActive(addonsettings)</visible>
			<control type="image">
				<posx>0</posx>
				<posy>0</posy>
				<width>847</width>
				<height>1</height>
				<texture>grey.png</texture>
			</control>
			<control type="image">
				<posx>0</posx>
				<posy>327</posy>
				<width>847</width>
				<height>1</height>
				<texture>grey.png</texture>
			</control>
			<control type="image">
				<posx>0</posx>
				<posy>0</posy>
				<width>847</width>
				<height>328</height>
				<texture>darkgrey.png</texture>
				<colordiffuse>F0FFFFFF</colordiffuse>
			</control>

			<!-- Scraper List -->
			<control type="list" id="21">
				<posx>503</posx>
				<posy>35</posy>
				<width>180</width>
				<height>246</height>
				<onup>4</onup>
				<ondown>4</ondown>
				<onleft>20</onleft>
				<onright>28</onright>
				<scrolltime>200</scrolltime>
				<itemlayout height="41">
					<control type="image">
						<posx>5</posx>
						<posy>5</posy>
						<width>35</width>
						<height>30</height>
						<texture backgroun="true">$INFO[Listitem.Icon]</texture>
					</control>
					<control type="label">
						<posx>45</posx>
						<posy>-1</posy>
						<width>122</width>
						<height>41</height>
						<textcolor>FFFFFAF0</textcolor>
						<selectedcolor>FFFF8C00</selectedcolor>
						<aligny>center</aligny>
						<font>Font_15</font>
						<align>left</align>
						<info>ListItem.Label</info>
					</control>
				</itemlayout>
				<focusedlayout height="41">
					<control type="image">
						<posx>0</posx>
						<posy>0</posy>
						<width>180</width>
						<height>41</height>
						<texture>grey.png</texture>
						<colordiffuse>90FFFFFF</colordiffuse>
						<visible>Control.HasFocus(4)</visible>
					</control>
					<control type="image">
						<posx>5</posx>
						<posy>5</posy>
						<width>35</width>
						<height>30</height>
						<texture backgroun="true">$INFO[Listitem.Icon]</texture>
					</control>
					<control type="label">
						<posx>45</posx>
						<posy>-1</posy>
						<width>122</width>
						<height>41</height>
						<textcolor>FFbbbbbb</textcolor>
						<selectedcolor>FFFF8C00</selectedcolor>
						<aligny>center</aligny>
						<font>Font_15</font>
						<align>left</align>
						<info>ListItem.Label</info>
						<visible>!Control.HasFocus(4)</visible>
					</control>
					<control type="label">
						<posx>45</posx>
						<posy>-1</posy>
						<width>122</width>
						<height>41</height>
						<textcolor>FF101010</textcolor>
						<selectedcolor>FFFF8C00</selectedcolor>
						<aligny>center</aligny>
						<font>Font_15</font>
						<align>left</align>
						<info>ListItem.Label</info>
						<visible>Control.HasFocus(4)</visible>
					</control>
				</focusedlayout>
			</control>
			<control type="image">
				<posx>-30</posx>
				<posy>0</posy>
				<width>30</width>
				<height>328</height>
				<texture flipx="true">shadow.png</texture>
				<colordiffuse>C3FFFFFF</colordiffuse>
			</control>
			<control type="image">
				<posx>499</posx>
				<posy>0</posy>
				<width>30</width>
				<height>328</height>
				<texture>shadow.png</texture>
				<colordiffuse>C3FFFFFF</colordiffuse>
			</control>
			<control type="image">
				<posx>0</posx>
				<posy>0</posy>
				<width>499</width>
				<height>328</height>
				<texture>black.png</texture>
				<colordiffuse>90FFFFFF</colordiffuse>
			</control>

			<control type="image">
				<posx>0</posx>
				<posy>0</posy>
				<width>499</width>
				<height>32</height>
				<texture>black.png</texture>
				<colordiffuse>90FFFFFF</colordiffuse>
			</control>
			<control type="label" id="0">
				<!-- header -->
				<posx>20</posx>
				<posy>0</posy>
				<width>480</width>
				<height>32</height>
				<align>left</align>
				<aligny>center</aligny>
				<textcolor>$VAR[value_headercolor]</textcolor>
				<font>Font_18</font>
				<label>20333</label>
			</control>

			<!-- Content Button -->
			<control type="spincontrolex" id="20">
				<posx>0</posx>
				<posy>35</posy>
				<width>499</width>
				<height>41</height>
				<font>Font_16</font>
				<focusedcolor>FF101010</focusedcolor>
				<texturefocus>grey.png</texturefocus>
				<texturenofocus>-</texturenofocus>
				<pulseonselect>false</pulseonselect>
				<spinposx>-4</spinposx>
				<textoffsetx>-10</textoffsetx>
				<onup>5</onup>
				<ondown>5</ondown>
				<onleft>28</onleft>
				<onright>21</onright> <!-- 4 -->
				<aligny>center</aligny>
				<subtype>text</subtype>
			</control>
			<control type="label" id="1">
				<description>directory contains label</description>
				<posx>20</posx>
				<posy>35</posy>
				<width>504</width>
				<height>41</height>
				<label>31260</label>
				<font>Font_16</font>
				<textcolor>FFFFFAF0</textcolor>
				<aligny>center</aligny>
				<visible>!Control.HasFocus(3)</visible>
			</control>
			<control type="label" id="1">
				<description>directory contains label</description>
				<posx>20</posx>
				<posy>35</posy>
				<width>504</width>
				<height>41</height>
				<label>31260</label>
				<font>Font_16</font>
				<textcolor>FF101010</textcolor>
				<aligny>center</aligny>
				<visible>Control.HasFocus(3)</visible>
			</control>

			<!-- Content List -->
			<control type="grouplist" id="5">
				<description>control area</description>
				<posx>0</posx>
				<posy>76</posy>
				<width>499</width>
				<height>205</height>
				<itemgap>0</itemgap>
				<onup>20</onup>
				<ondown>3</ondown>
				<onleft>28</onleft>
				<onright>21</onright>
			</control>
			<control type="button" id="7">
				<posx>0</posx>
				<posy>0</posy>
				<height>41</height>
				<font>Font_16</font>
				<textoffsetx>10</textoffsetx>
			</control>
			<control type="radiobutton" id="8">
				<posx>0</posx>
				<posy>0</posy>
				<width>499</width>
				<height>41</height>
				<textwidth>400</textwidth>
				<font>Font_16</font>
				<textcolor>FFFFFAF0</textcolor>
				<focusedcolor>FF101010</focusedcolor>
				<pulseonselect>false</pulseonselect>
				<radiowidth>94</radiowidth>
				<radioposx>416</radioposx>
				<radioheight>65</radioheight>
				<textoffsetx>20</textoffsetx>
				<aligny>center</aligny>
			</control>

			<!-- Options -->
			<control type="image">
				<posx>653</posx>
				<posy>0</posy>
				<width>30</width>
				<height>328</height>
				<texture flipx="true">shadow.png</texture>
				<colordiffuse>C3FFFFFF</colordiffuse>
			</control>
			<control type="image">
				<posx>846</posx>
				<posy>0</posy>
				<width>30</width>
				<height>328</height>
				<texture>shadow.png</texture>
				<colordiffuse>C3FFFFFF</colordiffuse>
			</control>
			<control type="image">
				<posx>683</posx>
				<posy>0</posy>
				<width>163</width>
				<height>328</height>
				<texture>grey.png</texture>
				<colordiffuse>90FFFFFF</colordiffuse>
			</control>
			<control type="grouplist" id="9000">
				<posx>683</posx>
				<posy>42</posy>
				<onleft>21</onleft> <!-- SetFocus(3) -->
				<onright>20</onright> <!-- >SetFocus(3) -->
				<control type="button" id="28">
					<!-- OK -->
					<include>SettingsDialogButton</include>
					<label>186</label>
					<onleft>21</onleft> <!-- SetFocus(3) -->
					<onright>20</onright> <!-- >SetFocus(3) -->
				</control>
				<control type="button" id="29">
					<!-- Cancel -->
					<include>SettingsDialogButton</include>
					<label>222</label>
					<onleft>21</onleft> <!-- SetFocus(3) -->
					<onright>20</onright> <!-- >SetFocus(3) -->
				</control>
				<control type="button" id="22">
					<!-- Settings -->
					<include>SettingsDialogButton</include>
					<label>5</label>
					<onleft>21</onleft> <!-- SetFocus(3) -->
					<onright>20</onright> <!-- >SetFocus(3) -->
				</control>
			</control>
		</control>
	</controls>
</window>