<window>
	<defaultcontrol always="true">11</defaultcontrol>
	<coordinates>
		<system>1</system>
	</coordinates>
	<controls>
		<control type="group">
			<include>Animation_DialogPopup</include>
			<visible>![Window.IsActive(PVRGuideInfo) | Window.IsActive(PVRRecordingInfo) | Window.IsActive(PVRGuideSearch) | Window.IsActive(PVRTimerSetting)]</visible>
			<control type="image">
				<posx>110</posx>
				<posy>0</posy>
				<width>30</width>
				<height>720</height>
				<texture flipx="true">shadow.png</texture>
				<colordiffuse>C3FFFFFF</colordiffuse>
			</control>
			<control type="image">
				<posx>1140</posx>
				<posy>0</posy>
				<width>30</width>
				<height>720</height>
				<texture>shadow.png</texture>
				<colordiffuse>C3FFFFFF</colordiffuse>
			</control>
			<control type="image">
				<posx>140</posx>
				<posy>0</posy>
				<width>1000</width>
				<height>720</height>
				<texture>darkgrey.png</texture>
				<colordiffuse>$VAR[value_texturecolor]</colordiffuse>
				<animation effect="fade" end="85" condition="true">Conditional</animation>
			</control>
			<control type="image">
				<posx>140</posx>
				<posy>0</posy>
				<width>1000</width>
				<height>80</height>
				<texture>black.png</texture>
				<colordiffuse>90FFFFFF</colordiffuse>
			</control>
			<control type="label">
				<posx>215</posx>
				<posy>23</posy>
				<width>852</width>
				<height>30</height>
				<label>$LOCALIZE[19023] - $INFO[VideoPlayer.ChannelGroup]</label>
				<font>Font_32</font>
				<textcolor>FFFFFAF0</textcolor>
				<align>center</align>
				<aligny>center</aligny>
				<include>Animation_Fade</include>
				<visible>!pvr.IsPlayingRadio</visible>
			</control>
			<control type="label">
				<posx>215</posx>
				<posy>23</posy>
				<width>852</width>
				<height>30</height>
				<label>$LOCALIZE[19024] - $INFO[MusicPlayer.ChannelGroup]</label>
				<font>Font_32</font>
				<textcolor>FFFFFAF0</textcolor>
				<align>center</align>
				<aligny>center</aligny>
				<include>Animation_Fade</include>
				<visible>pvr.IsPlayingRadio</visible>
			</control>
			<control type="list" id="11">
				<viewtype label="535">list</viewtype>
				<posx>140</posx>
				<posy>100</posy>
				<width>1000</width>
				<height>545</height>
				<itemgap>0</itemgap>
				<onleft>60</onleft>
				<onright>60</onright>
				<pagecontrol>60</pagecontrol>
				<scrolltime>350</scrolltime>
				<itemlayout height="60" width="1000">
					<control type="image">
						<posx>0</posx>
						<posy>0</posy>
						<width>1000</width>
						<height>1</height>
						<texture>line.png</texture>
					</control>
					<control type="image">
						<posx>50</posx>
						<posy>6</posy>
						<width>48</width>
						<height>48</height>
						<texture fallback="DefaultAudioCover.png" background="true">$INFO[ListItem.Icon]</texture>
					</control>
					<control type="image">
						<posx>100</posx>
						<posy>6</posy>
						<width>50</width>
						<height>48</height>
						<texture>grey.png</texture>
						<colordiffuse>20FFFFFF</colordiffuse>
					</control>
					<control type="label">
						<posx>125</posx>
						<posy>5</posy>
						<width>50</width>
						<height>50</height>
						<align>center</align>
						<aligny>center</aligny>
						<font>Font_32</font>
						<textcolor>FFFFFAF0</textcolor>
						<selectedcolor>$VAR[value_headercolor]</selectedcolor>
						<info>ListItem.ChannelNumber</info>
					</control>
					<control type="label">
						<posx>160</posx>
						<posy>-4</posy>
						<width>710</width>
						<height>40</height>
						<align>left</align>
						<aligny>center</aligny>
						<font>Font_22</font>
						<label>$INFO[ListItem.Label]</label>
						<include>listcolor</include>
					</control>
					<control type="label">
						<posx>160</posx>
						<posy>25</posy>
						<width>710</width>
						<height>20</height>
						<align>left</align>
						<aligny>center</aligny>
						<label>$INFO[ListItem.Title]</label>
						<font>Font_17</font>
						<include>subcolor</include>
					</control>
					<control type="progress">
						<posx>160</posx>
						<posy>48</posy>
						<width>780</width>
						<height>4</height>
						<info>ListItem.Progress</info>
					</control>
				</itemlayout>
				<focusedlayout height="124" width="1000">
					<control type="image">
						<posx>0</posx>
						<posy>0</posy>
						<width>1000</width>
						<height>125</height>
						<texture>settings_button_focus.png</texture>
						<animation effect="fade" start="100" end="50" time="50" condition="!Control.Hasfocus(11)">conditional</animation>
					</control>
					<control type="image">
						<posx>50</posx>
						<posy>4</posy>
						<width>117</width>
						<height>117</height>
						<texture fallback="DefaultAudioCover.png" background="true">$INFO[ListItem.Icon]</texture>
					</control>
					<control type="image">
						<posx>169</posx>
						<posy>4</posy>
						<width>50</width>
						<height>40</height>
						<texture>black.png</texture>
						<colordiffuse>C3FFFFFF</colordiffuse>
					</control>
					<control type="label">
						<posx>194</posx>
						<posy>-1</posy>
						<width>50</width>
						<height>50</height>
						<align>center</align>
						<aligny>center</aligny>
						<font>Font_32</font>
						<info>ListItem.ChannelNumber</info>
						<textcolor>$VAR[value_headercolor]</textcolor>
						<selectedcolor>$VAR[value_headercolor]</selectedcolor>
					</control>
					<control type="label">
						<posx>226</posx>
						<posy>-6</posy>
						<width>710</width>
						<height>40</height>
						<align>left</align>
						<aligny>center</aligny>
						<font>Font_22</font>
						<label>$INFO[ListItem.Label]</label>
						<include>listcolorfocus</include>
					</control>
					<control type="label">
						<posx>226</posx>
						<posy>25</posy>
						<width>710</width>
						<height>20</height>
						<align>left</align>
						<aligny>center</aligny>
						<label>$INFO[ListItem.Title]</label>
						<font>Font_17</font>
						<include>subcolorfocus</include>
					</control>
					<control type="image">
						<posx>169</posx>
						<posy>46</posy>
						<width>826</width>
						<height>75</height>
						<texture>black.png</texture>
						<colordiffuse>30FFFFFF</colordiffuse>
					</control>
					<control type="label">
						<posx>175</posx>
						<posy>47</posy>
						<width>770</width>
						<height>20</height>
						<align>left</align>
						<aligny>center</aligny>
						<label>[COLOR=$VAR[value_headercolor]]$LOCALIZE[142] [/COLOR]$INFO[ListItem.StartTime] - $INFO[ListItem.EndTime] ($INFO[ListItem.StartDate]) - [COLOR=$VAR[value_headercolor]]$LOCALIZE[180]: [/COLOR] $INFO[ListItem.Duration] - [COLOR=$VAR[value_headercolor]]$LOCALIZE[515]: [/COLOR]$INFO[ListItem.Genre]</label>	
						<font>Font_17</font>
						<include>subcolorfocus</include>
					</control>
					<control type="progress">
						<posx>175</posx>
						<posy>69</posy>
						<width>810</width>
						<height>4</height>
						<info>ListItem.Progress</info>
					</control>
					<control type="textbox">
						<posx>175</posx>
						<posy>75</posy>
						<width>810</width>
						<height>44</height>
						<align>justify</align>
						<label>$INFO[ListItem.Plot]</label>
						<font>Font_17</font>
						<autoscroll delay="4000" time="2000" repeat="4000">!Skin.HasSetting(noallowscroll)</autoscroll>
						<include>subcolorfocus</include>
					</control>
				</focusedlayout>
			</control>
			<control type="scrollbar" id="60">
				<include>ScrollBar_Vertical</include>
				<posx>150</posx>
				<posy>100</posy>
				<height>549</height>
				<onleft>11</onleft>
				<onright>11</onright>
				<ondown>60</ondown>
				<onup>60</onup>
			</control>
			<control type="label">
				<posx>1120</posx>
				<posy>672</posy>
				<width>500</width>
				<height>20</height>
				<align>right</align>
				<aligny>center</aligny>
				<scroll>true</scroll>
				<textcolor>FFFFFAF0</textcolor>
				<label>$INFO[Container(11).NumItems] $LOCALIZE[19019] - $LOCALIZE[31757] $INFO[Container(11).CurrentPage]/$INFO[Container(11).NumPages]</label>
			</control>
		</control>
	</controls>
</window>
