<window>
	<defaultcontrol always="true">10</defaultcontrol>
	<coordinates>
		<system>1</system>
	</coordinates>
	<controls>
		<control type="group">
			<include>Animation_DialogPopup</include>
			<control type="image">
				<posx>110</posx>
				<posy>0</posy>
				<width>30</width>
				<height>720</height>
				<texture flipx="true">shadow.png</texture>
				<colordiffuse>C3FFFFFF</colordiffuse>
			</control>
			<control type="image">
				<posx>1140</posx>
				<posy>0</posy>
				<width>30</width>
				<height>720</height>
				<texture>shadow.png</texture>
				<colordiffuse>C3FFFFFF</colordiffuse>
			</control>
			<control type="image">
				<posx>140</posx>
				<posy>0</posy>
				<width>1000</width>
				<height>720</height>
				<texture>darkgrey.png</texture>
				<colordiffuse>$VAR[value_texturecolor]</colordiffuse>
				<include>Animation_DefaultGlass</include>
			</control>
			<control type="image">
				<posx>140</posx>
				<posy>0</posy>
				<width>1000</width>
				<height>80</height>
				<texture>black.png</texture>
				<colordiffuse>90FFFFFF</colordiffuse>
			</control>
			<control type="label">
				<posx>215</posx>
				<posy>23</posy>
				<width>852</width>
				<height>30</height>
				<label>$LOCALIZE[19053]</label>
				<font>Font_32</font>
				<textcolor>FFFFFAF0</textcolor>
				<align>center</align>
				<aligny>center</aligny>
				<include>Animation_Fade</include>
			</control>
			<control type="label">
				<!-- Nome do programa -->
				<posx>215</posx>
				<posy>90</posy>
				<width>852</width>
				<height>30</height>
				<align>center</align>
				<aligny>center</aligny>
				<textcolor>$VAR[value_headercolor]</textcolor>
				<font>Font_30</font>
				<label>$INFO[ListItem.Title]</label>
				<scroll>true</scroll>
			</control>	
			<control type="group">
				<posx>415</posx>
				<posy>143</posy>
				<control type="label">
					<!-- Hora/Data -->
					<posx>0</posx>
					<posy>0</posy>
					<width>652</width>
					<height>25</height>
					<align>left</align>
					<aligny>center</aligny>
					<font>Font_19</font>
					<textcolor>$VAR[value_headercolor]</textcolor>
					<label>$LOCALIZE[142] [COLOR=FFFFFAF0]$INFO[ListItem.StartTime] - $INFO[ListItem.EndTime] ($INFO[ListItem.StartDate])[/COLOR]</label>
				</control>
				<control type="label">
					<!-- Duracao -->
					<description>Duration</description>
					<posx>0</posx>
					<posy>35</posy>
					<width>652</width>
					<height>25</height>
					<align>left</align>
					<aligny>center</aligny>
					<font>Font_19</font>
					<textcolor>$VAR[value_headercolor]</textcolor>
					<label>$LOCALIZE[180]: [COLOR=FFFFFAF0]$INFO[ListItem.Duration][/COLOR]</label>
				</control>
				<control type="label">
					<!-- Canal -->
					<posx>0</posx>
					<posy>70</posy>
					<width>652</width>
					<height>25</height>
					<align>left</align>
					<aligny>center</aligny>
					<font>Font_19</font>
					<textcolor>$VAR[value_headercolor]</textcolor>
					<label>$LOCALIZE[19148]: [COLOR=FFFFFAF0]$INFO[ListItem.ChannelName][/COLOR]</label>
				</control>
				<control type="label">
					<!-- Gereno -->
					<posx>0</posx>
					<posy>105</posy>
					<width>652</width>
					<height>25</height>
					<align>left</align>
					<aligny>center</aligny>
					<font>Font_19</font>
					<textcolor>$VAR[value_headercolor]</textcolor>
					<label>$LOCALIZE[135]: [COLOR=FFFFFAF0]$INFO[ListItem.Genre][/COLOR]</label>
				</control>
			</control>
			<control type="image">
				<posx>215</posx>
				<posy>130</posy>
				<width>825</width>
				<height>2</height>
				<align>left</align>
				<texture flipx="true">divider.png</texture>
			</control>
			<control type="image">
				<posx>215</posx>
				<posy>285</posy>
				<width>825</width>
				<height>2</height>
				<align>left</align>
				<texture flipx="true">divider.png</texture>
			</control>
			<control type="textbox" id="400">
				<posx>215</posx>
				<posy>300</posy>
				<width>852</width>
				<height>260</height>
				<align>justify</align>
				<label>$INFO[ListItem.Plot]</label>
				<textcolor>FFFFFAF0</textcolor>
				<font>Font_17</font>
				<autoscroll delay="20000" time="3000" repeat="20000">!Skin.HasSetting(noallowscroll)</autoscroll>
			</control>	
			<control type="image">
				<posx>140</posx>
				<posy>600</posy>
				<height>40</height>
				<width>1000</width>
				<texture>black.png</texture>
				<colordiffuse>90FFFFFF</colordiffuse>
			</control>
			<control type="grouplist" id="9001">
				<posx>140</posx>
				<posy>600</posy>
				<onup>60</onup>
				<ondown>60</ondown>
				<orientation>horizontal</orientation>
				<itemgap>0</itemgap>
				<control type="button" id="10">
					<!-- OK -->
					<width>1000</width>
					<include>SettingsBottomButton</include>
					<label>186</label>
				</control>
			</control>
		</control>
	</controls>
</window>