<window id="140">
	<defaultcontrol always="true">9</defaultcontrol>
	<controls>
		<control type="image">
			<include>HomeBG</include>
			<texture fallback="special://skin/backgrounds/settings.jpg" background="true">$INFO[skin.string(settings.bg)]</texture>
		</control>
		<control type="image">
			<include>HomeBG</include>
			<texture background="true">$INFO[ListItem.Property(Fanart_Image)]</texture>
			<include>Animation_Fade</include>
			<visible>!Skin.HasSetting(noAddonfanart)</visible>
		</control>
		<control type="group">
			<!-- default group -->
			<include>Animation_Window</include>
			<include>SettingsBack</include>
			<control type="label" id="20">
				<include>SettingsContentTitle</include>
				<label>-</label>
			</control>
			<control type="grouplist" id="2">
				<!-- Menu da direita -->
				<posx>240</posx>
				<posy>120</posy>
				<width>1040</width>
				<height>494</height>
				<itemgap>0</itemgap>
				<pagecontrol>61</pagecontrol>
				<onup>10</onup>
				<ondown>10</ondown>
				<onleft>9</onleft>
				<onright>61</onright>
			</control>
			<control type="scrollbar" id="61">
				<posx>1190</posx>
				<posy>120</posy>
				<height>420</height>
				<onleft>2</onleft>
				<onright>10</onright>
			</control>
			<control type="button" id="13">
				<posx>0</posx>
				<posy>0</posy>
				<width>239</width>
				<height>40</height>
				<textoffsety>8</textoffsety>
				<textoffsetx>20</textoffsetx>
				<align>left</align>
				<aligny>top</aligny>
				<font>Font_20</font>
				<texturefocus>settings_button.png</texturefocus>
				<texturenofocus>-</texturenofocus>
				<textcolor>FF101010</textcolor>
				<focusedcolor>FFFFFAF0</focusedcolor>
				<selectedcolor>FFFFFFFF</selectedcolor>
				<colordiffuse>$VAR[value_texturecolor]</colordiffuse>
				<animation effect="fade" end="85" condition="true">Conditional</animation>
				<pulseonselect>no</pulseonselect>
			</control>
			<control type="button" id="3">
			</control>
			<control type="radiobutton" id="4">
			</control>
			<control type="spincontrolex" id="5">
				<subtype>text</subtype>
			</control>
			<control type="image" id="6">
				<description>Default Separator</description>
				<texture>-</texture>
			</control>
			<control type="label" id="7">
				<textoffsetx>50</textoffsetx>
				<height>40</height>
				<font>Font_20</font>
				<label>-</label>
				<textcolor>$VAR[value_headercolor]</textcolor>
				<align>left</align>
				<aligny>center</aligny>
			</control>
			<control type="sliderex" id="8">
				<textoffsetx>50</textoffsetx>
			</control>
			<control type="image">
				<posx>240</posx>
				<posy>622</posy>
				<width>1040</width>
				<height>40</height>
				<texture>darkgrey.png</texture>
				<colordiffuse>$VAR[value_texturecolor]</colordiffuse>
				<animation effect="fade" end="85" condition="true">Conditional</animation>
			</control>
			<control type="grouplist" id="9001">
				<posx>240</posx>
				<posy>622</posy>
				<itemgap>0</itemgap>
				<onup>2</onup>
				<ondown>2</ondown>
				<orientation>horizontal</orientation>
				<control type="button" id="10">
					<!-- OK -->
					<include>SettingsBottomButton</include>
					<label>186</label>
				</control>
				<control type="button" id="11">
					<!-- Cancel -->
					<include>SettingsBottomButton</include>
					<label>222</label>
				</control>
				<control type="button" id="12">
					<!-- Defaults -->
					<include>SettingsBottomButton</include>
					<label>409</label>
				</control>
			</control>
			<include>RSS</include>
			<include>SettingsMenu</include>
			<!-- Menu da esquerda -->
			<include>Date</include>
			<control type="label">
				<include>SettingsSectionTitle</include>
				<label>31202</label>
			</control>
			<control type="grouplist" id="9">
				<!-- Button Section -->
				<posx>0</posx>
				<posy>120</posy>
				<width>240</width>
				<height>660</height>
				<orientation>vertical</orientation>
				<itemgap>0</itemgap>
				<onup>9</onup>
				<ondown>9</ondown>
				<onleft>10</onleft>
				<onright>2</onright>
			</control>
		</control>
		<control type="image">
			<posx>0</posx>
			<posy>0</posy>
			<width>250</width>
			<height>720</height>
			<texture background="true">menu_glass.png</texture>
			<colordiffuse>70FFFAF0</colordiffuse>
		</control>
	</controls>
</window>