<window id="106">
	<defaultcontrol>1000</defaultcontrol>
	<zorder>3</zorder>
	<coordinates>
		<system>1</system>
		<posx>0</posx>
		<posy>0</posy>
	</coordinates>
	<include>Animation_DialogPopup</include>
	<animation effect="slide" time="0" tween="cubic" easing="out" end="400,0" condition="Window.IsVisible(146)">Conditional</animation>
	<controls>
		<control type="image" id="999">
			<!-- background image -->
			<posx>0</posx>
			<posy>0</posy>
			<width>456</width>
			<height>720</height>
			<texture>-</texture>
		</control>
		<control type="image" id="997">
			<!-- top image -->
			<description>top image</description>
			<posx>-2</posx>
			<posy>23</posy>
			<width>463</width>
			<height>27</height>
			<texture>-</texture>
		</control>
		<control type="image" id="998">
			<!-- bottom image -->
			<posx>-2</posx>
			<posy>0</posy>
			<width>463</width>
			<height>27</height>
			<texture>-</texture>
		</control>
		<control type="grouplist" id="996">
			<posx>0</posx>
			<posy>50</posy>
			<width>454</width>
			<height max="670">auto</height>
			<itemgap>0</itemgap>
			<control type="button" id="1000">
				<include>DialogContext_Button</include>
			</control>
			<control type="button" id="1030">
				<include>DialogContext_Button</include>
				<onleft>Close</onleft>
				<onright>Close</onright>
				<onclick>RunScript(script.libraryeditor,DBID=$INFO[ListItem.DBID])</onclick>
				<label>31671</label>
				<visible>System.HasAddon(script.libraryeditor) + [Container.Content(Movies) | Container.Content(episodes)]</visible>
			</control>
			<control type="button" id="1031">
				<include>DialogContext_Button</include>
				<onleft>Close</onleft>
				<onright>Close</onright>
				<onclick condition="!Skin.HasSetting(fullscreentrailer)">SetFocus(9930)</onclick>
				<onclick condition="!Skin.HasSetting(fullscreentrailer)">PlayMedia($INFO[ListItem.Trailer],1)</onclick>
				<onclick condition="Skin.HasSetting(fullscreentrailer)">PlayMedia($INFO[ListItem.Trailer])</onclick>
				<label>31945</label>
				<visible>!IsEmpty(ListItem.Trailer)</visible>
			</control>
			<control type="button" id="1032">
				<include>DialogContext_Button</include>
				<onleft>Close</onleft>
				<onright>Close</onright>
				<onclick>ActivateWindow(111)</onclick>
				<label>31243</label>
			</control>
			<control type="button" id="1033">
				<include>DialogContext_Button</include>
				<onleft>Close</onleft>
				<onright>Close</onright>
				<onclick>RunScript(script.trakt,action=contextmenu)</onclick>
				<label>trakt</label>
				<visible>System.HasAddon(script.trakt)</visible>
			</control>
		</control>
	</controls>
</window>