<window id="128">
	<defaultcontrol>10</defaultcontrol>
	<coordinates>
		<system>1</system>
		<posx>0</posx>
		<posy>0</posy>
	</coordinates>
	<zorder>4</zorder>
	<include>Animation_DialogPopup</include>
	<controls>
		<control type="image">
			<posx>0</posx>
			<posy>0</posy>
			<width>1280</width>
			<height>720</height>
			<texture>black.png</texture>
			<colordiffuse>C3FFFFFF</colordiffuse>
			<include>Animation_Fade</include>
			<animation effect="fade" start="100" end="0" time="200" condition="Window.IsVisible(SliderDialog)">conditional</animation>
		</control>
		<control type="group">
			<posx>206</posx>
			<posy>202</posy>
			<width>869</width>
			<height>317</height>
			<control type="spincontrolex" id="10">
				<description>protocol spincontrol</description>
				<posx>13</posx>
				<posy>35</posy>
				<width>676</width>
				<height>41</height>
				<font>Font_18</font>
				<textcolor>FFf5f5f5</textcolor>
				<focusedcolor>FF101010</focusedcolor>
				<selectedcolor>FFf5f5f5</selectedcolor>
				<texturefocus>settings_button_focus.png</texturefocus>
				<texturenofocus>-</texturenofocus>
				<pulseonselect>false</pulseonselect>
				<spinposx>-4</spinposx>
				<spinwidth>40</spinwidth>
				<spinheight>65</spinheight>
				<textoffsetx>20</textoffsetx>
				<aligny>center</aligny>
				<reverse>yes</reverse>
				<onup>18</onup>
				<ondown>11</ondown>
				<onleft>noop</onleft>
				<onright>12</onright>
			</control>
			<control type="edit" id="11">
				<description>Server Address</description>
				<posx>13</posx>
				<posy>76</posy>
				<width>676</width>
				<height>41</height>
				<label>-</label>
				<font>Font_18</font>
				<textcolor>FFf5f5f5</textcolor>
				<focusedcolor>FF101010</focusedcolor>
				<selectedcolor>FFf5f5f5</selectedcolor>
				<textoffsetx>20</textoffsetx>
				<aligny>center</aligny>
				<texturefocus>settings_button_focus.png</texturefocus>
				<texturenofocus>-</texturenofocus>
				<onup>10</onup>
				<onleft>12</onleft>
				<onright>12</onright>
				<ondown>16</ondown>
			</control>
			<control type="edit" id="16">
				<description>Remote Path Button</description>
				<posx>13</posx>
				<posy>117</posy>
				<width>676</width>
				<height>41</height>
				<font>Font_18</font>
				<textcolor>FFf5f5f5</textcolor>
				<focusedcolor>FF101010</focusedcolor>
				<selectedcolor>FFf5f5f5</selectedcolor>
				<textoffsetx>20</textoffsetx>
				<aligny>center</aligny>
				<texturefocus>settings_button_focus.png</texturefocus>
				<texturenofocus>-</texturenofocus>
				<onup>11</onup>
				<onleft>16</onleft>
				<onright>16</onright>
				<ondown>13</ondown>
			</control>
			<control type="edit" id="13">
				<description>Port</description>
				<posx>13</posx>
				<posy>158</posy>
				<width>676</width>
				<height>41</height>
				<label>1013</label>
				<font>Font_18</font>
				<textcolor>FFf5f5f5</textcolor>
				<focusedcolor>FF101010</focusedcolor>
				<selectedcolor>FFf5f5f5</selectedcolor>
				<textoffsetx>20</textoffsetx>
				<aligny>center</aligny>
				<texturefocus>settings_button_focus.png</texturefocus>
				<texturenofocus>-</texturenofocus>
				<onup>16</onup>
				<onleft>13</onleft>
				<onright>13</onright>
				<ondown>14</ondown>
			</control>
			<control type="edit" id="14">
				<description>Username</description>
				<posx>13</posx>
				<posy>199</posy>
				<width>676</width>
				<height>41</height>
				<label>1014</label>
				<font>Font_18</font>
				<textcolor>FFf5f5f5</textcolor>
				<focusedcolor>FF101010</focusedcolor>
				<selectedcolor>FFf5f5f5</selectedcolor>
				<textoffsetx>20</textoffsetx>
				<aligny>center</aligny>
				<texturefocus>settings_button_focus.png</texturefocus>
				<texturenofocus>-</texturenofocus>
				<onup>13</onup>
				<onleft>14</onleft>
				<onright>14</onright>
				<ondown>15</ondown>
			</control>
			<control type="edit" id="15">
				<description>Username</description>
				<posx>13</posx>
				<posy>240</posy>
				<width>676</width>
				<height>41</height>
				<label>15052</label>
				<font>Font_18</font>
				<textcolor>FFf5f5f5</textcolor>
				<focusedcolor>FF101010</focusedcolor>
				<selectedcolor>FFf5f5f5</selectedcolor>
				<textoffsetx>20</textoffsetx>
				<aligny>center</aligny>
				<texturefocus>settings_button_focus.png</texturefocus>
				<texturenofocus>-</texturenofocus>
				<onup>14</onup>
				<onleft>15</onleft>
				<onright>15</onright>
				<ondown>18</ondown>
			</control>
			<control type="button" id="12">
				<description>browse button</description>
				<posx>689</posx>
				<posy>158</posy>
				<width>156</width>
				<height>41</height>
				<font>Font_18</font>
				<label>1024</label>
				<align>left</align>
				<textcolor>FFf5f5f5</textcolor>
				<focusedcolor>FF101010</focusedcolor>
				<selectedcolor>FFf5f5f5</selectedcolor>
				<textoffsetx>20</textoffsetx>
				<texturenofocus>-</texturenofocus>
				<texturefocus>settings_button_focus.png</texturefocus>
				<onup>noop</onup>
				<onleft>10</onleft>
				<onright>11</onright>
				<ondown>19</ondown>
			</control>
			<control type="button" id="19">
				<description>cancel button</description>
				<posx>689</posx>
				<posy>199</posy>
				<width>156</width>
				<height>41</height>
				<font>Font_18</font>
				<label>222</label>
				<align>left</align>
				<textcolor>FFf5f5f5</textcolor>
				<focusedcolor>FF101010</focusedcolor>
				<selectedcolor>FFf5f5f5</selectedcolor>
				<textoffsetx>20</textoffsetx>
				<texturenofocus>-</texturenofocus>
				<texturefocus>settings_button_focus.png</texturefocus>
				<onup>12</onup>
				<onleft>10</onleft>
				<onright>11</onright>
				<ondown>18</ondown>
			</control>
			<control type="button" id="18">
				<description>ok button</description>
				<posx>689</posx>
				<posy>240</posy>
				<width>156</width>
				<height>41</height>
				<font>Font_18</font>
				<label>186</label>
				<align>left</align>
				<textcolor>FFf5f5f5</textcolor>
				<focusedcolor>FF101010</focusedcolor>
				<selectedcolor>FFf5f5f5</selectedcolor>
				<textoffsetx>20</textoffsetx>
				<texturenofocus>-</texturenofocus>
				<texturefocus>settings_button_focus.png</texturefocus>
				<onup>19</onup>
				<onleft>10</onleft>
				<onright>11</onright>
				<ondown>noop</ondown>
			</control>
		</control>
	</controls>
</window>