<window id="101">
	<controls>
		<control type="group">
			<include>Animation_TopDialogPopup</include>
			<include>Dialogs_DoubleBar</include>
			<control type="progress" id="404">
				<posy>28</posy>
				<include>Dialogs_Progress</include>
				<info>System.Progressbar</info>
			</control>
			<control type="label">
				<posx>640</posx>
				<posy>4</posy>
				<width>50</width>
				<height>35</height>
				<align>left</align>
				<textcolor>$VAR[value_headercolor]</textcolor>
				<font>Font_16</font>
				<scroll>true</scroll>
				<label>$INFO[System.Progressbar,,%]</label>
			</control>
			<control type="label" id="1">
				<include>Dialogs_Label1</include>
			</control>
			<control type="label" id="2">
				<include>Dialogs_Label2</include>
			</control>
			<control type="label" id="3">
				<include>Dialogs_Label3</include>
			</control>
			<control type="label" id="4">
				<include>Dialogs_Label4</include>
			</control>
		</control>
	</controls>
</window>