<window id="115">
	<defaultcontrol>23</defaultcontrol>
	<onunload>Skin.Reset(novideofurnituretemp)</onunload>
	<visible>Window.IsActive(fullscreenvideo) + ![Window.IsActive(videoosd) | Window.IsActive(fullscreeninfo) | Window.IsActive(SubtitleSearch)] + [Player.Seeking | Player.DisplayAfterSeek | Player.Paused | Player.Forwarding | Player.Rewinding]</visible>
	<controls>
		<control type="group">
			<animation effect="slide" time="400" start="0,-250" end="0,0" easing="inout" tween="cubic">WindowOpen</animation>
			<animation effect="slide" time="400" start="0,-250" end="0,0" easing="inout" tween="cubic">Visible</animation>
			<animation effect="slide" time="400" start="0,0" end="0,-250" easing="inout" tween="cubic">WindowClose</animation>
			<animation effect="slide" time="400" start="0,0" end="0,-250" easing="inout" tween="cubic">Hidden</animation>
			<visible>![Skin.HasSetting(novideofurniture) | Window.IsActive(pvrosdguide) | Window.IsActive(pvrosdchannels)]</visible>
			<control type="image">
				<posx>0</posx>
				<posy>0</posy>
				<height>250</height>
				<width>1280</width>
				<texture flipy="true">shadow_mask.png</texture>
				<colordiffuse>E4000000</colordiffuse>
			</control>
			<control type="label">
				<!-- Title -->
				<posx>30</posx>
				<posy>8</posy>
				<width>1100</width>
				<height>40</height>
				<font>Font_40</font>
				<label>$VAR[value_videoosdtitle]</label>
				<textcolor>FFFFFAF0</textcolor>
				<scroll>true</scroll>
				<scrollout>false</scrollout>
			</control>
			<control type="label">
				<posx>30</posx>
				<posy>55</posy>
				<width>1100</width>
				<height>25</height>
				<font>Font_19</font>
				<label>$VAR[value_videoosdtag]</label>
				<textcolor>90FFFFFF</textcolor>
				<scroll>true</scroll>
				<scrollout>false</scrollout>
			</control>
			<control type="image">
				<!-- Star -->
				<posx>1179</posx>
				<posy>10</posy>
				<width>73</width>
				<height>73</height>
				<align>center</align>
				<aligny>center</aligny>
				<texture>star.png</texture>
				<colordiffuse>FFFFFAF0</colordiffuse>
				<visible>!VideoPlayer.Content(LiveTV)</visible>
			</control>
			<control type="label">
				<posx>1185</posx>
				<posy>20</posy>
				<width>60</width>
				<height>60</height>
				<align>center</align>
				<aligny>center</aligny>
				<font>Font_19</font>
				<label>[B]$INFO[VideoPlayer.Rating][/B]</label>
				<textcolor>FF101010</textcolor>
				<visible>!VideoPlayer.Content(LiveTV)</visible>
			</control>
		</control>

		<control type="group">
			<animation effect="slide" time="400" start="0,800" end="0,0" easing="out" tween="cubic">WindowOpen</animation>
			<animation effect="slide" time="400" start="0,0" end="0,800" easing="in" tween="cubic">WindowClose</animation>
			<visible>!Skin.HasSetting(novideofurniture)</visible>
			<control type="image">
				<posx>0</posx>
				<posy>550</posy>
				<height>170</height>
				<width>1280</width>
				<texture>shadow_mask.png</texture>
				<colordiffuse>E4000000</colordiffuse>
			</control>
			<control type="group">
				<animation effect="slide" start="0,0" end="0,-25" time="300" tween="cubic" easing="out" condition="Player.Forwarding">Conditional</animation>
				<control type="progress" id="23">
					<posx>20</posx>
					<posy>664</posy>
					<width>250</width>
					<height>10</height>
					<info>Player.Progress</info>
				</control>
				<control type="label">
					<posx>30</posx>
					<posy>680</posy>
					<width>230</width>
					<height>25</height>
					<font>Font_23</font>
					<align>center</align>
					<textcolor>FFFFFAF0</textcolor>
					<label>$INFO[VideoPlayer.Time] / $INFO[VideoPlayer.Duration]</label>
				</control>
			</control>
			<control type="group">
				<animation effect="slide" start="0,0" end="0,-25" time="300" tween="cubic" easing="out" condition="Player.Rewinding">Conditional</animation>
				<control type="label">
					<posx>1100</posx>
					<posy>664</posy>
					<width>300</width>
					<height>25</height>
					<align>right</align>
					<font>Font_15</font>
					<textcolor>$VAR[value_headercolor]</textcolor>
					<label>31310</label>
				</control>
				<control type="label">
					<posx>1100</posx>
					<posy>680</posy>
					<width>300</width>
					<height>25</height>
					<align>right</align>
					<font>Font_23</font>
					<textcolor>FFFFFAF0</textcolor>
					<label>$INFO[System.Time]</label>
				</control>
				<control type="image">
					<posx>1114</posx>
					<posy>665</posy>
					<height>40</height>
					<width>1</width>
					<texture>line_v.png</texture>
				</control>
				<control type="label">
					<posx>1250</posx>
					<posy>664</posy>
					<width>120</width>
					<height>25</height>
					<align>right</align>
					<font>Font_15</font>
					<textcolor>$VAR[value_headercolor]</textcolor>
					<label>31311</label>
					<scroll>true</scroll>
				</control>
				<control type="label">
					<posx>1250</posx>
					<posy>680</posy>
					<width>300</width>
					<height>25</height>
					<align>right</align>
					<font>Font_23</font>
					<textcolor>FFFFFAF0</textcolor>
					<label>$INFO[Player.FinishTime]</label>
				</control>
			</control>
		</control>

		<control type="group">
			<visible>Player.Paused</visible>
			<posy>-35</posy>
			<animation effect="slide" time="800" start="0,800" end="0,0" easing="inout" tween="cubic" condition="System.IdleTime(3)">Conditional</animation>
			<animation effect="slide" time="800" start="0,0" end="0,800" easing="inout" tween="cubic" condition="!System.IdleTime(3)">Conditional</animation>
			<animation effect="slide" start="0,0" end="0,500" time="700" tween="cubic" easing="out" condition="Skin.HasSetting(novideofurniture) | Skin.HasSetting(novideofurnituretemp)">Conditional</animation>
			<control type="image">
				<!-- Barra de flags -->
				<posx>220</posx>
				<posy>647</posy>
				<height>31</height>
				<width>620</width>
				<colordiffuse>$VAR[value_flagsbar]</colordiffuse>
				<texture>whitebar_h.png</texture>
			</control>
			<control type="grouplist">
				<!-- Etiquetas -->
				<posx>230</posx>
				<posy>642</posy>
				<orientation>horizontal</orientation>
				<itemgap>13</itemgap>
				<control type="image">
					<!-- Flags -->
					<include>FlagImage</include>
					<texture background="true">$VAR[value_mpaa_fs]</texture>
				</control>
				<control type="image">
					<include>FlagImage</include>
					<texture background="true">$VAR[value_videocodec_fs]</texture>
				</control>
				<control type="image">
					<!-- Resolution -->
					<include>FlagImage</include>
					<texture>$INFO[VideoPlayer.VideoResolution,flags/resolution/,.png]</texture>
				</control>
				<control type="image">
					<!-- Aspect -->
					<include>FlagImage</include>
					<texture>$INFO[Videoplayer.VideoAspect,flags/aspectratio/,.png]</texture>
				</control>
				<control type="image">
					<!-- Audio Codec -->
					<include>FlagImage</include>
					<texture>$INFO[VideoPlayer.AudioCodec,flags/audio/,.png]</texture>
				</control>
				<control type="image">
					<!-- Channels -->
					<include>FlagImage</include>
					<texture>$INFO[VideoPlayer.AudioChannels,flags/audio/,ch.png]</texture>
				</control>
			</control>
			<control type="image">
				<!-- Fundo -->
				<posx>0</posx>
				<posy>401</posy>
				<width>1280</width>
				<height>300</height>
				<texture>widget_fullscreen.png</texture>
				<colordiffuse>$VAR[value_texturecolor]</colordiffuse>
				<include>Animation_DefaultGlass</include>
			</control>
			<control type="image">
				<!-- Barra de titulos -->
				<posx>0</posx>
				<posy>414</posy>
				<width>1280</width>
				<height>20</height>
				<texture>darkgrey.png</texture>
				<colordiffuse>$VAR[value_texturecolor]</colordiffuse>
				<include>Animation_DefaultGlass</include>
			</control>
			<control type="group">
				<!-- CDart -->
				<animation effect="slide" time="800" start="0,85" end="0,0" easing="inout" tween="cubic" condition="System.IdleTime(4)">Conditional</animation>
				<animation effect="slide" time="800" start="0,0" end="0,85" easing="inout" tween="cubic" condition="!System.IdleTime(4)">Conditional</animation>
				<visible>!IsEmpty(Player.Art(discart))</visible>
				<control type="image">
					<posx>20</posx>
					<posy>325</posy>
					<width>180</width>
					<height>180</height>
					<aligny>center</aligny>
					<texture>cdart.png</texture>
					<aspectratio align="center">keep</aspectratio>
					<animation effect="rotate" end="-360" center="auto" time="10000" loop="true" reversible="false" condition="Player.HasVideo">Conditional</animation>
				</control>
				<control type="image">
					<posx>20</posx>
					<posy>325</posy>
					<width>180</width>
					<height>180</height>
					<aligny>center</aligny>
					<fadetime>FanartCrossFadeTime</fadetime>
					<texture diffuse="cdart_diffuse.png" background="true">$INFO[Player.Art(discart)]</texture>
					<aspectratio align="center">keep</aspectratio>
					<animation effect="rotate" end="-360" center="auto" time="10000" loop="true" reversible="false" condition="Player.HasVideo">Conditional</animation>
				</control>
			</control>
			<control type="image">
				<!-- Cover -->
				<posx>0</posx>
				<posy>415</posy>
				<width>200</width>
				<height>270</height>
				<texture>$VAR[value_thumbfullscreen]</texture>
				<aspectratio align="right">keep</aspectratio>
				<bordertexture border="-2">darkgrey.png</bordertexture>
			</control>
			<control type="label">
				<!-- Titulo enredo -->
				<posx>220</posx>
				<posy>415</posy>
				<width>300</width>
				<height>25</height>
				<align>left</align>
				<font>Font_16</font>
				<textcolor>$VAR[value_headercolor]</textcolor>
				<label>31530</label>
			</control>
			<control type="textbox">
				<!-- Plot -->
				<posx>220</posx>
				<posy>445</posy>
				<width>620</width>
				<height>180</height>
				<font>Font_16</font>
				<label>$INFO[VideoPlayer.Plot]</label>
				<textcolor>FFFFFAF0</textcolor>
				<autoscroll delay="20000" time="4000" repeat="15000">true</autoscroll>
			</control>
			<control type="group">
				<visible>!VideoPlayer.Content(LiveTV)</visible>
				<control type="label">
					<!-- Titulo elenco -->
					<posx>880</posx>
					<posy>415</posy>
					<width>300</width>
					<height>25</height>
					<align>left</align>
					<font>Font_16</font>
					<textcolor>$VAR[value_headercolor]</textcolor>
					<label>31703</label>
				</control>
				<control type="textbox">
					<!-- Cast -->
					<posx>880</posx>
					<posy>445</posy>
					<width>380</width>
					<height>230</height>
					<font>Font_16</font>
					<label>$INFO[VideoPlayer.CastAndRole]</label>
					<textcolor>FFFFFAF0</textcolor>
					<autoscroll delay="20000" time="4000" repeat="15000">true</autoscroll>
					<visible>Player.Paused</visible>
				</control>
			</control>
			<control type="image" id="1000">
				<!-- Logo -->
				<posx>1080</posx>
				<posy>75</posy>
				<width>180</width>
				<height>340</height>
				<aspectratio aligny="bottom">keep</aspectratio>
				<texture background="true">$VAR[value_logovideofs]</texture>
			</control>
			<control type="image" id="1001">
				<!-- Logo episodios -->
				<posx>1080</posx>
				<posy>75</posy>
				<width>180</width>
				<height>340</height>
				<aspectratio aligny="bottom">keep</aspectratio>
				<texture background="true">$VAR[value_logovideofs2]</texture>
			</control>
			<control type="image" id="1002">
				<!-- ClearArt -->
				<posx>1080</posx>
				<posy>75</posy>
				<width>180</width>
				<height>340</height>
				<aspectratio aligny="bottom">keep</aspectratio>
				<texture background="true">$VAR[value_clearartvideofs]</texture>
			</control>
			<control type="image" id="1003">
				<!-- ClearArt -->
				<posx>1080</posx>
				<posy>75</posy>
				<width>180</width>
				<height>340</height>
				<aspectratio aligny="bottom">keep</aspectratio>
				<texture background="true">$VAR[value_clearartvideofs2]</texture>
			</control>
		</control>

		<!-- Seek Widget -->
		<control type="group">
			<animation type="WindowOpen" condition="true">
				<effect type="slide" time="400" start="0,800" end="0,0" easing="out" tween="cubic"/>
			</animation>
			<animation type="WindowClose" condition="true">
				<effect type="slide" time="400" start="0,0" end="0,800" easing="in" tween="cubic"/>
			</animation>
			<control type="group">
				<posx>-500</posx>
				<posy>693</posy>
				<width>499</width>
				<height>28</height>
				<animation effect="slide" end="200,0" time="200" condition="Player.Forwarding2x">Conditional</animation>
				<animation effect="slide" end="275,0" time="200" condition="Player.Forwarding4x">Conditional</animation>
				<animation effect="slide" end="350,0" time="200" condition="Player.Forwarding8x">Conditional</animation>
				<animation effect="slide" end="425,0" time="200" condition="Player.Forwarding16x">Conditional</animation>
				<animation effect="slide" end="499,0" time="200" condition="Player.Forwarding32x">Conditional</animation>
				<control type="image">
					<posx>0</posx>
					<posy>0</posy>
					<width>499</width>
					<height>28</height>
					<texture flipy="true">osd_button_reverse.png</texture>
				</control>
				<control type="label">
					<include>Objects_OSDSeekForward</include>
					<label>$VAR[value_seekforward]</label>
				</control>
			</control>
			<control type="group">
				<posx>1280</posx>
				<posy>693</posy>
				<width>499</width>
				<height>28</height>
				<animation effect="slide" end="-200,0" time="200" condition="Player.Rewinding2x">Conditional</animation>
				<animation effect="slide" end="-275,0" time="200" condition="Player.Rewinding4x">Conditional</animation>
				<animation effect="slide" end="-350,0" time="200" condition="Player.Rewinding8x">Conditional</animation>
				<animation effect="slide" end="-425,0" time="200" condition="Player.Rewinding16x">Conditional</animation>
				<animation effect="slide" end="-499,0" time="200" condition="Player.Rewinding32x">Conditional</animation>
				<control type="image">
					<posx>0</posx>
					<posy>0</posy>
					<width>499</width>
					<height>28</height>
					<texture flipy="true" flipx="true">osd_button_reverse.png</texture>
				</control>
				<control type="label">
					<include>Objects_OSDSeekReverse</include>
					<label>$VAR[value_seekreverse]</label>
				</control>
			</control>
		</control>

		<control type="label">
			<posx>-320</posx>
			<posy>180</posy>
			<width>1920</width>
			<height>105</height>
			<align>center</align>
			<aligny>center</aligny>
			<font>Font_100</font>
			<label>31737</label>
			<textcolor>80FFFAF0</textcolor>
			<visible>Player.Paused + !Skin.HasSetting(nopausedlabel)</visible>
			<animation type="Visible">
				<effect type="slide" start="0,-600" end="0,0" time="600" tween="cubic" easing="out" />
				<effect type="fade" start="0" end="100" time="600" />
			</animation>
			<animation type="WindowOpen">
				<effect type="slide" start="0,-600" end="0,0" time="600" tween="cubic" easing="out" />
				<effect type="fade" start="0" end="100" time="600" />
			</animation>
			<animation type="WindowClose">
				<effect type="slide" start="0,0" end="-600,0" time="600" tween="cubic" easing="out" />
				<effect type="fade" start="100" end="0" time="600" />
			</animation>
			<animation type="Hidden">
				<effect type="slide" start="0,0" end="-600,0" time="600" tween="cubic" easing="out" />
				<effect type="fade" start="100" end="0" time="600" />
			</animation>
		</control>
	</controls>
</window>