<window id="145">
	<defaultcontrol>11</defaultcontrol>
	<controls>
		<control type="group">
			<include>Animation_TopDialogPopup</include>
			<include>Dialogs_Bar</include>
			<control type="label" id="10">
				<include>Dialogs_Label1</include>
			</control>
			<control type="label" id="12">
				<include>Dialogs_Label2</include>
			</control>
			<control type="image">
				<posx>639</posx>
				<posy>0</posy>
				<width>1</width>
				<height>30</height>
				<texture>grey.png</texture>
				<colordiffuse>60FFFFFF</colordiffuse>
			</control>
			<control type="slider" id="11">
				<posx>300</posx>
				<posy>5</posy>
				<width>680</width>
				<height>18</height>
				<aligny>center</aligny>
				<texturefocus>-</texturefocus>
				<texturenofocus>-</texturenofocus>
				<texturesliderbar>progress_back.png</texturesliderbar>
				<textureslidernib>-</textureslidernib>
				<textureslidernibfocus>scrollbar_hbar_focus.png</textureslidernibfocus>
				<onup>11</onup>
				<ondown>11</ondown>
				<onleft>11</onleft>
				<onright>11</onright>
			</control>
		</control>
	</controls>
</window>