<window>
	<defaultcontrol always="true">20</defaultcontrol>
	<coordinates>
		<system>1</system>
		<posx>0</posx>
		<posy>0</posy>
	</coordinates>
	<controls>
		<control type="image">
			<posx>0</posx>
			<posy>0</posy>
			<width>1280</width>
			<height>720</height>
			<texture>black.png</texture>
			<colordiffuse>C3FFFFFF</colordiffuse>
			<include>Animation_Fade</include>
		</control>
		<control type="group">
			<posx>217</posx>
			<posy>190</posy>
			<width>847</width>
			<height>328</height>
			<include>Animation_DialogPopup</include>
			<visible>!Window.IsVisible(PeripheralSettings)</visible>
			<control type="image">
				<posx>0</posx>
				<posy>0</posy>
				<width>847</width>
				<height>1</height>
				<texture>grey.png</texture>
			</control>
			<control type="image">
				<posx>0</posx>
				<posy>327</posy>
				<width>847</width>
				<height>1</height>
				<texture>grey.png</texture>
			</control>
			<control type="image">
				<posx>-30</posx>
				<posy>0</posy>
				<width>30</width>
				<height>328</height>
				<texture flipx="true">shadow.png</texture>
				<colordiffuse>C3FFFFFF</colordiffuse>
			</control>
			<control type="image">
				<posx>0</posx>
				<posy>0</posy>
				<width>847</width>
				<height>328</height>
				<texture>darkgrey.png</texture>
				<colordiffuse>F0FFFFFF</colordiffuse>
			</control>
			<control type="image">
				<posx>0</posx>
				<posy>39</posy>
				<width>847</width>
				<height>1</height>
				<texture>black.png</texture>
			</control>
			<control type="image">
				<posx>0</posx>
				<posy>0</posy>
				<width>847</width>
				<height>40</height>
				<texture>black.png</texture>
				<colordiffuse>90FFFFFF</colordiffuse>
			</control>
			<control type="label" id="1">
				<!-- header -->
				<posx>10</posx>
				<posy>8</posy>
				<width>673</width>
				<height>28</height>
				<align>center</align>
				<aligny>center</aligny>
				<textcolor>$VAR[value_headercolor]</textcolor>
				<font>Font_20</font>
				<label>$LOCALIZE[35000]</label>
			</control>

			<control type="list" id="20">
				<posx>0</posx>
				<posy>42</posy>
				<width>682</width>
				<height>164</height>
				<onleft>9000</onleft>
				<onright>9000</onright>
				<pagecontrol>-</pagecontrol>
				<scrolltime>200</scrolltime>
				<itemlayout height="85" width="682">
					<control type="label">
						<!-- Name -->
						<posx>30</posx>
						<posy>0</posy>
						<width>650</width>
						<height>32</height>
						<align>left</align>
						<aligny>center</aligny>
						<font>Font_18</font>
						<textcolor>FFFFFAF0</textcolor>
						<label>$INFO[ListItem.Label]</label>
					</control>
					<control type="label">
						<!-- Product ID Vendor ID -->
						<posx>30</posx>
						<posy>30</posy>
						<width>650</width>
						<height>20</height>
						<align>left</align>
						<aligny>center</aligny>
						<font>Font_18</font>
						<textcolor>FFFFFAF0</textcolor>
						<label>[COLOR=$VAR[value_headercolor]]$LOCALIZE[35504]:[/COLOR]  $INFO[ListItem.Property(Product)]    [COLOR=$VAR[value_headercolor]]$LOCALIZE[35503]:[/COLOR]  $INFO[ListItem.Property(Vendor)]</label>
					</control>
					<control type="label">
						<!-- Class -->
						<description>class</description>
						<posx>30</posx>
						<posy>50</posy>
						<width>650</width>
						<height>20</height>
						<align>left</align>
						<aligny>center</aligny>
						<font>Font_18</font>
						<textcolor>FFFFFAF0</textcolor>
						<label>[COLOR=$VAR[value_headercolor]]$LOCALIZE[35501]:[/COLOR]  $INFO[ListItem.Property(Class)]     [COLOR=$VAR[value_headercolor]]$LOCALIZE[19114]:[/COLOR]  $INFO[ListItem.Property(Version)]</label>
					</control>
				</itemlayout>
				<focusedlayout height="85" width="682">
					<control type="image">
						<posx>0</posx>
						<posy>0</posy>
						<width>682</width>
						<height>80</height>
						<texture>settings_button_focus.png</texture>
						<include>Animation_Fade</include>
						<colordiffuse>50FFFFFF</colordiffuse>
						<visible>!Control.HasFocus(20)</visible>
					</control>
					<control type="image">
						<posx>0</posx>
						<posy>0</posy>
						<width>682</width>
						<height>80</height>
						<texture>settings_button_focus.png</texture>
						<include>Animation_Fade</include>
						<visible>Control.HasFocus(20)</visible>
					</control>
					<control type="label">
						<!-- Name -->
						<posx>30</posx>
						<posy>0</posy>
						<width>650</width>
						<height>32</height>
						<align>left</align>
						<aligny>center</aligny>
						<font>Font_18</font>
						<textcolor>FF101010</textcolor>
						<label>$INFO[ListItem.Label]</label>
					</control>
					<control type="label">
						<!-- Product ID Vendor ID -->
						<posx>30</posx>
						<posy>30</posy>
						<width>650</width>
						<height>20</height>
						<align>left</align>
						<aligny>center</aligny>
						<font>Font_18</font>
						<textcolor>FF101010</textcolor>
						<label>[COLOR=$VAR[value_headercolorfocus]]$LOCALIZE[35504]:[/COLOR]  $INFO[ListItem.Property(Product)]    [COLOR=$VAR[value_headercolorfocus]]$LOCALIZE[35503]:[/COLOR]  $INFO[ListItem.Property(Vendor)]</label>
					</control>
					<control type="label">
						<!-- Class -->
						<description>class</description>
						<posx>30</posx>
						<posy>50</posy>
						<width>650</width>
						<height>20</height>
						<align>left</align>
						<aligny>center</aligny>
						<font>Font_18</font>
						<textcolor>FF101010</textcolor>
						<label>[COLOR=$VAR[value_headercolorfocus]]$LOCALIZE[35501]:[/COLOR]  $INFO[ListItem.Property(Class)]     [COLOR=$VAR[value_headercolorfocus]]$LOCALIZE[19114]:[/COLOR]  $INFO[ListItem.Property(Version)]</label>
					</control>
				</focusedlayout>
			</control>
			<control type="label">
				<posx>580</posx>
				<posy>585</posy>
				<width>300</width>
				<height>35</height>
				<font>font_15</font>
				<align>right</align>
				<aligny>center</aligny>
				<scroll>true</scroll>
				<textcolor>FFFFFAF0</textcolor>
				<label>[COLOR=$VAR[value_headercolor]]$LOCALIZE[31210]: [/COLOR]$INFO[Container(20).NumItems] - [COLOR=$VAR[value_headercolor]]$LOCALIZE[31215]: [/COLOR]$INFO[Container(20).CurrentPage]/$INFO[Container(20).NumPages]</label>
			</control>
			<control type="image">
				<!-- Options -->
				<posx>653</posx>
				<posy>0</posy>
				<width>30</width>
				<height>328</height>
				<texture flipx="true">shadow.png</texture>
				<colordiffuse>C3FFFFFF</colordiffuse>
			</control>
			<control type="image">
				<posx>846</posx>
				<posy>0</posy>
				<width>30</width>
				<height>328</height>
				<texture>shadow.png</texture>
				<colordiffuse>C3FFFFFF</colordiffuse>
			</control>
			<control type="image">
				<posx>683</posx>
				<posy>0</posy>
				<width>163</width>
				<height>328</height>
				<texture>grey.png</texture>
				<colordiffuse>90FFFFFF</colordiffuse>
			</control>
			<control type="grouplist" id="9000">
				<posx>683</posx>
				<posy>42</posy>
				<control type="button" id="18">
					<!-- OK -->
					<include>SettingsDialogButton</include>
					<label>186</label>
					<onleft>SetFocus(20)</onleft>
					<onright>SetFocus(20)</onright>
				</control>
			</control>
		</control>
	</controls>
</window>
