<fonts>
	<fontset id="Default">
		<font>
			<name>Font_12</name>
			<filename>aller_ace_CAPS.ttf</filename>
			<size>12</size>
			<style>uppercase</style>
		</font>
		<font>
			<name>Font_15</name>
			<filename>aller_ace_CAPS.ttf</filename>
			<size>15</size>
			<style>uppercase</style>
		</font>
		<font>
			<name>Font_16</name>
			<!-- nao usar uppercase -->
			<filename>aller_ace.ttf</filename>
			<size>16</size>
		</font>
		<font>
			<name>Font_17</name>
			<!-- nao usar uppercase -->
			<filename>aller_ace.ttf</filename>
			<size>17</size>
		</font>
		<font>
			<name>Font_18</name>
			<filename>aller_ace_CAPS.ttf</filename>
			<size>18</size>
			<style>uppercase</style>
		</font>
		<font>
			<name>Font13</name>
			<!-- para addons -->
			<filename>aller_ace_CAPS.ttf</filename>
			<size>18</size>
			<style>uppercase</style>
		</font>
		<font>
			<name>Font_19</name>
			<!-- nao usar uppercase -->
			<filename>aller_ace.ttf</filename>
			<size>19</size>
		</font>
		<font>
			<name>Font_20</name>
			<filename>aller_ace_CAPS.ttf</filename>
			<size>20</size>
			<style>uppercase</style>
		</font>
		<font>
			<name>Font_20A</name>
			<!-- nao usar uppercase -->
			<filename>aller_ace.ttf</filename>
			<size>20</size>
			<linespacing>1.2</linespacing>
		</font>
		<font>
			<name>Font_21</name>
			<!-- nao usar uppercase -->
			<filename>aller_ace.ttf</filename>
			<size>21</size>
		</font>
		<font>
			<name>Font_22</name>
			<filename>aller_ace_CAPS.ttf</filename>
			<size>22</size>
			<style>uppercase</style>
		</font>
		<font>
			<name>Font_23</name>
			<filename>aller_ace_CAPS.ttf</filename>
			<size>23</size>
			<style>uppercase</style>
		</font>
		<font>
			<name>Font_24</name>
			<!-- nao usar uppercase -->
			<filename>aller_ace.ttf</filename>
			<size>24</size>
		</font>
		<font>
			<name>Font_26</name>
			<!-- nao usar uppercase -->
			<filename>aller_ace.ttf</filename>
			<size>26</size>
		</font>
		<font>
			<name>Font_30</name>
			<!-- nao usar uppercase -->
			<filename>aller_ace.ttf</filename>
			<size>30</size>
		</font>
		<font>
			<name>Font_32</name>
			<filename>aller_ace_CAPS.ttf</filename>
			<size>32</size>
			<style>uppercase</style>
		</font>
		<font>
			<name>Font_38</name>
			<!-- nao usar uppercase -->
			<filename>aller_ace.ttf</filename>
			<size>38</size>
		</font>
		<font>
			<name>Font_40</name>
			<filename>aller_ace_CAPS.ttf</filename>
			<size>40</size>
			<style>uppercase</style>
		</font>
		<font>
			<name>Font_50</name>
			<filename>aller_ace.ttf</filename>
			<size>50</size>
		</font>
		<font>
			<name>Font_70</name>
			<filename>aller_ace.ttf</filename>
			<size>70</size>
		</font>
		<font>
			<name>Font_100</name>
			<filename>aller_ace_CAPS.ttf</filename>
			<size>100</size>
			<style>uppercase bold</style>
		</font>
	</fontset>
	<fontset id="Ubuntu">
		<font>
			<name>Font_12</name>
			<filename>Ubuntu-C.ttf</filename>
			<size>12</size>
			<style>uppercase</style>
		</font>
		<font>
			<name>Font_15</name>
			<filename>Ubuntu-C.ttf</filename>
			<size>15</size>
			<style>uppercase</style>
		</font>
		<font>
			<name>Font_16</name>
			<!-- nao usar uppercase -->
			<filename>Ubuntu-C.ttf</filename>
			<size>16</size>
		</font>
		<font>
			<name>Font_17</name>
			<!-- nao usar uppercase -->
			<filename>Ubuntu-C.ttf</filename>
			<size>17</size>
		</font>
		<font>
			<name>Font_18</name>
			<filename>Ubuntu-C.ttf</filename>
			<size>18</size>
			<style>uppercase</style>
		</font>
		<font>
			<name>Font13</name>
			<!-- para addons -->
			<filename>Ubuntu-C.ttf</filename>
			<size>18</size>
			<style>uppercase</style>
		</font>
		<font>
			<name>Font_19</name>
			<!-- nao usar uppercase -->
			<filename>Ubuntu-C.ttf</filename>
			<size>19</size>
		</font>
		<font>
			<name>Font_20</name>
			<filename>Ubuntu-C.ttf</filename>
			<size>20</size>
			<style>uppercase</style>
		</font>
		<font>
			<name>Font_20A</name>
			<!-- nao usar uppercase -->
			<filename>Ubuntu-C.ttf</filename>
			<size>20</size>
			<linespacing>1.2</linespacing>
		</font>
		<font>
			<name>Font_21</name>
			<!-- nao usar uppercase -->
			<filename>Ubuntu-C.ttf</filename>
			<size>21</size>
		</font>
		<font>
			<name>Font_22</name>
			<filename>Ubuntu-C.ttf</filename>
			<size>22</size>
			<style>uppercase</style>
		</font>
		<font>
			<name>Font_23</name>
			<filename>Ubuntu-C.ttf</filename>
			<size>23</size>
			<style>uppercase</style>
		</font>
		<font>
			<name>Font_24</name>
			<!-- nao usar uppercase -->
			<filename>Ubuntu-C.ttf</filename>
			<size>24</size>
		</font>
		<font>
			<name>Font_26</name>
			<!-- nao usar uppercase -->
			<filename>Ubuntu-C.ttf</filename>
			<size>26</size>
		</font>
		<font>
			<name>Font_30</name>
			<!-- nao usar uppercase -->
			<filename>Ubuntu-C.ttf</filename>
			<size>30</size>
		</font>
		<font>
			<name>Font_32</name>
			<filename>Ubuntu-C.ttf</filename>
			<size>32</size>
			<style>uppercase</style>
		</font>
		<font>
			<name>Font_38</name>
			<!-- nao usar uppercase -->
			<filename>Ubuntu-C.ttf</filename>
			<size>38</size>
		</font>
		<font>
			<name>Font_40</name>
			<filename>Ubuntu-C.ttf</filename>
			<size>40</size>
			<style>uppercase</style>
		</font>
		<font>
			<name>Font_50</name>
			<filename>Ubuntu-C.ttf</filename>
			<size>50</size>
		</font>
		<font>
			<name>Font_70</name>
			<filename>Ubuntu-C.ttf</filename>
			<size>70</size>
		</font>
		<font>
			<name>Font_100</name>
			<filename>Ubuntu-C.ttf</filename>
			<size>100</size>
			<style>uppercase bold</style>
		</font>
	</fontset>
	<fontset id="PT Serif">
		<font>
			<name>Font_12</name>
			<filename>PTF55F.ttf</filename>
			<size>12</size>
			<style>uppercase</style>
		</font>
		<font>
			<name>Font_15</name>
			<filename>PTF55F.ttf</filename>
			<size>15</size>
			<style>uppercase</style>
		</font>
		<font>
			<name>Font_16</name>
			<!-- nao usar uppercase -->
			<filename>PTF55F.ttf</filename>
			<size>16</size>
		</font>
		<font>
			<name>Font_17</name>
			<!-- nao usar uppercase -->
			<filename>PTF55F.ttf</filename>
			<size>17</size>
		</font>
		<font>
			<name>Font_18</name>
			<filename>PTF55F.ttf</filename>
			<size>18</size>
			<style>uppercase</style>
		</font>
		<font>
			<name>Font13</name>
			<!-- para addons -->
			<filename>PTF55F.ttf</filename>
			<size>18</size>
			<style>uppercase</style>
		</font>
		<font>
			<name>Font_19</name>
			<!-- nao usar uppercase -->
			<filename>PTF55F.ttf</filename>
			<size>19</size>
		</font>
		<font>
			<name>Font_20</name>
			<filename>PTF55F.ttf</filename>
			<size>20</size>
			<style>uppercase</style>
		</font>
		<font>
			<name>Font_20A</name>
			<!-- nao usar uppercase -->
			<filename>PTF55F.ttf</filename>
			<size>20</size>
			<linespacing>1.2</linespacing>
		</font>
		<font>
			<name>Font_21</name>
			<!-- nao usar uppercase -->
			<filename>PTF55F.ttf</filename>
			<size>21</size>
		</font>
		<font>
			<name>Font_22</name>
			<filename>PTF55F.ttf</filename>
			<size>22</size>
			<style>uppercase</style>
		</font>
		<font>
			<name>Font_23</name>
			<filename>PTF55F.ttf</filename>
			<size>23</size>
			<style>uppercase</style>
		</font>
		<font>
			<name>Font_24</name>
			<!-- nao usar uppercase -->
			<filename>PTF55F.ttf</filename>
			<size>24</size>
		</font>
		<font>
			<name>Font_26</name>
			<!-- nao usar uppercase -->
			<filename>PTF55F.ttf</filename>
			<size>26</size>
		</font>
		<font>
			<name>Font_30</name>
			<!-- nao usar uppercase -->
			<filename>PTF55F.ttf</filename>
			<size>30</size>
		</font>
		<font>
			<name>Font_32</name>
			<filename>PTF55F.ttf</filename>
			<size>32</size>
			<style>uppercase</style>
		</font>
		<font>
			<name>Font_38</name>
			<!-- nao usar uppercase -->
			<filename>PTF55F.ttf</filename>
			<size>38</size>
		</font>
		<font>
			<name>Font_40</name>
			<filename>PTF55F.ttf</filename>
			<size>40</size>
			<style>uppercase</style>
		</font>
		<font>
			<name>Font_50</name>
			<filename>PTF55F.ttf</filename>
			<size>50</size>
		</font>
		<font>
			<name>Font_70</name>
			<filename>PTF55F.ttf</filename>
			<size>70</size>
		</font>
		<font>
			<name>Font_100</name>
			<filename>PTF55F.ttf</filename>
			<size>100</size>
			<style>uppercase bold</style>
		</font>
	</fontset>
	<fontset id="PT Mono">
		<font>
			<name>Font_12</name>
			<filename>PTM55F.ttf</filename>
			<size>12</size>
			<style>uppercase</style>
		</font>
		<font>
			<name>Font_15</name>
			<filename>PTM55F.ttf</filename>
			<size>15</size>
			<style>uppercase</style>
		</font>
		<font>
			<name>Font_16</name>
			<!-- nao usar uppercase -->
			<filename>PTM55F.ttf</filename>
			<size>16</size>
		</font>
		<font>
			<name>Font_17</name>
			<!-- nao usar uppercase -->
			<filename>PTM55F.ttf</filename>
			<size>17</size>
		</font>
		<font>
			<name>Font_18</name>
			<filename>PTM55F.ttf</filename>
			<size>18</size>
			<style>uppercase</style>
		</font>
		<font>
			<name>Font13</name>
			<!-- para addons -->
			<filename>PTM55F.ttf</filename>
			<size>18</size>
			<style>uppercase</style>
		</font>
		<font>
			<name>Font_19</name>
			<!-- nao usar uppercase -->
			<filename>PTM55F.ttf</filename>
			<size>19</size>
		</font>
		<font>
			<name>Font_20</name>
			<filename>PTM55F.ttf</filename>
			<size>20</size>
			<style>uppercase</style>
		</font>
		<font>
			<name>Font_20A</name>
			<!-- nao usar uppercase -->
			<filename>PTM55F.ttf</filename>
			<size>20</size>
			<linespacing>1.2</linespacing>
		</font>
		<font>
			<name>Font_21</name>
			<!-- nao usar uppercase -->
			<filename>PTM55F.ttf</filename>
			<size>21</size>
		</font>
		<font>
			<name>Font_22</name>
			<filename>PTM55F.ttf</filename>
			<size>22</size>
			<style>uppercase</style>
		</font>
		<font>
			<name>Font_23</name>
			<filename>PTM55F.ttf</filename>
			<size>23</size>
			<style>uppercase</style>
		</font>
		<font>
			<name>Font_24</name>
			<!-- nao usar uppercase -->
			<filename>PTM55F.ttf</filename>
			<size>24</size>
		</font>
		<font>
			<name>Font_26</name>
			<!-- nao usar uppercase -->
			<filename>PTM55F.ttf</filename>
			<size>26</size>
		</font>
		<font>
			<name>Font_30</name>
			<!-- nao usar uppercase -->
			<filename>PTM55F.ttf</filename>
			<size>30</size>
		</font>
		<font>
			<name>Font_32</name>
			<filename>PTM55F.ttf</filename>
			<size>32</size>
			<style>uppercase</style>
		</font>
		<font>
			<name>Font_38</name>
			<!-- nao usar uppercase -->
			<filename>PTM55F.ttf</filename>
			<size>38</size>
		</font>
		<font>
			<name>Font_40</name>
			<filename>PTM55F.ttf</filename>
			<size>40</size>
			<style>uppercase</style>
		</font>
		<font>
			<name>Font_50</name>
			<filename>PTM55F.ttf</filename>
			<size>50</size>
		</font>
		<font>
			<name>Font_70</name>
			<filename>PTM55F.ttf</filename>
			<size>70</size>
		</font>
		<font>
			<name>Font_100</name>
			<filename>PTM55F.ttf</filename>
			<size>100</size>
			<style>uppercase bold</style>
		</font>
	</fontset>
	<fontset id="Orarienbaum">
		<font>
			<name>Font_12</name>
			<filename>Orarienbaum.ttf</filename>
			<size>12</size>
			<style>uppercase</style>
		</font>
		<font>
			<name>Font_15</name>
			<filename>Orarienbaum.ttf</filename>
			<size>15</size>
			<style>uppercase</style>
		</font>
		<font>
			<name>Font_16</name>
			<!-- nao usar uppercase -->
			<filename>Orarienbaum.ttf</filename>
			<size>16</size>
		</font>
		<font>
			<name>Font_17</name>
			<!-- nao usar uppercase -->
			<filename>Orarienbaum.ttf</filename>
			<size>17</size>
		</font>
		<font>
			<name>Font_18</name>
			<filename>Orarienbaum.ttf</filename>
			<size>18</size>
			<style>uppercase</style>
		</font>
		<font>
			<name>Font13</name>
			<!-- para addons -->
			<filename>Orarienbaum.ttf</filename>
			<size>18</size>
			<style>uppercase</style>
		</font>
		<font>
			<name>Font_19</name>
			<!-- nao usar uppercase -->
			<filename>Orarienbaum.ttf</filename>
			<size>19</size>
		</font>
		<font>
			<name>Font_20</name>
			<filename>Orarienbaum.ttf</filename>
			<size>20</size>
			<style>uppercase</style>
		</font>
		<font>
			<name>Font_20A</name>
			<!-- nao usar uppercase -->
			<filename>Orarienbaum.ttf</filename>
			<size>20</size>
			<linespacing>1.2</linespacing>
		</font>
		<font>
			<name>Font_21</name>
			<!-- nao usar uppercase -->
			<filename>Orarienbaum.ttf</filename>
			<size>21</size>
		</font>
		<font>
			<name>Font_22</name>
			<filename>Orarienbaum.ttf</filename>
			<size>22</size>
			<style>uppercase</style>
		</font>
		<font>
			<name>Font_23</name>
			<filename>Orarienbaum.ttf</filename>
			<size>23</size>
			<style>uppercase</style>
		</font>
		<font>
			<name>Font_24</name>
			<!-- nao usar uppercase -->
			<filename>Orarienbaum.ttf</filename>
			<size>24</size>
		</font>
		<font>
			<name>Font_26</name>
			<!-- nao usar uppercase -->
			<filename>Orarienbaum.ttf</filename>
			<size>26</size>
		</font>
		<font>
			<name>Font_30</name>
			<!-- nao usar uppercase -->
			<filename>Orarienbaum.ttf</filename>
			<size>30</size>
		</font>
		<font>
			<name>Font_32</name>
			<filename>Orarienbaum.ttf</filename>
			<size>32</size>
			<style>uppercase</style>
		</font>
		<font>
			<name>Font_38</name>
			<!-- nao usar uppercase -->
			<filename>Orarienbaum.ttf</filename>
			<size>38</size>
		</font>
		<font>
			<name>Font_40</name>
			<filename>Orarienbaum.ttf</filename>
			<size>40</size>
			<style>uppercase</style>
		</font>
		<font>
			<name>Font_50</name>
			<filename>Orarienbaum.ttf</filename>
			<size>50</size>
		</font>
		<font>
			<name>Font_70</name>
			<filename>Orarienbaum.ttf</filename>
			<size>70</size>
		</font>
		<font>
			<name>Font_100</name>
			<filename>Orarienbaum.ttf</filename>
			<size>100</size>
			<style>uppercase bold</style>
		</font>
	</fontset>
</fonts>