<window id="0">
	<defaultcontrol always="true">9000</defaultcontrol>
	<allowoverlay>no</allowoverlay>
	<include condition="!Skin.HasSetting(welcomedone5)">Startup</include>
	<include condition="!Skin.HasSetting(fix7)">Quickfix</include>
	<onunload condition="Skin.HasSetting(submode)">Close</onunload>
	<onload condition="System.HasAddon(script.randomandlastitems) + !IsEmpty(skin.string(vpl1.path)) + SubString(skin.string(mfvpl1_list),latest)">RunScript(script.randomandlastitems,limit=12,method=Last,playlist=$INFO[Skin.String(vpl1.path)],menu=Menu31)</onload>
	<onload condition="System.HasAddon(script.randomandlastitems) + !IsEmpty(skin.string(vpl1.path)) + SubString(skin.string(mfvpl1_list),random)">RunScript(script.randomandlastitems,limit=12,method=Random,playlist=$INFO[Skin.String(vpl1.path)],menu=Menu31)</onload>
	<onload condition="System.HasAddon(script.randomandlastitems) + !IsEmpty(skin.string(vpl1.path)) + SubString(skin.string(mfvpl1_list),inprogress)">RunScript(script.randomandlastitems,limit=12,resume=True,method=Last,playlist=$INFO[Skin.String(vpl1.path)],menu=Menu31)</onload>
	<onload condition="System.HasAddon(script.randomandlastitems) + !IsEmpty(skin.string(vpl2.path)) + SubString(skin.string(mfvpl2_list),latest)">RunScript(script.randomandlastitems,limit=12,method=Last,playlist=$INFO[Skin.String(vpl2.path)],menu=Menu32)</onload>
	<onload condition="System.HasAddon(script.randomandlastitems) + !IsEmpty(skin.string(vpl2.path)) + SubString(skin.string(mfvpl2_list),random)">RunScript(script.randomandlastitems,limit=12,method=Random,playlist=$INFO[Skin.String(vpl2.path)],menu=Menu32)</onload>
	<onload condition="System.HasAddon(script.randomandlastitems) + !IsEmpty(skin.string(vpl2.path)) + SubString(skin.string(mfvpl2_list),inprogress)">RunScript(script.randomandlastitems,limit=12,resume=True,method=Last,playlist=$INFO[Skin.String(vpl2.path)],menu=Menu32)</onload>
	<onload condition="System.HasAddon(script.randomandlastitems) + !IsEmpty(skin.string(vpl3.path)) + SubString(skin.string(mfvpl3_list),latest)">RunScript(script.randomandlastitems,limit=12,method=Last,playlist=$INFO[Skin.String(vpl3.path)],menu=Menu33)</onload>
	<onload condition="System.HasAddon(script.randomandlastitems) + !IsEmpty(skin.string(vpl3.path)) + SubString(skin.string(mfvpl3_list),random)">RunScript(script.randomandlastitems,limit=12,method=Random,playlist=$INFO[Skin.String(vpl3.path)],menu=Menu33)</onload>
	<onload condition="System.HasAddon(script.randomandlastitems) + !IsEmpty(skin.string(vpl3.path)) + SubString(skin.string(mfvpl3_list),inprogress)">RunScript(script.randomandlastitems,limit=12,resume=True,method=Last,playlist=$INFO[Skin.String(vpl3.path)],menu=Menu33)</onload>
	<onload condition="System.HasAddon(script.randomandlastitems) + !IsEmpty(skin.string(vpl4.path)) + SubString(skin.string(mfvpl4_list),latest)">RunScript(script.randomandlastitems,limit=12,method=Last,playlist=$INFO[Skin.String(vpl4.path)],menu=Menu34)</onload>
	<onload condition="System.HasAddon(script.randomandlastitems) + !IsEmpty(skin.string(vpl4.path)) + SubString(skin.string(mfvpl4_list),random)">RunScript(script.randomandlastitems,limit=12,method=Random,playlist=$INFO[Skin.String(vpl4.path)],menu=Menu34)</onload>
	<onload condition="System.HasAddon(script.randomandlastitems) + !IsEmpty(skin.string(vpl4.path)) + SubString(skin.string(mfvpl4_list),inprogress)">RunScript(script.randomandlastitems,limit=12,resume=True,method=Last,playlist=$INFO[Skin.String(vpl4.path)],menu=Menu34)</onload>
	<onload condition="System.HasAddon(script.randomandlastitems) + !IsEmpty(skin.string(vpl5.path)) + SubString(skin.string(mfvpl5_list),latest)">RunScript(script.randomandlastitems,limit=12,method=Last,playlist=$INFO[Skin.String(vpl5.path)],menu=Menu35)</onload>
	<onload condition="System.HasAddon(script.randomandlastitems) + !IsEmpty(skin.string(vpl5.path)) + SubString(skin.string(mfvpl5_list),random)">RunScript(script.randomandlastitems,limit=12,method=Random,playlist=$INFO[Skin.String(vpl5.path)],menu=Menu35)</onload>
	<onload condition="System.HasAddon(script.randomandlastitems) + !IsEmpty(skin.string(vpl5.path)) + SubString(skin.string(mfvpl5_list),inprogress)">RunScript(script.randomandlastitems,limit=12,resume=True,method=Last,playlist=$INFO[Skin.String(vpl5.path)],menu=Menu35)</onload>
	<onload condition="System.HasAddon(script.randomandlastitems) + !IsEmpty(skin.string(apl1.path)) + SubString(skin.string(mfapl1_list),latest)">RunScript(script.randomandlastitems,limit=12,method=Last,playlist=$INFO[Skin.String(apl1.path)],menu=Menu41)</onload>
	<onload condition="System.HasAddon(script.randomandlastitems) + !IsEmpty(skin.string(apl1.path)) + SubString(skin.string(mfapl1_list),random)">RunScript(script.randomandlastitems,limit=12,method=Random,playlist=$INFO[Skin.String(apl1.path)],menu=Menu41)</onload>
	<onload condition="System.HasAddon(script.randomandlastitems) + !IsEmpty(skin.string(apl2.path)) + SubString(skin.string(mfapl2_list),latest)">RunScript(script.randomandlastitems,limit=12,method=Last,playlist=$INFO[Skin.String(apl2.path)],menu=Menu42)</onload>
	<onload condition="System.HasAddon(script.randomandlastitems) + !IsEmpty(skin.string(apl2.path)) + SubString(skin.string(mfapl2_list),random)">RunScript(script.randomandlastitems,limit=12,method=Random,playlist=$INFO[Skin.String(apl2.path)],menu=Menu42)</onload>
	<onload condition="System.HasAddon(script.randomandlastitems) + !IsEmpty(skin.string(apl3.path)) + SubString(skin.string(mfapl3_list),latest)">RunScript(script.randomandlastitems,limit=12,method=Last,playlist=$INFO[Skin.String(apl3.path)],menu=Menu43)</onload>
	<onload condition="System.HasAddon(script.randomandlastitems) + !IsEmpty(skin.string(apl3.path)) + SubString(skin.string(mfapl3_list),random)">RunScript(script.randomandlastitems,limit=12,method=Random,playlist=$INFO[Skin.String(apl3.path)],menu=Menu43)</onload>
	<onload condition="System.HasAddon(script.randomandlastitems) + !IsEmpty(skin.string(apl4.path)) + SubString(skin.string(mfapl4_list),latest)">RunScript(script.randomandlastitems,limit=12,method=Last,playlist=$INFO[Skin.String(apl4.path)],menu=Menu44)</onload>
	<onload condition="System.HasAddon(script.randomandlastitems) + !IsEmpty(skin.string(apl4.path)) + SubString(skin.string(mfapl4_list),random)">RunScript(script.randomandlastitems,limit=12,method=Random,playlist=$INFO[Skin.String(apl4.path)],menu=Menu44)</onload>
	<onload condition="System.HasAddon(script.randomandlastitems) + !IsEmpty(skin.string(apl5.path)) + SubString(skin.string(mfapl5_list),latest)">RunScript(script.randomandlastitems,limit=12,method=Last,playlist=$INFO[Skin.String(apl5.path)],menu=Menu45)</onload>
	<onload condition="System.HasAddon(script.randomandlastitems) + !IsEmpty(skin.string(apl5.path)) + SubString(skin.string(mfapl5_list),random)">RunScript(script.randomandlastitems,limit=12,method=Random,playlist=$INFO[Skin.String(apl5.path)],menu=Menu45)</onload>
	<onload condition="Player.HasAudio + System.HasAddon(script.artistslideshow)">RunScript(script.artistslideshow)</onload>
	<onload condition="System.HasAddon(script.favourites) + SubString(skin.string(favourites.menu),on)">RunScript(script.favourites)</onload>
	<onload condition="Skin.HasSetting(rcbgames)">RunScript(script.games.rom.collection.browser,limit=12)</onload>
	<onload condition="Skin.HasSetting(rcbgames)">Skin.Reset(rcbgames)</onload>
	<controls>
		<control type="multiimage" id="5043">
			<!-- Extra Fanart Song -->
			<include>InvisibleButton</include>
			<imagepath background="true">$INFO[Player.FolderPath,,../extrafanart/]</imagepath>
			<visible>Player.HasAudio</visible>
		</control>
		<control type="multiimage" id="5044">
			<!-- Extra Fanart Artist -->
			<include>InvisibleButton</include>
			<imagepath background="true">$INFO[Skin.String(CustomMusicLogoPath)]$INFO[MusicPlayer.Artist,,/extrafanart/]</imagepath>
			<visible>Player.HasAudio + IsEmpty(Control.GetLabel(5043))</visible>
		</control>
		<control type="multiimage">
			<include>HomeBG</include>
			<imagepath background="true">$INFO[Container(9000).ListItem.Icon]</imagepath>
		</control>
		<include>LiveBG</include>
		<control type="group">
			<!-- default group -->
			<include>Animation_Window</include>
			<!-- Recording/Time -->
			<control type="group">
				<animation effect="slide" start="0,-70" end="0,0" time="500" delay="1000" easing="inout" tween="cubic">WindowOpen</animation>
				<animation effect="slide" start="0,-70" end="0,0" time="500" delay="1000" easing="inout" tween="cubic">Visible</animation>
				<animation effect="slide" start="0,0" end="0,-70" time="300" easing="inout" tween="cubic">WindowClose</animation>
				<animation effect="slide" start="0,0" end="0,-70" time="300" easing="inout" tween="cubic">Hidden</animation>
				<animation effect="slide" start="0,0" end="300,0" time="0" easing="in" tween="cubic" condition="SubString(skin.string(menu),vertical)">Conditional</animation>
				<visible>Container(9000).HasFocus(5) + [PVR.IsRecording | PVR.HasNonRecordingTimer]</visible>
				<control type="image">
					<posx>0</posx>
					<posy>31</posy>
					<width>1280</width>
					<height>30</height>
					<texture flipy="true">shadow_h.png</texture>
					<colordiffuse>C3FFFFFF</colordiffuse>
				</control>
				<control type="image">
					<posx>0</posx>
					<posy>-4</posy>
					<height>33</height>
					<width>1280</width>
					<aligny>top</aligny>
					<texture>darkgrey.png</texture>
					<colordiffuse>$VAR[value_texturecolor]</colordiffuse>
					<include>Animation_HomeGlass</include>
				</control>
				<control type="image">
					<posx>0</posx>
					<posy>-4</posy>
					<height>35</height>
					<width>1280</width>
					<aligny>top</aligny>
					<texture>darkgrey.png</texture>
					<colordiffuse>$VAR[value_texturecolor]</colordiffuse>
					<include>Animation_HomeGlass</include>
				</control>
				<control type="image">
					<posx>20</posx>
					<posy>6</posy>
					<width>15</width>
					<height>15</height>
					<aspectratio>stretch</aspectratio>
					<texture>pvr_hastimer.png</texture>
					<visible>PVR.HasNonRecordingTimer</visible>
				</control>
				<control type="image">
					<posx>20</posx>
					<posy>6</posy>
					<width>15</width>
					<height>15</height>
					<aspectratio>stretch</aspectratio>
					<texture>pvr_isrecording.png</texture>
					<visible>PVR.IsRecording</visible>
				</control>
				<control type="label">
					<posx>50</posx>
					<posy>4</posy>
					<width>880</width>
					<height>35</height>
					<align>left</align>
					<font>Font_16</font>
					<textcolor>FFFFFAF0</textcolor>
					<label>$VAR[value_pvrstatus]</label>
					<scroll>true</scroll>
					<visible>SubString(skin.string(menu),vertical)</visible>
				</control>
				<control type="label">
					<posx>50</posx>
					<posy>4</posy>
					<width>1230</width>
					<height>35</height>
					<align>left</align>
					<font>Font_16</font>
					<textcolor>FFFFFAF0</textcolor>
					<label>$VAR[value_pvrstatus]</label>
					<scroll>true</scroll>
					<visible>!SubString(skin.string(menu),vertical)</visible>
				</control>
			</control>
			<include condition="SubString(skin.string(menu),vertical)">MenuV</include>
			<include condition="SubString(skin.string(menu),horizontal)">MenuH</include>
			<include>BGBlack</include>
		</control>
	</controls>
</window>