<includes>
	<!-- ######################################################################### Music Window #########################################################################-->
	<include name="MusicWindow">
		<defaultcontrol always="true">51</defaultcontrol>
		<onunload condition="Skin.HasSetting(kioskcode)">Skin.Reset($INFO[skin.string(custom_code)])</onunload>
		<allowoverlay>no</allowoverlay>
		<views>51,54,55,56,58,59,62</views>
		<controls>
			<control type="multiimage">
				<!-- Multi Fanart -->
				<include>WindowBG</include>
				<imagepath fallback="special://skin/backgrounds/music.jpg" background="true">$VAR[value_musicfanart]</imagepath>
				<visible>!Container.Content(genres)</visible>
			</control>
			<control type="image">
				<!-- Single Fanart -->
				<include>WindowBG</include>
				<texture background="true">$VAR[value_defaultmusicfanart]</texture>
				<visible>!Container.Content(genres)</visible>
			</control>
			<control type="image">
				<!-- Single Fanart Genre -->
				<include>WindowBG</include>
				<texture fallback="special://skin/backgrounds/music.jpg" background="true">$VAR[value_defaultmusicfanart]</texture>
				<visible>Container.Content(genres)</visible>
			</control>
			<control type="multiimage" id="5032">
				<!-- Extra Fanart Artist/Album -->
				<include>WindowBG</include>
				<imagepath background="true">$INFO[Skin.String(CustomMusicLogoPath)]$INFO[ListItem.Artist,,/extrafanart/]</imagepath>
				<visible>[Container.Content(artists) | Container.Content(albums)] + SubString(skin.string(musicfanart),extra)</visible>
			</control>
			<control type="multiimage" id="5033">
				<!-- Extra Fanart Song -->
				<include>WindowBG</include>
				<imagepath background="true">$INFO[ListItem.Path]extrafanart/</imagepath>
				<visible>Container.Content(songs) + SubString(skin.string(musicfanart),extra)</visible>
			</control>
			<control type="group">
				<!-- default group -->
				<include>Animation_Window</include>

				<control type="button" id="9900">
					<!-- to menu/kiosk condition -->
					<include>InvisibleButton</include>
					<onfocus condition="![Skin.HasSetting(kiosk) | Skin.HasSetting(kiosksmart) + !SubString(skin.string(codestep),step3)]">SetFocus(9300)</onfocus>
					<onfocus condition="Skin.HasSetting(kiosksmart) + !SubString(skin.string(codestep),step3)">SetFocus(9100)</onfocus>
					<onfocus condition="Skin.HasSetting(kiosk)">SetFocus(51)</onfocus>
				</control>
				<control type="button" id="9920">
					<!-- hidden colection/view fanart -->
					<include>InvisibleButton</include>
					<onleft>SetFocus(51)</onleft>
					<onright>SetFocus(51)</onright>
					<onup>SetFocus(51)</onup>
					<ondown>SetFocus(51)</ondown>
				</control>
				<control type="group">
					<animation effect="slide" time="400" start="0,-250" end="0,0" easing="inout" tween="cubic">WindowOpen</animation>
					<animation effect="slide" time="400" start="0,-250" end="0,0" easing="inout" tween="cubic">Visible</animation>
					<animation effect="slide" time="400" start="0,0" end="0,-250" easing="inout" tween="cubic">WindowClose</animation>
					<animation effect="slide" time="400" start="0,0" end="0,-250" easing="inout" tween="cubic">Hidden</animation>
					<visible>![Control.IsVisible(51) | Control.IsVisible(55) + [Container.Content(artists) | Container.Content(songs)] | Control.HasFocus(9920)]</visible>
					<control type="image">
						<posx>0</posx>
						<posy>0</posy>
						<height>150</height>
						<width>1280</width>
						<texture flipy="true">shadow_mask.png</texture>
						<colordiffuse>75000000</colordiffuse>
					</control>
					<control type="label">
						<!-- Artist -->
						<posx>30</posx>
						<posy>8</posy>
						<width>1100</width>
						<height>40</height>
						<font>Font_40</font>
						<label>$VAR[value_music_title]</label>
						<textcolor>FFFFFAF0</textcolor>
						<scroll>true</scroll>
						<scrollout>false</scrollout>
					</control>
					<control type="label">
						<posx>30</posx>
						<posy>50</posy>
						<width>1100</width>
						<height>25</height>
						<font>Font_19</font>
						<label>$VAR[value_music_subtitle]</label>
						<textcolor>90FFFFFF</textcolor>
						<scroll>true</scroll>
						<scrollout>false</scrollout>
					</control>
				</control>
				<control type="group">
					<!-- Grupo ocultar flags ou fanart -->
					<include>Animation_HiddenView</include>

					<control type="group">
						<animation effect="slide" start="0,300" end="0,0"  time="500" tween="sine" easing="out">WindowOpen</animation>
						<animation effect="slide" start="0,300" end="0,0"  time="500" tween="sine" easing="out">Visible</animation>
						<animation effect="fade" start="100" end="0" time="200">Hidden</animation>
						<visible>!Skin.HasSetting(nomediaflags)</visible>
						<control type="image">
							<!-- Barra das etiquetas -->
							<posx>0</posx>
							<posy>610</posy>
							<width>1280</width>
							<height>82</height>
							<colordiffuse>$VAR[value_flagsbar]</colordiffuse>
							<texture>shadow_mask.png</texture>
						</control>
						<control type="grouplist">
							<posx>20</posx>
							<posy>651</posy>
							<orientation>horizontal</orientation>
							<itemgap>19</itemgap>
							<animation effect="slide" start="0,300" end="0,0"  time="500" tween="sine" easing="out">WindowOpen</animation>
							<animation effect="slide" start="0,300" end="0,0"  time="500" tween="sine" easing="out">Visible</animation>
							<animation effect="fade" start="100" end="0" time="200">Hidden</animation>
							<visible>!Skin.HasSetting(nomediaflags)</visible>
							<control type="label">
								<!-- Rating -->
								<include>FlagLabel</include>
								<label>$INFO[ListItem.Rating]</label>
								<visible>!IsEmpty(Control.GetLabel(199))</visible>
							</control>
							<control type="image">
								<include>FlagSeparator</include>
								<visible>!IsEmpty(Control.GetLabel(199))</visible>
							</control>
							<control type="image">
								<!-- Codec -->
								<include>FlagImage</include>
								<texture>$VAR[value_musiccodec]</texture>
								<visible>!IsEmpty(Control.GetLabel(198))</visible>
							</control>
							<control type="image">
								<include>FlagSeparator</include>
								<visible>!IsEmpty(Control.GetLabel(198))</visible>
							</control>
							<control type="label">
								<!-- Year -->
								<include>FlagLabel</include>
								<label>$INFO[ListItem.Year]</label>
								<visible>!IsEmpty(ListItem.Year)</visible>
							</control>
							<control type="image">
								<include>FlagSeparator</include>
								<visible>!IsEmpty(ListItem.Year) + !IsEmpty(ListItem.Genre)</visible>
							</control>
							<control type="label">
								<!-- Genre -->
								<width>300</width>
								<height>38</height>
								<align>left</align>
								<aligny>center</aligny>
								<font>Font_20</font>
								<textoffsetx>20</textoffsetx>
								<textoffsety>13</textoffsety>
								<textcolor>$VAR[value_flagscolor]</textcolor>
								<fadetime>FanartCrossFadeTime</fadetime>
								<label>$INFO[ListItem.Genre]</label>
								<visible>!IsEmpty(ListItem.Genre)</visible>
								<scroll>true</scroll>
								<scrollout>false</scrollout>
							</control>
						</control>
						<control type="image">
							<posx>0</posx>
							<posy>650</posy>
							<height>42</height>
							<width>1280</width>
							<texture>gradient_small.png</texture>
						</control>
						<control type="image" id="198">
							<!-- Codec -->
							<include>InvisibleButton</include>
							<fadetime>FanartCrossFadeTime</fadetime>
							<texture>$VAR[value_musiccodec]</texture>
						</control>
						<control type="image" id="199">
							<!-- Rating -->
							<include>InvisibleButton</include>
							<fadetime>FanartCrossFadeTime</fadetime>
							<texture>$VAR[value_musicrating]</texture>
						</control>
					</control>

					<!-- ViewTypes -->
					<include>ViewWide</include>
					<!-- 51 -->
					<include condition="!Skin.HasSetting(noviewposter_music)">ViewPoster</include>
					<!-- 54 -->
					<include condition="!Skin.HasSetting(noviewlowlist_music)">ViewLowList</include>
					<!-- 55 -->
					<include condition="!Skin.HasSetting(noviewwall_music)">ViewWallAudio</include>
					<!-- 56 -->
					<include condition="!Skin.HasSetting(noviewcoverflow_music)">ViewCoverFlowAudio</include>
					<!-- 58 -->
					<include condition="!Skin.HasSetting(noviewrightlist_music)">ViewRightList</include>
					<!-- 59 -->
					<include condition="!Skin.HasSetting(noviewpanel_music)">ViewPanel</include>
					<!-- 62 -->
				</control>
				<control type="image">
					<!-- Logo -->
					<posx>935</posx>
					<posy>641</posy>
					<width>200</width>
					<height>50</height>
					<aspectratio>keep</aspectratio>
					<texture background="true">$INFO[Skin.String(CustomMusicLogoPath)]$INFO[ListItem.Artist,,/logo.png]</texture>
					<fadetime>FanartCrossFadeTime</fadetime>
					<animation effect="slide" end="-490,-180" tween="cubic" easing="in" condition="Control.IsVisible(54)">Conditional</animation>
					<include>Animation_HiddenView</include>
					<visible>Control.IsVisible(54)</visible>
				</control>
				<include>TouchScreen</include>
				<include>ScrollLabel</include>
				<include>MultiData</include>
				<include>TopMenu_Audio</include>
				<include>BGBlack</include>
			</control>
		</controls>
	</include>
</includes>