<includes>
	<!-- ######################################################################### Letras layout estilo 1 ######################################################################### -->
	<include name="LyricsLayout1">
		<control type="group">
			<!-- default mode -->
			<animation effect="slide" start="-500,0" end="0,0" time="700" tween="sine" easing="inout" delay="1000">WindowOpen</animation>
			<animation effect="slide" start="-500,0" end="0,0" time="700" tween="sine" easing="inout" delay="1000">Visible</animation>
			<animation effect="slide" start="0,0" end="-500,0" time="400" tween="sine" easing="inout">WindowClose</animation>
			<animation effect="slide" start="0,0" end="-500,0" time="400" tween="sine" easing="inout">Hidden</animation>
			<visible>Player.HasAudio + ![Window.IsVisible(120) | Window.IsVisible(122) | Window.IsVisible(5600) | Skin.HasSetting(nolyrics_on) | Skin.HasSetting(novisfurniture)]</visible>
			<control type="image">
				<posx>444</posx>
				<posy>0</posy>
				<width>30</width>
				<height>470</height>
				<texture>shadow.png</texture>
				<colordiffuse>C3FFFFFF</colordiffuse>
			</control>
			<control type="image">
				<posx>0</posx>
				<posy>0</posy>
				<width>444</width>
				<height>470</height>
				<texture>grey.png</texture>
				<colordiffuse>90FFFFFF</colordiffuse>
			</control>
			<control type="image">
				<posx>0</posx>
				<posy>5</posy>
				<width>444</width>
				<height>40</height>
				<texture>settings_button.png</texture>
				<colordiffuse>$VAR[value_texturecolor]</colordiffuse>
				<include>Animation_HomeGlass2</include>
			</control>
			<control type="label">
				<!-- Titulo -->
				<posx>20</posx>
				<posy>12</posy>
				<width>404</width>
				<height>20</height>
				<label>31723</label>
				<font>Font_23</font>
				<align>center</align>
				<textcolor>FFFFFAF0</textcolor>
			</control>
			<control type="button">
				<!-- Para proximas faixas -->
				<posx>0</posx>
				<posy>445</posy>
				<width>250</width>
				<height>20</height>
				<label>31325</label>
				<font>Font_15</font>
				<align>left</align>
				<textoffsetx>45</textoffsetx>
				<onclick>ActivateWindow(5600)</onclick>
				<textcolor>FF101010</textcolor>
				<focusedcolor>FFFFFAF0</focusedcolor>
				<texturefocus diffuse="gradient_button.png">settings_button.png</texturefocus>
				<colordiffuse>F9FFFFFF</colordiffuse>
				<visible>![IsEmpty(MusicPlayer.offset(1).Artist) | Skin.HasSetting(nonexttracks_on)]</visible>
			</control>
			<control type="image">
				<posx>20</posx>
				<posy>445</posy>
				<width>20</width>
				<height>20</height>
				<texture>arrow_left.png</texture>
				<colordiffuse>FF101010</colordiffuse>
				<include>Animation_Fade</include>
				<visible>!IsEmpty(MusicPlayer.offset(1).Artist)</visible>
			</control>
			<control type="button">
				<!-- Para Menu -->
				<posx>194</posx>
				<posy>445</posy>
				<width>250</width>
				<height>20</height>
				<label>31238</label>
				<font>Font_15</font>
				<align>right</align>
				<onclick>ActivateWindow(120)</onclick>
				<textcolor>FF101010</textcolor>
				<focusedcolor>FFFFFAF0</focusedcolor>
				<texturefocus flipx="true" diffuse="gradient_button.png">settings_button.png</texturefocus>
				<texturenofocus>-</texturenofocus>
				<colordiffuse>F9FFFFFF</colordiffuse>
			</control>
			<control type="image">
				<posx>400</posx>
				<posy>445</posy>
				<width>20</width>
				<height>20</height>
				<texture flipx="true">arrow_left.png</texture>
				<colordiffuse>FF101010</colordiffuse>
				<include>Animation_Fade</include>
			</control>
			<control type="label" id="200">
				<!-- Scraper -->
				<visible>false</visible>
			</control>

			<!-- ** Required ** Do not change <id> or <type> -->
			<control type="list" id="110">
				<posx>20</posx>
				<posy>50</posy>
				<width>404</width>
				<height>380</height>
				<onleft condition="![IsEmpty(MusicPlayer.offset(1).Artist) | Skin.HasSetting(nonexttracks_on)]">ActivateWindow(5600)</onleft>
				<onright>ActivateWindow(120)</onright>
				<onup>999</onup>
				<ondown>110</ondown>
				<viewtype label="535">list</viewtype>
				<pagecontrol>111</pagecontrol>
				<scrolltime>200</scrolltime>
				<itemlayout height="25">
					<control type="label">
						<posx>0</posx>
						<posy>3</posy>
						<width>390</width>
						<height>22</height>
						<info>ListItem.Label</info>
						<font>Font_19</font>
						<align>left</align>
						<aligny>center</aligny>
						<textcolor>FF151515</textcolor>
					</control>
				</itemlayout>
				<focusedlayout height="25">
					<control type="image">
						<posx>0</posx>
						<posy>3</posy>
						<width>424</width>
						<height>25</height>
						<texture>gradient_focus.png</texture>
						<colordiffuse>$VAR[value_headercolor]</colordiffuse>
						<visible>Control.HasFocus(110)</visible>
					</control>
					<control type="label">
						<posx>0</posx>
						<posy>3</posy>
						<width>390</width>
						<height>22</height>
						<info>ListItem.Label</info>
						<font>Font_21</font>
						<align>left</align>
						<aligny>center</aligny>
						<textcolor>FF101010</textcolor>
					</control>
				</focusedlayout>
			</control>
			<control type="spincontrol" id="111">
				<visible>false</visible>
			</control>
			<!-- ** Required ** Do not change <id> or <type> -->
			<control type="list" id="120">
				<viewtype label="535">list</viewtype>
				<posx>20</posx>
				<posy>50</posy>
				<width>404</width>
				<height>380</height>
				<onleft condition="![IsEmpty(MusicPlayer.offset(1).Artist) | Skin.HasSetting(nonexttracks_on)]">ActivateWindow(5600)</onleft>
				<onright>ActivateWindow(120)</onright>
				<onup>120</onup>
				<ondown>120</ondown>
				<pagecontrol>121</pagecontrol>
				<scrolltime>200</scrolltime>
				<itemlayout height="25">
					<control type="label">
						<posx>0</posx>
						<posy>3</posy>
						<width>390</width>
						<height>22</height>
						<info>ListItem.Label</info>
						<font>Font_19</font>
						<align>left</align>
						<aligny>center</aligny>
						<textcolor>FF151515</textcolor>
					</control>
				</itemlayout>
				<focusedlayout height="25">
					<control type="image">
						<posx>0</posx>
						<posy>3</posy>
						<width>400</width>
						<height>25</height>
						<texture>gradient_focus.png</texture>
						<colordiffuse>$VAR[value_headercolor]</colordiffuse>
						<visible>Control.HasFocus(120)</visible>
					</control>
					<control type="label">
						<posx>0</posx>
						<posy>3</posy>
						<width>390</width>
						<height>22</height>
						<info>ListItem.Label</info>
						<font>Font_19</font>
						<align>left</align>
						<aligny>center</aligny>
						<textcolor>FF101010</textcolor>
					</control>
				</focusedlayout>
			</control>
			<control type="spincontrol" id="121">
				<visible>false</visible>
			</control>
			<control type="image">
				<posx>0</posx>
				<posy>0</posy>
				<width>464</width>
				<height>470</height>
				<texture>menu_glass.png</texture>
				<colordiffuse>70FFFAF0</colordiffuse>
			</control>
			<control type="image">
				<posx>0</posx>
				<posy>440</posy>
				<width>444</width>
				<height>30</height>
				<texture>shadow_h.png</texture>
				<colordiffuse>C3FFFFFF</colordiffuse>
			</control>
		</control>
	</include>

	<!-- ######################################################################### Letras layout estilo 2 ######################################################################### -->
	<include name="LyricsLayout2">
		<control type="group">
			<animation effect="slide" start="-1300,0" end="0,0" time="700" tween="sine" easing="inout" delay="1000">WindowOpen</animation>
			<animation effect="slide" start="-1300,0" end="0,0" time="700" tween="sine" easing="inout" delay="1000">Visible</animation>
			<animation effect="slide" start="0,0" end="-1300,0" time="400" tween="sine" easing="inout">WindowClose</animation>
			<animation effect="slide" start="0,0" end="-1300,0" time="400" tween="sine" easing="inout">Hidden</animation>
			<visible>Player.HasAudio + ![Window.IsVisible(120) | Window.IsVisible(122) | Window.IsVisible(5600) | Skin.HasSetting(nolyrics_on) | Skin.HasSetting(novisfurniture)]</visible>
			<control type="image">
				<posx>10</posx>
				<posy>20</posy>
				<width>1260</width>
				<height>365</height>
				<texture>homewidget5_h.png</texture>
				<colordiffuse>$VAR[value_texturecolor]</colordiffuse>
				<fadetime>FanartCrossFadeTime</fadetime>
				<include>Animation_HomeGlass</include>
			</control>
			<control type="label">
				<posx>40</posx>
				<posy>36</posy>
				<width>412</width>
				<height>29</height>
				<font>Font_18</font>
				<label>31723</label>
				<scroll>true</scroll>
				<scrollout>false</scrollout>
				<align>left</align>
				<aligny>center</aligny>
				<textcolor>FFFFFAF0</textcolor>
				<include>Animation_HomeSlideUp</include>
			</control>
			<control type="image">
				<posx>30</posx>
				<posy>62</posy>
				<width>412</width>
				<height>2</height>
				<align>left</align>
				<texture flipx="true">divider.png</texture>
			</control>
			<control type="button">
				<!-- Para proximas faixas -->
				<posx>25</posx>
				<posy>346</posy>
				<width>250</width>
				<height>20</height>
				<label>31325</label>
				<font>Font_16</font>
				<align>left</align>
				<textoffsetx>40</textoffsetx>
				<onclick>ActivateWindow(5600)</onclick>
				<textcolor>80FFFAF0</textcolor>
				<focusedcolor>FFFFFAF0</focusedcolor>
				<texturefocus diffuse="gradient_button.png">settings_button_focus.png</texturefocus>
				<visible>![IsEmpty(MusicPlayer.offset(1).Artist) | Skin.HasSetting(nonexttracks_on)]</visible>
			</control>
			<control type="image">
				<posx>40</posx>
				<posy>345</posy>
				<width>20</width>
				<height>20</height>
				<texture>arrow_left.png</texture>
				<colordiffuse>80FFFAF0</colordiffuse>
				<include>Animation_Fade</include>
				<visible>![IsEmpty(MusicPlayer.offset(1).Artist) | Skin.HasSetting(nonexttracks_on)]</visible>
			</control>
			<control type="button">
				<!-- Para Menu -->
				<posx>1005</posx>
				<posy>346</posy>
				<width>250</width>
				<height>20</height>
				<label>31238</label>
				<font>Font_16</font>
				<align>right</align>
				<textoffsetx>40</textoffsetx>
				<onclick>ActivateWindow(120)</onclick>
				<textcolor>80FFFAF0</textcolor>
				<focusedcolor>FFFFFAF0</focusedcolor>
				<texturefocus flipx="true" diffuse="gradient_button.png">settings_button_focus.png</texturefocus>
				<texturenofocus>-</texturenofocus>
			</control>
			<control type="image">
				<posx>1220</posx>
				<posy>345</posy>
				<width>20</width>
				<height>20</height>
				<texture flipx="true">arrow_left.png</texture>
				<colordiffuse>80FFFAF0</colordiffuse>
				<include>Animation_Fade</include>
			</control>
			<control type="label" id="200">
				<!-- Scraper -->
				<visible>false</visible>
			</control>

			<!-- ** Required ** Do not change <id> or <type> smooth scrolling list for lyrics -->
			<control type="list" id="110">
				<posx>100</posx>
				<posy>70</posy>
				<width>1080</width>
				<height>270</height>
				<onleft condition="![IsEmpty(MusicPlayer.offset(1).Artist) | Skin.HasSetting(nonexttracks_on)]">ActivateWindow(5600)</onleft>
				<onright>ActivateWindow(120)</onright>
				<onup>999</onup>
				<ondown>110</ondown>
				<viewtype label="535">list</viewtype>
				<pagecontrol>111</pagecontrol>
				<scrolltime>200</scrolltime>
				<itemlayout height="35">
					<control type="label">
						<posx>0</posx>
						<posy>3</posy>
						<width>1080</width>
						<height>22</height>
						<info>ListItem.Label</info>
						<font>Font_19</font>
						<align>center</align>
						<aligny>center</aligny>
						<textcolor>80FFFAF0</textcolor>
					</control>
				</itemlayout>
				<focusedlayout height="35">
					<control type="image">
						<posx>0</posx>
						<posy>3</posy>
						<width>1080</width>
						<height>35</height>
						<texture>gradient_focus.png</texture>
						<colordiffuse>$VAR[value_headercolor]</colordiffuse>
						<visible>Control.HasFocus(110)</visible>
					</control>
					<control type="label">
						<posx>0</posx>
						<posy>3</posy>
						<width>1080</width>
						<height>22</height>
						<info>ListItem.Label</info>
						<font>Font_21</font>
						<align>center</align>
						<aligny>center</aligny>
						<textcolor>FFFFFAF0</textcolor>
					</control>
				</focusedlayout>
			</control>
			<control type="spincontrol" id="111">
				<visible>false</visible>
			</control>
			<!-- ** Required ** Do not change <id> or <type> (Song Chooser if it gets it wrong) -->
			<control type="list" id="120">
				<posx>100</posx>
				<posy>70</posy>
				<width>1080</width>
				<height>270</height>
				<onleft condition="![IsEmpty(MusicPlayer.offset(1).Artist) | Skin.HasSetting(nonexttracks_on)]">ActivateWindow(5600)</onleft>
				<onright>ActivateWindow(120)</onright>
				<onup>120</onup>
				<ondown>120</ondown>
				<viewtype label="535">list</viewtype>
				<pagecontrol>121</pagecontrol>
				<scrolltime>200</scrolltime>
				<itemlayout height="35">
					<control type="label">
						<posx>0</posx>
						<posy>3</posy>
						<width>1080</width>
						<height>22</height>
						<info>ListItem.Label</info>
						<font>Font_19</font>
						<align>center</align>
						<aligny>center</aligny>
						<textcolor>80FFFAF0</textcolor>
					</control>
				</itemlayout>
				<focusedlayout height="35">
					<control type="image">
						<posx>0</posx>
						<posy>3</posy>
						<width>1080</width>
						<height>35</height>
						<texture>gradient_focus.png</texture>
						<colordiffuse>$VAR[value_headercolor]</colordiffuse>
						<visible>Control.HasFocus(120)</visible>
					</control>
					<control type="label">
						<posx>0</posx>
						<posy>3</posy>
						<width>1080</width>
						<height>22</height>
						<info>ListItem.Label</info>
						<font>Font_21</font>
						<align>center</align>
						<aligny>center</aligny>
						<textcolor>FFFFFAF0</textcolor>
					</control>
				</focusedlayout>
			</control>
			<control type="spincontrol" id="121">
				<visible>false</visible>
			</control>
		</control>
	</include>

	<!-- ######################################################################### Letras em modo karaoke ######################################################################### -->
	<include name="LyricsKaraoke">
		<control type="group">
			<!-- karaoke mode -->
			<animation effect="slide" start="-1280,0" end="0,0" time="700" tween="sine" easing="inout" delay="1000">WindowOpen</animation>
			<animation effect="slide" start="-1280,0" end="0,0" time="700" tween="sine" easing="inout" delay="1000">Visible</animation>
			<animation effect="slide" start="0,0" end="-1280,0" time="400" tween="sine" easing="inout">WindowClose</animation>
			<animation effect="slide" start="0,0" end="-1280,0" time="400" tween="sine" easing="inout">Hidden</animation>
			<visible>Player.HasAudio + ![Window.IsVisible(120) | Window.IsVisible(122) | Window.IsVisible(5600)]</visible>
			<control type="image">
				<posx>0</posx>
				<posy>0</posy>
				<width>1280</width>
				<height>720</height>
				<texture>black.png</texture>
				<colordiffuse>C3FFFFFF</colordiffuse>
			</control>
			<control type="image">
				<posx>0</posx>
				<posy>63</posy>
				<width>1280</width>
				<height>30</height>
				<texture flipy="true">shadow_h.png</texture>
				<colordiffuse>C3FFFFFF</colordiffuse>
			</control>
			<control type="image">
				<posx>0</posx>
				<posy>0</posy>
				<width>1280</width>
				<height>63</height>
				<texture>black.png</texture>
				<colordiffuse>C3FFFFFF</colordiffuse>
			</control>
			<control type="image">
				<posx>0</posx>
				<posy>0</posy>
				<width>1280</width>
				<height>61</height>
				<texture>black.png</texture>
				<colordiffuse>90FFFFFF</colordiffuse>
			</control>
			<control type="label">
				<!-- Titulo -->
				<posx>50</posx>
				<posy>12</posy>
				<width>1180</width>
				<height>20</height>
				<label>[COLOR=$VAR[value_headercolor]]$INFO[MusicPlayer.Artist][/COLOR] - $INFO[MusicPlayer.Title]</label>
				<font>Font_30</font>
				<align>center</align>
				<textcolor>FFFFFAF0</textcolor>
			</control>
			<control type="image">
				<posx>1230</posx>
				<posy>680</posy>
				<width>20</width>
				<height>20</height>
				<texture flipx="true">arrow_left.png</texture>
				<colordiffuse>30FFFAF0</colordiffuse>
				<include>Animation_Fade</include>
			</control>
			<control type="label">
				<!-- Para Menu -->
				<posx>1220</posx>
				<posy>680</posy>
				<width>150</width>
				<height>20</height>
				<label>31238</label>
				<font>Font_18</font>
				<align>right</align>
				<textcolor>30FFFAF0</textcolor>
			</control>
			<control type="label" id="200">
				<!-- Scraper -->
				<visible>false</visible>
			</control>

			<!-- ** Required ** Do not change <id> or <type> -->
			<control type="list" id="110">
				<posx>100</posx>
				<posy>90</posy>
				<width>1080</width>
				<height>590</height>
				<onright>ActivateWindow(120)</onright>
				<onup>999</onup>
				<ondown>110</ondown>
				<viewtype label="535">list</viewtype>
				<pagecontrol>111</pagecontrol>
				<scrolltime>200</scrolltime>
				<itemlayout height="35">
					<control type="label">
						<posx>0</posx>
						<posy>3</posy>
						<width>1080</width>
						<height>22</height>
						<info>ListItem.Label</info>
						<font>Font_26</font>
						<align>center</align>
						<aligny>center</aligny>
						<textcolor>80FFFAF0</textcolor>
					</control>
				</itemlayout>
				<focusedlayout height="35">
					<control type="image">
						<posx>0</posx>
						<posy>3</posy>
						<width>1080</width>
						<height>35</height>
						<texture>gradient_focus.png</texture>
						<colordiffuse>$VAR[value_headercolor]</colordiffuse>
						<visible>Control.HasFocus(110)</visible>
					</control>
					<control type="label">
						<posx>0</posx>
						<posy>3</posy>
						<width>1080</width>
						<height>22</height>
						<info>ListItem.Label</info>
						<font>Font_30</font>
						<align>center</align>
						<aligny>center</aligny>
						<textcolor>FFFFFAF0</textcolor>
					</control>
				</focusedlayout>
			</control>
			<control type="spincontrol" id="111">
				<visible>false</visible>
			</control>
			<!-- ** Required ** Do not change <id> or <type> -->
			<control type="list" id="120">
				<posx>100</posx>
				<posy>90</posy>
				<width>1080</width>
				<height>590</height>
				<onright>ActivateWindow(120)</onright>
				<onup>120</onup>
				<ondown>120</ondown>
				<viewtype label="535">list</viewtype>
				<pagecontrol>121</pagecontrol>
				<scrolltime>200</scrolltime>
				<itemlayout height="35">
					<control type="label">
						<posx>0</posx>
						<posy>3</posy>
						<width>1080</width>
						<height>22</height>
						<info>ListItem.Label</info>
						<font>Font_26</font>
						<align>center</align>
						<aligny>center</aligny>
						<textcolor>80FFFAF0</textcolor>
					</control>
				</itemlayout>
				<focusedlayout height="35">
					<control type="image">
						<posx>0</posx>
						<posy>3</posy>
						<width>1080</width>
						<height>35</height>
						<texture>gradient_focus.png</texture>
						<colordiffuse>$VAR[value_headercolor]</colordiffuse>
						<visible>Control.HasFocus(120)</visible>
					</control>
					<control type="label">
						<posx>0</posx>
						<posy>3</posy>
						<width>1080</width>
						<height>22</height>
						<info>ListItem.Label</info>
						<font>Font_30</font>
						<align>center</align>
						<aligny>center</aligny>
						<textcolor>FFFFFAF0</textcolor>
					</control>
				</focusedlayout>
			</control>
			<control type="spincontrol" id="121">
				<visible>false</visible>
			</control>
		</control>
	</include>
</includes>