<window id="2006">
	<allowoverlay>no</allowoverlay>
	<onload condition="System.HasAddon(script.artistslideshow)">RunScript(script.artistslideshow)</onload>
	<onload condition="Skin.HasSetting(nolyrics_on) + ![IsEmpty(MusicPlayer.offset(1).Artist) | Skin.HasSetting(novisfurniture) | Skin.HasSetting(nonexttracks_on)]">ActivateWindow(5600)</onload>
	<onunload>Dialog.Close(all,true)</onunload>
	<controls>
		<control type="image">
			<posx>0</posx>
			<posy>0</posy>
			<width>1280</width>
			<height>720</height>
			<texture>hive_back.png</texture>
		</control>
		<control type="visualisation" id="2">
			<posx>0</posx>
			<posy>0</posy>
			<width>1280</width>
			<height>720</height>
			<animation effect="fade" start="0" end="100" time="400">Visible</animation>
			<animation effect="fade" start="100" end="0" time="200">Hidden</animation>
			<visible>StringCompare(skin.string(vis_bg),fanartmix) | StringCompare(skin.string(vis_bg),slideshowmix) | StringCompare(skin.string(vis_bg),vis)</visible>
		</control>
		<control type="image">
			<!-- Fanart -->
			<include>WindowBG</include>
			<texture background="true">$INFO[MusicPlayer.Property(fanart_image)]</texture>
			<animation effect="fade" start="100" end="50" time="400" condition="StringCompare(skin.string(vis_bg),fanartmix)">Conditional</animation>
			<visible>[StringCompare(skin.string(vis_bg),fanart) | StringCompare(skin.string(vis_bg),fanartmix)] + IsEmpty(Control.GetLabel(5043)) + IsEmpty(Control.GetLabel(5044)) | [StringCompare(skin.string(vis_bg),slideshow) | StringCompare(skin.string(vis_bg),slideshowmix)] + IsEmpty(Control.GetLabel(5045))</visible>
		</control>
		<control type="multiimage" id="5043">
			<!-- Extra Fanart Song -->
			<include>WindowBG</include>
			<imagepath background="true">$INFO[Player.FolderPath,,../extrafanart/]</imagepath>
			<animation effect="fade" start="100" end="50" time="400" condition="StringCompare(skin.string(vis_bg),fanartmix)">Conditional</animation>
			<visible>[StringCompare(skin.string(vis_bg),fanart) | StringCompare(skin.string(vis_bg),fanartmix)] + SubString(skin.string(musicfanart),extra)</visible>
		</control>
		<control type="multiimage" id="5044">
			<!-- Extra Fanart Artist -->
			<include>WindowBG</include>
			<imagepath background="true">$INFO[Skin.String(CustomMusicLogoPath)]$INFO[MusicPlayer.Artist,,/extrafanart/]</imagepath>
			<animation effect="fade" start="100" end="50" time="400" condition="StringCompare(skin.string(vis_bg),fanartmix)">Conditional</animation>
			<visible>[StringCompare(skin.string(vis_bg),fanart) | StringCompare(skin.string(vis_bg),fanartmix)] + SubString(skin.string(musicfanart),extra) + IsEmpty(Control.GetLabel(5043))</visible>
		</control>
		<control type="multiimage" id="5045">
			<!-- Artist SlideShow -->
			<aspectratio>keep</aspectratio>
			<include>WindowBG</include>
			<imagepath background="true">$INFO[Window(Visualisation).Property(ArtistSlideshow)]</imagepath>
			<animation effect="zoom" start="0" end="100" center="auto" easing="out" tween="sine" time="700" delay="1000">WindowOpen</animation>
			<animation effect="zoom" start="0" end="100" center="auto" easing="out" tween="sine" time="700" delay="1000">Visible</animation>
			<animation effect="zoom" start="100" end="0" center="auto" easing="in" tween="sine" time="300">WindowClose</animation>
			<animation effect="zoom" start="100" end="0" center="auto" easing="in" tween="sine" time="300">Hidden</animation>
			<animation effect="fade" start="100" end="50" time="400" condition="StringCompare(skin.string(vis_bg),slideshowmix)">Conditional</animation>
			<visible>StringCompare(skin.string(vis_bg),slideshow) | StringCompare(skin.string(vis_bg),slideshowmix)</visible>
		</control>
		<control type="multiimage">
			<!-- Pasta pessoal -->
			<aspectratio>keep</aspectratio>
			<include>WindowBG</include>
			<imagepath fallback="special://skin/backgrounds/music.jpg" background="true">$INFO[skin.string(musicviz.bg)]</imagepath>
			<visible>StringCompare(skin.string(vis_bg),custom)</visible>
		</control>
		<control type="group">
			<!-- default group -->
			<include>Animation_Fade</include>

			<control type="group">
				<!-- Grupo do rodape -->
				<!-- Layout padrao -->
				<posx>0</posx>
				<posy>420</posy>
				<animation effect="slide" start="0,300" end="0,0" time="700" tween="cubic" easing="out">WindowOpen</animation>
				<animation effect="slide" start="0,300" end="0,0" time="700" tween="cubic" easing="out">Visible</animation>
				<animation effect="slide" start="0,0" end="0,300" time="400" tween="cubic" easing="in">WindowClose</animation>
				<animation effect="slide" start="0,0" end="0,300" time="400" tween="cubic" easing="in">Hidden</animation>
				<visible>![Window.IsVisible(120) | Window.IsVisible(122) | Skin.HasSetting(novisfurniture)] + StringCompare(skin.string(vis_layout),ace1)</visible>
				<control type="image">
					<!-- Barra das etiquetas -->
					<posx>0</posx>
					<posy>200</posy>
					<width>1280</width>
					<height>100</height>
					<colordiffuse>$VAR[value_flagsbar]</colordiffuse>
					<texture>shadow_mask.png</texture>
				</control>
				<control type="grouplist">
					<!-- Etiquetas -->
					<posx>270</posx>
					<posy>260</posy>
					<orientation>horizontal</orientation>
					<itemgap>10</itemgap>
					<animation effect="slide" end="-130" time="300" condition="IsEmpty(Control.GetLabel(299))">Conditional</animation>
					<control type="image" id="299">
						<!-- Logo -->
						<width>100</width>
						<height>40</height>
						<aspectratio aligny="bottom">keep</aspectratio>
						<texture background="true">$INFO[Skin.String(CustomMusicLogoPath)]$INFO[MusicPlayer.Artist,,/logo.png]</texture>
						<fadetime>FanartCrossFadeTime</fadetime>
					</control>
					<control type="image">
						<!-- Codec -->
						<include>FlagImage</include>
						<texture>$INFO[MusicPlayer.Codec,flags/audiocodec/,.png]</texture>
						<visible>!IsEmpty(MusicPlayer.Codec)</visible>
					</control>
					<control type="image">
						<include>FlagSeparator</include>
						<visible>!IsEmpty(MusicPlayer.Codec)</visible>
					</control>
					<control type="label">
						<width>280</width>
						<height>40</height>
						<align>center</align>
						<aligny>center</aligny>
						<font>Font_20</font>
						<textoffsety>13</textoffsety>
						<textcolor>$VAR[value_flagscolor]</textcolor>
						<label>$INFO[MusicPlayer.SampleRate,,KHZ][COLOR=80ffffff] | [/COLOR]$INFO[MusicPlayer.BitRate,,Kbps][COLOR=80ffffff] | [/COLOR]$INFO[MusicPlayer.BitsPerSample,,Bits]</label>
					</control>
					<control type="image">
						<include>FlagSeparator</include>
						<visible>!IsEmpty(MusicPlayer.Genre)</visible>
					</control>
					<control type="label">
						<!-- Genre -->
						<width>400</width>
						<height>40</height>
						<align>left</align>
						<aligny>center</aligny>
						<font>Font_20</font>
						<label>$INFO[MusicPlayer.Genre]</label>
						<textoffsetx>10</textoffsetx>
						<textoffsety>13</textoffsety>
						<textcolor>$VAR[value_flagscolor]</textcolor>
						<visible>!IsEmpty(MusicPlayer.Genre)</visible>
					</control>
				</control>
				<control type="image">
					<posx>0</posx>
					<posy>260</posy>
					<height>40</height>
					<width>1280</width>
					<texture>gradient_small.png</texture>
				</control>
				<control type="image">
					<posx>0</posx>
					<posy>21</posy>
					<width>1280</width>
					<height>30</height>
					<texture>shadow_h.png</texture>
					<colordiffuse>C3FFFFFF</colordiffuse>
				</control>
				<control type="image">
					<posx>0</posx>
					<posy>260</posy>
					<width>1280</width>
					<height>30</height>
					<texture flipy="true">shadow_h.png</texture>
					<colordiffuse>C3FFFFFF</colordiffuse>
				</control>
				<control type="image">
					<posx>0</posx>
					<posy>50</posy>
					<height>210</height>
					<width>1280</width>
					<texture>darkgrey.png</texture>
					<colordiffuse>$VAR[value_texturecolor]</colordiffuse>
					<include>Animation_HomeGlass2</include>
				</control>
				<control type="label">
					<!-- Nome do Artista -->
					<posx>155</posx>
					<posy>55</posy>
					<width>820</width>
					<height>30</height>
					<align>left</align>
					<font>Font_40</font>
					<textcolor>FFFFFAF0</textcolor>
					<label>[COLOR=$VAR[value_headercolor]]$INFO[MusicPlayer.Artist][/COLOR]$INFO[MusicPlayer.Title, - ]</label>
					<scroll>true</scroll>
					<scrollout>false</scrollout>
				</control>
				<control type="image">
					<posx>998</posx>
					<posy>65</posy>
					<width>1</width>
					<height>35</height>
					<texture>line_v.png</texture>
				</control>
				<control type="label">
					<!-- Progresso da faixa -->
					<posx>1260</posx>
					<posy>55</posy>
					<width>300</width>
					<height>30</height>
					<align>right</align>
					<font>Font_40</font>
					<textcolor>FFFFFAF0</textcolor>
					<label>$INFO[MusicPlayer.Time] / $INFO[MusicPlayer.Duration]</label>
				</control>
				<control type="progress">
					<posx>160</posx>
					<posy>105</posy>
					<width>1100</width>
					<height>6</height>
					<info>Player.Progress</info>
				</control>
				<control type="label">
					<!-- Artistas similares -->
					<posx>190</posx>
					<posy>118</posy>
					<width>885</width>
					<height>20</height>
					<align>left</align>
					<font>Font_19</font>
					<textcolor>FFFFFAF0</textcolor>
					<label>[COLOR=$VAR[value_headercolor]]$LOCALIZE[31940]: [/COLOR]$INFO[Window(Visualisation).Property(ArtistSlideshow.1.SimilarName)]$INFO[Window(Visualisation).Property(ArtistSlideshow.2.SimilarName), / ]$INFO[Window(Visualisation).Property(ArtistSlideshow.3.SimilarName), / ]$INFO[Window(Visualisation).Property(ArtistSlideshow.4.SimilarName), / ]$INFO[Window(Visualisation).Property(ArtistSlideshow.5.SimilarName), / ]</label>
					<scroll>true</scroll>
					<scrollout>false</scrollout>
					<visible>!IsEmpty(Window(Visualisation).Property(ArtistSlideshow.1.SimilarName))</visible>
				</control>
				<control type="textbox">
					<!-- Plot -->
					<posx>245</posx>
					<posy>117</posy>
					<width>830</width>
					<height>133</height>
					<align>justify</align>
					<font>Font_17</font>
					<textcolor>FFFFFAF0</textcolor>
					<label>$INFO[Window(Visualisation).Property(ArtistSlideshow.ArtistBiography)]$INFO[MusicPlayer.Property(Artist_Description),- ]</label>
					<autoscroll delay="20000" time="6000" repeat="20000">!Skin.HasSetting(noallowscroll)</autoscroll>
					<visible>IsEmpty(Window(Visualisation).Property(ArtistSlideshow.1.SimilarName))</visible>
				</control>
				<control type="textbox">
					<!-- Plot -->
					<posx>245</posx>
					<posy>150</posy>
					<width>830</width>
					<height>100</height>
					<align>justify</align>
					<font>Font_17</font>
					<textcolor>FFFFFAF0</textcolor>
					<label>$INFO[Window(Visualisation).Property(ArtistSlideshow.ArtistBiography)]$INFO[MusicPlayer.Property(Artist_Description),- ]</label>
					<autoscroll delay="20000" time="6000" repeat="20000">!Skin.HasSetting(noallowscroll)</autoscroll>
					<visible>!IsEmpty(Window(Visualisation).Property(ArtistSlideshow.1.SimilarName))</visible>
				</control>
				<control type="group">
					<!-- Capa do CD -->
					<animation effect="slide" start="400,0" end="0,0" time="700" tween="cubic" easing="out" delay="1000">WindowOpen</animation>
					<animation effect="slide" start="0,0" end="400,0" time="400" tween="cubic" easing="in" delay="400">WindowClose</animation>
					<control type="image">
						<posx>1094</posx>
						<posy>114</posy>
						<width>183</width>
						<height>183</height>
						<fadetime>200</fadetime>
						<texture fallback="DefaultAudioCover.png" background="true">$INFO[MusicPlayer.Cover]</texture>
						<aspectratio align="right" aligny="bottom">stretch</aspectratio>
						<bordertexture border="-3">black.png</bordertexture>
					</control>
					<control type="image">
						<posx>1094</posx>
						<posy>260</posy>
						<width>183</width>
						<height>40</height>
						<texture>black.png</texture>
						<colordiffuse>C3FFFFFF</colordiffuse>
					</control>
					<control type="label">
						<!-- Nome do Album -->
						<posx>1104</posx>
						<posy>268</posy>
						<width>163</width>
						<height>40</height>
						<align>left</align>
						<font>Font_19</font>
						<textcolor>FFFFFAF0</textcolor>
						<label>$INFO[MusicPlayer.Album]</label>
						<scroll>true</scroll>
						<scrollout>false</scrollout>
					</control>
					<control type="image">
						<posx>1094</posx>
						<posy>270</posy>
						<width>183</width>
						<height>30</height>
						<texture>gradient_small.png</texture>
					</control>
				</control>
				<control type="group">-<!-- CDart -->
					<animation effect="slide" start="-600,300" end="0,0" time="1000" tween="cubic" easing="out" delay="1000">WindowOpen</animation>
					<animation effect="slide" start="0,0" end="-600,300" time="400" tween="cubic" easing="in" delay="400">WindowClose</animation>
					<animation effect="slide" start="0,0" end="0,270" time="400" tween="cubic" easing="inout" condition="Window.IsVisible(120)">Conditional</animation>
					<control type="image">
						<posx>-250</posx>
						<posy>60</posy>
						<width>500</width>
						<height>500</height>
						<aligny>center</aligny>
						<texture>cdart.png</texture>
						<aspectratio align="center">keep</aspectratio>
						<animation effect="rotate" end="-360" center="auto" time="4000" loop="true" reversible="false" condition="!Player.Paused">Conditional</animation>
					</control>
					<control type="image">
						<posx>-250</posx>
						<posy>60</posy>
						<width>500</width>
						<height>500</height>
						<aligny>center</aligny>
						<texture diffuse="cdart_diffuse.png" background="true">$INFO[Player.FolderPath]cdart.png</texture>
						<aspectratio align="center">keep</aspectratio>
						<animation effect="rotate" end="-360" center="auto" time="4000" loop="true" reversible="false" condition="!Player.Paused">Conditional</animation>
					</control>
				</control>
				<control type="image">
					<posx>0</posx>
					<posy>50</posy>
					<height>280</height>
					<width>1280</width>
					<colordiffuse>99FFFFFF</colordiffuse>
					<texture>osd_glass.png</texture>
				</control>
			</control>

			<control type="group">
				<!-- Grupo do rodape -->
				<!-- Layout estilo 2 -->
				<posx>32</posx>
				<posy>320</posy>
				<animation effect="slide" start="0,400" end="0,0" time="700" tween="cubic" easing="out">WindowOpen</animation>
				<animation effect="slide" start="0,400" end="0,0" time="700" tween="cubic" easing="out">Visible</animation>
				<animation effect="slide" start="0,0" end="0,400" time="400" tween="cubic" easing="in">WindowClose</animation>
				<animation effect="slide" start="0,0" end="0,400" time="400" tween="cubic" easing="in">Hidden</animation>
				<visible>![Window.IsVisible(120) | Window.IsVisible(122) | Skin.HasSetting(novisfurniture)] + StringCompare(skin.string(vis_layout),ace2)</visible>
				<control type="image">
					<posx>471</posx>
					<posy>158</posy>
					<width>550</width>
					<height>23</height>
					<align>left</align>
					<texture>whitebar_h.png</texture>
					<colordiffuse>C6FFFAF0</colordiffuse>
				</control>
				<control type="image">
					<!-- Fundo -->
					<posx>-22</posx>
					<posy>90</posy>
					<width>1260</width>
					<height>300</height>
					<texture>homewidget2_h.png</texture>
					<colordiffuse>$VAR[value_texturecolor]</colordiffuse>
					<include>Animation_HomeGlass</include>
				</control>
				<control type="image">
					<!-- Fundo -->
					<posx>-9</posx>
					<posy>101</posy>
					<width>475</width>
					<height>278</height>
					<texture>fanartframe.png</texture>
				</control>
				<control type="multiimage">
					<posx>6</posx>
					<posy>115</posy>
					<width>444</width>
					<height>250</height>
					<timeperimage>5000</timeperimage>
					<randomize>true</randomize>
					<aspectratio>stretch</aspectratio>
					<imagepath fallback="hive_back.png" background="true">$VAR[value_mffanart]</imagepath>
					<fadetime>FanartCrossFadeTime</fadetime>
				</control>
				<control type="multiimage">
					<posx>6</posx>
					<posy>115</posy>
					<width>444</width>
					<height>250</height>
					<timeperimage>5000</timeperimage>
					<randomize>true</randomize>
					<aspectratio>keep</aspectratio>
					<imagepath background="true">$INFO[Window(Visualisation).Property(ArtistSlideshow)]</imagepath>
					<fadetime>FanartCrossFadeTime</fadetime>
				</control>
				<control type="image">
					<!-- Logo -->
					<posx>6</posx>
					<posy>122</posy>
					<width>110</width>
					<height>60</height>
					<aspectratio align="left" aligny="top">keep</aspectratio>
					<texture background="true">$INFO[Skin.String(CustomMusicLogoPath)]$INFO[MusicPlayer.Artist,,/logo.png]</texture>
					<fadetime>FanartCrossFadeTime</fadetime>
				</control>
				<control type="image">
					<!-- Thumb -->
					<posx>1042</posx>
					<posy>115</posy>
					<width>165</width>
					<height>250</height>
					<aspectratio align="left" aligny="center">keep</aspectratio>
					<texture fallback="DefaultVideoPoster.png" background="true">$VAR[value_mfposter]</texture>
					<bordertexture border="-29">posterframe.png</bordertexture>
					<fadetime>FanartCrossFadeTime</fadetime>
				</control>
				<control type="label">
					<!-- Titulo -->
					<posx>471</posx>
					<posy>105</posy>
					<width>549</width>
					<height>30</height>
					<align>left</align>
					<font>Font_24</font>
					<textcolor>$VAR[value_headercolor]</textcolor>
					<label>$VAR[value_mftitle]</label>
					<scroll>true</scroll>
					<scrollout>false</scrollout>
				</control>
				<control type="label">
					<!-- Subtitulo -->
					<posx>471</posx>
					<posy>131</posy>
					<width>549</width>
					<height>20</height>
					<align>left</align>
					<font>Font_19</font>
					<textcolor>FFFFFAF0</textcolor>
					<label>$VAR[value_mfsubtitle]</label>
					<scroll>true</scroll>
					<scrollout>false</scrollout>
				</control>
				<control type="grouplist">
					<!-- Etiquetas -->
					<posx>480</posx>
					<posy>150</posy>
					<orientation>horizontal</orientation>
					<itemgap>3</itemgap>
					<control type="image">
						<!-- Music Star -->
						<width>80</width>
						<height>40</height>
						<align>center</align>
						<aligny>center</aligny>
						<aspectratio>keep</aspectratio>
						<texture fallback="rating0.png">$INFO[Player.StarRating]</texture>
						<colordiffuse>$VAR[value_headercolor]</colordiffuse>
						<fadetime>FanartCrossFadeTime</fadetime>
					</control>
					<control type="label">
						<include>HomeFlagSeparator</include>
					</control>
					<control type="image">
						<!-- Codec -->
						<width>60</width>
						<height>40</height>
						<aspectratio>keep</aspectratio>
						<colordiffuse>E4101010</colordiffuse>
						<fadetime>FanartCrossFadeTime</fadetime>
						<texture>$INFO[MusicPlayer.Codec,flags/audiocodec/,.png]</texture>
						<visible>!IsEmpty(MusicPlayer.Codec)</visible>
					</control>
					<control type="label">
						<include>HomeFlagSeparator</include>
						<visible>!IsEmpty(MusicPlayer.Codec)</visible>
					</control>
					<control type="label">
						<width>210</width>
						<include>HomeFlagLabel</include>
						<label>$INFO[MusicPlayer.SampleRate,,KHZ][COLOR=50101010] | [/COLOR]$INFO[MusicPlayer.BitRate,,Kbps][COLOR=50101010] | [/COLOR]$INFO[MusicPlayer.BitsPerSample,,Bits]</label>
					</control>	
					<control type="label">
						<include>HomeFlagSeparator</include>
					</control>
					<control type="label">
						<!-- Duracao-->
						<width>120</width>
						<include>HomeFlagLabel</include>
						<label>$INFO[MusicPlayer.Time] / $INFO[MusicPlayer.Duration]</label>
						<scroll>true</scroll>
					</control>
				</control>
				<control type="label">
					<!-- Genero -->
					<posx>472</posx>
					<posy>185</posy>
					<width>547</width>
					<height>20</height>
					<align>left</align>
					<textcolor>FFFFFAF0</textcolor>
					<font>Font_16</font>
					<label>$VAR[value_mfgenre]</label>
					<scroll>true</scroll>
					<scrollout>false</scrollout>
				</control>
				<control type="progress">
					<posx>471</posx>
					<posy>209</posy>
					<width>549</width>
					<height>3</height>
					<aspectratio>stretch</aspectratio>
					<info>Player.Progress</info>
					<include>Animation_Fade</include>
				</control>
				<control type="textbox">
					<!-- Plot -->
					<posx>471</posx>
					<posy>219</posy>
					<width>549</width>
					<height>152</height>
					<align>justify</align>
					<font>Font_17</font>
					<textcolor>FFFFFAF0</textcolor>
					<label>$VAR[value_mfplot]</label>
					<autoscroll delay="20000" time="6000" repeat="20000">!Skin.HasSetting(noallowscroll)</autoscroll>
				</control>
			</control>
		</control>
		<include>BGBlack</include>
	</controls>
</window>