<window id="2">
	<defaultcontrol>51</defaultcontrol>
	<onunload condition="Skin.HasSetting(kioskcode)">Skin.Reset($INFO[skin.string(custom_code)])</onunload>
	<allowoverlay>no</allowoverlay>
	<views>51,79</views>
	<controls>
		<control type="image">
			<!-- Fanart -->
			<include>WindowBG</include>
			<aspectratio>keep</aspectratio>
			<texture fallback="special://skin/backgrounds/pictures.jpg" background="true">$INFO[ListItem.filenameandpath]</texture>
		</control>
		<control type="group">
			<!-- default group -->
			<include>Animation_Window</include>

			<control type="image" id="105">
				<include>InvisibleButton</include>
				<visible>Control.HasFocus(79) + ![Container(79).OnNext | Container(79).OnPrevious]</visible>
				<animation effect="fade" start="0" end="100" time="150" delay="5000">Visible</animation>
			</control>
			<control type="button" id="9900">
				<!-- to menu/kiosk condition -->
				<include>InvisibleButton</include>
				<onfocus condition="![Skin.HasSetting(kiosk) | Skin.HasSetting(kiosksmart) + !SubString(skin.string(codestep),step3)]">SetFocus(9300)</onfocus>
				<onfocus condition="Skin.HasSetting(kiosksmart) + !SubString(skin.string(codestep),step3)">SetFocus(9100)</onfocus>
				<onfocus condition="Skin.HasSetting(kiosk) + IsEmpty(ListItem.Trailer)">SetFocus(50)</onfocus>
				<onfocus condition="Skin.HasSetting(kiosk) + !IsEmpty(ListItem.Trailer)">SetFocus(90000)</onfocus>
			</control>
			<control type="button" id="9910">
				<!-- panel focus -->
				<include>InvisibleButton</include>
				<onleft>SetFocus(50)</onleft>
				<onright>SetFocus(50)</onright>
				<onup>SetFocus(9900)</onup>
				<ondown>SetFocus(50)</ondown>
			</control>
			<control type="button" id="9920">
				<!-- hidden colection/view fanart -->
				<include>InvisibleButton</include>
				<onleft>SetFocus(50)</onleft>
				<onright>SetFocus(50)</onright>
				<onup>SetFocus(50)</onup>
				<ondown>SetFocus(50)</ondown>
			</control>
			<control type="image">
				<!-- Barra das etiquetas -->
				<posx>0</posx>
				<posy>570</posy>
				<width>1280</width>
				<height>150</height>
				<colordiffuse>$VAR[value_flagsbar]</colordiffuse>
				<texture>shadow_mask.png</texture>
				<visible>!Control.IsVisible(79)</visible>
			</control>
			<control type="image">
				<posx>0</posx>
				<posy>650</posy>
				<height>42</height>
				<width>1280</width>
				<texture>gradient_small.png</texture>
			</control>

			<!-- ViewTypes -->
			<include>ViewWide</include>
			<!-- 51 -->
			<include>ViewPhotoShow</include>
			<!-- 79 -->

			<!-- Furniture -->
			<include>TouchScreen</include>
			<include>ScrollLabel</include>
			<include>MultiData</include>
			<include>TopMenu_Pics</include>	
			<include>BGBlack</include>
		</control>
	</controls>
</window>