<window>
	<defaultcontrol>13</defaultcontrol>
	<!-- <defaultcontrol always="true">50</defaultcontrol> -->
	<onunload condition="Skin.HasSetting(kioskcode)">Skin.Reset($INFO[skin.string(custom_code)])</onunload>
	<allowoverlay>no</allowoverlay>
	<!--<views>50</views>-->
	<views>13</views>
	<controls>
		<control type="image">
			<include>WindowBG</include>
			<texture fallback="special://skin/backgrounds/livetv.jpg" background="true">$INFO[skin.string(livetv.bg)]</texture>
		</control>
		<control type="group">
			<!-- Visualizacao de fundo -->
			<animation effect="fade" reversible="true" time="300">VisibleChange</animation>
			<control type="image">
				<posx>0</posx>
				<posy>0</posy>
				<width>1280</width>
				<height>720</height>
				<texture>black.png</texture>
				<colordiffuse>C3FFFFFF</colordiffuse>
				<include>Animation_Fade</include>
				<visible>Player.HasMedia</visible>
			</control>
			<control type="videowindow">
				<posx>0</posx>
				<posy>0</posy>
				<width>1280</width>
				<height>720</height>
				<visible>Player.HasVideo</visible>
				<animation effect="slide" start="0,0" end="-2000,0" time="0">WindowClose</animation>
			</control>
			<control type="visualisation">
				<posx>0</posx>
				<posy>0</posy>
				<width>1280</width>
				<height>720</height>
				<visible>Player.HasAudio</visible>
				<animation effect="slide" start="0,0" end="-2000,0" time="0">WindowClose</animation>
			</control>
		</control>

		<control type="group">
			<!-- default group -->
			<include>Animation_Window</include>
			<visible>![Window.IsActive(PVRGuideInfo) | Window.IsActive(PVRRecordingInfo) | Window.IsActive(PVRGuideSearch) | Window.IsActive(PVRTimerSetting)]</visible>

			<control type="button" id="9900">
				<!-- to menu/kiosk condition -->
				<include>InvisibleButton</include>
				<onfocus condition="![Skin.HasSetting(kiosk) | Skin.HasSetting(kiosksmart) + !SubString(skin.string(codestep),step3)]">SetFocus(9000)</onfocus>
				<onfocus condition="Skin.HasSetting(kiosksmart) + !SubString(skin.string(codestep),step3)">SetFocus(9100)</onfocus>
			</control>
			<control type="button" id="9920">
				<!-- hidden colection/view fanart -->
				<include>InvisibleButton</include>
				<onleft>SetFocus(11)</onleft>
				<onright>SetFocus(11)</onright>
				<onup>SetFocus(11)</onup>
				<ondown>SetFocus(11)</ondown>
			</control>

			<!-- Recording/Time -->
			<control type="group">
				<animation effect="slide" start="0,-70" end="0,0" time="500" delay="1000" easing="inout" tween="cubic">WindowOpen</animation>
				<animation effect="slide" start="0,-70" end="0,0" time="500" delay="1000" easing="inout" tween="cubic">Visible</animation>
				<animation effect="slide" start="0,0" end="0,-70" time="300" easing="inout" tween="cubic">WindowClose</animation>
				<animation effect="slide" start="0,0" end="0,-70" time="300" easing="inout" tween="cubic">Hidden</animation>
				<animation effect="slide" start="0,0" end="300,0" time="0" easing="in" tween="cubic" condition="Control.IsVisible(11) | Control.IsVisible(12)">Conditional</animation>
				<visible>[PVR.IsRecording | PVR.HasNonRecordingTimer] + ![Player.HasMedia | Control.HasFocus(9920) | ControlGroup(9000).HasFocus]</visible>
				<control type="image">
					<posx>0</posx>
					<posy>31</posy>
					<width>1280</width>
					<height>30</height>
					<texture flipy="true">shadow_h.png</texture>
					<colordiffuse>C3FFFFFF</colordiffuse>
				</control>
				<control type="image">
					<posx>0</posx>
					<posy>-4</posy>
					<height>33</height>
					<width>1280</width>
					<aligny>top</aligny>
					<texture>darkgrey.png</texture>
					<colordiffuse>$VAR[value_texturecolor]</colordiffuse>
					<include>Animation_HomeGlass</include>
				</control>
				<control type="image">
					<posx>0</posx>
					<posy>-4</posy>
					<height>35</height>
					<width>1280</width>
					<aligny>top</aligny>
					<texture>darkgrey.png</texture>
					<colordiffuse>$VAR[value_texturecolor]</colordiffuse>
					<include>Animation_HomeGlass</include>
				</control>
				<control type="image">
					<posx>20</posx>
					<posy>6</posy>
					<width>15</width>
					<height>15</height>
					<aspectratio>stretch</aspectratio>
					<texture>pvr_hastimer.png</texture>
					<visible>PVR.HasNonRecordingTimer</visible>
				</control>
				<control type="image">
					<posx>20</posx>
					<posy>6</posy>
					<width>15</width>
					<height>15</height>
					<aspectratio>stretch</aspectratio>
					<texture>pvr_isrecording.png</texture>
					<visible>PVR.IsRecording</visible>
				</control>
				<control type="label">
					<posx>50</posx>
					<posy>4</posy>
					<width>880</width>
					<height>35</height>
					<align>left</align>
					<font>Font_16</font>
					<textcolor>FFFFFAF0</textcolor>
					<label>$VAR[value_pvrstatus]</label>
					<scroll>true</scroll>
					<visible>![Control.IsVisible(11) | Control.IsVisible(12)]</visible>
				</control>
				<control type="label">
					<posx>50</posx>
					<posy>4</posy>
					<width>1230</width>
					<height>35</height>
					<align>left</align>
					<font>Font_16</font>
					<textcolor>FFFFFAF0</textcolor>
					<label>$VAR[value_pvrstatus]</label>
					<scroll>true</scroll>
					<visible>Control.IsVisible(11) | Control.IsVisible(12)</visible>
				</control>
			</control>

			<control type="group">
				<!-- Mobilia -->
				<visible>Control.IsVisible(11) | Control.IsVisible(12)</visible>
				<animation effect="slide" time="400" start="0,0" end="0,400" easing="in" tween="cubic" condition="Player.HasMedia + System.IdleTime(8) | Control.HasFocus(9920)">Conditional</animation>
				<control type="image">
					<posx>300</posx>
					<posy>387</posy>
					<width>980</width>
					<height>30</height>
					<texture>shadow_h.png</texture>
					<colordiffuse>C3FFFFFF</colordiffuse>
				</control>
				<control type="image">
					<posx>300</posx>
					<posy>664</posy>
					<width>980</width>
					<height>30</height>
					<texture flipy="true">shadow_h.png</texture>
					<colordiffuse>C3FFFFFF</colordiffuse>
				</control>
				<control type="image">
					<posx>300</posx>
					<posy>416</posy>
					<width>980</width>
					<height>249</height>
					<texture>darkgrey.png</texture>
					<colordiffuse>$VAR[value_texturecolor]</colordiffuse>
					<animation effect="fade" end="85" condition="true">Conditional</animation>
				</control>
				<control type="image">
					<posx>348</posx>
					<posy>428</posy>
					<width>225</width>
					<height>225</height>
					<texture fallback="DefaultAudioCover.png" background="true">$INFO[Container(11).ListItem.Icon]</texture>
					<bordertexture border="-25">musicframe.png</bordertexture>
					<fadetime>FanartCrossFadeTime</fadetime>
					<aspectratio>keep</aspectratio>
					<visible>Control.IsVisible(11)</visible>
				</control>
				<control type="image">
					<posx>348</posx>
					<posy>428</posy>
					<width>225</width>
					<height>225</height>
					<texture fallback="DefaultAudioCover.png" background="true">$INFO[Container(12).ListItem.Icon]</texture>
					<bordertexture border="-25">musicframe.png</bordertexture>
					<fadetime>FanartCrossFadeTime</fadetime>
					<aspectratio>keep</aspectratio>
					<visible>Control.IsVisible(12)</visible>
				</control>
				<control type="label">
					<!-- Nome do canal -->
					<posx>615</posx>
					<posy>420</posy>
					<width>625</width>
					<height>20</height>
					<textcolor>$VAR[value_headercolor]</textcolor>
					<font>Font_23</font>
					<label>$INFO[ListItem.Label]</label>
					<scroll>true</scroll>
				</control>
				<control type="label">
					<!-- Nome do programa -->
					<posx>615</posx>
					<posy>445</posy>
					<width>625</width>
					<height>20</height>
					<textcolor>FFFFFAF0</textcolor>
					<font>Font_17</font>
					<label>$INFO[ListItem.Title]</label>
					<scroll>true</scroll>
				</control>
				<control type="image">
					<posx>615</posx>
					<posy>468</posy>
					<width>625</width>
					<height>2</height>
					<align>left</align>
					<texture flipx="true">divider.png</texture>
				</control>
				<control type="label">
					<!-- Genero -->
					<posx>615</posx>
					<posy>470</posy>
					<width>625</width>
					<height>20</height>
					<align>left</align>
					<textcolor>FFFFFAF0</textcolor>
					<font>Font_17</font>
					<label>$INFO[ListItem.Genre]</label>
					<scroll>true</scroll>
				</control>
				<control type="image">
					<posx>615</posx>
					<posy>493</posy>
					<width>625</width>
					<height>2</height>
					<align>left</align>
					<texture flipx="true">divider.png</texture>
				</control>
				<control type="label">
					<posx>615</posx>
					<posy>496</posy>
					<width>160</width>
					<height>20</height>
					<font>Font_17</font>
					<textcolor>FFFFFAF0</textcolor>>
				<label>$INFO[ListItem.StartTime]$INFO[ListItem.EndTime, / ]</label>
				<animation effect="fade" reversible="true" time="300">VisibleChange</animation>
			</control>	
			<control type="progress">
				<posx>615</posx>
				<posy>520</posy>
				<width>625</width>
				<height>5</height>
				<info>ListItem.Progress</info>
				<animation effect="fade" end="90" condition="true">Conditional</animation>
				<animation effect="fade" reversible="true" time="300">VisibleChange</animation>
				<visible>ListItem.HasEpg</visible>
			</control>
			<control type="textbox">
				<posx>615</posx>
				<posy>525</posy>
				<width>625</width>
				<height>135</height>
				<textcolor>FFFFFAF0</textcolor>
				<font>Font_17</font>
				<label>$INFO[ListItem.Plot]</label>
				<autoscroll delay="15000" time="3000" repeat="15000">!Skin.HasSetting(noallowscroll)</autoscroll>
				<animation effect="fade" reversible="true" time="300">VisibleChange</animation>
			</control>

			<control type="group">
				<!-- Controles -->
				<visible>Player.HasMedia</visible>
				<animation effect="slide" start="1280,0" end="0,0" time="500" delay="1000" tween="sine" easing="out">WindowOpen</animation>
				<animation effect="slide" start="1280,0" end="0,0" time="500" delay="1000" tween="sine" easing="out">Visible</animation>
				<animation effect="slide" start="0,0" end="1280,0" time="500" delay="1000" tween="sine" easing="out">Hidden</animation>
				<control type="image">
					<posx>1025</posx>
					<posy>385</posy>
					<width>500</width>
					<height>33</height>
					<texture>statuswidget.png</texture>
					<colordiffuse>$VAR[value_texturecolor]</colordiffuse>
					<include>Animation_HomeGlass</include>
				</control>
				<control type="list" id="600">
					<posx>1050</posx>
					<posy>370</posy>
					<height>200</height>
					<width>400</width>
					<ondown>11</ondown>
					<onup>9900</onup>
					<onleft>600</onleft>
					<onright>600</onright>
					<viewtype>list</viewtype>
					<align>right</align>
					<orientation>horizontal</orientation>
					<scrolltime>200</scrolltime>
					<focusposition>0</focusposition>
					<itemlayout width="31" height="40">
						<control type="image">
							<posy>22</posy>
							<width>24</width>
							<height>24</height>
							<info>ListItem.Icon</info>
							<colordiffuse>50FFFAF0</colordiffuse>
							<include>Animation_Fade</include>
						</control>
					</itemlayout>
					<focusedlayout width="31" height="40">
						<control type="image">
							<posy>22</posy>
							<width>24</width>
							<height>24</height>
							<info>ListItem.Icon</info>
							<colordiffuse>50FFFAF0</colordiffuse>
							<include>Animation_Fade</include>
							<visible>!Control.HasFocus(600)</visible>
						</control>
						<control type="image">
							<posy>22</posy>
							<width>24</width>
							<height>24</height>
							<info>ListItem.Icon</info>
							<colordiffuse>FFFFFAF0</colordiffuse>
							<include>Animation_Fade</include>
							<visible>Control.HasFocus(600)</visible>
						</control>
					</focusedlayout>
					<content>
						<item id="1">
							<!-- play DVD -->
							<label>-</label>
							<icon>osd_menu_play_square.png</icon>
							<onclick>PlayDVD</onclick>
							<visible>System.HasMediaDVD + ![Player.Playing | Player.Paused | Player.Forwarding | Player.Rewinding]</visible>
						</item>
						<item id="2">
							<!-- pause -->
							<label>-</label>
							<icon>osd_menu_pause_square.png</icon>
							<onclick>PlayerControl(Play)</onclick>
							<visible>!Player.Paused</visible>
						</item>
						<item id="3">
							<!-- play -->
							<label>-</label>
							<icon>osd_menu_play_square.png</icon>
							<onclick>PlayerControl(Play)</onclick>
							<visible>Player.Paused</visible>
						</item>
						<item id="5">
							<!-- stop -->
							<label>-</label>
							<icon>osd_menu_stop_square.png</icon>
							<onclick>PlayerControl(Stop)</onclick>
						</item>
						<item id="6">
							<!-- skipbwd -->
							<label>-</label>
							<icon>osd_menu_skipbwd_square.png</icon>
							<onclick>PlayerControl(Previous)</onclick>
							<visible>!VideoPlayer.Content(LiveTV)</visible>
						</item>
						<item id="6">
							<!-- - canal -->
							<label>-</label>
							<icon>osd_menu_skipbwd_channeldown.png</icon>
							<onclick>PlayerControl(Previous)</onclick>
							<visible>VideoPlayer.Content(LiveTV)</visible>
						</item>
						<item id="7">
							<!-- rew -->
							<label>-</label>
							<icon>osd_menu_rew_square.png</icon>
							<onclick>PlayerControl(Rewind)</onclick>
						</item>
						<item id="8">
							<!-- ff -->
							<label>-</label>
							<icon>osd_menu_ff_square.png</icon>
							<onclick>PlayerControl(Forward)</onclick>
						</item>
						<item id="9">
							<!-- skipfwd -->
							<label>-</label>
							<icon>osd_menu_skipfwd_square.png</icon>
							<onclick>PlayerControl(Next)</onclick>
							<visible>!VideoPlayer.Content(LiveTV)</visible>
						</item>
						<item id="9">
							<!-- + canal -->
							<label>-</label>
							<icon>osd_menu_skipfwd_channelup.png</icon>
							<onclick>PlayerControl(Next)</onclick>
							<visible>VideoPlayer.Content(LiveTV)</visible>
						</item>
						<item id="12">
							<!-- go to fullscreen -->
							<label>-</label>
							<icon>osd_menu_fullscreen_square.png</icon>
							<onclick>fullscreen</onclick>
						</item>
					</content>
				</control>
			</control>
			<control type="label" id="29">
				<description>Current Category</description>
				<include>InvisibleButton</include>
				<visible>false</visible>
			</control>
			<control type="label" id="30">
				<description>Current Sub Category</description>
				<include>InvisibleButton</include>
				<visible>false</visible>
			</control>
			<include>HomeVRSS</include>
		</control>

		<!-- Old ViewLiveTVRecordings -->
		<control type="group">
			<!-- Grupo ocultar flags ou fanart -->
			<posy>30</posy>
			<visible>Control.IsVisible(13)</visible>
			<include>Animation_HiddenView</include>
			<control type="image">
				<!-- Barra das etiquetas -->
				<posx>0</posx>
				<posy>610</posy>
				<width>1280</width>
				<height>82</height>
				<colordiffuse>$VAR[value_flagsbar]</colordiffuse>
				<texture>shadow_mask.png</texture>
			</control>
			<control type="group">
				<animation effect="slide" start="0,300" end="0,0"  time="500" tween="sine" easing="out">WindowOpen</animation>
				<animation effect="slide" start="0,300" end="0,0"  time="500" tween="sine" easing="out">Visible</animation>
				<animation effect="fade" start="100" end="0" time="200">Hidden</animation>
				<visible>!Skin.HasSetting(nomediaflags)</visible>
				<control type="grouplist">
					<!-- Etiquetas -->
					<posx>20</posx>
					<posy>651</posy>
					<orientation>horizontal</orientation>
					<itemgap>26</itemgap>
					<control type="image">
						<!-- Mpaa -->
						<include>FlagImage</include>
						<texture>$VAR[value_mpaa]</texture>
						<visible>!IsEmpty(ListItem.Mpaa)</visible>
					</control>
					<control type="image">
						<include>FlagSeparator</include>
						<visible>!IsEmpty(ListItem.Mpaa)</visible>
					</control>
					<control type="group">
						<!-- Rating -->
						<visible>!IsEmpty(ListItem.Rating)</visible>
						<control type="image">
							<posx>5</posx>
							<include>FlagImage</include>
							<texture>flags/rating.png</texture>
						</control>
						<control type="label">
							<posx>13</posx>
							<posy>1.5</posy>
							<width>89</width>
							<height>50</height>
							<align>center</align>
							<aligny>center</aligny>
							<font>Font_20B</font>
							<textcolor>$VAR[value_flagscolor]</textcolor>
							<fadetime>FanartCrossFadeTime</fadetime>
							<label>$INFO[ListItem.Rating]</label>
						</control>
						<control type="image">
							<posx>125</posx>
							<include>FlagSeparator</include>
						</control>
					</control>
					<control type="image">
						<!-- Codec -->
						<include>FlagImage</include>
						<texture>$VAR[value_videocodec]</texture>
						<visible>!IsEmpty(ListItem.VideoCodec)</visible>
					</control>
					<control type="image">
						<include>FlagSeparator</include>
						<visible>!IsEmpty(ListItem.VideoCodec)</visible>
					</control>
					<control type="image">
						<!-- Resolution -->
						<include>FlagImage</include>
						<texture>$INFO[ListItem.VideoResolution,flags/resolution/,.png]</texture>
						<visible>!IsEmpty(ListItem.VideoResolution)</visible>
					</control>
					<control type="image">
						<include>FlagSeparator</include>
						<visible>!IsEmpty(ListItem.VideoResolution)</visible>
					</control>
					<control type="image">
						<!-- Aspect -->
						<include>FlagImage</include>
						<texture>$INFO[ListItem.VideoAspect,flags/aspectratio/,.png]</texture>
						<visible>!IsEmpty(ListItem.VideoAspect)</visible>
					</control>
					<control type="image">
						<include>FlagSeparator</include>
						<visible>!IsEmpty(ListItem.VideoAspect)</visible>
					</control>
					<control type="image">
						<!-- Audio Codec -->
						<include>FlagImage</include>
						<texture>$INFO[ListItem.AudioCodec,flags/audiocodec/,.png]</texture>
						<visible>!IsEmpty(ListItem.AudioCodec)</visible>
					</control>
					<control type="image">
						<include>FlagSeparator</include>
						<visible>!IsEmpty(ListItem.AudioCodec)</visible>
					</control>
					<control type="image">
						<!-- Channels -->
						<include>FlagImage</include>
						<texture>$INFO[ListItem.AudioChannels,flags/audiochannels/,ch.png]</texture>
						<visible>!IsEmpty(ListItem.AudioChannels)</visible>
					</control>
					<control type="image">
						<include>FlagSeparator</include>
						<visible>!IsEmpty(ListItem.AudioChannels)</visible>
					</control>
					<control type="image">
						<!-- Trailer -->
						<include>FlagImage</include>
						<texture>flags/trailer.png</texture>
						<visible>!IsEmpty(ListItem.Trailer)</visible>
					</control>
					<control type="image">
						<include>FlagSeparator</include>
						<visible>!IsEmpty(ListItem.Trailer) + !StringCompare(ListItem.PercentPlayed,0)</visible>
					</control>
					<control type="group">
						<!-- % Played -->
						<visible>!StringCompare(ListItem.PercentPlayed,0)</visible>
						<control type="image">
							<include>FlagImage</include>
							<texture>flags/percentplayed.png</texture>
						</control>
						<control type="label">
							<posx>12</posx>
							<posy>1.5</posy>
							<width>89</width>
							<height>50</height>
							<align>center</align>
							<aligny>center</aligny>
							<font>Font_20B</font>
							<textcolor>$VAR[value_flagscolor]</textcolor>
							<fadetime>FanartCrossFadeTime</fadetime>
							<label>$INFO[ListItem.PercentPlayed]%</label>
						</control>
					</control>
				</control>
				<control type="image">
					<posx>0</posx>
					<posy>650</posy>
					<height>42</height>
					<width>1280</width>
					<texture>gradient_small.png</texture>
				</control>
			</control>
			<control type="group">
				<!-- default group -->
				<animation effect="fade" time="400">VisibleChange</animation>
				<visible>Control.IsVisible(13)</visible>
				<control type="group">
					<animation effect="slide" time="500" start="-800,0" end="0,0" tween="cubic" easing="out">WindowOpen</animation>
					<animation effect="slide" time="500" start="-800,0" end="0,0" tween="cubic" easing="out">Visible</animation>
					<animation effect="fade" time="200" start="100" end="0">Hidden</animation>
					<control type="image">
						<posx>0</posx>
						<posy>36</posy>
						<width>640</width>
						<height>30</height>
						<texture>shadow_h.png</texture>
						<colordiffuse>C3FFFFFF</colordiffuse>
					</control>
					<control type="image">
						<posx>0</posx>
						<posy>650</posy>
						<width>1280</width>
						<height>30</height>
						<texture flipy="true">shadow_h.png</texture>
						<colordiffuse>C3FFFFFF</colordiffuse>
					</control>
					<control type="image">
						<posx>0</posx>
						<posy>65</posy>
						<width>640</width>
						<height>585</height>
						<texture>darkgrey.png</texture>
						<colordiffuse>$VAR[value_texturecolor]</colordiffuse>
						<animation effect="fade" end="95" condition="true">Conditional</animation>
					</control>
					<control type="image">
						<posx>430</posx>
						<posy>65</posy>
						<width>160</width>
						<height>584</height>
						<texture>grey.png</texture>
						<colordiffuse>20FFFFFF</colordiffuse>
					</control>
					<control type="button" id="562">
						<include>InvisibleButton</include>
						<onright>9920</onright>
						<onleft>51</onleft>
						<onup>51</onup>
						<ondown>51</ondown>
					</control>
					<visible>Control.IsVisible(13)</visible>	
					<control type="list" id="13">
						<viewtype label="31813">list</viewtype>
						<posx>0</posx>
						<posy>65</posy>
						<width>640</width>
						<height>584</height>
						<pagecontrol>73</pagecontrol>
						<onleft>32</onleft> <!-- 73 -->
						<onright>562</onright>
						<orientation>vertical</orientation>
						<scrolltime>450</scrolltime>
						<preloaditems>2</preloaditems>
						<itemlayout height="40">
							<control type="image">
								<posx>0</posx>
								<posy>0</posy>
								<width>739</width>
								<height>1</height>
								<texture>line.png</texture>
							</control>
							<control type="label">
								<posx>45</posx>
								<posy>1</posy>
								<width>370</width>
								<height>40</height>
								<font>Font_22</font>
								<aligny>center</aligny>
								<include>listcolor</include>
								<label>$INFO[ListItem.Label]</label>
							</control>
							<control type="label">
								<posx>520</posx>
								<posy>0</posy>
								<width>145</width>
								<height>40</height>
								<font>Font_16</font>
								<align>center</align>
								<aligny>center</aligny>
								<include>detailcolor</include>
								<label>$INFO[ListItem.Date]</label>
							</control>
							<control type="image">
								<posx>580</posx>
								<posy>2</posy>
								<width>80</width>
								<height>37</height>
								<info>ListItem.Overlay</info>
								<visible>!Skin.HasSetting(nooverlays)</visible>
							</control>
						</itemlayout>
						<focusedlayout height="40">
							<control type="image">
								<posx>0</posx>
								<posy>0</posy>
								<width>640</width>
								<height>40</height>
								<texture>settings_button_focus.png</texture>
								<animation effect="fade" start="100" end="30" time="0" condition="!Control.Hasfocus(13)">conditional</animation>
							</control>
							<control type="label">
								<posx>45</posx>
								<posy>1</posy>
								<width>370</width>
								<height>40</height>
								<font>Font_22</font>
								<aligny>center</aligny>
								<include>listcolorfocus</include>
								<label>$INFO[ListItem.Label]</label>
							</control>
							<control type="label">
								<posx>510</posx>
								<posy>0</posy>
								<width>150</width>
								<height>40</height>
								<font>Font_16</font>
								<align>center</align>
								<aligny>center</aligny>
								<include>detailcolorfocus</include>
								<label>$INFO[ListItem.Date]</label>
							</control>
							<control type="image">
								<posx>580</posx>
								<posy>2</posy>
								<width>80</width>
								<height>37</height>
								<info>ListItem.Overlay</info>
								<visible>!Skin.HasSetting(nooverlays)</visible>
							</control>
						</focusedlayout>
					</control>
				</control>
				<control type="group">
					<!-- Grupo da direita -->
					<posx>640</posx>
					<posy>0</posy>
					<animation effect="slide" time="1000" start="600,0" end="0,0" tween="cubic" easing="out">WindowOpen</animation>
					<animation effect="slide" time="1000" start="600,0" end="0,0" tween="cubic" easing="out">Visible</animation>
					<animation effect="fade" time="400" start="100" end="0">Hidden</animation>
					<visible>Control.IsVisible(13)</visible>
					<control type="image">
						<posx>-29</posx>
						<posy>-70</posy>
						<width>30</width>
						<height>720</height>
						<texture flipx="true">shadow.png</texture>
						<colordiffuse>C3FFFFFF</colordiffuse>
					</control>
					<control type="image">
						<posx>0</posx>
						<posy>-70</posy>
						<width>640</width>
						<height>720</height>
						<texture>darkgrey.png</texture>
						<colordiffuse>$VAR[value_texturecolor]</colordiffuse>
						<animation effect="fade" end="85" condition="true">Conditional</animation>
					</control>
					<control type="image">
						<posx>0</posx>
						<posy>396</posy>
						<width>640</width>
						<height>254</height>
						<texture>darkgrey.png</texture>
						<colordiffuse>$VAR[value_texturecolor]</colordiffuse>
						<animation effect="fade" end="85" condition="true">Conditional</animation>
						<include>Animation_Fade</include>
						<visible>!Control.HasFocus(562)</visible>
					</control>
					<control type="image">
						<posx>0</posx>
						<posy>-70</posy>
						<width>640</width>
						<height>720</height>
						<texture>black.png</texture>
						<colordiffuse>75FFFFFF</colordiffuse>
						<include>Animation_Fade</include>
						<visible>Control.HasFocus(562)</visible>
					</control>
					<control type="group">
						<!-- Grupo das artes -->
						<animation effect="slide" start="0,0" end="700,0" time="400" easing="inout" tween="cubic" condition="Control.HasFocus(9920) | Window.IsVisible(PVRRecordingInfo)">Conditional</animation>
						<control type="group">
							<!-- VIDEOS -->
							<include>Animation_Fade</include>
							<control type="image">
								<!-- reflexo -->
								<posx>20</posx>
								<posy>401</posy>
								<width>600</width>
								<height>367</height>
								<fadetime>FanartCrossFadeTime</fadetime>
								<aspectratio align="center" aligny="top">keep</aspectratio>
								<texture flipy="true" fallback="special://skin/backgrounds/default.jpg" diffuse="thumb_reflect.png" background="true">$INFO[ListItem.Icon]</texture>
								<bordertexture flipy="true" diffuse="thumb_reflect.png" border="-2">black.png</bordertexture>
							</control>
							<control type="image">
								<!-- miniatura -->
								<posx>20</posx>
								<posy>30</posy>
								<width>600</width>
								<height>367</height>
								<fadetime>FanartCrossFadeTime</fadetime>
								<aspectratio align="center" aligny="bottom">keep</aspectratio>
								<texture fallback="special://skin/backgrounds/default.jpg" background="true">$INFO[ListItem.Icon]</texture>
								<bordertexture border="-2">black.png</bordertexture>
							</control>
						</control>
						<control type="textbox">
							<posx>20</posx>
							<posy>410</posy>
							<width>600</width>
							<height>235</height>
							<label>$INFO[ListItem.Plot]</label>
							<textcolor>FFFFFAF0</textcolor>
							<font>Font_16</font>
							<autoscroll delay="20000" time="3000" repeat="20000">!Skin.HasSetting(noallowscroll)</autoscroll>
						</control>
						<control type="image">
							<posx>0</posx>
							<posy>573</posy>
							<width>640</width>
							<height>77</height>
							<texture>gradient_small.png</texture>
						</control>	
						<control type="scrollbar" id="73">
							<include>ScrollBar_Vertical</include>
							<posx>5</posx>
							<posy>68</posy>
							<height>580</height>
							<onleft>9900</onleft>
							<onright>13</onright>
							<include>Animation_Fade</include>
							<visible allowhiddenfocus="true">Control.IsVisible(13) + Control.HasFocus(73)</visible>
						</control>
					</control>
				</control>
			</control>
		</control>

		<!-- Furniture -->
		<include>TouchScreen</include>
		<include>TopMenu_PVRNew</include>
		<include>BGBlack</include>
	</control>
</controls>
</window>
