<window id="3002">
	<defaultcontrol always="true">450</defaultcontrol>
	<allowoverlay>no</allowoverlay>
	<coordinates>
		<system>1</system>
		<posx>0</posx>
		<posy>0</posy>
	</coordinates>
	<controls>
		<control type="image">
			<include>WindowBG</include>
			<texture fallback="special://skin/backgrounds/settings.jpg" background="true">$VAR[value_mainmenubg_settings]</texture>
		</control>
		<control type="group">
			<!-- default group -->
			<animation effect="slide" start="0,0" end="700,0" time="400" tween="quadratic" easing="out" condition="Window.IsVisible(FileBrowser)">conditional</animation>
			<include>Animation_Window</include>
			<control type="group">
				<!-- right group -->
				<posx>50</posx>
				<animation effect="slide" start="600,0" end="0,0" time="1000" tween="cubic" easing="out">WindowOpen</animation>
				<animation effect="slide" start="0,0" end="600,0" time="1000" tween="cubic" easing="out">WindowClose</animation>
				<animation effect="slide" start="800,0" end="0,0" time="1000" tween="cubic" easing="out">Visible</animation>
				<animation effect="fade" start="100" end="0" time="400">Hidden</animation>
				<control type="image">
					<posx>805</posx>
					<posy>46</posy>
					<width>425</width>
					<height>30</height>
					<texture>shadow_h.png</texture>
					<colordiffuse>C3FFFFFF</colordiffuse>
				</control>
				<control type="image">
					<posx>805</posx>
					<posy>75</posy>
					<width>425</width>
					<height>645</height>
					<texture>darkgrey.png</texture>
					<colordiffuse>$VAR[value_texturecolor]</colordiffuse>
					<animation effect="fade" end="85" condition="true">Conditional</animation>
				</control>
				<control type="image">
					<posx>805</posx>
					<posy>453</posy>
					<width>425</width>
					<height>268</height>
					<texture>darkgrey.png</texture>
					<colordiffuse>$VAR[value_texturecolor]</colordiffuse>
					<animation effect="fade" end="85" condition="true">Conditional</animation>
				</control>
				<control type="image">
					<posx>840</posx>
					<posy>95</posy>
					<width>360</width>
					<height>360</height>
					<fadetime>FanartCrossFadeTime</fadetime>
					<texture fallback="DefaultVideoPoster.png" background="true">$INFO[Container(450).ListItem.Icon]</texture>
					<aspectratio aligny="bottom">keep</aspectratio>
					<bordertexture border="-2">black.png</bordertexture>
				</control>
				<control type="image">
					<posx>840</posx>
					<posy>460</posy>
					<width>360</width>
					<height>360</height>
					<fadetime>FanartCrossFadeTime</fadetime>
					<texture flipy="true" fallback="DefaultVideoPoster.png" diffuse="thumb_reflect.png" background="true">$INFO[Container(450).ListItem.Icon]</texture>
					<aspectratio aligny="top">keep</aspectratio>
					<bordertexture flipy="true" border="-2" diffuse="thumb_reflect.png">black.png</bordertexture>
				</control>
			</control>

			<control type="group">
				<!-- left group -->
				<animation effect="slide" time="700" start="-800,0" end="0,0" tween="cubic" easing="out">WindowOpen</animation>
				<animation effect="slide" time="700" start="0,0" end="-800,0" tween="cubic" easing="out">WindowClose</animation>
				<animation effect="slide" time="700" start="-800,0" end="0,0" tween="cubic" easing="out">Visible</animation>
				<animation effect="fade" time="200" start="100" end="0">Hidden</animation>
				<control type="image">
					<posx>0</posx>
					<posy>46</posy>
					<width>855</width>
					<height>30</height>
					<texture>shadow_h.png</texture>
					<colordiffuse>C3FFFFFF</colordiffuse>
				</control>
				<control type="image">
					<posx>855</posx>
					<posy>75</posy>
					<width>30</width>
					<height>645</height>
					<texture>shadow.png</texture>
					<colordiffuse>C3FFFFFF</colordiffuse>
				</control>
				<control type="image">
					<posx>0</posx>
					<posy>75</posy>
					<width>855</width>
					<height>645</height>
					<texture>darkgrey.png</texture>
					<colordiffuse>$VAR[value_texturecolor]</colordiffuse>
					<animation effect="fade" end="85" condition="true">Conditional</animation>
				</control>
				<control type="image">
					<posx>0</posx>
					<posy>75</posy>
					<width>855</width>
					<height>60</height>
					<texture>darkgrey.png</texture>
					<colordiffuse>$VAR[value_texturecolor]</colordiffuse>
					<animation effect="fade" end="85" condition="true">Conditional</animation>
				</control>
				<control type="label" id="411">
					<!-- header label -->
					<posx>45</posx>
					<posy>91</posy>
					<width>771</width>
					<height>23</height>
					<font>Font_23</font>
					<textcolor>80FFFAF0</textcolor>
				</control>
				<control type="label">
					<!-- numero de itens -->
					<posx>45</posx>
					<posy>650</posy>
					<width>771</width>
					<height>23</height>
					<font>Font_15</font>
					<textcolor>80FFFAF0</textcolor>
					<label>$VAR[value_numitens_browser]</label>
				</control>
				<control type="label" id="412">
					<visible>false</visible>
				</control>
				<control type="list" id="450">
					<enable>!StringCompare(Window.Property(dialogprogress),1)</enable>
					<viewtype label="31801">list</viewtype>
					<posx>0</posx>
					<posy>158</posy>
					<width>855</width>
					<height>470</height>
					<pagecontrol>80</pagecontrol>
					<scrolltime>0</scrolltime>
					<onleft>413</onleft>
					<onright>413</onright>
					<onup>451</onup>
					<ondown>451</ondown>
					<animation effect="fade" start="100" end="50" time="200" condition="!Control.HasFocus(450)">Conditional</animation>
					<itemlayout height="40">
						<control type="image">
							<posx>10</posx>
							<posy>39</posy>
							<width>835</width>
							<height>1</height>
							<texture>line.png</texture>
						</control>
						<control type="label">
							<posx>45</posx>
							<posy>0</posy>
							<width>760</width>
							<height>41</height>
							<font>Font_18</font>
							<aligny>center</aligny>
							<include>listcolor</include>
							<label>$INFO[ListItem.Label]</label>
						</control>
					</itemlayout>
					<focusedlayout height="40">
						<control type="image">
							<posx>0</posx>
							<posy>0</posy>
							<width>855</width>
							<height>41</height>
							<texture>settings_button_focus.png</texture>
							<animation effect="fade" start="100" end="50" time="0" condition="!Control.Hasfocus(450)">conditional</animation>
						</control>
						<control type="label">
							<posx>45</posx>
							<posy>0</posy>
							<width>760</width>
							<height>41</height>
							<font>Font_20</font>
							<aligny>center</aligny>
							<include>listcolorfocus</include>
							<label>$INFO[ListItem.Label]</label>
						</control>
					</focusedlayout>
				</control>
				<control type="panel" id="451">
					<enable>!StringCompare(Window.Property(dialogprogress),1)</enable>
					<posx>0</posx>
					<posy>158</posy>
					<width>855</width>
					<height>470</height>
					<pagecontrol>80</pagecontrol>
					<scrolltime>0</scrolltime>
					<onleft>413</onleft>
					<onright>413</onright>
					<onup>451</onup>
					<ondown>451</ondown>
					<itemlayout height="40">
						<control type="image">
							<posx>10</posx>
							<posy>39</posy>
							<width>835</width>
							<height>1</height>
							<texture>line.png</texture>
						</control>
						<control type="label">
							<posx>45</posx>
							<posy>0</posy>
							<width>760</width>
							<height>41</height>
							<font>Font_18</font>
							<aligny>center</aligny>
							<include>listcolor</include>
							<label>$INFO[ListItem.Label]</label>
						</control>
					</itemlayout>
					<focusedlayout height="40">
						<control type="image">
							<posx>0</posx>
							<posy>0</posy>
							<width>855</width>
							<height>41</height>
							<texture>settings_button_focus.png</texture>
							<animation effect="fade" start="100" end="50" time="0" condition="!Control.Hasfocus(451)">conditional</animation>
						</control>
						<control type="label">
							<posx>45</posx>
							<posy>0</posy>
							<width>760</width>
							<height>41</height>
							<font>Font_20</font>
							<aligny>center</aligny>
							<include>listcolorfocus</include>
							<label>$INFO[ListItem.Label]</label>
						</control>
						<control type="label">
							<posx>756</posx>
							<posy>0</posy>
							<width>85</width>
							<height>41</height>
							<font>Font_18</font>
							<align>center</align>
							<aligny>center</aligny>
							<include>detailcolorfocus</include>
							<label fallback="-">[UPPERCASE]$INFO[ListItem.Size][/UPPERCASE]</label>
						</control>
					</focusedlayout>
				</control> 
				<control type="label">
					<posx>105</posx>
					<posy>634</posy>
					<width>180</width>
					<height>41</height>
					<font>Font_23</font>
					<align>left</align>
					<aligny>center</aligny>
					<textcolor>$VAR[value_headercolor]</textcolor>
					<visible>Control.IsVisible(50)</visible>
					<label>$INFO[Container(450).NumItems] $LOCALIZE[31436]</label>
				</control>

				<control type="group">
					<animation effect="slide" start="0,70" end="0,0" time="500" delay="1000" easing="inout" tween="cubic">WindowOpen</animation>
					<animation effect="slide" start="0,70" end="0,0" time="500" delay="1000" easing="inout" tween="cubic">Visible</animation>
					<animation effect="slide" start="0,0" end="0,70" time="300" easing="inout" tween="cubic">WindowClose</animation>
					<animation effect="slide" start="0,0" end="0,70" time="300" easing="inout" tween="cubic">Hidden</animation>
					<enable>!StringCompare(Window.Property(dialogprogress),1)</enable>
					<control type="image">
						<posx>0</posx>
						<posy>651</posy>
						<width>1280</width>
						<height>30</height>
						<texture>shadow_h.png</texture>
						<colordiffuse>C3FFFFFF</colordiffuse>
					</control>
					<control type="image">
						<posx>0</posx>
						<posy>678</posy>
						<height>42</height>
						<width>1280</width>
						<aligny>top</aligny>
						<texture>darkgrey.png</texture>
						<colordiffuse>$VAR[value_texturecolor]</colordiffuse>
						<animation effect="fade" end="85" condition="true">Conditional</animation>
					</control>
					<control type="image">
						<posx>0</posx>
						<posy>680</posy>
						<height>40</height>
						<width>1280</width>
						<aligny>top</aligny>
						<texture>darkgrey.png</texture>
						<colordiffuse>$VAR[value_texturecolor]</colordiffuse>
						<animation effect="fade" end="85" condition="true">Conditional</animation>
					</control>
					<control type="grouplist" id="9001">
						<posx>145</posx>
						<posy>680</posy>
						<itemgap>0</itemgap>
						<onup>450</onup>
						<ondown>450</ondown>
						<orientation>horizontal</orientation>
						<control type="button" id="413">
							<include>SettingsBottomButton</include>
							<label>186</label>
						</control>
						<control type="button" id="414">
							<include>SettingsBottomButton</include>
							<label>222</label>
						</control>
						<control type="button" id="415">
							<include>SettingsBottomButton</include>
							<label>119</label>
						</control>
						<control type="button" id="416">
							<include>SettingsBottomButton</include>
							<label>749</label>
							<visible>false</visible>
						</control>
					</control>
					<control type="scrollbar" id="80">
						<include>ScrollBar_Vertical</include>
						<posx>5</posx>
						<posy>68</posy>
						<height>580</height>
						<onleft>9900</onleft>
						<onright>51</onright>
						<include>Animation_Fade</include>
						<visible allowhiddenfocus="true">Control.HasFocus(80)</visible>
					</control>
				</control>
			</control>
		</control>
	</controls>
</window>