<window id="5400">
	<defaultcontrol>5411</defaultcontrol>
	<coordinates>
		<system>1</system>
		<posx>0</posx>
		<posy>0</posy>
	</coordinates>
	<controls>
		<control type="image">
			<posx>0</posx>
			<posy>0</posy>
			<width>1280</width>
			<height>720</height>
			<texture>black.png</texture>
			<colordiffuse>C3FFFFFF</colordiffuse>
			<include>Animation_Fade</include>
		</control>
		<control type="group">
			<posx>217</posx>
			<posy>190</posy>
			<width>847</width>
			<height>328</height>
			<include>Animation_DialogPopup</include>
			<control type="image">
				<posx>0</posx>
				<posy>0</posy>
				<width>847</width>
				<height>1</height>
				<texture>grey.png</texture>
			</control>
			<control type="image">
				<posx>0</posx>
				<posy>327</posy>
				<width>847</width>
				<height>1</height>
				<texture>grey.png</texture>
			</control>
			<control type="image">
				<posx>-30</posx>
				<posy>0</posy>
				<width>30</width>
				<height>328</height>
				<texture flipx="true">shadow.png</texture>
				<colordiffuse>C3FFFFFF</colordiffuse>
			</control>
			<control type="image">
				<posx>0</posx>
				<posy>0</posy>
				<width>847</width>
				<height>328</height>
				<texture>darkgrey.png</texture>
				<colordiffuse>F0FFFFFF</colordiffuse>
			</control>
			<control type="image">
				<posx>0</posx>
				<posy>39</posy>
				<width>847</width>
				<height>1</height>
				<texture>black.png</texture>
			</control>
			<control type="image">
				<posx>0</posx>
				<posy>0</posy>
				<width>847</width>
				<height>40</height>
				<texture>black.png</texture>
				<colordiffuse>90FFFFFF</colordiffuse>
			</control>
			<control type="label" id="1">
				<!-- header -->
				<posx>10</posx>
				<posy>8</posy>
				<width>673</width>
				<height>28</height>
				<align>center</align>
				<aligny>center</aligny>
				<textcolor>$VAR[value_headercolor]</textcolor>
				<font>Font_20</font>
				<label>$ADDON[script.games.rom.collection.browser 57000]</label>
			</control>

			<!-- Rom Collection List -->
			<control type="group">
				<posx>0</posx>
				<posy>42</posy>
				<width>682</width>
				<height>164</height>
				<control type="list" id="5410">
					<hitrect x="0" y="0" w="0" h="0" />
					<posx>0</posx>
					<posy>0</posy>
					<width>682</width>
					<height>40</height>
					<onleft>5410</onleft>
					<onright>5410</onright>
					<onup>5410</onup>
					<ondown>5410</ondown>
					<pagecontrol>-</pagecontrol>
					<scrolltime>0</scrolltime>
					<itemlayout height="1" width="682">
					</itemlayout>
					<focusedlayout height="40" width="682">
						<control type="image">
							<posx>0</posx>
							<posy>0</posy>
							<width>682</width>
							<height>40</height>
							<texture>settings_button_focus.png</texture>
							<visible>[Control.HasFocus(5411) | Control.HasFocus(5412)]</visible>
						</control>
						<control type="label">
							<posx>30</posx>
							<posy>0</posy>
							<width>200</width>
							<height>40</height>
							<font>Font_18</font>
							<textcolor>FFFFFAF0</textcolor>
							<align>left</align>
							<aligny>center</aligny>
							<label>$ADDON[script.games.rom.collection.browser 52001]</label>
							<visible>![Control.HasFocus(5411) | Control.HasFocus(5412)]</visible>
						</control>
						<control type="label">
							<posx>30</posx>
							<posy>0</posy>
							<width>200</width>
							<height>40</height>
							<font>Font_18</font>
							<textcolor>E4101010</textcolor>
							<align>left</align>
							<aligny>center</aligny>
							<label>$ADDON[script.games.rom.collection.browser 52001]</label>
							<visible>[Control.HasFocus(5411) | Control.HasFocus(5412)]</visible>
						</control>
						<control type="label">
							<posx>610</posx>
							<posy>0</posy>
							<width>330</width>
							<height>40</height>
							<font>Font_18</font>
							<textcolor>FFFFFAF0</textcolor>
							<align>right</align>
							<aligny>center</aligny>
							<label>$INFO[ListItem.Label]</label>
							<visible>![Control.HasFocus(5411) | Control.HasFocus(5412)]</visible>
						</control>
						<control type="label">
							<posx>610</posx>
							<posy>0</posy>
							<width>330</width>
							<height>40</height>
							<font>Font_18</font>
							<textcolor>E4101010</textcolor>
							<align>right</align>
							<aligny>center</aligny>
							<label>$INFO[ListItem.Label]</label>
							<visible>[Control.HasFocus(5411) | Control.HasFocus(5412)]</visible>
						</control>
					</focusedlayout>
				</control>
				<control type="button" id="5411">
					<description>Menu Item Next Button</description>
					<posx>610</posx>
					<posy>-13</posy>
					<width>40</width>
					<height>65</height>
					<label>-</label>
					<font>-</font>
					<texturenofocus>spindown.png</texturenofocus>
					<texturefocus>spindown_focus.png</texturefocus>
					<onclick>Control.Move(5410,1)</onclick>
					<onleft>6000</onleft>
					<onright>5412</onright>
					<onup>5101</onup>
					<ondown>5491</ondown>
				</control>
				<control type="button" id="5412">
					<description>Menu Item Prev Button</description>
					<posx>650</posx>
					<posy>-13</posy>
					<width>40</width>
					<height>65</height>
					<label>-</label>
					<font>-</font>
					<texturenofocus>spinup.png</texturenofocus>
					<texturefocus>spinup_focus.png</texturefocus>
					<onclick>Control.Move(5410,-1)</onclick>
					<onleft>5411</onleft>
					<onright>6000</onright>
					<onup>5101</onup>
					<ondown>5492</ondown>
				</control>
			</control>

			<!-- Delete Options -->
			<control type="group">
				<control type="list" id="5490">
					<hitrect x="0" y="0" w="0" h="0" />
					<posx>0</posx>
					<posy>80</posy>
					<width>682</width>
					<height>40</height>
					<onleft>5490</onleft>
					<onright>5490</onright>
					<onup>5490</onup>
					<ondown>5490</ondown>
					<pagecontrol>-</pagecontrol>
					<scrolltime>0</scrolltime>
					<itemlayout height="1" width="682">
					</itemlayout>
					<focusedlayout height="40" width="682">
						<control type="image">
							<posx>0</posx>
							<posy>0</posy>
							<width>682</width>
							<height>40</height>
							<texture>settings_button_focus.png</texture>
							<visible>[Control.HasFocus(5491) | Control.HasFocus(5492)]</visible>
						</control>
						<control type="label">
							<posx>30</posx>
							<posy>0</posy>
							<width>200</width>
							<height>40</height>
							<font>Font_18</font>
							<textcolor>FFFFFAF0</textcolor>
							<align>left</align>
							<aligny>center</aligny>
							<label>$ADDON[script.games.rom.collection.browser 57001]</label>
							<visible>![Control.HasFocus(5491) | Control.HasFocus(5492)]</visible>
						</control>
						<control type="label">
							<posx>30</posx>
							<posy>0</posy>
							<width>200</width>
							<height>40</height>
							<font>Font_18</font>
							<textcolor>E4101010</textcolor>
							<align>left</align>
							<aligny>center</aligny>
							<label>$ADDON[script.games.rom.collection.browser 57001]</label>
							<visible>[Control.HasFocus(5491) | Control.HasFocus(5492)]</visible>
						</control>
						<control type="label">
							<posx>610</posx>
							<posy>0</posy>
							<width>330</width>
							<height>40</height>
							<font>Font_18</font>
							<textcolor>FFFFFAF0</textcolor>
							<align>right</align>
							<aligny>center</aligny>
							<label>$INFO[ListItem.Label]</label>
							<visible>![Control.HasFocus(5491) | Control.HasFocus(5492)]</visible>
						</control>
						<control type="label">
							<posx>610</posx>
							<posy>0</posy>
							<width>330</width>
							<height>40</height>
							<font>Font_18</font>
							<textcolor>E4101010</textcolor>
							<align>right</align>
							<aligny>center</aligny>
							<label>$INFO[ListItem.Label]</label>
							<visible>[Control.HasFocus(5491) | Control.HasFocus(5492)]</visible>
						</control>
					</focusedlayout>
				</control>
				<control type="button" id="5491">
					<description>Menu Item Next Button</description>
					<posx>610</posx>
					<posy>68</posy>
					<width>40</width>
					<height>65</height>
					<label>-</label>
					<font>-</font>
					<texturenofocus>spindown.png</texturenofocus>
					<texturefocus>spindown_focus.png</texturefocus>
					<onclick>Control.Move(5490,1)</onclick>
					<onleft>6000</onleft>
					<onright>5492</onright>
					<onup>5411</onup>
					<ondown>6000</ondown>
				</control>
				<control type="button" id="5492">
					<description>Menu Item Prev Button</description>
					<posx>650</posx>
					<posy>68</posy>
					<width>40</width>
					<height>65</height>
					<label>-</label>
					<font>-</font>
					<texturenofocus>spinup.png</texturenofocus>
					<texturefocus>spinup_focus.png</texturefocus>
					<onclick>Control.Move(5490,-1)</onclick>
					<onleft>5491</onleft>
					<onright>6000</onright>
					<onup>5412</onup>
					<ondown>6000</ondown>
				</control>
			</control>

			<control type="image">
				<!-- Options -->
				<posx>653</posx>
				<posy>0</posy>
				<width>30</width>
				<height>328</height>
				<texture flipx="true">shadow.png</texture>
				<colordiffuse>C3FFFFFF</colordiffuse>
			</control>
			<control type="image">
				<posx>846</posx>
				<posy>0</posy>
				<width>30</width>
				<height>328</height>
				<texture>shadow.png</texture>
				<colordiffuse>C3FFFFFF</colordiffuse>
			</control>
			<control type="image">
				<posx>683</posx>
				<posy>0</posy>
				<width>163</width>
				<height>328</height>
				<texture>grey.png</texture>
				<colordiffuse>90FFFFFF</colordiffuse>
			</control>
			<control type="grouplist" id="9000">
				<posx>683</posx>
				<posy>42</posy>
				<control type="button" id="6000">
					<!-- Delete -->
					<include>SettingsDialogButton</include>
					<label>$ADDON[script.games.rom.collection.browser 57002]</label>
					<onleft>SetFocus(5411)</onleft>
					<onright>SetFocus(5411)</onright>
				</control>
				<control type="button" id="6010">
					<!-- Cancel -->
					<include>SettingsDialogButton</include>
					<label>$ADDON[script.games.rom.collection.browser 52035]</label>
					<onleft>SetFocus(5411)</onleft>
					<onright>SetFocus(5411)</onright>
				</control>
			</control>
		</control>
	</controls>
</window>