<window id="5200">
	<defaultcontrol>5211</defaultcontrol>
	<coordinates>
		<system>1</system>
		<posx>0</posx>
		<posy>0</posy>
	</coordinates>
	<controls>
		<control type="image">
			<posx>0</posx>
			<posy>0</posy>
			<width>1280</width>
			<height>720</height>
			<texture>black.png</texture>
			<colordiffuse>C3FFFFFF</colordiffuse>
			<include>Animation_Fade</include>
		</control>
		<control type="group">
			<include>Animation_DialogPopup</include>
			<posx>217</posx>
			<posy>190</posy>
			<width>847</width>
			<height>328</height>
			<control type="image">
				<posx>0</posx>
				<posy>0</posy>
				<width>847</width>
				<height>1</height>
				<texture>grey.png</texture>
			</control>
			<control type="image">
				<posx>0</posx>
				<posy>327</posy>
				<width>847</width>
				<height>1</height>
				<texture>grey.png</texture>
			</control>
			<control type="image">
				<posx>-30</posx>
				<posy>0</posy>
				<width>30</width>
				<height>328</height>
				<texture flipx="true">shadow.png</texture>
				<colordiffuse>C3FFFFFF</colordiffuse>
			</control>
			<control type="image">
				<posx>0</posx>
				<posy>0</posy>
				<width>847</width>
				<height>328</height>
				<texture>darkgrey.png</texture>
				<colordiffuse>F0FFFFFF</colordiffuse>
			</control>
			<control type="image">
				<posx>0</posx>
				<posy>39</posy>
				<width>847</width>
				<height>1</height>
				<texture>black.png</texture>
			</control>
			<control type="image">
				<posx>0</posx>
				<posy>0</posy>
				<width>847</width>
				<height>40</height>
				<texture>black.png</texture>
				<colordiffuse>90FFFFFF</colordiffuse>
			</control>
			<control type="label">
				<posx>0</posx>
				<posy>6</posy>
				<width>847</width>
				<height>28</height>
				<align>center</align>
				<aligny>center</aligny>
				<label>$ADDON[script.games.rom.collection.browser 30000] - $ADDON[script.games.rom.collection.browser 55000]</label>
				<textcolor>$VAR[value_headercolor]</textcolor>
				<font>Font_18</font>
			</control>

			<control type="list" id="5210">
				<hitrect x="0" y="0" w="0" h="0" />
				<posx>0</posx>
				<posy>43</posy>
				<width>847</width>
				<height>420</height>
				<itemgap>0</itemgap>
				<onleft>5210</onleft>
				<onright>5210</onright>
				<onup>5210</onup>
				<ondown>5210</ondown>
				<pagecontrol>-</pagecontrol>
				<scrolltime>0</scrolltime>
				<animation reversible="false" effect="fade" end="50" time="0" condition="Skin.HasSetting(rcb_disableRomcollections)">Conditional</animation>
				<itemlayout height="1" width="750">
				</itemlayout>
				<focusedlayout height="28" width="847">
					<control type="image">
						<posx>0</posx>
						<posy>0</posy>
						<width>847</width>
						<height>28</height>
						<texture>grey.png</texture>
						<colordiffuse>B6FFFFFF</colordiffuse>
						<visible>[Control.HasFocus(5211) | Control.HasFocus(5212)]</visible>
					</control>
					<control type="label">
						<posx>50</posx>
						<posy>4</posy>
						<width>200</width>
						<height>20</height>
						<font>Font_18</font>
						<textcolor>FFFFFAF0</textcolor>
						<align>left</align>
						<aligny>center</aligny>
						<label>$ADDON[script.games.rom.collection.browser 52001]</label>
						<visible>![Control.HasFocus(5211) | Control.HasFocus(5212)]</visible>
					</control>
					<control type="label">
						<posx>50</posx>
						<posy>4</posy>
						<width>200</width>
						<height>20</height>
						<font>Font_18</font>
						<textcolor>FF101010</textcolor>
						<align>left</align>
						<aligny>center</aligny>
						<label>$ADDON[script.games.rom.collection.browser 52001]</label>
						<visible>[Control.HasFocus(5211) | Control.HasFocus(5212)]</visible>
					</control>
					<control type="label">
						<posx>80</posx>
						<posy>4</posy>
						<width>330</width>
						<height>20</height>
						<font>Font_18</font>
						<textcolor>FFFFFAF0</textcolor>
						<align>right</align>
						<aligny>center</aligny>
						<label>$INFO[ListItem.Label]</label>
						<visible>![Control.HasFocus(5211) | Control.HasFocus(5212)]</visible>
					</control>
					<control type="label">
						<posx>80</posx>
						<posy>4</posy>
						<width>330</width>
						<height>20</height>
						<font>Font_18</font>
						<textcolor>FF101010</textcolor>
						<align>right</align>
						<aligny>center</aligny>
						<label>$INFO[ListItem.Label]</label>
						<visible>[Control.HasFocus(5211) | Control.HasFocus(5212)]</visible>
					</control>
				</focusedlayout>
			</control>
			<control type="button" id="5211">
				<description>Menu Item Next Button</description>
				<posx>742</posx>
				<posy>25</posy>
				<width>40</width>
				<height>65</height>
				<label>-</label>
				<font>-</font>
				<texturenofocus>spindown.png</texturenofocus>
				<texturefocus>spindown_focus.png</texturefocus>
				<onclick>Control.Move(5210,1)</onclick>
				<onleft>5300</onleft>
				<onright>5212</onright>
				<onup>5101</onup>
				<ondown>5222</ondown>
				<enable>!Skin.HasSetting(rcb_disableRomcollections)</enable>
			</control>
			<control type="button" id="5212">
				<description>Menu Item Prev Button</description>
				<posx>782</posx>
				<posy>25</posy>
				<width>40</width>
				<height>65</height>
				<label>-</label>
				<font>-</font>
				<texturenofocus>spinup.png</texturenofocus>
				<texturefocus>spinup_focus.png</texturefocus>
				<onclick>Control.Move(5210,-1)</onclick>
				<onleft>5211</onleft>
				<onright>5300</onright>
				<onup>5101</onup>
				<ondown>5223</ondown>
				<enable>!Skin.HasSetting(rcb_disableRomcollections)</enable>
			</control>

			<!-- Scraping mode -->
			<control type="list" id="5220">
				<hitrect x="0" y="0" w="0" h="0" />
				<posx>0</posx>
				<posy>71</posy>
				<width>847</width>
				<height>28</height>
				<onleft>5220</onleft>
				<onright>5220</onright>
				<onup>5220</onup>
				<ondown>5220</ondown>
				<pagecontrol>-</pagecontrol>
				<scrolltime>0</scrolltime>
				<itemlayout height="1" width="750">
				</itemlayout>
				<focusedlayout height="28" width="847">
					<control type="image">
						<posx>0</posx>
						<posy>0</posy>
						<width>847</width>
						<height>28</height>
						<texture>grey.png</texture>
						<colordiffuse>B6FFFFFF</colordiffuse>
						<visible>[Control.HasFocus(5222) | Control.HasFocus(5223)]</visible>
					</control>
					<control type="label">
						<posx>50</posx>
						<posy>4</posy>
						<width>200</width>
						<height>20</height>
						<font>Font_18</font>
						<textcolor>FFFFFAF0</textcolor>
						<align>left</align>
						<aligny>center</aligny>
						<label>$ADDON[script.games.rom.collection.browser 55001]</label>
						<visible>![Control.HasFocus(5222) | Control.HasFocus(5223)]</visible>
					</control>
					<control type="label">
						<posx>50</posx>
						<posy>4</posy>
						<width>200</width>
						<height>20</height>
						<font>Font_18</font>
						<textcolor>FF101010</textcolor>
						<align>left</align>
						<aligny>center</aligny>
						<label>>$ADDON[script.games.rom.collection.browser 55001]</label>
					<visible>[Control.HasFocus(5222) | Control.HasFocus(5223)]</visible>
				</control>
				<control type="label">
					<posx>410</posx>
					<posy>4</posy>
					<width>330</width>
					<height>20</height>
					<font>Font_18</font>
					<textcolor>FFFFFAF0</textcolor>
					<align>right</align>
					<aligny>center</aligny>
					<label>$INFO[ListItem.Label]</label>
					<visible>![Control.HasFocus(5222) | Control.HasFocus(5223)]</visible>
				</control>
				<control type="label">
					<posx>410</posx>
					<posy>4</posy>
					<width>330</width>
					<height>20</height>
					<font>Font_18</font>
					<textcolor>FF101010</textcolor>
					<align>right</align>
					<aligny>center</aligny>
					<label>$INFO[ListItem.Label]</label>
					<visible>[Control.HasFocus(5222) | Control.HasFocus(5223)]</visible>
				</control>
			</focusedlayout>
		</control>
		<control type="button" id="5222">
			<description>Menu Item Next Button</description>
			<posx>742</posx>
			<posy>52</posy>
			<width>40</width>
			<height>65</height>
			<label>-</label>
			<font>-</font>
			<texturenofocus>spindown.png</texturenofocus>
			<texturefocus>spindown_focus.png</texturefocus>
			<onclick>Control.Move(5220,1)</onclick>
			<onleft>5300</onleft>
			<onright>5223</onright>
			<onup>5211</onup>
			<ondown>5330</ondown>
		</control>
		<control type="button" id="5223">
			<description>Menu Item Prev Button</description>
			<posx>782</posx>
			<posy>52</posy>
			<width>40</width>
			<height>65</height>
			<label>-</label>
			<font>-</font>
			<texturenofocus>spinup.png</texturenofocus>
			<texturefocus>spinup_focus.png</texturefocus>
			<onclick>Control.Move(5220,-1)</onclick>
			<onleft>5222</onleft>
			<onright>5300</onright>
			<onup>5212</onup>
			<ondown>5330</ondown>
		</control>

		<control type="radiobutton" id="5330">
			<posx>0</posx>
			<posy>99</posy>
			<width>847</width>
			<height>28</height>
			<font>Font_18</font>
			<label>$ADDON[script.games.rom.collection.browser 55002]</label>
			<include>Animation_Fade</include>
			<radioposx>742</radioposx>
			<onleft>5300</onleft>
			<onright>5300</onright>
			<onup>5223</onup>
			<ondown>5272</ondown>
			<onclick>Skin.ToggleSetting(rcb_overwriteImportOptions)</onclick>
		</control>

		<control type="group">
			<posx>0</posx>
			<posy>127</posy>

			<!-- Scraper 1 -->
			<control type="list" id="5270">
				<hitrect x="0" y="0" w="0" h="0" />
				<posx>0</posx>
				<posy>0</posy>
				<width>847</width>
				<height>28</height>
				<onleft>5272</onleft>
				<onright>5270</onright>
				<onup>5270</onup>
				<ondown>5270</ondown>
				<enable>false</enable>
				<pagecontrol>-</pagecontrol>
				<scrolltime>0</scrolltime>
				<itemlayout height="1" width="750">
				</itemlayout>
				<focusedlayout height="28" width="847">
					<control type="image">
						<posx>0</posx>
						<posy>0</posy>
						<width>847</width>
						<height>28</height>
						<texture>grey.png</texture>
						<colordiffuse>B6FFFFFF</colordiffuse>
						<visible>[Control.HasFocus(5271) | Control.HasFocus(5272)]</visible>
					</control>
					<control type="label">
						<posx>50</posx>
						<posy>4</posy>
						<width>200</width>
						<height>20</height>
						<font>Font_18</font>
						<textcolor>FFFFFAF0</textcolor>
						<align>left</align>
						<aligny>center</aligny>
						<label>$ADDON[script.games.rom.collection.browser 52013]</label>
						<visible>![Control.HasFocus(5271) | Control.HasFocus(5272)]</visible>
						<animation reversible="false" effect="fade" end="50" time="0" condition="!Skin.HasSetting(rcb_overwriteImportOptions)">Conditional</animation>
					</control>
					<control type="label">
						<posx>50</posx>
						<posy>4</posy>
						<width>200</width>
						<height>20</height>
						<font>Font_18</font>
						<textcolor>FF101010</textcolor>
						<align>left</align>
						<aligny>center</aligny>
						<label>$ADDON[script.games.rom.collection.browser 52013]</label>
						<visible>[Control.HasFocus(5271) | Control.HasFocus(5272)]</visible>
						<animation reversible="false" effect="fade" end="50" time="0" condition="!Skin.HasSetting(rcb_overwriteImportOptions)">Conditional</animation>
					</control>
					<control type="label">
						<posx>80</posx>
						<posy>4</posy>
						<width>330</width>
						<height>20</height>
						<font>Font_18</font>
						<textcolor>FFFFFAF0</textcolor>
						<align>right</align>
						<aligny>center</aligny>
						<label>$INFO[ListItem.Label]</label>
						<visible>![Control.HasFocus(5271) | Control.HasFocus(5272)]</visible>
						<animation reversible="false" effect="fade" end="50" time="0" condition="!Skin.HasSetting(rcb_overwriteImportOptions)">Conditional</animation>
					</control>
					<control type="label">
						<posx>80</posx>
						<posy>4</posy>
						<width>330</width>
						<height>20</height>
						<font>Font_18</font>
						<textcolor>FF101010</textcolor>
						<align>right</align>
						<aligny>center</aligny>
						<label>$INFO[ListItem.Label]</label>
						<visible>[Control.HasFocus(5271) | Control.HasFocus(5272)]</visible>
						<animation reversible="false" effect="fade" end="50" time="0" condition="!Skin.HasSetting(rcb_overwriteImportOptions)">Conditional</animation>
					</control>
				</focusedlayout>
			</control>
			<control type="button" id="5271">
				<description>Menu Item Next Button</description>
				<posx>742</posx>
				<posy>-19</posy>
				<width>40</width>
				<height>65</height>
				<label>-</label>
				<font>-</font>
				<texturenofocus>spindown.png</texturenofocus>
				<texturefocus>spindown_focus.png</texturefocus>
				<onclick>Control.Move(5270,1)</onclick>
				<onleft>5300</onleft>
				<onright>5272</onright>
				<onup>5330</onup>
				<ondown>5281</ondown>
				<enable>Skin.HasSetting(rcb_overwriteImportOptions)</enable>
			</control>
			<control type="button" id="5272">
				<description>Menu Item Prev Button</description>
				<posx>782</posx>
				<posy>-19</posy>
				<width>40</width>
				<height>65</height>
				<label>-</label>
				<font>-</font>
				<texturenofocus>spinup.png</texturenofocus>
				<texturefocus>spinup_focus.png</texturefocus>
				<onclick>Control.Move(5270,-1)</onclick>
				<onleft>5271</onleft>
				<onright>5300</onright>
				<onup>5330</onup>
				<ondown>5282</ondown>
				<enable>Skin.HasSetting(rcb_overwriteImportOptions)</enable>
			</control>
			<!-- Scraper 2 -->
			<control type="list" id="5280">
				<hitrect x="0" y="0" w="0" h="0" />
				<posx>0</posx>
				<posy>28</posy>
				<width>847</width>
				<height>28</height>
				<onleft>5280</onleft>
				<onright>5280</onright>
				<onup>5280</onup>
				<ondown>5280</ondown>
				<pagecontrol>-</pagecontrol>
				<scrolltime>0</scrolltime>
				<itemlayout height="1" width="750">
				</itemlayout>
				<focusedlayout height="28" width="847">
					<control type="image">
						<posx>0</posx>
						<posy>0</posy>
						<width>847</width>
						<height>28</height>
						<texture>grey.png</texture>
						<colordiffuse>B6FFFFFF</colordiffuse>
						<visible>[Control.HasFocus(5281) | Control.HasFocus(5282)]</visible>
					</control>
					<control type="label">
						<posx>50</posx>
						<posy>4</posy>
						<width>200</width>
						<height>20</height>
						<font>Font_18</font>
						<textcolor>FFFFFAF0</textcolor>
						<align>left</align>
						<aligny>center</aligny>
						<label>$ADDON[script.games.rom.collection.browser 52014]</label>
						<visible>![Control.HasFocus(5281) | Control.HasFocus(5282)]</visible>
						<animation reversible="false" effect="fade" end="50" time="0" condition="!Skin.HasSetting(rcb_overwriteImportOptions)">Conditional</animation>
					</control>
					<control type="label">
						<posx>50</posx>
						<posy>4</posy>
						<width>200</width>
						<height>20</height>
						<font>Font_18</font>
						<textcolor>FF101010</textcolor>
						<align>left</align>
						<aligny>center</aligny>
						<label>$ADDON[script.games.rom.collection.browser 52014]</label>
						<visible>[Control.HasFocus(5281) | Control.HasFocus(5282)]</visible>
						<animation reversible="false" effect="fade" end="50" time="0" condition="!Skin.HasSetting(rcb_overwriteImportOptions)">Conditional</animation>
					</control>
					<control type="label">
						<posx>80</posx>
						<posy>4</posy>
						<width>330</width>
						<height>20</height>
						<font>Font_18</font>
						<textcolor>FFFFFAF0</textcolor>
						<align>right</align>
						<aligny>center</aligny>
						<label>$INFO[ListItem.Label]</label>
						<visible>![Control.HasFocus(5281) | Control.HasFocus(5282)]</visible>
						<animation reversible="false" effect="fade" end="50" time="0" condition="!Skin.HasSetting(rcb_overwriteImportOptions)">Conditional</animation>
					</control>
					<control type="label">
						<posx>80</posx>
						<posy>4</posy>
						<width>330</width>
						<height>20</height>
						<font>Font_18</font>
						<textcolor>FF101010</textcolor>
						<align>right</align>
						<aligny>center</aligny>
						<label>$INFO[ListItem.Label]</label>
						<visible>[Control.HasFocus(5281) | Control.HasFocus(5282)]</visible>
						<animation reversible="false" effect="fade" end="50" time="0" condition="!Skin.HasSetting(rcb_overwriteImportOptions)">Conditional</animation>
					</control>
				</focusedlayout>
			</control>
			<control type="button" id="5281">
				<description>Menu Item Next Button</description>
				<posx>742</posx>
				<posy>9</posy>
				<width>40</width>
				<height>65</height>
				<label>-</label>
				<font>-</font>
				<texturenofocus>spindown.png</texturenofocus>
				<texturefocus>spindown_focus.png</texturefocus>
				<onclick>Control.Move(5280,1)</onclick>
				<onleft>5300</onleft>
				<onright>5282</onright>
				<onup>5271</onup>
				<ondown>5291</ondown>
				<enable>Skin.HasSetting(rcb_overwriteImportOptions)</enable>
			</control>
			<control type="button" id="5282">
				<description>Menu Item Prev Button</description>
				<posx>782</posx>
				<posy>9</posy>
				<width>40</width>
				<height>65</height>
				<label>-</label>
				<font>-</font>
				<texturenofocus>spinup.png</texturenofocus>
				<texturefocus>spinup_focus.png</texturefocus>
				<onclick>Control.Move(5280,-1)</onclick>
				<onleft>5281</onleft>
				<onright>5300</onright>
				<onup>5272</onup>
				<ondown>5292</ondown>
				<enable>Skin.HasSetting(rcb_overwriteImportOptions)</enable>
			</control>
			<!-- Scraper 3 -->
			<control type="list" id="5290">
				<hitrect x="0" y="0" w="0" h="0" />
				<posx>0</posx>
				<posy>56</posy>
				<width>847</width>
				<height>28</height>
				<onleft>5290</onleft>
				<onright>5290</onright>
				<onup>5290</onup>
				<ondown>5290</ondown>
				<pagecontrol>-</pagecontrol>
				<scrolltime>0</scrolltime>
				<itemlayout height="1" width="750">
				</itemlayout>
				<focusedlayout height="28" width="847">
					<control type="image">
						<posx>0</posx>
						<posy>0</posy>
						<width>847</width>
						<height>28</height>
						<texture>grey.png</texture>
						<colordiffuse>B6FFFFFF</colordiffuse>
						<visible>[Control.HasFocus(5291) | Control.HasFocus(5292)]</visible>
					</control>
					<control type="label">
						<posx>50</posx>
						<posy>4</posy>
						<width>200</width>
						<height>20</height>
						<font>Font_18</font>
						<textcolor>FFFFFAF0</textcolor>
						<align>left</align>
						<aligny>center</aligny>
						<label>$ADDON[script.games.rom.collection.browser 52015]</label>
						<visible>![Control.HasFocus(5291) | Control.HasFocus(5292)]</visible>
						<animation reversible="false" effect="fade" end="50" time="0" condition="!Skin.HasSetting(rcb_overwriteImportOptions)">Conditional</animation>
					</control>
					<control type="label">
						<posx>50</posx>
						<posy>4</posy>
						<width>200</width>
						<height>20</height>
						<font>Font_18</font>
						<textcolor>FF101010</textcolor>
						<align>left</align>
						<aligny>center</aligny>
						<label>$ADDON[script.games.rom.collection.browser 52015]</label>
						<visible>[Control.HasFocus(5291) | Control.HasFocus(5292)]</visible>
						<animation reversible="false" effect="fade" end="50" time="0" condition="!Skin.HasSetting(rcb_overwriteImportOptions)">Conditional</animation>
					</control>
					<control type="label">
						<posx>80</posx>
						<posy>4</posy>
						<width>330</width>
						<height>20</height>
						<font>Font_18</font>
						<textcolor>FFFFFAF0</textcolor>
						<align>right</align>
						<aligny>center</aligny>
						<label>$INFO[ListItem.Label]</label>
						<visible>![Control.HasFocus(5291) | Control.HasFocus(5292)]</visible>
						<animation reversible="false" effect="fade" end="50" time="0" condition="!Skin.HasSetting(rcb_overwriteImportOptions)">Conditional</animation>
					</control>
					<control type="label">
						<posx>80</posx>
						<posy>4</posy>
						<width>330</width>
						<height>20</height>
						<font>Font_18</font>
						<textcolor>FF101010</textcolor>
						<align>right</align>
						<aligny>center</aligny>
						<label>$INFO[ListItem.Label]</label>
						<visible>[Control.HasFocus(5291) | Control.HasFocus(5292)]</visible>
						<animation reversible="false" effect="fade" end="50" time="0" condition="!Skin.HasSetting(rcb_overwriteImportOptions)">Conditional</animation>
					</control>
				</focusedlayout>
			</control>
			<control type="button" id="5291">
				<description>Menu Item Next Button</description>
				<posx>742</posx>
				<posy>37</posy>
				<width>40</width>
				<height>65</height>
				<label>-</label>
				<font>-</font>
				<texturenofocus>spindown.png</texturenofocus>
				<texturefocus>spindown_focus.png</texturefocus>
				<onclick>Control.Move(5290,1)</onclick>
				<onleft>5300</onleft>
				<onright>5292</onright>
				<onup>5281</onup>
				<ondown>5300</ondown>
				<enable>Skin.HasSetting(rcb_overwriteImportOptions)</enable>
			</control>
			<control type="button" id="5292">
				<description>Menu Item Prev Button</description>
				<posx>782</posx>
				<posy>37</posy>
				<width>40</width>
				<height>65</height>
				<label>-</label>
				<font>-</font>
				<texturenofocus>spinup.png</texturenofocus>
				<texturefocus>spinup_focus.png</texturefocus>
				<onclick>Control.Move(5290,-1)</onclick>
				<onleft>5291</onleft>
				<onright>5300</onright>
				<onup>5282</onup>
				<ondown>5300</ondown>
				<enable>Skin.HasSetting(rcb_overwriteImportOptions)</enable>
			</control>
		</control>
		<control type="image">
			<posx>0</posx>
			<posy>295</posy>
			<width>847</width>
			<height>40</height>
			<texture>black.png</texture>
			<colordiffuse>90FFFFFF</colordiffuse>
		</control>

		<!-- Save and Cancel -->
		<control type="group">
			<posx>140</posx>
			<posy>295</posy>
			<control type="button" id="5300">
				<description>Import</description>
				<posx>0</posx>
				<posy>0</posy>
				<width>300</width>
				<height>30</height>
				<align>center</align>
				<aligny>center</aligny>
				<label>$ADDON[script.games.rom.collection.browser 55000]</label>
				<onup>5292</onup>
				<ondown>5101</ondown>
				<onleft>5310</onleft>
				<onright>5310</onright>
				<animation effect="fade" end="80" condition="true">Conditional</animation>
				<visible>true</visible>
			</control>
			<control type="button" id="5310">
				<description>Cancel</description>
				<posx>300</posx>
				<posy>0</posy>
				<width>300</width>
				<height>30</height>
				<align>center</align>
				<aligny>center</aligny>
				<label>$ADDON[script.games.rom.collection.browser 52035]</label>
				<onup>5292</onup>
				<ondown>5101</ondown>
				<onleft>5300</onleft>
				<onright>5300</onright>
				<animation effect="fade" end="80" condition="true">Conditional</animation>
				<visible>true</visible>
			</control>
		</control>
	</control>
</controls>
</window>