<window id="3001">
	<defaultcontrol always="true">1001</defaultcontrol>
	<coordinates>
		<system>1</system>
		<posx>0</posx>
		<posy>0</posy>
	</coordinates>
	<controls>
		<control type="image">
			<posx>0</posx>
			<posy>0</posy>
			<width>1280</width>
			<height>720</height>
			<texture>black.png</texture>
			<colordiffuse>C3FFFFFF</colordiffuse>
			<include>Animation_Fade</include>
		</control>
		<control type="group">
			<posx>410</posx>
			<posy>200</posy>
			<animation type="WindowOpen" reversible="false">
				<effect type="zoom" start="80" end="100" center="144,214" easing="out" tween="back" time="300" />
				<effect type="fade" start="0" end="100" time="300" />
			</animation>
			<animation type="WindowClose" reversible="false">
				<effect type="zoom" start="100" end="80" center="144,214" easing="in" tween="back" time="300" />
				<effect type="fade" start="100" end="0" time="300" />
			</animation>
			<control type="grouplist" id="1000">
				<posx>0</posx>
				<posy>0</posy>
				<itemgap>0</itemgap>
				<onleft>Close</onleft>
				<onright>Close</onright>
				<control type="group" id="1">
					<width>460</width>
					<height>27</height>
					<control type="image">
						<description>background top image</description>
						<posx>-2</posx>
						<posy>0</posy>
						<width>463</width>
						<height>27</height>
						<texture>dialogs_context_top.png</texture>
					</control>
				</control>
				<control type="button" id="1001">
					<include>DialogContext_Button</include>
					<label>-</label>
				</control>
				<control type="button" id="1002">
					<include>DialogContext_Button</include>
					<label>-</label>
				</control>
				<control type="button" id="1003">
					<include>DialogContext_Button</include>
					<label>-</label>
				</control>
				<control type="button" id="1004">
					<include>DialogContext_Button</include>
					<label>-</label>
				</control>
				<control type="button" id="1005">
					<include>DialogContext_Button</include>
					<label>-</label>
				</control>
				<control type="button" id="1006">
					<include>DialogContext_Button</include>
					<label>-</label>
				</control>
				<control type="button" id="1007">
					<include>DialogContext_Button</include>
					<label>-</label>
				</control>
				<control type="button" id="1008">
					<include>DialogContext_Button</include>
					<label>-</label>
				</control>
				<control type="button" id="1009">
					<include>DialogContext_Button</include>
					<label>-</label>
				</control>
				<control type="button" id="1010">
					<include>DialogContext_Button</include>
					<label>-</label>
				</control>
				<control type="button" id="1011">
					<include>DialogContext_Button</include>
					<label>-</label>
				</control>
				<control type="image" id="1998">
					<description>background bottom image</description>
					<posx>-22</posx>
					<width>460</width>
					<height>27</height>
					<texture>dialogs_context_bottom.png</texture>
				</control>
			</control>
		</control>
	</controls>
</window>
