<window>
	<allowoverlay>no</allowoverlay>
	<defaultcontrol always="true">50</defaultcontrol>
	<onunload condition="Skin.HasSetting(kioskcode)">Skin.Reset($INFO[skin.string(custom_code)])</onunload>
	<onload>Skin.SetBool(rcbgames)</onload>
	<onunload>Skin.Reset(games)</onunload>
	<controls>

		<control type="multiimage">
			<!-- Fanart -->
			<include>WindowBG</include>
			<aspectratio>keep</aspectratio>
			<imagepath background="true">$VAR[value_gamesfanart]</imagepath>
		</control>
		<control type="image">
			<!-- Single Fanart -->
			<include>WindowBG</include>
			<aspectratio>keep</aspectratio>
			<texture background="true">$VAR[value_defaultgamesfanart]</texture>
		</control>
		<control type="multiimage" id="5020">
			<!-- Extra Fanart -->
			<include>InvisibleButton</include>
			<imagepath background="true">$INFO[ListItem.Path]extrafanart/</imagepath>
			<visible>SubString(skin.string(gamesfanart),extra)</visible>
		</control>

		<!-- Views Group -->
		<control type="group" id="200">
			<include>Animation_Window</include>
			<control type="group">
				<posx>0</posx>
				<posy>0</posy>
				<control type="group">
					<control type="button" id="9900">
						<!-- to menu/kiosk condition -->
						<include>InvisibleButton</include>
						<onfocus>PlayerControl(stop)</onfocus>
						<onfocus condition="![Skin.HasSetting(kiosk) | Skin.HasSetting(kiosksmart) + !SubString(skin.string(codestep),step3)]">SetFocus(9300)</onfocus>
						<onfocus condition="Skin.HasSetting(kiosksmart) + !SubString(skin.string(codestep),step3)">SetFocus(9100)</onfocus>
						<onfocus condition="Skin.HasSetting(kiosk) + [IsEmpty(ListItem.Property(gameplaymain)) | SubString(skin.string(games_video),off)]">SetFocus(50)</onfocus>
						<onfocus condition="Skin.HasSetting(kiosk) + ![IsEmpty(ListItem.Property(gameplaymain)) | SubString(skin.string(games_video),off)]">SetFocus(90000)</onfocus>
					</control>
					<control type="button" id="9920">
						<!-- hidden colection/view fanart -->
						<include>InvisibleButton</include>
						<onleft>SetFocus(50)</onleft>
						<onright>SetFocus(50)</onright>
						<onup>SetFocus(50)</onup>
						<ondown>SetFocus(50)</ondown>
					</control>
					<control type="group">
						<animation effect="slide" time="400" start="0,-250" end="0,0" easing="inout" tween="cubic">WindowOpen</animation>
						<animation effect="slide" time="400" start="0,-250" end="0,0" easing="inout" tween="cubic">Visible</animation>
						<animation effect="slide" time="400" start="0,0" end="0,-250" easing="inout" tween="cubic">WindowClose</animation>
						<animation effect="slide" time="400" start="0,0" end="0,-250" easing="inout" tween="cubic">Hidden</animation>
						<visible>![Control.IsVisible(50) | Control.HasFocus(9920)]</visible>
						<control type="image">
							<posx>0</posx>
							<posy>0</posy>
							<height>150</height>
							<width>1280</width>
							<texture flipy="true">shadow_mask.png</texture>
							<colordiffuse>75000000</colordiffuse>
						</control>
						<control type="label">
							<!-- Title -->
							<posx>30</posx>
							<posy>8</posy>
							<width>1100</width>
							<height>40</height>
							<font>Font_40</font>
							<label>$INFO[ListItem.Label]</label>
							<textcolor>FFFFFAF0</textcolor>
							<scroll>true</scroll>
							<scrollout>false</scrollout>
						</control>
					</control>
					<control type="group">
						<!-- Grupo ocultar flags ou fanart -->
						<include>Animation_HiddenView</include>
						<control type="group">
							<animation effect="slide" start="0,300" end="0,0"  time="500" tween="sine" easing="out">WindowOpen</animation>
							<animation effect="slide" start="0,300" end="0,0"  time="500" tween="sine" easing="out">Visible</animation>
							<animation effect="fade" start="100" end="0" time="200">Hidden</animation>
							<visible>!Skin.HasSetting(nomediaflags)</visible>
							<control type="image">
								<!-- Barra das etiquetas -->
								<posx>0</posx>
								<posy>610</posy>
								<width>1280</width>
								<height>82</height>
								<colordiffuse>FFFFF0F0</colordiffuse>
								<texture>shadow_mask.png</texture>
							</control>
							<control type="grouplist">
								<!-- Etiquetas -->
								<posx>20</posx>
								<posy>651</posy>
								<orientation>horizontal</orientation>
								<itemgap>19</itemgap>
								<control type="image">
									<!-- extraImage1 -->
									<description>mainview1</description>
									<include>FlagImage</include>
									<texture background="true">$INFO[ListItem.Property(extraImage1)]</texture>
								</control>
								<control type="image">
									<include>FlagSeparator</include>
									<visible>!IsEmpty(ListItem.Property(extraImage1))</visible>
								</control>
								<control type="image">
									<!-- extraImage2 -->
									<description>mainview2</description>
									<include>FlagImage</include>
									<texture background="true">$INFO[ListItem.Property(extraImage2)]</texture>
								</control>
								<control type="image">
									<include>FlagSeparator</include>
									<visible>!IsEmpty(ListItem.Property(extraImage2))</visible>
								</control>
								<control type="image">
									<!-- extraImage3 -->
									<description>mainview3</description>
									<include>FlagImage</include>
									<texture background="true">$INFO[ListItem.Property(extraImage3)]</texture>
								</control>
								<control type="image">
									<include>FlagSeparator</include>
									<visible>!IsEmpty(ListItem.Property(extraImage3))</visible>
								</control>
								<control type="image">
									<!-- Trailer -->
									<include>FlagImage</include>
									<texture>logo_trailer.png</texture>
									<visible>!IsEmpty(ListItem.Property(gameplaymain))</visible>
								</control>
							</control>
							<control type="image">
								<posx>0</posx>
								<posy>650</posy>
								<height>42</height>
								<width>1280</width>
								<texture>gradient_small.png</texture>
							</control>
						</control>

						<!-- ViewTypes -->
						<include>ViewWideGames</include>
						<!-- 50 -->
						<include>ViewPosterGames</include>
						<!-- 51 -->
						<include>ViewPanelGames</include>
						<!-- 52 -->
						<include>ViewWallGames</include>
						<!-- 56 -->
					</control>

					<!-- Messages -->
					<control type="label" id="4000">
						<description>Notes</description>
						<posx>600</posx>
						<posy>651</posy>
						<width>680</width>
						<height>40</height>
						<align>center</align>
						<aligny>center</aligny>
						<font>Font_20</font>
						<textcolor>FF101010</textcolor>
						<label/>
					</control>
				</control>

				<!-- Filter Controls -->
				<control type="group" id="100">
					<posy>-350</posy>
					<animation effect="slide" start="0,0" end="0,382" time="600" tween="sine" easing="inout" condition="Control.HasFocus(9300)">Conditional</animation>
					<animation effect="slide" start="0,0" end="0,350" time="600" tween="sine" easing="inout" condition="ControlGroup(100).HasFocus">Conditional</animation>

					<control type="wraplist" id="500">
						<!-- Console filter -->
						<posx>0</posx>
						<posy>28</posy>
						<width>274</width>
						<height>100</height>
						<onleft>50</onleft>
						<onright>600</onright>
						<onup>500</onup>
						<ondown>500</ondown>
						<viewtype label="Console">wrap</viewtype>
						<focusposition>1</focusposition>
						<scrolltime>200</scrolltime>
						<itemlayout height="25">
							<control type="image">
								<include>TopMenuButtonFilter</include>
								<texture>topmenu_button_nofocus.png</texture>
							</control>
							<control type="label">
								<include>TopMenuFilter</include>
								<info>ListItem.Label</info>
							</control>
						</itemlayout>
						<focusedlayout height="25">
							<control type="image">
								<include>TopMenuButtonFilter</include>
								<texture>topmenu_button_focus.png</texture>
								<visible>Control.HasFocus(500)</visible>
							</control>
							<control type="image">
								<include>TopMenuButtonFilter</include>
								<texture>topmenu_button_nofocus.png</texture>
								<visible>!Control.HasFocus(500)</visible>
							</control>
							<control type="image">
								<include>TopMenuButtonFilter</include>
								<texture>topmenu_button_focus.png</texture>
								<animation effect="fade" end="20" condition="true">Conditional</animation>
								<visible>!Control.HasFocus(500)</visible>
							</control>
							<control type="label">
								<include>TopMenuFilterFocus</include>
								<info>ListItem.Label</info>
								<visible>Control.HasFocus(500)</visible>
							</control>
							<control type="label">
								<include>TopMenuFilter</include>
								<info>ListItem.Label</info>
								<visible>!Control.HasFocus(500)</visible>
							</control>
						</focusedlayout>
					</control>
					<control type="image">
						<posx>274</posx>
						<posy>28</posy>
						<width>2</width>
						<height>100</height>
						<texture>separator_v.png</texture>
					</control>
					<control type="wraplist" id="600">
						<!-- Genre filter -->
						<viewtype label="Genre">wrap</viewtype>
						<posx>276</posx>
						<posy>28</posy>
						<width>274</width>
						<height>100</height>
						<onleft>500</onleft>
						<onright>700</onright>
						<onup>600</onup>
						<ondown>600</ondown>
						<focusposition>1</focusposition>
						<scrolltime>200</scrolltime>
						<itemlayout height="25">
							<control type="image">
								<include>TopMenuButtonFilter</include>
								<texture>topmenu_button_nofocus.png</texture>
							</control>
							<control type="label">
								<include>TopMenuFilter</include>
								<info>ListItem.Label</info>
							</control>
						</itemlayout>
						<focusedlayout height="25">
							<control type="image">
								<include>TopMenuButtonFilter</include>
								<texture>topmenu_button_focus.png</texture>
								<visible>Control.HasFocus(600)</visible>
							</control>
							<control type="image">
								<include>TopMenuButtonFilter</include>
								<texture>topmenu_button_nofocus.png</texture>
								<visible>!Control.HasFocus(600)</visible>
							</control>
							<control type="image">
								<include>TopMenuButtonFilter</include>
								<texture>topmenu_button_focus.png</texture>
								<animation effect="fade" end="20" condition="true">Conditional</animation>
								<visible>!Control.HasFocus(600)</visible>
							</control>
							<control type="label">
								<include>TopMenuFilterFocus</include>
								<info>ListItem.Label</info>
								<visible>Control.HasFocus(600)</visible>
							</control>
							<control type="label">
								<include>TopMenuFilter</include>
								<info>ListItem.Label</info>
								<visible>!Control.HasFocus(600)</visible>
							</control>
						</focusedlayout>
					</control>
					<control type="image">
						<posx>548</posx>
						<posy>28</posy>
						<width>2</width>
						<height>100</height>
						<texture>separator_v.png</texture>
					</control>
					<control type="wraplist" id="700">
						<!-- Year filter -->
						<viewtype label="Year">wrap</viewtype>
						<posx>550</posx>
						<posy>28</posy>
						<width>274</width>
						<height>100</height>
						<onleft>600</onleft>
						<onright>800</onright>
						<onup>700</onup>
						<ondown>700</ondown>
						<focusposition>1</focusposition>
						<scrolltime>200</scrolltime>
						<itemlayout height="25">
							<control type="image">
								<include>TopMenuButtonFilter</include>
								<texture>topmenu_button_nofocus.png</texture>
							</control>
							<control type="label">
								<include>TopMenuFilter</include>
								<info>ListItem.Label</info>
							</control>
						</itemlayout>
						<focusedlayout height="25">
							<control type="image">
								<include>TopMenuButtonFilter</include>
								<texture>topmenu_button_focus.png</texture>
								<visible>Control.HasFocus(700)</visible>
							</control>
							<control type="image">
								<include>TopMenuButtonFilter</include>
								<texture>topmenu_button_nofocus.png</texture>
								<visible>!Control.HasFocus(700)</visible>
							</control>
							<control type="image">
								<include>TopMenuButtonFilter</include>
								<texture>topmenu_button_focus.png</texture>
								<animation effect="fade" end="20" condition="true">Conditional</animation>
								<visible>!Control.HasFocus(700)</visible>
							</control>
							<control type="label">
								<include>TopMenuFilterFocus</include>
								<info>ListItem.Label</info>
								<visible>Control.HasFocus(700)</visible>
							</control>
							<control type="label">
								<include>TopMenuFilter</include>
								<info>ListItem.Label</info>
								<visible>!Control.HasFocus(700)</visible>
							</control>
						</focusedlayout>
					</control>
					<control type="image">
						<posx>822</posx>
						<posy>28</posy>
						<width>2</width>
						<height>100</height>
						<texture>separator_v.png</texture>
					</control>
					<control type="wraplist" id="800">
						<!-- Publisher filter -->
						<viewtype label="Publisher">wrap</viewtype>
						<posx>824</posx>
						<posy>28</posy>
						<width>274</width>
						<height>100</height>
						<onleft>700</onleft>
						<onright>900</onright>
						<onup>800</onup>
						<ondown>800</ondown>
						<focusposition>1</focusposition>
						<scrolltime>200</scrolltime>
						<itemlayout height="25">
							<control type="image">
								<include>TopMenuButtonFilter</include>
								<texture>topmenu_button_nofocus.png</texture>
							</control>
							<control type="label">
								<include>TopMenuFilter</include>
								<info>ListItem.Label</info>
							</control>
						</itemlayout>
						<focusedlayout height="25">
							<control type="image">
								<include>TopMenuButtonFilter</include>
								<texture>topmenu_button_focus.png</texture>
								<visible>Control.HasFocus(800)</visible>
							</control>
							<control type="image">
								<include>TopMenuButtonFilter</include>
								<texture>topmenu_button_nofocus.png</texture>
								<visible>!Control.HasFocus(800)</visible>
							</control>
							<control type="image">
								<include>TopMenuButtonFilter</include>
								<texture>topmenu_button_focus.png</texture>
								<animation effect="fade" end="20" condition="true">Conditional</animation>
								<visible>!Control.HasFocus(800)</visible>
							</control>
							<control type="label">
								<include>TopMenuFilterFocus</include>
								<info>ListItem.Label</info>
								<visible>Control.HasFocus(800)</visible>
							</control>
							<control type="label">
								<include>TopMenuFilter</include>
								<info>ListItem.Label</info>
								<visible>!Control.HasFocus(800)</visible>
							</control>
						</focusedlayout>
					</control>
					<control type="image">
						<posx>1096</posx>
						<posy>28</posy>
						<width>2</width>
						<height>100</height>
						<texture>separator_v.png</texture>
					</control>
					<control type="wraplist" id="900">
						<!-- Character filter -->
						<viewtype label="Character">wrap</viewtype>
						<posx>1098</posx>
						<posy>28</posy>
						<width>182</width>
						<height>100</height>
						<onleft>800</onleft>
						<onright>50</onright>
						<onup>900</onup>
						<ondown>900</ondown>
						<focusposition>1</focusposition>
						<scrolltime>200</scrolltime>
						<itemlayout height="25">
							<control type="image">
								<width>182</width>
								<include>TopMenuButtonFilter</include>
								<texture>topmenu_button_nofocus.png</texture>
							</control>
							<control type="label">
								<width>162</width>
								<include>TopMenuFilter</include>
								<info>ListItem.Label</info>
							</control>
						</itemlayout>
						<focusedlayout height="25">
							<control type="image">
								<width>182</width>
								<include>TopMenuButtonFilter</include>
								<texture>topmenu_button_focus.png</texture>
								<visible>Control.HasFocus(900)</visible>
							</control>
							<control type="image">
								<include>TopMenuButtonFilter</include>
								<texture>topmenu_button_nofocus.png</texture>
								<visible>!Control.HasFocus(900)</visible>
							</control>
							<control type="image">
								<width>182</width>
								<include>TopMenuButtonFilter</include>
								<texture>topmenu_button_focus.png</texture>
								<animation effect="fade" end="20" condition="true">Conditional</animation>
								<visible>!Control.HasFocus(900)</visible>
							</control>
							<control type="label">
								<width>162</width>
								<include>TopMenuFilterFocus</include>
								<info>ListItem.Label</info>
								<visible>Control.HasFocus(900)</visible>
							</control>
							<control type="label">
								<width>162</width>
								<include>TopMenuFilter</include>
								<info>ListItem.Label</info>
								<visible>!Control.HasFocus(900)</visible>
							</control>
						</focusedlayout>
					</control>
					<control type="group">
						<posx>0</posx>
						<posy>-23</posy>
						<include>TopMenu_Bar</include>
						<control type="label">
							<!-- Console filter -->
							<posx>33</posx>
							<posy>27</posy>
							<width>208</width>
							<align>center</align>
							<font>Font_15</font>
							<textcolor>$VAR[value_headercolor]</textcolor>
							<label>31770</label>
						</control>
						<control type="label">
							<!-- Genre filter -->
							<posx>309</posx>
							<posy>27</posy>
							<width>208</width>
							<align>center</align>
							<font>Font_15</font>
							<textcolor>$VAR[value_headercolor]</textcolor>
							<label>515</label>
						</control>
						<control type="label">
							<!-- Year filter -->
							<posx>583</posx>
							<posy>27</posy>
							<width>208</width>
							<align>center</align>
							<font>Font_15</font>
							<textcolor>$VAR[value_headercolor]</textcolor>
							<label>345</label>
						</control>
						<control type="label">
							<!-- Publisher filter -->
							<posx>857</posx>
							<posy>27</posy>
							<width>208</width>
							<align>center</align>
							<font>Font_15</font>
							<textcolor>$VAR[value_headercolor]</textcolor>
							<label>31771</label>
						</control>
						<control type="label">
							<!-- Character filter -->
							<posx>1140</posx>
							<posy>27</posy>
							<width>98</width>
							<align>center</align>
							<font>Font_15</font>
							<textcolor>$VAR[value_headercolor]</textcolor>
							<label>31792</label>
						</control>
					</control>
				</control>
			</control>
			<include>TouchScreen</include>
			<include>ScrollGamesLabel</include>
			<include>MultiData</include>
			<include>TopMenu_Games</include>
			<include>BGBlack</include>
		</control>
	</controls>
</window>