<window id="7">
	<defaultcontrol always="true">95</defaultcontrol>
	<allowoverlay>no</allowoverlay>
	<controls>
		<control type="image">
			<include>HomeBG</include>
			<texture fallback="special://skin/backgrounds/settings.jpg" background="true">$VAR[value_mainmenubg_settings]</texture>
		</control>
		<control type="group">
			<!-- default group -->
			<include>Animation_Window</include>
			<include>SettingsBack</include>
			<!-- Menu da direita -->
			<control type="label" id="40">
				<include>SettingsContentTitle</include>
				<label>-</label>
				<animation effect="fade" reversible="true" time="300">VisibleChange</animation>
				<visible>!Control.HasFocus(9001)</visible>
			</control>
			<control type="label">
				<include>SettingsContentTitle</include>
				<label>31443</label>
				<animation effect="fade" reversible="true" time="300">VisibleChange</animation>
				<visible>Control.HasFocus(9001)</visible>
			</control>
			<control type="grouplist">
				<posx>290</posx>
				<posy>120</posy>
				<width>940</width>
				<height>494</height>
				<itemgap>10</itemgap>
				<animation effect="fade" reversible="true" time="300">VisibleChange</animation>
				<visible>!Control.HasFocus(9001)</visible>
				<control type="label" id="2">
					<width>890</width>
					<height>20</height>
					<label>-</label>
					<font>Font_20</font>
				</control>
				<control type="label" id="3">
					<width>890</width>
					<height>20</height>
					<label>-</label>
					<font>Font_20</font>
				</control>
				<control type="label" id="4">
					<width>890</width>
					<height>20</height>
					<label>-</label>
					<font>Font_20</font>
				</control>
				<control type="label" id="5">
					<width>890</width>
					<height>20</height>
					<label>-</label>
					<font>Font_20</font>
				</control>
				<control type="label" id="6">
					<width>890</width>
					<height>20</height>
					<label>-</label>
					<font>Font_20</font>
				</control>
				<control type="label" id="7">
					<width>890</width>
					<height>20</height>
					<label>-</label>
					<font>Font_20</font>
				</control>
				<control type="label" id="8">
					<width>890</width>
					<height>20</height>
					<label>-</label>
					<font>Font_20</font>
				</control>
				<control type="label" id="9">
					<width>890</width>
					<height>20</height>
					<label>-</label>
					<font>Font_20</font>
				</control>
				<control type="label" id="10">
					<width>890</width>
					<height>20</height>
					<label>-</label>
					<font>Font_20</font>
				</control>
				<control type="label" id="11">
					<width>890</width>
					<height>20</height>
					<label>-</label>
					<font>Font_20</font>
				</control>
			</control>
			<control type="textbox">
				<!-- Creditos -->
				<posx>290</posx>
				<posy>120</posy>
				<width>940</width>
				<height>430</height>
				<label>[COLOR=$VAR[value_headercolor]]$LOCALIZE[31788]:[/COLOR] MarcosQui[CR][COLOR=$VAR[value_headercolor]]$LOCALIZE[31706]:[/COLOR] Wanilton[CR][COLOR=$VAR[value_headercolor]]$LOCALIZE[31708]:[/COLOR] AdrianaPassos | Atailo | claymic | CVRFireWall | Domina | Gato Guga | gomestv | henricos | Leandro Soares | nanohits | nelsonamen | renaldo.alves | Ricardo Magluta | rodrigocoelho | R.O.N.A.L.D.O | scarfax | SandroPOA | schumi2004 | samisnow | valdo lopes | vetcool | Walterrg[CR][COLOR=$VAR[value_headercolor]]$LOCALIZE[31705]:[/COLOR] Arabic - kim1406 | Bulgarian - alex95sv | Catalan - mrfloffy | Chinese - arcko | Croatian - mitaok | Czech - Fery | Danish - tension, nsordk, mmedum | Dutch - schumi2004, Mitchlw | Estonian - RaidoR | French - mickfr, jaybbb | Galician - xurxo | German - janeusreith, Snakebite, Kalle | Greek - CutSickAss | Hebrew - BuSHari, CaTz | Hindi - amanker | Hungarian - slashing | Icelandic - passer | Italian - peppe_sr | Japanese - shaolin, Kyouhei, skay | Korean - piodio | Lithuanian - ArtX38 | Norwegian - magnusalex | Polish - mateusz, krystianen | Portuguese - nelsonamen, mpvargas and piro.lito | Russian - karlson2k | Slovak - Dominick | Slovenian - tadej | Spanish - Palalismo, LinkinStg, terratec, toniusco | Spanish (Argentina) - LinkinStg | Swedish - Berggren | Thai - devilshura | Turkish - brightonboy | Ukrainian - totalhysteria | Vietnamese - dukevn[CR][COLOR=$VAR[value_headercolor]]$LOCALIZE[31704]:[/COLOR] $LOCALIZE[31707]</label>
				<font>Font_20A</font>
				<animation effect="fade" reversible="true" time="300">VisibleChange</animation>
				<scroll>true</scroll>
				<autoscroll delay="25000" time="4000" repeat="25000">!Skin.HasSetting(noallowscroll)</autoscroll>
				<visible>Control.HasFocus(9001)</visible>
			</control>
			<control type="label">
				<!-- System Info Label -->
				<posx>290</posx>
				<posy>400</posy>
				<width>940</width>
				<height>49</height>
				<align>left</align>
				<font>Font_32</font>
				<textcolor>FFFFFAF0</textcolor>
				<label>130</label>
				<animation effect="fade" reversible="true" time="300">VisibleChange</animation>
				<visible>!Control.HasFocus(9001)</visible>
			</control>
			<control type="label" id="52">
				<!-- XBMC Version -->
				<posx>290</posx>
				<posy>450</posy>
				<width>800</width>
				<label/>
				<font>Font_20</font>
				<textcolor>$VAR[value_headercolor]</textcolor>
				<animation effect="fade" reversible="true" time="300">VisibleChange</animation>
				<visible>!Control.HasFocus(9001)</visible>
			</control>
			<control type="label">
				<!-- Skin Name -->
				<posx>290</posx>
				<posy>480</posy>
				<width>800</width>
				<label>$LOCALIZE[31443] by MarcosQui - $VAR[SkinVersion]</label>
				<font>Font_20</font>
				<textcolor>$VAR[value_headercolor]</textcolor>
				<animation effect="fade" reversible="true" time="300">VisibleChange</animation>
				<visible>!Control.HasFocus(9001)</visible>
			</control>
			<control type="image">
				<!-- Skin Logo -->
				<posx>1010</posx>
				<posy>570</posy>
				<width>250</width>
				<height>100</height>
				<align>right</align>
				<aspectratio>keep</aspectratio>
				<texture>ace_logo.png</texture>
			</control>
			<include>RSS</include>
			<include>SettingsMenu</include>
			<!-- Menu da esquerda -->
			<include>Date</include>
			<control type="label">
				<include>SettingsSectionTitle</include>
				<label>31202</label>
			</control>
			<control type="grouplist" id="9000">
				<posx>0</posx>
				<posy>120</posy>
				<width>240</width>
				<height>660</height>
				<orientation>vertical</orientation>
				<itemgap>0</itemgap>
				<onup>9000</onup>
				<ondown>9000</ondown>
				<control type="button" id="95">
					<!-- Default Values -->
					<include>SettingsButton</include>
					<label>20037</label>
				</control>
				<control type="button" id="94">
					<!-- Storage -->
					<include>SettingsButton</include>
					<label>13277</label>
				</control>
				<control type="button" id="96">
					<!-- Network -->
					<include>SettingsButton</include>
					<label>13279</label>
				</control>
				<control type="button" id="97">
					<!-- Video -->
					<include>SettingsButton</include>
					<label>13280</label>
				</control>
				<control type="button" id="98">
					<!-- Hardware -->
					<include>SettingsButton</include>
					<label>13281</label>
				</control>
				<control type="button" id="99">
					<!-- PVR -->
					<include>SettingsButton</include>
					<label>19191</label>
				</control>
				<control type="button" id="9001">
					<!-- Creditos -->
					<include>SettingsButton</include>
					<label>31985</label>
				</control>
			</control>
			<control type="image">
				<posx>0</posx>
				<posy>0</posy>
				<width>250</width>
				<height>720</height>
				<texture>menu_glass.png</texture>
				<colordiffuse>70FFFAF0</colordiffuse>
			</control>
			<include>BGBlack</include>
		</control>
	</controls>
</window>