<window id="12">
	<defaultcontrol>3</defaultcontrol>
	<allowoverlay>no</allowoverlay>
	<include condition="!Skin.HasSetting(welcomedone5)">Startup</include>
	<controls>
		<control type="image">
			<include>HomeBG</include>
			<texture fallback="special://skin/backgrounds/settings.jpg" background="true">$INFO[skin.string(settings.bg)]</texture>
		</control>
		<control type="group">
			<!-- default group -->
			<include>Animation_Window</include>
			<include>SettingsBack</include>
			<!-- Menu da direita -->
			<visible>!Window.IsActive(PVRChannelManager)</visible>
			<control type="label">
				<include>SettingsContentTitle</include>
				<label>31351</label>
				<visible>Window.IsActive(appearancesettings)</visible>
			</control>
			<control type="label">
				<include>SettingsContentTitle</include>
				<label>31353</label>
				<visible>Window.IsActive(videossettings)</visible>
			</control>
			<control type="label">
				<include>SettingsContentTitle</include>
				<label>31355</label>
				<visible>Window.IsActive(musicsettings)</visible>
			</control>
			<control type="label">
				<include>SettingsContentTitle</include>
				<label>31357</label>
				<visible>Window.IsActive(tvsettings) + System.HasPVR</visible>
			</control>
			<control type="label">
				<include>SettingsContentTitle</include>
				<label>31365</label>
				<visible>Window.IsActive(picturessettings)</visible>
			</control>
			<control type="label">
				<include>SettingsContentTitle</include>
				<label>31367</label>
				<visible>Window.IsActive(weathersettings)</visible>
			</control>
			<control type="label">
				<include>SettingsContentTitle</include>
				<label>31359</label>
				<visible>Window.IsActive(systemsettings)</visible>
			</control>
			<control type="label">
				<include>SettingsContentTitle</include>
				<label>31361</label>
				<visible>Window.IsActive(servicesettings)</visible>
			</control>
			<control type="grouplist" id="5">
				<posx>240</posx>
				<posy>120</posy>
				<width>1040</width>
				<height>520</height>
				<itemgap>0</itemgap>
				<onup>5</onup>
				<ondown>5</ondown>
				<onleft>3</onleft>
				<onright>3</onright>
			</control>
			<control type="button" id="7">
			</control>
			<control type="radiobutton" id="8">
			</control>
			<control type="spincontrolex" id="9">
				<onright>SetFocus(1)</onright>
			</control>
			<control type="sliderex" id="13">
			</control>
			<include>RSS</include>
			<include>SettingsMenu</include>
			<!-- Menu da esquerda -->
			<include>Date</include>
			<control type="label">
				<include>SettingsSectionTitle</include>
				<label>31202</label>
			</control>
			<control type="group">
				<!-- Menu de nivel -->
				<posx>-300</posx>
				<animation effect="slide" start="0,0" end="300,0" time="300" easing="out" tween="cubic" condition="ControlGroup(9000).HasFocus">Conditional</animation>
				<control type="grouplist" id="9000">
					<posx>0</posx>
					<posy>120</posy>
					<width>240</width>
					<height>660</height>
					<orientation>vertical</orientation>
					<itemgap>0</itemgap>
					<onleft>9000</onleft>
					<onright>3</onright>
					<onup>9000</onup>
					<ondown>9000</ondown>
					<onback>3</onback>	
					<control type="button" id="20">
						<!-- Setting level -->
						<include>SettingsButton</include>
						<label>10037</label>
						<onclick>SettingsLevelChange</onclick>
					</control>
					<control type="button" id="21">
						<!-- Reset level -->
						<include>SettingsButton</include>
						<label>10035</label>
						<onclick>SettingsReset</onclick>
					</control>
				</control>
			</control>
			<control type="grouplist" id="3">
				<posx>0</posx>
				<posy>120</posy>
				<width>240</width>
				<height>660</height>
				<orientation>vertical</orientation>
				<itemgap>0</itemgap>
				<onleft>9000</onleft>
				<onright>5</onright>
				<onup>3</onup>
				<ondown>3</ondown>
				<animation effect="slide" start="0,0" end="-300,0" time="300" easing="out" tween="cubic" condition="ControlGroup(9000).HasFocus">Conditional</animation>
			</control>
			<control type="image">
				<posx>0</posx>
				<posy>0</posy>
				<width>250</width>
				<height>720</height>
				<texture>menu_glass.png</texture>
				<colordiffuse>70FFFAF0</colordiffuse>
			</control>
			<control type="button" id="10">
				<!-- Default category button-->
				<include>SettingsButton</include>
				<onclick>SetFocus(800)</onclick>
			</control>
			<include>BGBlack</include>
		</control>
	</controls>
</window>