<window id="2999">
	<defaultcontrol always="true">10</defaultcontrol>
	<allowoverlay>no</allowoverlay>
	<controls>
		<control type="button" id="10">
			<include>InvisibleButton</include>
			<onfocus condition="Skin.HasSetting(randomthemes) + SubString(skin.string(theme),modern)">Skin.SetString(theme,future)</onfocus>
			<onfocus condition="Skin.HasSetting(randomthemes) + SubString(skin.string(theme),future)">Skin.SetString(theme,cold)</onfocus>
			<onfocus condition="Skin.HasSetting(randomthemes) + SubString(skin.string(theme),cold)">Skin.SetString(theme,warm)</onfocus>
			<onfocus condition="Skin.HasSetting(randomthemes) + SubString(skin.string(theme),warm)">Skin.SetString(theme,darkness)</onfocus>
			<onfocus condition="Skin.HasSetting(randomthemes) + SubString(skin.string(theme),darkness)">Skin.SetString(theme,digitalart)</onfocus>
			<onfocus condition="Skin.HasSetting(randomthemes) + SubString(skin.string(theme),digitalart)">Skin.SetString(theme,modern)</onfocus>
			<onfocus condition="SubString(skin.string(games.menu),on) + SubString(skin.string(games_link),rcb) + System.HasAddon(script.games.rom.collection.browser)">RunScript(script.games.rom.collection.browser,limit=12)</onfocus>
			<onfocus condition="System.HasAddon(script.tv.show.next.aired)">RunScript(script.tv.show.next.aired,silent=True)</onfocus>
			<onfocus condition="Skin.HasSetting(custommode)">Skin.Reset(custommode)</onfocus>
			<onfocus condition="Skin.HasSetting(submode)">Skin.Reset(submode)</onfocus>
			<onfocus condition="Skin.HasSetting(startplay)">PlayMedia($INFO[Skin.String(startupplaylist)])</onfocus>
			<onfocus>ReplaceWindow(Home)</onfocus>
		</control>
	</controls>
</window>