<window>
	<coordinates>
		<system>1</system>
	</coordinates>
	<controls>
		<control type="group" id="2">
			<animation effect="fade" time="300">Visible</animation>
			<animation effect="fade" time="300">Hidden</animation>
			<control type="list" id="111">
				<posx>410</posx>
				<posy>250</posy>
				<width>454</width>
				<height max="670">auto</height>
				<onup>111</onup>
				<ondown>111</ondown>
				<onleft>Close</onleft>
				<onright>Close</onright>
				<scrolltime>200</scrolltime>
				<itemlayout height="39" width="454">
					<control type="image">
						<posx>0</posx>
						<posy>0</posy>
						<height>39</height>
						<width>454</width>
						<texture>dialogs_context_nofocus.png</texture>
					</control>
					<control type="label">
						<posx>227</posx>
						<posy>0</posy>
						<height>39</height>
						<width>454</width>
						<align>center</align>
						<aligny>top</aligny>
						<font>Font_18</font>
						<textoffsety>8</textoffsety>
						<info>ListItem.Label</info>
						<textcolor>FFFFFAF0</textcolor>
						<selectedcolor>$VAR[value_headercolor]</selectedcolor>
						<colordiffuse>F9FFFFFF</colordiffuse>
					</control>
				</itemlayout>
				<focusedlayout height="39" width="454">
					<control type="image">
						<posx>0</posx>
						<posy>0</posy>
						<height>39</height>
						<width>454</width>
						<texture>dialogs_context_focus.png</texture>
					</control>
					<control type="label">
						<posx>227</posx>
						<posy>0</posy>
						<height>39</height>
						<width>454</width>
						<align>center</align>
						<aligny>top</aligny>
						<font>Font_18</font>
						<textoffsety>8</textoffsety>
						<info>ListItem.Label</info>
						<textcolor>E4101010</textcolor>
						<selectedcolor>$VAR[value_headercolor]</selectedcolor>
					</control>
				</focusedlayout>
			</control>
		</control>
	</controls>
</window>