<window id="123">
	<defaultcontrol>5</defaultcontrol>
	<controls>
		<control type="group">
			<include>Animation_DialogPopup</include>
			<animation effect="fade" start="100" end="0" time="200" condition="Window.IsVisible(SliderDialog)">conditional</animation>
			<control type="image">
				<posx>110</posx>
				<posy>0</posy>
				<width>30</width>
				<height>720</height>
				<texture flipx="true">shadow.png</texture>
				<colordiffuse>C3FFFFFF</colordiffuse>
			</control>
			<control type="image">
				<posx>1140</posx>
				<posy>0</posy>
				<width>30</width>
				<height>720</height>
				<texture>shadow.png</texture>
				<colordiffuse>C3FFFFFF</colordiffuse>
			</control>
			<control type="image">
				<posx>140</posx>
				<posy>0</posy>
				<width>1000</width>
				<height>720</height>
				<texture>darkgrey.png</texture>
				<colordiffuse>$VAR[value_texturecolor]</colordiffuse>
				<include>Animation_DefaultGlass</include>
			</control>
			<control type="image">
				<posx>140</posx>
				<posy>0</posy>
				<width>1000</width>
				<height>80</height>
				<texture>black.png</texture>
				<colordiffuse>90FFFFFF</colordiffuse>
			</control>
			<control type="label">
				<posx>215</posx>
				<posy>23</posy>
				<width>852</width>
				<height>30</height>
				<label>31415</label>
				<font>Font_32</font>
				<textcolor>FFFFFAF0</textcolor>
				<align>center</align>
				<aligny>center</aligny>
				<include>Animation_Fade</include>
			</control>
			<control type="grouplist" id="5">
				<posx>140</posx>
				<posy>100</posy>
				<width>1000</width>
				<height>600</height>
				<itemgap>0</itemgap>
				<onleft>5</onleft>
				<onright>5</onright>
				<onup>5</onup>
				<ondown>5</ondown>
			</control>
			<control type="button" id="7">
			</control>
			<control type="radiobutton" id="8">
				<radioposx>894</radioposx>
			</control>
			<control type="spincontrolex" id="9">
				<spinposx>26</spinposx>
			</control>
			<control type="sliderex" id="13">
			</control>
		</control>
	</controls>
</window>