<includes>
	<!--##################################################################################   VISTA MULTIPLEX - ID 61   #############################################################################-->
	<include name="MultiplexLabel_Fanart">
		<posx>60</posx>
		<width>300</width>
		<height>13</height>
		<font>Font_15</font>
		<textcolor>$VAR[value_headercolor]</textcolor>
	</include>
	<include name="MultiplexValue_Fanart">
		<posx>60</posx>
		<width>300</width>
		<height>13</height>
		<align>left</align>
		<font>Font_16</font>
		<textcolor>FFFFFAF0</textcolor>
		<scroll>true</scroll>
		<scrollout>false</scrollout>
	</include>
	<include name="MultiplexLabel_Extrathumbs">
		<posx>300</posx>
		<width>310</width>
		<height>13</height>
		<font>Font_15</font>
		<textcolor>$VAR[value_headercolor]</textcolor>
	</include>
	<include name="MultiplexValue_Extrathumbs">
		<posx>300</posx>
		<width>310</width>
		<height>13</height>
		<align>left</align>
		<font>Font_16</font>
		<textcolor>FFFFFAF0</textcolor>
		<scroll>true</scroll>
		<scrollout>false</scrollout>
	</include>
	<include name="MultiplexFixedList">
		<control type="fixedlist" id="61">
			<include>Multiplex_Content</include>
		</control>
	</include>
	<include name="MultiplexWrapList">
		<control type="wraplist" id="61">
			<include>Multiplex_Content</include>
		</control>
	</include>
	<include name="Multiplex_Content">
		<viewtype label="31803">list</viewtype>
		<posx>-45</posx>
		<posy>365</posy>
		<width>1446</width>
		<height>350</height>
		<onup condition="![StringCompare(ListItem.Label,..) | Skin.HasSetting(multiplexpanel_on)]">9961</onup>
		<onup condition="StringCompare(ListItem.Label,..) | Skin.HasSetting(multiplexpanel_on)">9900</onup>
		<ondown>80</ondown>
		<orientation>horizontal</orientation>
		<focusposition>3</focusposition>
		<scrolltime>400</scrolltime>
		<preloaditems>2</preloaditems>
		<pagecontrol>80</pagecontrol>
		<animation effect="slide" start="0,0" end="0,-10" time="300" tween="sine" easing="out" condition="Control.HasFocus(80)">Conditional</animation>
		<itemlayout condition="Skin.HasSetting(novideomediacase) + [Container.Content(movies) | Container.Content(musicvideos) | Container.Content(sets)] | Container.Content(tvshows) | Container.Content(seasons) | Container.Content(genres) | Window.IsActive(500) | Window.IsActive(501) | Window.IsActive(502) | Window.IsActive(1)" width="200" height="380">
			<control type="image">
				<!-- poster reflexo sem estojo -->
				<posx>0</posx>
				<posy>264</posy>
				<width>173</width>
				<height>254</height>
				<aspectratio align="center" aligny="top">keep</aspectratio>
				<texture flipy="true" diffuse="thumb_reflect.png" background="true">$VAR[value_poster]</texture>
				<bordertexture flipy="true" diffuse="thumb_reflect.png" border="-2">black.png</bordertexture>
			</control>
			<control type="image">
				<!-- poster sem estojo -->
				<posx>0</posx>
				<posy>6</posy>
				<width>173</width>
				<height>254</height>
				<aspectratio align="center" aligny="bottom">keep</aspectratio>
				<texture fallback="DefaultVideoPoster.png" background="true">$VAR[value_poster]</texture>
				<bordertexture border="-2">black.png</bordertexture>
			</control>
			<control type="image">
				<posx>135</posx>
				<posy>2</posy>
				<width>40</width>
				<height>40</height>
				<info>ListItem.Overlay</info>
				<visible>!Skin.HasSetting(nooverlays)</visible>
			</control>
		</itemlayout>
		<itemlayout condition="!Skin.HasSetting(novideomediacase) + [Container.Content(movies) | Container.Content(musicvideos) | Container.Content(sets)]" width="200" height="380">
			<control type="image">
				<!-- poster reflexo com estojo -->
				<posx>14</posx>
				<posy>273.6</posy>
				<width>147</width>
				<height>221</height>
				<aspectratio align="center" aligny="top">scale</aspectratio>
				<texture flipy="true" diffuse="thumb_reflect.png" background="true">$VAR[value_poster]</texture>
			</control>
			<control type="image">
				<!-- poster com estojo -->
				<posx>14</posx>
				<posy>30</posy>
				<width>147</width>
				<height>221</height>
				<aspectratio align="center" aligny="bottom">scale</aspectratio>
				<texture fallback="DefaultVideoPoster.png" background="true">$VAR[value_poster]</texture>
			</control>
			<control type="image">
				<!-- Estojo reflexo -->
				<posx>0</posx>
				<posy>250</posy>
				<width>178</width>
				<height>279</height>
				<fadetime>FanartCrossFadeTime</fadetime>
				<texture flipy="true" diffuse="thumb_box_reflect.png">$VAR[value_videocase0]</texture>
				<aspectratio align="center" aligny="top">stretch</aspectratio>
			</control>
			<control type="image">
				<!-- Estojo -->
				<posx>0</posx>
				<posy>-5</posy>
				<width>178</width>
				<height>279</height>	
				<fadetime>FanartCrossFadeTime</fadetime>
				<texture>$VAR[value_videocase0]</texture>
				<aspectratio align="center" aligny="bottom">stretch</aspectratio>
			</control>
			<control type="image">
				<posx>123</posx>
				<posy>29</posy>
				<width>40</width>
				<height>40</height>
				<info>ListItem.Overlay</info>
				<visible>!Skin.HasSetting(nooverlays)</visible>
			</control>
			<control type="image">
				<!-- Codec -->
				<posx>68</posx>
				<posy>-6</posy>
				<width>43</width>
				<height>43</height>
				<fadetime>FanartCrossFadeTime</fadetime>
				<align>center</align>
				<aligny>center</aligny>
				<aspectratio scalediffuse="true">keep</aspectratio>
				<texture>$VAR[value_videocodec0]</texture>
			</control>
		</itemlayout>
		<focusedlayout condition="Skin.HasSetting(novideomediacase) + [Container.Content(movies) | Container.Content(musicvideos) | Container.Content(sets)] | Container.Content(tvshows) | Container.Content(seasons) | Container.Content(genres) | Window.IsActive(500) | Window.IsActive(501) | Window.IsActive(502) | Window.IsActive(1)" width="200" height="380">
			<control type="image">
				<!-- poster reflexo sem estojo -->
				<posx>0</posx>
				<posy>264</posy>
				<width>173</width>
				<height>254</height>
				<aspectratio align="center" aligny="top">keep</aspectratio>
				<texture flipy="true" diffuse="thumb_reflect.png" background="true">$VAR[value_poster]</texture>
				<bordertexture flipy="true" diffuse="thumb_reflect.png" border="-2">black.png</bordertexture>
				<animation effect="zoom" start="100" end="110" center="135,255" time="400" easing="out" reversible="false" tween="cubic">Focus</animation>
			</control>
			<control type="image">
				<!-- poster  sem estojo -->
				<posx>0</posx>
				<posy>6</posy>
				<width>173</width>
				<height>254</height>
				<aspectratio align="center" aligny="bottom">keep</aspectratio>
				<texture fallback="DefaultVideoPoster.png" background="true">$VAR[value_poster]</texture>
				<bordertexture border="-2">black.png</bordertexture>
				<animation effect="zoom" start="100" end="110" center="135,255" time="400" easing="out" reversible="false" tween="cubic">Focus</animation>
			</control>
			<control type="image">
				<posx>135</posx>
				<posy>2</posy>
				<width>40</width>
				<height>40</height>
				<info>ListItem.Overlay</info>
				<animation effect="zoom" start="100" end="110" center="135,255" time="400" easing="out" reversible="false" tween="cubic">Focus</animation>
				<visible>!Skin.HasSetting(nooverlays)</visible>
			</control>
		</focusedlayout>
		<focusedlayout condition="!Skin.HasSetting(novideomediacase) + [Container.Content(movies) | Container.Content(musicvideos) | Container.Content(sets)]" width="200" height="380">
			<control type="image">
				<!-- poster reflexo com estojo -->
				<posx>14</posx>
				<posy>273.6</posy>
				<width>147</width>
				<height>221</height>
				<aspectratio align="center" aligny="top">scale</aspectratio>
				<texture flipy="true" diffuse="thumb_reflect.png" background="true">$VAR[value_poster]</texture>
				<animation effect="zoom" start="100" end="110" center="135,255" time="400" easing="out" reversible="false" tween="cubic">Focus</animation>
			</control>
			<control type="image">
				<!-- poster  com estojo -->
				<posx>14</posx>
				<posy>30</posy>
				<width>147</width>
				<height>221</height>
				<aspectratio align="center" aligny="bottom">scale</aspectratio>
				<texture fallback="DefaultVideoPoster.png" background="true">$VAR[value_poster]</texture>
				<animation effect="zoom" start="100" end="110" center="135,255" time="400" easing="out" reversible="false" tween="cubic">Focus</animation>
			</control>
			<control type="image">
				<!-- Estojo reflexo -->
				<posx>0</posx>
				<posy>250</posy>
				<width>178</width>
				<height>279</height>
				<fadetime>FanartCrossFadeTime</fadetime>
				<texture flipy="true" diffuse="thumb_box_reflect.png">$VAR[value_videocase0]</texture>
				<aspectratio align="center" aligny="top">stretch</aspectratio>
				<animation effect="zoom" start="100" end="110" center="135,255" time="400" easing="out" reversible="false" tween="cubic">Focus</animation>
			</control>
			<control type="image">
				<!-- Estojo -->
				<posx>0</posx>
				<posy>-5</posy>
				<width>178</width>
				<height>279</height>	
				<fadetime>FanartCrossFadeTime</fadetime>
				<texture>$VAR[value_videocase0]</texture>
				<aspectratio align="center" aligny="bottom">stretch</aspectratio>
				<animation effect="zoom" start="100" end="110" center="135,255" time="400" easing="out" reversible="false" tween="cubic">Focus</animation>
			</control>
			<control type="image">
				<posx>123</posx>
				<posy>29</posy>
				<width>40</width>
				<height>40</height>
				<info>ListItem.Overlay</info>
				<animation effect="zoom" start="100" end="110" center="135,255" time="400" easing="out" reversible="false" tween="cubic">Focus</animation>
				<visible>!Skin.HasSetting(nooverlays)</visible>
			</control>
			<control type="image">
				<!-- Codec -->
				<posx>68</posx>
				<posy>-6</posy>
				<width>43</width>
				<height>43</height>
				<fadetime>FanartCrossFadeTime</fadetime>
				<align>center</align>
				<aligny>center</aligny>
				<aspectratio scalediffuse="true">keep</aspectratio>
				<texture>$VAR[value_videocodec0]</texture>
				<animation effect="zoom" start="100" end="110" center="135,255" time="400" easing="out" reversible="false" tween="cubic">Focus</animation>
			</control>
		</focusedlayout>
	</include>
	<include name="ViewMultiplex">
		<control type="group">
			<!-- default group -->
			<control type="button" id="9961">
				<include>InvisibleButton</include>
				<onleft>61</onleft>
				<onright>61</onright>
				<onup>9900</onup>
				<ondown>61</ondown>
			</control>
			<visible>Control.IsVisible(61)</visible>
			<control type="group">
				<!-- painel de info fanart layout -->
				<animation effect="slide" start="0,-600" end="0,0" time="500" tween="sine" easing="out">Visible</animation>
				<animation effect="slide" start="0,0" end="0,-600" time="500" tween="sine" easing="out">Hidden</animation>
				<visible>[Control.HasFocus(9961) | Skin.HasSetting(multiplexpanel_on)] + SubString(skin.string(multiplexlayout),fanart) + !StringCompare(ListItem.Label,..)</visible>
				<control type="image">
					<posx>0</posx>
					<posy>56</posy>
					<width>1280</width>
					<height>30</height>
					<texture>shadow_h.png</texture>
					<colordiffuse>C3FFFFFF</colordiffuse>
				</control>
				<control type="image">
					<posx>0</posx>
					<posy>85</posy>
					<width>1280</width>
					<height>530</height>
					<texture>darkgrey.png</texture>
					<colordiffuse>$VAR[value_texturecolor]</colordiffuse>
					<animation effect="fade" end="85" condition="true">Conditional</animation>
				</control>
				<control type="label">
					<include>MultiplexLabel_Fanart</include>
					<posy>104</posy>
					<label>$VAR[value_ground1_label]</label>
				</control>
				<control type="fadelabel">
					<include>MultiplexValue_Fanart</include>
					<posy>124</posy>
					<label>$VAR[value_ground1_value]</label>
				</control>
				<control type="label">
					<include>MultiplexLabel_Fanart</include>
					<posy>154</posy>
					<label>$VAR[value_ground2_label]</label>
				</control>
				<control type="fadelabel">
					<include>MultiplexValue_Fanart</include>
					<posy>174</posy>
					<label>$VAR[value_ground2_value]</label>
				</control>
				<control type="label">
					<include>MultiplexLabel_Fanart</include>
					<posy>206</posy>
					<label>$VAR[value_ground3_label]</label>
				</control>
				<control type="fadelabel">
					<include>MultiplexValue_Fanart</include>
					<posy>224</posy>
					<label>$VAR[value_ground3_value]</label>
				</control>
				<control type="label">
					<include>MultiplexLabel_Fanart</include>
					<posy>254</posy>
					<label>$VAR[value_ground4_label]</label>
				</control>
				<control type="fadelabel">
					<include>MultiplexValue_Fanart</include>
					<posy>274</posy>
					<label>$VAR[value_ground4_value]</label>
				</control>
				<control type="label">
					<include>MultiplexLabel_Fanart</include>
					<posy>304</posy>
					<label>$VAR[value_ground5_label]</label>
				</control>
				<control type="fadelabel">
					<include>MultiplexValue_Fanart</include>
					<posy>324</posy>
					<label>$VAR[value_ground5_value]</label>
				</control>
				<control type="image">
					<posx>385</posx>
					<posy>85</posy>
					<width>2</width>
					<height>273</height>
					<texture>separator_v.png</texture>
				</control>
				<control type="image">
					<posx>790</posx>
					<posy>85</posy>
					<width>2</width>
					<height>273</height>
					<texture>separator_v.png</texture>
				</control>
				<control type="textbox">
					<posx>410</posx>
					<posy>104</posy>
					<width>360</width>
					<height>235</height>
					<font>Font_16</font>
					<label>$VAR[value_plot]</label>
					<autoscroll delay="15000" time="2000" repeat="15000">!Skin.HasSetting(noallowscroll)</autoscroll>
				</control>
				<control type="image">
					<posx>0</posx>
					<posy>358</posy>
					<width>1280</width>
					<height>2</height>
					<texture>separator.png</texture>
				</control>
				<control type="image">
					<posx>812</posx>
					<posy>106</posy>
					<width>400</width>
					<height>235</height>
					<aspectratio>keep</aspectratio>
					<texture background="true">$INFO[ListItem.Art(fanart)]</texture>
					<bordertexture border="-2">black.png</bordertexture>
					<fadetime>FanartCrossFadeTime</fadetime>
				</control>
			</control>
			<control type="group">
				<!-- painel de info extrathumbs layout -->
				<animation effect="slide" start="0,-600" end="0,0" time="500" tween="sine" easing="out">Visible</animation>
				<animation effect="slide" start="0,0" end="0,-600" time="500" tween="sine" easing="out">Hidden</animation>
				<visible>[Control.HasFocus(9961) | Skin.HasSetting(multiplexpanel_on)] + SubString(skin.string(multiplexlayout),extrathumbs) + !StringCompare(ListItem.Label,..)</visible>
				<control type="image">
					<posx>0</posx>
					<posy>56</posy>
					<width>1280</width>
					<height>30</height>
					<texture>shadow_h.png</texture>
					<colordiffuse>C3FFFFFF</colordiffuse>
				</control>
				<control type="image">
					<posx>0</posx>
					<posy>85</posy>
					<width>1280</width>
					<height>530</height>
					<texture>darkgrey.png</texture>
					<colordiffuse>$VAR[value_texturecolor]</colordiffuse>
					<animation effect="fade" end="85" condition="true">Conditional</animation>
				</control>
				<control type="image">
					<!-- Thumb 1 -->
					<posx>20</posx>
					<posy>90</posy>
					<width>231</width>
					<height>130</height>
					<aspectratio align="left" aligny="bottom">stretch</aspectratio>
					<fadetime>FanartCrossFadeTime</fadetime>
					<texture fallback="DefaultExtraThumbs.png" background="true">$INFO[ListItem.Path,,extrathumbs/thumb1.jpg]</texture>
					<bordertexture border="-2">black.png</bordertexture>
				</control>
				<control type="image">
					<!-- Thumb 2 -->
					<posx>20</posx>
					<posy>225</posy>
					<width>231</width>
					<height>130</height>
					<aspectratio align="left" aligny="bottom">stretch</aspectratio>
					<fadetime>FanartCrossFadeTime</fadetime>
					<texture fallback="DefaultExtraThumbs.png" background="true">$INFO[ListItem.Path,,extrathumbs/thumb2.jpg]</texture>
					<bordertexture border="-2">black.png</bordertexture>
				</control>
				<control type="image">
					<!-- Thumb 3 -->
					<posx>1029</posx>
					<posy>90</posy>
					<width>231</width>
					<height>130</height>
					<aspectratio align="right" aligny="bottom">stretch</aspectratio>
					<fadetime>FanartCrossFadeTime</fadetime>
					<texture fallback="DefaultExtraThumbs.png" background="true">$INFO[ListItem.Path,,extrathumbs/thumb3.jpg]</texture>
					<bordertexture border="-2">black.png</bordertexture>
				</control>
				<control type="image">
					<!-- Thumb 4 -->
					<posx>1029</posx>
					<posy>225</posy>
					<width>231</width>
					<height>130</height>
					<aspectratio align="right" aligny="bottom">stretch</aspectratio>
					<fadetime>FanartCrossFadeTime</fadetime>
					<texture fallback="DefaultExtraThumbs.png" background="true">$INFO[ListItem.Path,,extrathumbs/thumb4.jpg]</texture>
					<bordertexture border="-2">black.png</bordertexture>
				</control>
				<control type="label">
					<include>MultiplexLabel_Extrathumbs</include>
					<posy>104</posy>
					<label>$VAR[value_ground1_label]</label>
				</control>
				<control type="fadelabel">
					<include>MultiplexValue_Extrathumbs</include>
					<posy>124</posy>
					<label>$VAR[value_ground1_value]</label>
				</control>
				<control type="label">
					<include>MultiplexLabel_Extrathumbs</include>
					<posy>154</posy>
					<label>$VAR[value_ground2_label]</label>
				</control>
				<control type="fadelabel">
					<include>MultiplexValue_Extrathumbs</include>
					<posy>174</posy>
					<label>$VAR[value_ground2_value]</label>
				</control>
				<control type="label">
					<include>MultiplexLabel_Extrathumbs</include>
					<posy>204</posy>
					<label>$VAR[value_ground3_label]</label>
				</control>
				<control type="fadelabel">
					<include>MultiplexValue_Extrathumbs</include>
					<posy>224</posy>
					<label>$VAR[value_ground3_value]</label>
				</control>
				<control type="label">
					<include>MultiplexLabel_Extrathumbs</include>
					<posy>254</posy>
					<label>$VAR[value_ground4_label]</label>
				</control>
				<control type="fadelabel">
					<include>MultiplexValue_Extrathumbs</include>
					<posy>274</posy>
					<label>$VAR[value_ground4_value]</label>
				</control>
				<control type="label">
					<include>MultiplexLabel_Extrathumbs</include>
					<posy>304</posy>
					<label>$VAR[value_ground5_label]</label>
				</control>
				<control type="fadelabel">
					<include>MultiplexValue_Extrathumbs</include>
					<posy>324</posy>
					<label>$VAR[value_ground5_value]</label>
				</control>
				<control type="image">
					<posx>275</posx>
					<posy>85</posy>
					<width>2</width>
					<height>273</height>
					<texture>separator_v.png</texture>
				</control>
				<control type="image">
					<posx>640</posx>
					<posy>85</posy>
					<width>2</width>
					<height>273</height>
					<texture>separator_v.png</texture>
				</control>
				<control type="image">
					<posx>1005</posx>
					<posy>85</posy>
					<width>2</width>
					<height>273</height>
					<texture>separator_v.png</texture>
				</control>
				<control type="textbox">
					<posx>665</posx>
					<posy>104</posy>
					<width>310</width>
					<height>235</height>
					<font>Font_16</font>
					<label>$VAR[value_plot]</label>
					<autoscroll delay="15000" time="2000" repeat="15000">!Skin.HasSetting(noallowscroll)</autoscroll>
				</control>
				<control type="image">
					<posx>0</posx>
					<posy>358</posy>
					<width>1280</width>
					<height>2</height>
					<texture>separator.png</texture>
				</control>
			</control>
			<control type="image">
				<posx>0</posx>
				<posy>650</posy>
				<width>1280</width>
				<height>30</height>
				<texture flipy="true">shadow_h.png</texture>
				<colordiffuse>C3FFFFFF</colordiffuse>
			</control>
			<control type="image">
				<posx>0</posx>
				<posy>586</posy>
				<width>1280</width>
				<height>30</height>
				<texture>shadow_h.png</texture>
				<colordiffuse>C3FFFFFF</colordiffuse>
			</control>
			<control type="image">
				<posx>0</posx>
				<posy>615</posy>
				<width>1280</width>
				<height>35</height>
				<texture>darkgrey.png</texture>
				<colordiffuse>$VAR[value_texturecolor]</colordiffuse>
				<animation effect="fade" end="95" condition="true">Conditional</animation>
			</control>
			<include condition="Skin.HasSetting(multiplexfixedlist)">MultiplexFixedList</include>
			<include condition="!Skin.HasSetting(multiplexfixedlist)">MultiplexWrapList</include>
			<control type="scrollbar" id="80">
				<include>ScrollBar_Horizontal</include>
				<posx>190</posx>
				<posy>613</posy>
				<width>900</width>
				<onup>61</onup>
				<ondown>9920</ondown>
				<include>Animation_Fade</include>
				<visible allowhiddenfocus="true">Control.IsVisible(61) + Control.HasFocus(80)</visible>
			</control>
		</control>
	</include>
</includes>