<includes>
	<!--##################################################################################   VISTA LANDSCAPEX - ID 64   #############################################################################-->
	<include name="LandScapeXLabel">
		<posx>60</posx>
		<width>300</width>
		<height>13</height>
		<font>Font_15</font>
		<textcolor>$VAR[value_headercolor]</textcolor>
	</include>
	<include name="LandScapeXValue">
		<posx>60</posx>
		<width>300</width>
		<height>13</height>
		<align>left</align>
		<font>Font_16</font>
		<textcolor>FFFFFAF0</textcolor>
		<scroll>true</scroll>
		<scrollout>false</scrollout>
	</include>
	<include name="ViewLandScapeX">
		<control type="group">
			<!-- default group -->
			<visible>Control.IsVisible(64)</visible>
			<control type="group">
				<!-- painel de info fanart layout -->
				<animation effect="slide" start="0,-600" end="0,0" time="500" tween="sine" easing="out">Visible</animation>
				<animation effect="slide" start="0,0" end="0,-600" time="500" tween="sine" easing="out">Hidden</animation>
				<visible>SubString(skin.string(landscapexlayout),fanart) + !StringCompare(ListItem.Label,..)</visible>
				<control type="image">
					<posx>0</posx>
					<posy>56</posy>
					<width>1280</width>
					<height>30</height>
					<texture>shadow_h.png</texture>
					<colordiffuse>C3FFFFFF</colordiffuse>
				</control>
				<control type="image">
					<posx>0</posx>
					<posy>85</posy>
					<width>1280</width>
					<height>300</height>
					<texture>darkgrey.png</texture>
					<colordiffuse>$VAR[value_texturecolor]</colordiffuse>
					<animation effect="fade" end="85" condition="true">Conditional</animation>
				</control>
				<control type="label">
					<include>LandScapeXLabel</include>
					<posy>104</posy>
					<label>$VAR[value_ground1_label]</label>
				</control>
				<control type="fadelabel">
					<include>LandScapeXValue</include>
					<posy>124</posy>
					<label>$VAR[value_ground1_value]</label>
				</control>
				<control type="label">
					<include>LandScapeXLabel</include>
					<posy>154</posy>
					<label>$VAR[value_ground2_label]</label>
				</control>
				<control type="fadelabel">
					<include>LandScapeXValue</include>
					<posy>174</posy>
					<label>$VAR[value_ground2_value]</label>
				</control>
				<control type="label">
					<include>LandScapeXLabel</include>
					<posy>206</posy>
					<label>$VAR[value_ground3_label]</label>
				</control>
				<control type="fadelabel">
					<include>LandScapeXValue</include>
					<posy>224</posy>
					<label>$VAR[value_ground3_value]</label>
				</control>
				<control type="label">
					<include>LandScapeXLabel</include>
					<posy>254</posy>
					<label>$VAR[value_ground4_label]</label>
				</control>
				<control type="fadelabel">
					<include>LandScapeXValue</include>
					<posy>274</posy>
					<label>$VAR[value_ground4_value]</label>
				</control>
				<control type="label">
					<include>LandScapeXLabel</include>
					<posy>304</posy>
					<label>$VAR[value_ground5_label]</label>
				</control>
				<control type="fadelabel">
					<include>LandScapeXValue</include>
					<posy>324</posy>
					<label>$VAR[value_ground5_value]</label>
				</control>
				<control type="image">
					<posx>385</posx>
					<posy>85</posy>
					<width>2</width>
					<height>273</height>
					<texture>separator_v.png</texture>
				</control>
				<control type="image">
					<posx>790</posx>
					<posy>85</posy>
					<width>2</width>
					<height>273</height>
					<texture>separator_v.png</texture>
				</control>
				<control type="textbox">
					<posx>410</posx>
					<posy>104</posy>
					<width>360</width>
					<height>235</height>
					<font>Font_16</font>
					<label>$VAR[value_plot]</label>
					<autoscroll delay="15000" time="2000" repeat="15000">!Skin.HasSetting(noallowscroll)</autoscroll>
				</control>
				<control type="image">
					<posx>0</posx>
					<posy>358</posy>
					<width>1280</width>
					<height>2</height>
					<texture>separator.png</texture>
				</control>
				<control type="image">
					<posx>812</posx>
					<posy>106</posy>
					<width>400</width>
					<height>235</height>
					<aspectratio>keep</aspectratio>
					<texture background="true">$INFO[ListItem.Art(fanart)]</texture>
					<bordertexture border="-2">black.png</bordertexture>
					<fadetime>FanartCrossFadeTime</fadetime>
				</control>
			</control>
			<control type="image">
				<posx>0</posx>
				<posy>354</posy>
				<width>1280</width>
				<height>30</height>
				<texture>shadow_h.png</texture>
				<colordiffuse>C3FFFFFF</colordiffuse>
				<include>Animation_Fade</include>
			</control>
			<control type="image">
				<posx>0</posx>
				<posy>650</posy>
				<width>1280</width>
				<height>30</height>
				<texture flipy="true">shadow_h.png</texture>
				<colordiffuse>C3FFFFFF</colordiffuse>
			</control>
			<control type="image">
				<posx>0</posx>
				<posy>383</posy>
				<width>1280</width>
				<height>267</height>
				<texture>darkgrey.png</texture>
				<colordiffuse>$VAR[value_texturecolor]</colordiffuse>
				<animation effect="fade" end="85" condition="true">Conditional</animation>
			</control>
			<control type="panel" id="64">
				<viewtype label="31804">icon</viewtype>
				<posx>95</posx>
				<posy>388</posy>
				<width>1110</width>
				<height>267</height>
				<onup>9900</onup>
				<onleft>9900</onleft>
				<onright>80</onright>
				<scrolltime>400</scrolltime>
				<preloaditems>2</preloaditems>
				<pagecontrol>80</pagecontrol>
				<visible>Container.Content(tvshows) | Container.Content(episodes)</visible>
				<itemlayout height="134" width="202">
					<control type="image">
						<posx>45</posx>
						<posy>4</posy>
						<width>192</width>
						<height>116</height>
						<texture>landscapex_back.png</texture>
						<colordiffuse>FF505050</colordiffuse>
						<aspectratio>stretch</aspectratio>
						<include>Animation_Fade</include>
					</control>
					<control type="image">
						<posx>45</posx>
						<width>192</width>
						<height>124</height>
						<bordersize>7</bordersize>
						<texture fallback="DefaultExtraThumbs.png" background="true">$VAR[value_landscape]</texture>
						<aspectratio>keep</aspectratio>
						<colordiffuse>FF909090</colordiffuse>
					</control>
					<control type="image">
						<posx>202</posx>
						<posy>10</posy>
						<width>30</width>
						<height>30</height>
						<info>ListItem.Overlay</info>
						<visible>!Skin.HasSetting(nooverlays)</visible>
					</control>
				</itemlayout>
				<focusedlayout height="134" width="202">
					<control type="image">
						<posx>45</posx>
						<posy>4</posy>
						<width>192</width>
						<height>116</height>
						<texture>landscapex_back.png</texture>
						<aspectratio>stretch</aspectratio>
						<animation type="Focus" reversible="false">
							<effect type="zoom" center="auto" start="80" end="100" time="400" tween="back" easing="out" />
							<effect type="fade" start="80" end="100" time="400" />
						</animation>
					</control>
					<control type="image">
						<!-- Background Double -->
						<posx>45</posx>
						<posy>4</posy>
						<width>192</width>
						<height>116</height>
						<texture>landscapex_back.png</texture>
						<aspectratio>stretch</aspectratio>
						<animation type="Focus" reversible="false">
							<effect type="zoom" center="auto" start="80" end="100" time="400" tween="back" easing="out" />
							<effect type="fade" start="80" end="100" time="400" />
						</animation>
					</control>
					<control type="image">
						<posx>45</posx>
						<width>192</width>
						<height>124</height>
						<bordersize>7</bordersize>
						<texture fallback="DefaultExtraThumbs.png" background="true">$VAR[value_landscape]</texture>
						<aspectratio>keep</aspectratio>
						<animation type="Focus" reversible="false">
							<effect type="zoom" center="auto" start="80" end="100" time="400" tween="back" easing="out" />
							<effect type="fade" start="80" end="100" time="400" />
						</animation>
					</control>
					<control type="image">
						<posx>202</posx>
						<posy>10</posy>
						<width>30</width>
						<height>30</height>
						<info>ListItem.Overlay</info>
						<animation type="Focus" reversible="false">
							<effect type="zoom" center="150,60" start="80" end="100" time="400" tween="back" easing="out" />
							<visible>!Skin.HasSetting(nooverlays)</visible>
						</animation>
					</control>
				</focusedlayout>
			</control>
			<control type="scrollbar" id="80">
				<include>ScrollBar_Vertical</include>
				<posx>1180</posx>
				<posy>388</posy>
				<height>261</height>
				<onleft>64</onleft>
				<onright>9920</onright>
				<include>Animation_Fade</include>
				<visible allowhiddenfocus="true">Control.IsVisible(64) + Control.HasFocus(80)</visible>
			</control>
		</control>
	</include>
</includes>