<includes>
	<!--##################################################################################   VISTA WALL - ID 56   ##################################################################################-->
	<include name="ViewWallVideo">
		<control type="group">
			<animation effect="fade" time="400">VisibleChange</animation>
			<include>ViewBack</include>
			<!-- Fundo -->
			<visible>Control.IsVisible(56)</visible>
			<control type="panel" id="56">
				<viewtype label="31805">Panel</viewtype>
				<posx>0</posx>
				<posy>91</posy>
				<width>1375</width>
				<height>553</height>
				<onleft>9900</onleft>
				<onup>9900</onup>
				<ondown>9920</ondown>
				<orientation>vertical</orientation>
				<pagecontrol>-</pagecontrol>
				<animation effect="slide" start="0,0" end="-62,0" time="500" delay="500" tween="cubic" easing="out" condition="Container(56).Column(12) + Skin.HasSetting(novideomediacase) + SubString(skin.string(wallvideogrid),default) + Window.IsActive(25) + ![IsEmpty(ListItem.Art(discart)) | Skin.HasSetting(nodiscart) | SubString(ListItem.Path,videodb://movies/sets,left)]">Conditional</animation>
				<animation effect="slide" start="0,0" end="-80,0" time="500" delay="500" tween="cubic" easing="out" condition="Container(56).Column(10) + !Skin.HasSetting(novideomediacase) + SubString(skin.string(wallvideogrid),default) + Window.IsActive(25) + ![IsEmpty(ListItem.Art(discart)) | Skin.HasSetting(nodiscart) | SubString(ListItem.Path,videodb://movies/sets,left)]">Conditional</animation>
				<animation effect="slide" start="0,0" end="-85,0" time="500" delay="500" tween="cubic" easing="out" condition="Container(56).Column(9) + SubString(skin.string(wallvideogrid),mid) + Window.IsActive(25) + ![IsEmpty(ListItem.Art(discart)) | Skin.HasSetting(nodiscart) | SubString(ListItem.Path,videodb://movies/sets,left)]">Conditional</animation>
				<animation effect="slide" start="0,0" end="-110,0" time="500" delay="500" tween="cubic" easing="out" condition="Container(56).Column(5) + SubString(skin.string(wallvideogrid),big) + Window.IsActive(25) + ![IsEmpty(ListItem.Art(discart)) | Skin.HasSetting(nodiscart) | SubString(ListItem.Path,videodb://movies/sets,left)]">Conditional</animation>
				<visible>![Container.Content(episodes) | Container.Content(sets) | Container.Content(years)]</visible>
				<itemlayout condition="[[Container.Content(movies) | Container.Content(musicvideos)] + Skin.HasSetting(novideomediacase) | Container.Content(tvshows) | Container.Content(seasons) | Container.Content(genres) | Window.IsActive(videofiles)] + SubString(skin.string(wallvideogrid),default)" width="98.5" height="138">
					<!-- POSTER SEM ESTOJO - tamanho normal -->
					<control type="image">
						<posx>2</posx>
						<posy>2</posy>
						<width>94</width>
						<height>134</height>
						<texture fallback="DefaultVideoPoster.png" background="true">$VAR[value_poster]</texture>
						<bordertexture border="-2">black.png</bordertexture>
						<aspectratio align="center">stretch</aspectratio>
					</control>
					<control type="image">
						<posx>73</posx>
						<posy>1</posy>
						<width>25</width>
						<height>25</height>
						<info>ListItem.Overlay</info>
						<visible>!Skin.HasSetting(nooverlays)</visible>
					</control>
				</itemlayout>
				<itemlayout condition="[[Container.Content(movies) | Container.Content(musicvideos)] + Skin.HasSetting(novideomediacase) | Container.Content(tvshows) | Container.Content(seasons) | Container.Content(genres) | Window.IsActive(videofiles)] + SubString(skin.string(wallvideogrid),mid)" width="128" height="184">
					<!-- POSTER SEM ESTOJO - tamanho medio -->
					<control type="image">
						<posx>2</posx>
						<posy>2</posy>
						<width>124</width>
						<height>175</height>
						<texture fallback="DefaultVideoPoster.png" background="true">$VAR[value_poster]</texture>
						<bordertexture border="-2">black.png</bordertexture>
						<aspectratio align="center">stretch</aspectratio>
					</control>
					<control type="image">
						<posx>104</posx>
						<posy>-1</posy>
						<width>25</width>
						<height>25</height>
						<info>ListItem.Overlay</info>
						<visible>!Skin.HasSetting(nooverlays)</visible>
					</control>
				</itemlayout>
				<itemlayout condition="[[Container.Content(movies) | Container.Content(musicvideos)] + Skin.HasSetting(novideomediacase) | Container.Content(tvshows) | Container.Content(seasons) | Container.Content(genres) | Window.IsActive(videofiles)] + SubString(skin.string(wallvideogrid),big)" width="210" height="276">
					<!-- POSTER SEM ESTOJO - tamanho grande -->
					<control type="image">
						<posx>18</posx>
						<posy>2</posy>
						<width>193</width>
						<height>272</height>
						<texture fallback="DefaultVideoPoster.png" background="true">$VAR[value_poster]</texture>
						<bordertexture border="-2">black.png</bordertexture>
						<aspectratio align="center">stretch</aspectratio>
					</control>
					<control type="image">
						<posx>180</posx>
						<posy>-1</posy>
						<width>35</width>
						<height>35</height>
						<info>ListItem.Overlay</info>
						<visible>!Skin.HasSetting(nooverlays)</visible>
					</control>
				</itemlayout>
				<itemlayout condition="[Container.Content(movies) | Container.Content(musicvideos)] + !Skin.HasSetting(novideomediacase) + SubString(skin.string(wallvideogrid),default)" width="116" height="184">
					<!-- POSTER ESTOJO - tamanho normal -->
					<control type="image">
						<posx>4</posx>
						<posy>18</posy>
						<width>112</width>
						<height>158</height>
						<texture fallback="DefaultVideoPoster.png" background="true">$VAR[value_poster]</texture>
						<aspectratio align="center">stretch</aspectratio>
					</control>
					<control type="image">
						<!-- Estojo -->
						<posx>-6</posx>
						<posy>-5</posy>
						<width>135</width>
						<height>197</height>	
						<texture>$VAR[value_videocase0]</texture>
						<aspectratio align="center" aligny="bottom">stretch</aspectratio>
					</control>
					<control type="image">
						<!-- Codec -->
						<posx>45</posx>
						<posy>-7</posy>
						<width>34</width>
						<height>34</height>
						<align>center</align>
						<aligny>center</aligny>
						<aspectratio>keep</aspectratio>
						<texture>$VAR[value_videocodec0]</texture>
					</control>
					<control type="image">
						<posx>92</posx>
						<posy>19</posy>
						<width>25</width>
						<height>25</height>
						<info>ListItem.Overlay</info>
						<visible>!Skin.HasSetting(nooverlays)</visible>
					</control>
				</itemlayout>
				<itemlayout condition="[Container.Content(movies) | Container.Content(musicvideos)] + !Skin.HasSetting(novideomediacase) + SubString(skin.string(wallvideogrid),mid)" width="127.2" height="185">
					<!-- POSTER ESTOJO - tamanho medio -->
					<control type="image">
						<posx>7</posx>
						<posy>20</posy>
						<width>120</width>
						<height>156</height>
						<texture fallback="DefaultVideoPoster.png" background="true">$VAR[value_poster]</texture>
						<aspectratio align="center">stretch</aspectratio>
					</control>
					<control type="image">
						<!-- Estojo -->
						<posx>-4</posx>
						<posy>-5</posy>
						<width>145</width>
						<height>198</height>	
						<texture>$VAR[value_videocase0]</texture>
						<aspectratio align="center" aligny="bottom">stretch</aspectratio>
					</control>
					<control type="image">
						<!-- Codec -->
						<posx>52</posx>
						<posy>-7</posy>
						<width>34</width>
						<height>34</height>
						<align>center</align>
						<aligny>center</aligny>
						<aspectratio>keep</aspectratio>
						<texture>$VAR[value_videocodec0]</texture>
					</control>
					<control type="image">
						<posx>103</posx>
						<posy>19</posy>
						<width>25</width>
						<height>25</height>
						<info>ListItem.Overlay</info>
						<visible>!Skin.HasSetting(nooverlays)</visible>
					</control>
				</itemlayout>
				<itemlayout condition="[Container.Content(movies) | Container.Content(musicvideos)] + !Skin.HasSetting(novideomediacase) + SubString(skin.string(wallvideogrid),big)" width="210" height="278">
					<!-- POSTER ESTOJO - tamanho grande -->
					<control type="image">
						<posx>24</posx>
						<posy>29</posy>
						<width>173</width>
						<height>235</height>
						<texture fallback="DefaultVideoPoster.png" background="true">$VAR[value_poster]</texture>
						<aspectratio align="center">stretch</aspectratio>
					</control>
					<control type="image">
						<!-- Estojo -->
						<posx>8</posx>
						<posy>-8</posy>
						<width>210</width>
						<height>295</height>	
						<texture>$VAR[value_videocase0]</texture>
						<aspectratio align="center" aligny="bottom">stretch</aspectratio>
					</control>
					<control type="image">
						<!-- Codec -->
						<posx>86</posx>
						<posy>-11</posy>
						<width>50</width>
						<height>50</height>
						<align>center</align>
						<aligny>center</aligny>
						<aspectratio>keep</aspectratio>
						<texture>$VAR[value_videocodec0]</texture>
					</control>
					<control type="image">
						<posx>165</posx>
						<posy>28</posy>
						<width>35</width>
						<height>35</height>
						<info>ListItem.Overlay</info>
						<visible>!Skin.HasSetting(nooverlays)</visible>
					</control>
				</itemlayout>
				<focusedlayout condition="[[Container.Content(movies) | Container.Content(musicvideos)] + Skin.HasSetting(novideomediacase) | Container.Content(tvshows) | Container.Content(seasons) | Container.Content(genres) | Window.IsActive(videofiles)] + SubString(skin.string(wallvideogrid),default)" width="98.5" height="138">
					<!-- POSTER SEM ESTOJO - tamanho normal -->
					<control type="group">
						<!-- CDART VIDEO -->
						<animation type="WindowOpen">
							<effect type="slide" start="-42,0" end="0,0" time="500" delay="500" tween="cubic" easing="out"/>
							<effect type="fade" start="0" end="100" time="500" delay="500"/>
						</animation>
						<animation type="Focus">
							<effect type="slide" start="-42,0" end="0,0" time="500" delay="500" tween="cubic" easing="out"/>
							<effect type="fade" start="0" end="100" time="500" delay="500"/>
						</animation>
						<animation effect="fade" start="100" end="0" time="200">WindowClose</animation>
						<animation type="Unfocus">
							<effect type="slide" start="0,0" end="-42,0" time="300" tween="cubic" easing="out"/>
							<effect type="fade" start="100" end="0" time="200"/>
						</animation>
						<visible>![IsEmpty(ListItem.Art(discart)) | Skin.HasSetting(nodiscart) | SubString(ListItem.Path,videodb://movies/sets,left)] + Window.IsActive(25)</visible>
						<control type="image">
							<posx>42</posx>
							<posy>10</posy>
							<width>110</width>
							<height>110</height>
							<aligny>center</aligny>
							<fadetime>FanartCrossFadeTime</fadetime>
							<texture fallback="cdart.png" diffuse="cdart2_diffuse.png" background="true">$INFO[ListItem.Art(discart)]</texture>
							<aspectratio align="center">keep</aspectratio>
							<animation effect="rotate" start="0" end="-360" center="auto" time="40000" delay="5000" loop="true" reversible="false" condition="!Player.HasVideo">Conditional</animation>
							<animation effect="rotate" end="-360" center="auto" time="4000" loop="true" reversible="false" condition="Player.HasVideo + !Player.Paused">Conditional</animation>
						</control>
					</control>
					<control type="image">
						<posx>2</posx>
						<posy>2</posy>
						<width>94</width>
						<height>134</height>
						<texture fallback="DefaultVideoPoster.png" background="true">$VAR[value_poster]</texture>
						<bordertexture border="-2">grey.png</bordertexture>
						<aspectratio align="center">stretch</aspectratio>
						<animation type="Focus" reversible="false">
							<effect type="zoom" center="auto" start="80" end="100" time="400" tween="back" easing="out" />
							<effect type="fade" start="80" end="100" time="400" />
						</animation>
					</control>
					<control type="image">
						<posx>73</posx>
						<posy>1</posy>
						<width>25</width>
						<height>25</height>
						<info>ListItem.Overlay</info>
						<animation type="Focus" reversible="false">
							<effect type="zoom" center="60,60" start="80" end="100" time="400" tween="back" easing="out" />
							<effect type="fade" start="80" end="100" time="400" />
						</animation>
						<visible>!Skin.HasSetting(nooverlays)</visible>
					</control>
				</focusedlayout>
				<focusedlayout condition="[[Container.Content(movies) | Container.Content(musicvideos)] + Skin.HasSetting(novideomediacase) | Container.Content(tvshows) | Container.Content(seasons) | Container.Content(genres) | Window.IsActive(videofiles)] + SubString(skin.string(wallvideogrid),mid)" width="128" height="184">
					<!-- POSTER SEM ESTOJO - tamanho medio -->
					<control type="group">
						<!-- CDART VIDEO -->
						<animation type="WindowOpen">
							<effect type="slide" start="-54,0" end="0,0" time="500" delay="500" tween="cubic" easing="out"/>
							<effect type="fade" start="0" end="100" time="500" delay="500"/>
						</animation>
						<animation type="Focus">
							<effect type="slide" start="-54,0" end="0,0" time="500" delay="500" tween="cubic" easing="out"/>
							<effect type="fade" start="0" end="100" time="500" delay="500"/>
						</animation>
						<animation effect="fade" start="100" end="0" time="200">WindowClose</animation>
						<animation type="Unfocus">
							<effect type="slide" start="0,0" end="-54,0" time="300" tween="cubic" easing="out"/>
							<effect type="fade" start="100" end="0" time="200"/>
						</animation>
						<visible>![IsEmpty(ListItem.Art(discart)) | Skin.HasSetting(nodiscart) | SubString(ListItem.Path,videodb://movies/sets,left)] + Window.IsActive(25)</visible>
						<control type="image">
							<posx>54</posx>
							<posy>10</posy>
							<width>145</width>
							<height>145</height>
							<aligny>center</aligny>
							<fadetime>FanartCrossFadeTime</fadetime>
							<texture fallback="cdart.png" diffuse="cdart2_diffuse.png" background="true">$INFO[ListItem.Art(discart)]</texture>
							<aspectratio align="center">keep</aspectratio>
							<animation effect="rotate" start="0" end="-360" center="auto" time="40000" delay="5000" loop="true" reversible="false" condition="!Player.HasVideo">Conditional</animation>
							<animation effect="rotate" end="-360" center="auto" time="4000" loop="true" reversible="false" condition="Player.HasVideo + !Player.Paused">Conditional</animation>
						</control>
					</control>
					<control type="image">
						<posx>2</posx>
						<posy>2</posy>
						<width>124</width>
						<height>175</height>
						<texture fallback="DefaultVideoPoster.png" background="true">$VAR[value_poster]</texture>
						<bordertexture border="-2">grey.png</bordertexture>
						<aspectratio align="center">stretch</aspectratio>
						<animation type="Focus" reversible="false">
							<effect type="zoom" center="auto" start="80" end="100" time="400" tween="back" easing="out" />
							<effect type="fade" start="80" end="100" time="400" />
						</animation>
					</control>
					<control type="image">
						<posx>104</posx>
						<posy>-1</posy>
						<width>25</width>
						<height>25</height>
						<info>ListItem.Overlay</info>
						<animation type="Focus" reversible="false">
							<effect type="zoom" center="60,60" start="80" end="100" time="400" tween="back" easing="out" />
							<effect type="fade" start="80" end="100" time="400" />
						</animation>
						<visible>!Skin.HasSetting(nooverlays)</visible>
					</control>
				</focusedlayout>
				<focusedlayout condition="[[Container.Content(movies) | Container.Content(musicvideos)] + Skin.HasSetting(novideomediacase) | Container.Content(tvshows) | Container.Content(seasons) | Container.Content(genres) | Window.IsActive(videofiles)] + SubString(skin.string(wallvideogrid),big)" width="210" height="276">
					<!-- POSTER SEM ESTOJO - tamanho grande -->
					<control type="group">
						<!-- CDART VIDEO -->
						<animation type="WindowOpen">
							<effect type="slide" start="-93,0" end="0,0" time="500" delay="500" tween="cubic" easing="out"/>
							<effect type="fade" start="0" end="100" time="500" delay="500"/>
						</animation>
						<animation type="Focus">
							<effect type="slide" start="-93,0" end="0,0" time="500" delay="500" tween="cubic" easing="out"/>
							<effect type="fade" start="0" end="100" time="500" delay="500"/>
						</animation>
						<animation effect="fade" start="100" end="0" time="200">WindowClose</animation>
						<animation type="Unfocus">
							<effect type="slide" start="0,0" end="-93,0" time="300" tween="cubic" easing="out"/>
							<effect type="fade" start="100" end="0" time="200"/>
						</animation>
						<visible>![IsEmpty(ListItem.Art(discart)) | Skin.HasSetting(nodiscart) | SubString(ListItem.Path,videodb://movies/sets,left)] + Window.IsActive(25)</visible>
						<control type="image">
							<posx>93</posx>
							<posy>20</posy>
							<width>230</width>
							<height>230</height>
							<aligny>center</aligny>
							<fadetime>FanartCrossFadeTime</fadetime>
							<texture fallback="cdart.png" diffuse="cdart2_diffuse.png" background="true">$INFO[ListItem.Art(discart)]</texture>
							<aspectratio align="center">keep</aspectratio>
							<animation effect="rotate" start="0" end="-360" center="auto" time="40000" delay="5000" loop="true" reversible="false" condition="!Player.HasVideo">Conditional</animation>
							<animation effect="rotate" end="-360" center="auto" time="4000" loop="true" reversible="false" condition="Player.HasVideo + !Player.Paused">Conditional</animation>
						</control>
					</control>
					<control type="image">
						<posx>18</posx>
						<posy>2</posy>
						<width>193</width>
						<height>272</height>
						<texture fallback="DefaultVideoPoster.png" background="true">$VAR[value_poster]</texture>
						<bordertexture border="-2">grey.png</bordertexture>
						<aspectratio align="center">stretch</aspectratio>
						<animation type="Focus" reversible="false">
							<effect type="zoom" center="auto" start="80" end="100" time="400" tween="back" easing="out" />
							<effect type="fade" start="80" end="100" time="400" />
						</animation>
					</control>
					<control type="image">
						<posx>180</posx>
						<posy>-1</posy>
						<width>35</width>
						<height>35</height>
						<info>ListItem.Overlay</info>
						<animation type="Focus" reversible="false">
							<effect type="zoom" center="60,60" start="80" end="100" time="400" tween="back" easing="out" />
							<effect type="fade" start="80" end="100" time="400" />
						</animation>
						<visible>!Skin.HasSetting(nooverlays)</visible>
					</control>
				</focusedlayout>
				<focusedlayout condition="[Container.Content(movies) | Container.Content(musicvideos)] + !Skin.HasSetting(novideomediacase) + SubString(skin.string(wallvideogrid),default)" width="116" height="184">
					<!-- POSTER ESTOJO - tamanho normal -->
					<control type="group">
						<!-- CDART VIDEO -->
						<animation type="WindowOpen">
							<effect type="slide" start="-47,0" end="0,0" time="500" delay="500" tween="cubic" easing="out"/>
							<effect type="fade" start="0" end="100" time="500" delay="500"/>
						</animation>
						<animation type="Focus">
							<effect type="slide" start="-47,0" end="0,0" time="500" delay="500" tween="cubic" easing="out"/>
							<effect type="fade" start="0" end="100" time="500" delay="500"/>
						</animation>
						<animation effect="fade" start="100" end="0" time="200">WindowClose</animation>
						<animation type="Unfocus">
							<effect type="slide" start="0,0" end="-47,0" time="300" tween="cubic" easing="out"/>
							<effect type="fade" start="100" end="0" time="200"/>
						</animation>
						<visible>![IsEmpty(ListItem.Art(discart)) | Skin.HasSetting(nodiscart) | SubString(ListItem.Path,videodb://movies/sets,left)] + Window.IsActive(25)</visible>
						<control type="image">
							<posx>47</posx>
							<posy>12</posy>
							<width>150</width>
							<height>150</height>
							<aligny>center</aligny>
							<fadetime>FanartCrossFadeTime</fadetime>
							<texture fallback="cdart.png" diffuse="cdart2_diffuse.png" background="true">$INFO[ListItem.Art(discart)]</texture>
							<aspectratio align="center">keep</aspectratio>
							<animation effect="rotate" start="0" end="-360" center="auto" time="40000" delay="5000" loop="true" reversible="false" condition="!Player.HasVideo">Conditional</animation>
							<animation effect="rotate" end="-360" center="auto" time="4000" loop="true" reversible="false" condition="Player.HasVideo + !Player.Paused">Conditional</animation>
						</control>
					</control>
					<control type="image">
						<posx>4</posx>
						<posy>18</posy>
						<width>112</width>
						<height>158</height>
						<texture fallback="DefaultVideoPoster.png" background="true">$VAR[value_poster]</texture>
						<aspectratio align="center">stretch</aspectratio>
						<animation type="Focus" reversible="false">
							<effect type="zoom" center="auto" start="80" end="113" time="400" tween="back" easing="out" />
							<effect type="fade" start="80" end="100" time="400" />
						</animation>
					</control>
					<control type="image">
						<!-- Estojo -->
						<posx>-6</posx>
						<posy>-5</posy>
						<width>135</width>
						<height>197</height>	
						<texture>$VAR[value_videocase0]</texture>
						<aspectratio align="center" aligny="bottom">stretch</aspectratio>
						<animation type="Focus" reversible="false">
							<effect type="zoom" center="auto" start="80" end="113" time="400" tween="back" easing="out" />
							<effect type="fade" start="80" end="100" time="400" />
						</animation>
					</control>
					<control type="image">
						<!-- Codec -->
						<posx>45</posx>
						<posy>-7</posy>
						<width>34</width>
						<height>34</height>
						<align>center</align>
						<aligny>center</aligny>
						<aspectratio>keep</aspectratio>
						<texture>$VAR[value_videocodec0]</texture>
						<animation type="Focus" reversible="false">
							<effect type="zoom" center="60,90" start="80" end="113" time="400" tween="back" easing="out" />
							<effect type="fade" start="80" end="100" time="400" />
						</animation>
					</control>
					<control type="image">
						<posx>92</posx>
						<posy>19</posy>
						<width>25</width>
						<height>25</height>
						<info>ListItem.Overlay</info>
						<animation type="Focus" reversible="false">
							<effect type="zoom" center="65,95" start="80" end="113" time="400" tween="back" easing="out" />
							<effect type="fade" start="80" end="100" time="400" />
						</animation>
						<visible>!Skin.HasSetting(nooverlays)</visible>
					</control>
				</focusedlayout>
				<focusedlayout condition="[Container.Content(movies) | Container.Content(musicvideos)] + !Skin.HasSetting(novideomediacase) + SubString(skin.string(wallvideogrid),mid)" width="127.2" height="185">
					<!-- POSTER ESTOJO - tamanho medio -->
					<control type="group">
						<!-- CDART VIDEO -->
						<animation type="WindowOpen">
							<effect type="slide" start="-55,0" end="0,0" time="500" delay="500" tween="cubic" easing="out"/>
							<effect type="fade" start="0" end="100" time="500" delay="500"/>
						</animation>
						<animation type="Focus">
							<effect type="slide" start="-55,0" end="0,0" time="500" delay="500" tween="cubic" easing="out"/>
							<effect type="fade" start="0" end="100" time="500" delay="500"/>
						</animation>
						<animation effect="fade" start="100" end="0" time="200">WindowClose</animation>
						<animation type="Unfocus">
							<effect type="slide" start="0,0" end="-55,0" time="300" tween="cubic" easing="out"/>
							<effect type="fade" start="100" end="0" time="200"/>
						</animation>
						<visible>![IsEmpty(ListItem.Art(discart)) | Skin.HasSetting(nodiscart) | SubString(ListItem.Path,videodb://movies/sets,left)] + Window.IsActive(25)</visible>
						<control type="image">
							<posx>55</posx>
							<posy>8</posy>
							<width>160</width>
							<height>160</height>
							<aligny>center</aligny>
							<fadetime>FanartCrossFadeTime</fadetime>
							<texture fallback="cdart.png" diffuse="cdart2_diffuse.png" background="true">$INFO[ListItem.Art(discart)]</texture>
							<aspectratio align="center">keep</aspectratio>
							<animation effect="rotate" start="0" end="-360" center="auto" time="40000" delay="5000" loop="true" reversible="false" condition="!Player.HasVideo">Conditional</animation>
							<animation effect="rotate" end="-360" center="auto" time="4000" loop="true" reversible="false" condition="Player.HasVideo + !Player.Paused">Conditional</animation>
						</control>
					</control>
					<control type="image">
						<posx>7</posx>
						<posy>20</posy>
						<width>120</width>
						<height>156</height>
						<texture fallback="DefaultVideoPoster.png" background="true">$VAR[value_poster]</texture>
						<aspectratio align="center">stretch</aspectratio>
						<animation type="Focus" reversible="false">
							<effect type="zoom" center="auto" start="80" end="110" time="400" tween="back" easing="out" />
							<effect type="fade" start="80" end="100" time="400" />
						</animation>
					</control>
					<control type="image">
						<!-- Estojo -->
						<posx>-4</posx>
						<posy>-5</posy>
						<width>145</width>
						<height>198</height>
						<texture>$VAR[value_videocase0]</texture>
						<aspectratio align="center" aligny="bottom">stretch</aspectratio>
						<animation type="Focus" reversible="false">
							<effect type="zoom" center="auto" start="80" end="110" time="400" tween="back" easing="out" />
							<effect type="fade" start="80" end="100" time="400" />
						</animation>
					</control>
					<control type="image">
						<!-- Codec -->
						<posx>52</posx>
						<posy>-7</posy>
						<width>34</width>
						<height>34</height>
						<align>center</align>
						<aligny>center</aligny>
						<aspectratio>keep</aspectratio>
						<texture>$VAR[value_videocodec0]</texture>
						<animation type="Focus" reversible="false">
							<effect type="zoom" center="60,90" start="80" end="110" time="400" tween="back" easing="out" />
							<effect type="fade" start="80" end="100" time="400" />
						</animation>
					</control>
					<control type="image">
						<posx>103</posx>
						<posy>19</posy>
						<width>25</width>
						<height>25</height>
						<info>ListItem.Overlay</info>
						<animation type="Focus" reversible="false">
							<effect type="zoom" center="70,95" start="80" end="110" time="400" tween="back" easing="out" />
							<effect type="fade" start="80" end="100" time="400" />
						</animation>
						<visible>!Skin.HasSetting(nooverlays)</visible>
					</control>
				</focusedlayout>
				<focusedlayout condition="[Container.Content(movies) | Container.Content(musicvideos)] + !Skin.HasSetting(novideomediacase) + SubString(skin.string(wallvideogrid),big)" width="210" height="276">
					<!-- POSTER ESTOJO - tamanho grande -->
					<control type="group">
						<!-- CDART VIDEO -->
						<animation type="WindowOpen">
							<effect type="slide" start="-86,0" end="0,0" time="500" delay="500" tween="cubic" easing="out"/>
							<effect type="fade" start="0" end="100" time="500" delay="500"/>
						</animation>
						<animation type="Focus">
							<effect type="slide" start="-86,0" end="0,0" time="500" delay="500" tween="cubic" easing="out"/>
							<effect type="fade" start="0" end="100" time="500" delay="500"/>
						</animation>
						<animation effect="fade" start="100" end="0" time="200">WindowClose</animation>
						<animation type="Unfocus">
							<effect type="slide" start="0,0" end="-86,0" time="300" tween="cubic" easing="out"/>
							<effect type="fade" start="100" end="0" time="200"/>
						</animation>
						<visible>![IsEmpty(ListItem.Art(discart)) | Skin.HasSetting(nodiscart) | SubString(ListItem.Path,videodb://movies/sets,left)] + Window.IsActive(25)</visible>
						<control type="image">
							<posx>86</posx>
							<posy>13</posy>
							<width>240</width>
							<height>240</height>
							<aligny>center</aligny>
							<fadetime>FanartCrossFadeTime</fadetime>
							<texture fallback="cdart.png" diffuse="cdart2_diffuse.png" background="true">$INFO[ListItem.Art(discart)]</texture>
							<aspectratio align="center">keep</aspectratio>
							<animation effect="rotate" start="0" end="-360" center="auto" time="40000" delay="5000" loop="true" reversible="false" condition="!Player.HasVideo">Conditional</animation>
							<animation effect="rotate" end="-360" center="auto" time="4000" loop="true" reversible="false" condition="Player.HasVideo + !Player.Paused">Conditional</animation>
						</control>
					</control>
					<control type="image">
						<posx>24</posx>
						<posy>29</posy>
						<width>173</width>
						<height>235</height>
						<texture fallback="DefaultVideoPoster.png" background="true">$VAR[value_poster]</texture>
						<aspectratio align="center">stretch</aspectratio>
						<animation type="Focus" reversible="false">
							<effect type="zoom" center="auto" start="80" end="110" time="400" tween="back" easing="out" />
							<effect type="fade" start="80" end="100" time="400" />
						</animation>
					</control>
					<control type="image">
						<!-- Estojo -->
						<posx>8</posx>
						<posy>-8</posy>
						<width>210</width>
						<height>295</height>		
						<texture>$VAR[value_videocase0]</texture>
						<aspectratio align="center" aligny="bottom">stretch</aspectratio>
						<animation type="Focus" reversible="false">
							<effect type="zoom" center="auto" start="80" end="110" time="400" tween="back" easing="out" />
							<effect type="fade" start="80" end="100" time="400" />
						</animation>
					</control>
					<control type="image">
						<!-- Codec -->
						<posx>86</posx>
						<posy>-11</posy>
						<width>50</width>
						<height>50</height>
						<align>center</align>
						<aligny>center</aligny>
						<aspectratio>keep</aspectratio>
						<texture>$VAR[value_videocodec0]</texture>
						<animation type="Focus" reversible="false">
							<effect type="zoom" center="80,140" start="80" end="110" time="400" tween="back" easing="out" />
							<effect type="fade" start="80" end="100" time="400" />
						</animation>
					</control>
					<control type="image">
						<posx>165</posx>
						<posy>28</posy>
						<width>35</width>
						<height>35</height>
						<info>ListItem.Overlay</info>
						<animation type="Focus" reversible="false">
							<effect type="zoom" center="115,140" start="80" end="110" time="400" tween="back" easing="out" />
							<effect type="fade" start="80" end="100" time="400" />
						</animation>
						<visible>!Skin.HasSetting(nooverlays)</visible>
					</control>
				</focusedlayout>
			</control>
		</control>
	</include>
	<include name="ViewWallAudio">
		<control type="group">
			<include>ViewBack</include>
			<!-- Fundo -->
			<visible>Control.IsVisible(56)</visible>
			<control type="panel" id="56">
				<viewtype label="31805">Panel</viewtype>
				<posx>0</posx>
				<posy>100</posy>
				<width>1285</width>
				<height>534</height>
				<onleft>9900</onleft>
				<onup>9900</onup>
				<ondown>9920</ondown>
				<orientation>vertical</orientation>
				<pagecontrol>-</pagecontrol>
				<visible>Window.IsActive(500) | Window.IsActive(501) | Window.IsActive(502)</visible>
				<itemlayout condition="SubString(skin.string(wallmusicgrid),default)" width="106.5" height="106.5">
					<!-- tamanho normal -->
					<control type="image">
						<posx>2</posx>
						<posy>2</posy>
						<width>103</width>
						<height>103</height>
						<texture fallback="DefaultAudioCover.png" background="true">$VAR[value_poster]</texture>
						<bordertexture border="-2">black.png</bordertexture>
						<aspectratio align="center">stretch</aspectratio>
					</control>
				</itemlayout>
				<itemlayout condition="SubString(skin.string(wallmusicgrid),mid)" width="182" height="184">
					<!-- tamanho medio -->
					<control type="image">
						<posx>5</posx>
						<posy>2</posy>
						<width>175</width>
						<height>175</height>
						<texture fallback="DefaultAudioCover.png" background="true">$VAR[value_poster]</texture>
						<bordertexture border="-2">black.png</bordertexture>
						<aspectratio align="center">stretch</aspectratio>
					</control>
				</itemlayout>
				<itemlayout condition="SubString(skin.string(wallmusicgrid),big)" width="321" height="276">
					<!-- tamanho grande -->
					<control type="image">
						<posx>22</posx>
						<posy>2</posy>
						<width>272</width>
						<height>272</height>
						<texture fallback="DefaultAudioCover.png" background="true">$VAR[value_poster]</texture>
						<bordertexture border="-2">black.png</bordertexture>
						<aspectratio align="center">stretch</aspectratio>
					</control>
				</itemlayout>
				<focusedlayout condition="SubString(skin.string(wallmusicgrid),default)" width="106.5" height="106.5">
					<!-- tamanho normal -->
					<control type="image">
						<posx>2</posx>
						<posy>2</posy>
						<width>103</width>
						<height>103</height>
						<texture fallback="DefaultAudioCover.png" background="true">$VAR[value_poster]</texture>
						<bordertexture border="-2">grey.png</bordertexture>
						<aspectratio align="center">stretch</aspectratio>
						<animation type="Focus" reversible="false">
							<effect type="zoom" center="auto" start="80" end="100" time="400" tween="back" easing="out" />
							<effect type="fade" start="80" end="100" time="400" />
						</animation>
					</control>
				</focusedlayout>
				<focusedlayout condition="SubString(skin.string(wallmusicgrid),mid)" width="182" height="184">
					<!-- tamanho medio -->
					<control type="image">
						<posx>5</posx>
						<posy>2</posy>
						<width>175</width>
						<height>175</height>
						<texture fallback="DefaultAudioCover.png" background="true">$VAR[value_poster]</texture>
						<bordertexture border="-2">grey.png</bordertexture>
						<aspectratio align="center">stretch</aspectratio>
						<animation type="Focus" reversible="false">
							<effect type="zoom" center="auto" start="80" end="100" time="400" tween="back" easing="out" />
							<effect type="fade" start="80" end="100" time="400" />
						</animation>
					</control>
				</focusedlayout>
				<focusedlayout condition="SubString(skin.string(wallmusicgrid),big)" width="321" height="276">
					<!-- tamanho grande -->
					<control type="image">
						<posx>22</posx>
						<posy>2</posy>
						<width>272</width>
						<height>272</height>
						<texture fallback="DefaultAudioCover.png" background="true">$VAR[value_poster]</texture>
						<bordertexture border="-2">grey.png</bordertexture>
						<aspectratio align="center">stretch</aspectratio>
						<animation type="Focus" reversible="false">
							<effect type="zoom" center="auto" start="80" end="100" time="400" tween="back" easing="out" />
							<effect type="fade" start="80" end="100" time="400" />
						</animation>
					</control>
				</focusedlayout>
			</control>
		</control>
	</include>	
	<include name="ViewWallPrograms">
		<control type="group">
			<include>ViewBack</include>
			<!-- Fundo -->
			<visible>Control.IsVisible(56)</visible>
			<control type="panel" id="56">
				<viewtype label="31805">Panel</viewtype>
				<posx>0</posx>
				<posy>100</posy>
				<width>1285</width>
				<height>534</height>
				<onleft>9900</onleft>
				<onup>9900</onup>
				<ondown>9920</ondown>
				<orientation>vertical</orientation>
				<pagecontrol>-</pagecontrol>
				<visible>Window.IsActive(1)</visible>
				<itemlayout condition="SubString(skin.string(wallprogramsgrid),default)" width="106.5" height="106.5">
					<!-- tamanho normal -->
					<control type="image">
						<posx>2</posx>
						<posy>2</posy>
						<width>103</width>
						<height>103</height>
						<texture fallback="DefaultAddon.png" background="true">$VAR[value_poster]</texture>
						<bordertexture border="-2">black.png</bordertexture>
						<aspectratio align="center">stretch</aspectratio>
					</control>
				</itemlayout>
				<itemlayout condition="SubString(skin.string(wallprogramsgrid),mid)" width="182" height="184">
					<!-- tamanho medio -->
					<control type="image">
						<posx>5</posx>
						<posy>2</posy>
						<width>175</width>
						<height>175</height>
						<texture fallback="DefaultAddon.png" background="true">$VAR[value_poster]</texture>
						<bordertexture border="-2">black.png</bordertexture>
						<aspectratio align="center">stretch</aspectratio>
					</control>
				</itemlayout>
				<itemlayout condition="SubString(skin.string(wallprogramsgrid),big)" width="321" height="276">
					<!-- tamanho grande -->
					<control type="image">
						<posx>22</posx>
						<posy>2</posy>
						<width>272</width>
						<height>272</height>
						<texture fallback="DefaultAddon.png" background="true">$VAR[value_poster]</texture>
						<bordertexture border="-2">black.png</bordertexture>
						<aspectratio align="center">stretch</aspectratio>
					</control>
				</itemlayout>
				<focusedlayout condition="SubString(skin.string(wallprogramsgrid),default)" width="106.5" height="106.5">
					<!-- tamanho normal -->
					<control type="image">
						<posx>2</posx>
						<posy>2</posy>
						<width>103</width>
						<height>103</height>
						<texture fallback="DefaultAddon.png" background="true">$VAR[value_poster]</texture>
						<bordertexture border="-2">grey.png</bordertexture>
						<aspectratio align="center">stretch</aspectratio>
						<animation type="Focus" reversible="false">
							<effect type="zoom" center="auto" start="80" end="100" time="400" tween="back" easing="out" />
							<effect type="fade" start="80" end="100" time="400" />
						</animation>
					</control>
				</focusedlayout>
				<focusedlayout condition="SubString(skin.string(wallprogramsgrid),mid)" width="182" height="184">
					<!-- tamanho medio -->
					<control type="image">
						<posx>5</posx>
						<posy>2</posy>
						<width>175</width>
						<height>175</height>
						<texture fallback="DefaultAddon.png" background="true">$VAR[value_poster]</texture>
						<bordertexture border="-2">grey.png</bordertexture>
						<aspectratio align="center">stretch</aspectratio>
						<animation type="Focus" reversible="false">
							<effect type="zoom" center="auto" start="80" end="100" time="400" tween="back" easing="out" />
							<effect type="fade" start="80" end="100" time="400" />
						</animation>
					</control>
				</focusedlayout>
				<focusedlayout condition="SubString(skin.string(wallprogramsgrid),big)" width="321" height="276">
					<!-- tamanho grande -->
					<control type="image">
						<posx>22</posx>
						<posy>2</posy>
						<width>272</width>
						<height>272</height>
						<texture fallback="DefaultAddon.png" background="true">$VAR[value_poster]</texture>
						<bordertexture border="-2">grey.png</bordertexture>
						<aspectratio align="center">stretch</aspectratio>
						<animation type="Focus" reversible="false">
							<effect type="zoom" center="auto" start="80" end="100" time="400" tween="back" easing="out" />
							<effect type="fade" start="80" end="100" time="400" />
						</animation>
					</control>
				</focusedlayout>
			</control>
		</control>
	</include>
</includes>