<includes>
	<include name="EPGMenu">
		<animation effect="slide" end="0,30" time="500" tween="sine" easing="out" condition="Skin.HasSetting(noinfobar)">Conditional</animation>
		<control type="image">
			<posx>0</posx>
			<posy>31</posy>
			<width>1280</width>
			<height>30</height>
			<texture>shadow_h.png</texture>
			<colordiffuse>C3FFFFFF</colordiffuse>
		</control>
		<control type="image">
			<posx>240</posx>
			<posy>60</posy>
			<width>1040</width>
			<height>480</height>
			<texture>darkgrey.png</texture>
			<colordiffuse>$VAR[value_texturecolor]</colordiffuse>
			<animation effect="fade" end="85" condition="true">Conditional</animation>
		</control>
		<control type="image">
			<posx>0</posx>
			<posy>540</posy>
			<width>1280</width>
			<height>152</height>
			<texture>darkgrey.png</texture>
			<colordiffuse>$VAR[value_texturecolor]</colordiffuse>
			<animation effect="fade" end="99" condition="true">Conditional</animation>
		</control>
		<control type="image">
			<posx>240</posx>
			<posy>60</posy>
			<width>30</width>
			<height>480</height>
			<texture>shadow.png</texture>
			<colordiffuse>C3FFFFFF</colordiffuse>
		</control>
		<control type="image">
			<posx>0</posx>
			<posy>60</posy>
			<width>240</width>
			<height>480</height>
			<texture>grey.png</texture>
			<colordiffuse>90FFFFFF</colordiffuse>
		</control>
		<control type="image">
			<posx>238</posx>
			<posy>60</posy>
			<width>2</width>
			<height>480</height>
			<texture>separator_v.png</texture>
		</control>
		<control type="label">
			<!-- Left Title Channels -->
			<include>SettingsSectionTitle</include>
			<label>31333</label>
			<visible>!Control.IsVisible(15)</visible>
		</control>
		<control type="label">
			<!-- Left Title Channel -->
			<include>SettingsSectionTitle</include>
			<label>31763</label>
			<visible>Control.IsVisible(15)</visible>
		</control>
		<control type="label">
			<!-- Title Right -->
			<posx>275</posx>
			<include>SettingsContentTitle</include>
			<label>$INFO[Control.GetLabel(29)] $INFO[Control.GetLabel(30)]</label>
		</control>
	</include>

	<include name="PVRCommonInfo">
		<control type="image">
			<posx>20</posx>
			<posy>555</posy>
			<width>120</width>
			<height>120</height>
			<texture fallback="DefaultAudioCover.png" background="true">$VAR[value_pvrchannelicon]</texture>
			<bordertexture border="-12">musicframe.png</bordertexture>
			<fadetime>FanartCrossFadeTime</fadetime>
			<aspectratio>keep</aspectratio>
		</control>
		<control type="label">
			<!-- Nome do programa -->
			<posx>170</posx>
			<posy>550</posy>
			<width>1090</width>
			<height>30</height>
			<align>left</align>
			<aligny>center</aligny>
			<textcolor>$VAR[value_headercolor]</textcolor>
			<font>Font_23</font>
			<label>$INFO[ListItem.Title]</label>
			<scroll>true</scroll>
		</control>
		<control type="label">
			<!-- Hora/Data/Genero -->
			<posx>170</posx>
			<posy>575</posy>
			<width>1090</width>
			<height>25</height>
			<align>left</align>
			<aligny>center</aligny>
			<font>Font_16</font>
			<textcolor>$VAR[value_headercolor]</textcolor>
			<label>$LOCALIZE[142] [COLOR=FFFFFAF0]$INFO[ListItem.StartTime] - $INFO[ListItem.EndTime] ($INFO[ListItem.StartDate]) - [/COLOR]$LOCALIZE[180]: [COLOR=FFFFFAF0]$INFO[ListItem.Duration] - [/COLOR]$LOCALIZE[515]: [COLOR=FFFFFAF0]$INFO[ListItem.Genre][/COLOR]</label>
			<visible>!Control.IsVisible(14)</visible>
		</control>
		<control type="label">
			<!-- Hora/Data/Genero -->
			<posx>170</posx>
			<posy>575</posy>
			<width>1090</width>
			<height>25</height>
			<align>left</align>
			<aligny>center</aligny>
			<font>Font_16</font>
			<textcolor>$VAR[value_headercolor]</textcolor>
			<label>$LOCALIZE[142] [COLOR=FFFFFAF0]$INFO[ListItem.Date][/COLOR]</label>
			<visible>Control.IsVisible(14) + !IsEmpty(ListItem.Date)</visible>
		</control>
		<control type="image">
			<posx>170</posx>
			<posy>605</posy>
			<width>825</width>
			<height>2</height>
			<align>left</align>
			<texture flipx="true">divider.png</texture>
		</control>
		<control type="textbox" id="400">
			<posx>170</posx>
			<posy>610</posy>
			<width>1090</width>
			<height>65</height>
			<align>justify</align>
			<label>$INFO[ListItem.Plot]</label>
			<textcolor>FFFFFAF0</textcolor>
			<font>Font_16</font>
			<autoscroll delay="20000" time="3000" repeat="20000">!Skin.HasSetting(noallowscroll)</autoscroll>
		</control>
		<control type="image">
			<posx>0</posx>
			<posy>60</posy>
			<width>250</width>
			<height>480</height>
			<texture>menu_glass.png</texture>
			<colordiffuse>70FFFAF0</colordiffuse>540
		</control>
		<control type="image">
			<posx>0</posx>
			<posy>539</posy>
			<width>1280</width>
			<height>30</height>
			<texture flipy="true">shadow_h.png</texture>
		</control>
		<include>MultiData</include>
	</include>

	<!--##################################################################################   CANAIS DE TV   ##################################################################################-->
	<include name="ViewLiveTVChannel">
		<control type="group">
			<animation effect="fade" reversible="true" time="300">VisibleChange</animation>
			<animation effect="slide" start="0,0" end="-320,0" time="300" easing="out" tween="cubic" condition="Player.HasVideo + System.IdleTime(8) | Control.HasFocus(9920)">Conditional</animation>
			<visible>Control.IsVisible(11)</visible>
			<include>BackMenuV</include>
			<!-- Background Menu -->
			<control type="label">
				<!-- Left Title -->
				<posy>10</posy>
				<include>SettingsSectionTitle</include>
				<label>$INFO[Control.GetLabel(29)]</label>
			</control>
			<control type="label">
				<posx>20</posx>
				<posy>695</posy>
				<width>260</width>
				<height>22</height>
				<font>Font_15</font>
				<align>left</align>
				<textcolor>E4101010</textcolor>
				<include>Animation_Fade</include>
				<label>[UPPERCASE]$INFO[Control.GetLabel(29)][COLOR=80ffffff] | [/COLOR]$INFO[Control.GetLabel(30)][COLOR=80ffffff] | [/COLOR]$VAR[value_pvrnumitems][/UPPERCASE]</label>
				<scroll>true</scroll>
				<scrollout>false</scrollout>
			</control>
			<control type="list" id="11">
				<viewtype>list</viewtype>
				<posx>0</posx>
				<posy>65</posy>
				<width>300</width>
				<height>590</height>
				<onleft>9900</onleft>
				<onright condition="Player.HasVideo">600</onright>
				<ondown>11</ondown>
				<orientation>vertical</orientation>
				<focusposition>2</focusposition>
				<scrolltime>300</scrolltime>
				<pagecontrol>71</pagecontrol>
				<itemlayout width="300" height="60">
					<control type="image">
						<posx>0</posx>
						<posy>0</posy>
						<width>298</width>
						<height>3</height>
						<texture flipx="true">divider.png</texture>
						<colordiffuse>90FFFFFF</colordiffuse>
					</control>
					<control type="label">
						<posx>20</posx>
						<posy>0</posy>
						<width>260</width>
						<height>35</height>
						<font>Font_22</font>
						<label>$INFO[ListItem.ChannelNumber]$INFO[ListItem.Label, - ]</label>
						<align>left</align>
						<aligny>center</aligny>
						<textcolor>E4101010</textcolor>
						<selectedcolor>$VAR[value_headercolor]</selectedcolor>
					</control>
					<control type="label">
						<posx>20</posx>
						<posy>29</posy>
						<width>260</width>
						<height>20</height>
						<font>Font_17</font>
						<label>$INFO[ListItem.Title]</label>
						<align>left</align>
						<aligny>center</aligny>
						<textcolor>E4101010</textcolor>
						<selectedcolor>$VAR[value_headercolor]</selectedcolor>
					</control>
					<control type="progress">
						<posx>20</posx>
						<posy>50</posy>
						<width>260</width>
						<height>4</height>
						<info>ListItem.Progress</info>
						<visible>ListItem.HasEpg</visible>
					</control>
				</itemlayout>
				<focusedlayout width="300" height="60">
					<control type="image">
						<posx>0</posx>
						<posy>0</posy>
						<width>299</width>
						<height>60</height>
						<texture>settings_button.png</texture>
						<animation effect="fade" start="100" end="50" time="50" condition="!Control.Hasfocus(11)">conditional</animation>
					</control>
					<control type="label">
						<posx>20</posx>
						<posy>1</posy>
						<width>260</width>
						<height>35</height>
						<font>Font_22</font>
						<label>$INFO[ListItem.ChannelNumber]$INFO[ListItem.Label, - ]</label>
						<align>left</align>
						<aligny>center</aligny>
						<textcolor>FFFFFAF0</textcolor>
						<selectedcolor>$VAR[value_headercolorfocus]</selectedcolor>
						<animation effect="fade" start="100" end="50" time="0" condition="!Control.Hasfocus(11)">conditional</animation>
					</control>
					<control type="label">
						<posx>20</posx>
						<posy>29</posy>
						<width>260</width>
						<height>20</height>
						<font>Font_17</font>
						<label>$INFO[ListItem.Title]</label>
						<align>left</align>
						<aligny>center</aligny>
						<textcolor>FFFFFAF0</textcolor>
						<selectedcolor>$VAR[value_headercolor]</selectedcolor>
					</control>
					<control type="progress">
						<posx>20</posx>
						<posy>50</posy>
						<width>260</width>
						<height>4</height>
						<info>ListItem.Progress</info>
						<visible>ListItem.HasEpg</visible>
					</control>
				</focusedlayout>
			</control>
			<include>Glass</include>
			<control type="scrollbar" id="71">
				<include>ScrollBar_Horizontal</include>
				<posx>620</posx>
				<posy>645</posy>
				<width>590</width>
				<onup>SetFocus(11)</onup>
				<ondown>9920</ondown>
				<onleft>71</onleft>
				<onright>71</onright>
				<include>Animation_Fade</include>
				<visible allowhiddenfocus="true">Control.IsVisible(11) + Control.HasFocus(71)</visible>
			</control>
		</control>
	</include>

	<!--##################################################################################   ESTACOES DE RADIO   ##################################################################################-->
	<include name="ViewLiveRadioChannel">
		<control type="group">
			<animation effect="fade" reversible="true" time="300">VisibleChange</animation>
			<animation effect="slide" start="0,0" end="-320,0" time="300" easing="out" tween="cubic" condition="Player.HasAudio + System.IdleTime(8) | Control.HasFocus(9920)">Conditional</animation>
			<visible>Control.IsVisible(12)</visible>
			<include>BackMenuV</include>
			<!-- Fundo Menu -->
			<control type="label">
				<!-- Titulo da esquerda -->
				<posy>10</posy>
				<include>SettingsSectionTitle</include>
				<label>$INFO[Control.GetLabel(29)]</label>
			</control>
			<control type="label">
				<posx>20</posx>
				<posy>695</posy>
				<width>260</width>
				<height>22</height>
				<font>Font_15</font>
				<align>left</align>
				<textcolor>E4101010</textcolor>
				<include>Animation_Fade</include>
				<label>[UPPERCASE]$INFO[Control.GetLabel(29)][COLOR=80ffffff] | [/COLOR]$INFO[Control.GetLabel(30)][COLOR=80ffffff] | [/COLOR]$VAR[value_pvrnumitems][/UPPERCASE]</label>
				<scroll>true</scroll>
				<scrollout>false</scrollout>
			</control>
			<control type="list" id="12">
				<viewtype>list</viewtype>
				<posx>0</posx>
				<posy>65</posy>
				<width>300</width>
				<height>590</height>
				<onleft>9900</onleft>
				<onright condition="Player.HasAudio">600</onright>
				<ondown>11</ondown>
				<orientation>vertical</orientation>
				<focusposition>2</focusposition>
				<scrolltime>300</scrolltime>
				<pagecontrol>71</pagecontrol>
				<itemlayout width="300" height="40">
					<control type="image">
						<posx>0</posx>
						<posy>0</posy>
						<width>298</width>
						<height>3</height>
						<texture flipx="true">divider.png</texture>
						<colordiffuse>90FFFFFF</colordiffuse>
					</control>
					<control type="label">
						<posx>20</posx>
						<posy>1</posy>
						<width>260</width>
						<height>40</height>
						<font>Font_22</font>
						<label>$INFO[ListItem.ChannelNumber]$INFO[ListItem.Label, - ]</label>
						<align>left</align>
						<aligny>center</aligny>
						<textcolor>E4101010</textcolor>
						<selectedcolor>$VAR[value_headercolor]</selectedcolor>
					</control>
				</itemlayout>
				<focusedlayout width="300" height="60">
					<control type="image">
						<posx>0</posx>
						<posy>0</posy>
						<width>299</width>
						<height>60</height>
						<texture>settings_button.png</texture>
						<animation effect="fade" start="100" end="50" time="50" condition="!Control.Hasfocus(12)">conditional</animation>
					</control>
					<control type="label">
						<posx>20</posx>
						<posy>-8</posy>
						<width>260</width>
						<height>60</height>
						<font>Font_22</font>
						<label>$INFO[ListItem.ChannelNumber]$INFO[ListItem.Label, - ]</label>
						<align>left</align>
						<aligny>center</aligny>
						<textcolor>FFFFFAF0</textcolor>
						<selectedcolor>$VAR[value_headercolorfocus]</selectedcolor>
						<animation effect="fade" start="100" end="50" time="0" condition="!Control.Hasfocus(12)">conditional</animation>
					</control>
					<control type="progress">
						<posx>20</posx>
						<posy>46</posy>
						<width>260</width>
						<height>6</height>
						<info>Container(12).ListItem.Progress</info>
						<visible>Container(12).ListItem.HasEpg</visible>
					</control>
				</focusedlayout>
			</control>
			<control type="scrollbar" id="72">
				<include>ScrollBar_Horizontal</include>
				<posx>350</posx>
				<posy>653</posy>
				<width>590</width>
				<onup>12</onup>
				<ondown>9920</ondown>
				<onleft>72</onleft>
				<onright>72</onright>
				<include>Animation_Fade</include>
				<visible allowhiddenfocus="true">Control.IsVisible(12) + Control.HasFocus(72)</visible>
			</control>
			<include>Glass</include>
			<control type="scrollbar" id="71">
				<include>ScrollBar_Horizontal</include>
				<posx>620</posx>
				<posy>645</posy>
				<width>590</width>
				<onup>SetFocus(11)</onup>
				<ondown>9920</ondown>
				<onleft>71</onleft>
				<onright>71</onright>
				<include>Animation_Fade</include>
				<visible allowhiddenfocus="true">Control.IsVisible(11) + Control.HasFocus(71)</visible>
			</control>
		</control>
	</include>

	<!--##################################################################################   EPG   ##################################################################################-->
	<include name="ViewEPGTimeline">
		<control type="group">
			<visible>Control.IsVisible(10)</visible>
			<animation effect="fade" reversible="true" time="300">VisibleChange</animation>
			<include>EPGMenu</include>
			<control type="image">
				<posx>0</posx>
				<posy>140</posy>
				<width>240</width>
				<height>25</height>
				<texture>grey.png</texture>
				<colordiffuse>E4101010</colordiffuse>
			</control>
			<control type="epggrid" id="10">
				<posx>0</posx>
				<posy>140</posy>
				<width>1280</width>
				<height>400</height>
				<onleft>31</onleft>
				<onright>31</onright>
				<onup>10</onup>
				<ondown>10</ondown>
				<pagecontrol>10</pagecontrol>
				<scrolltime>350</scrolltime>
				<timeblocks>40</timeblocks>
				<rulerunit>6</rulerunit>
				<rulerlayout height="30" width="40">
					<control type="image">
						<posx>0</posx>
						<posy>0</posy>
						<width>154</width>
						<height>25</height>
						<texture>grey.png</texture>
						<colordiffuse>50101010</colordiffuse>
					</control>
					<control type="label" id="2">
						<posx>20</posx>
						<posy>-1</posy>
						<width>40</width>
						<height>28</height>
						<align>left</align>
						<aligny>center</aligny>
						<font>Font_16</font>
						<label>$INFO[ListItem.Label]</label>
						<textcolor>$VAR[value_headercolor]</textcolor>
					</control>
				</rulerlayout>
				<channellayout height="40" width="240">
					<control type="label" id="1">
						<include>SettingsLabel</include>
						<label>$INFO[ListItem.ChannelName]</label>
					</control>
					<control type="image">
						<posx>0</posx>
						<posy>0</posy>
						<width>240</width>
						<height>3</height>
						<texture>divider.png</texture>
						<colordiffuse>90FFFFFF</colordiffuse>
					</control>
				</channellayout>
				<focusedchannellayout height="40" width="240">
					<control type="image" id="1">
						<posx>0</posx>
						<posy>0</posy>
						<width>238</width>
						<height>40</height>
						<texture>settings_button.png</texture>
						<animation effect="fade" start="100" end="50" time="50" condition="!Control.Hasfocus(10)">conditional</animation>
					</control>
					<control type="label" id="1">
						<include>SettingsLabelFocus</include>
						<label>$INFO[ListItem.ChannelName]</label>
					</control>
				</focusedchannellayout>
				<itemlayout height="40" width="50">
					<control type="image" id="14">
						<posx>0</posx>
						<posy>1</posy>
						<width>48</width>
						<height>38</height>
						<aspectratio>stretch</aspectratio>
						<colordiffuse>50FFFAF0</colordiffuse>
						<texture>settings_button_focus.png</texture>
					</control>
					<control type="image" id="2">
						<posx>0</posx>
						<posy>1</posy>
						<width>48</width>
						<height>38</height>
						<aspectratio>stretch</aspectratio>
						<texture border="3">genres/$INFO[ListItem.Property(GenreType)].png</texture>
						<colordiffuse>50FFFAF0</colordiffuse>	
					</control>
					<control type="label" id="1">
						<posx>6</posx>
						<posy>1</posy>
						<width>42</width>
						<height>38</height>
						<aligny>center</aligny>
						<align>left</align>
						<font>Font_17</font>
						<include>listcolor</include>
						<info>ListItem.Label</info>
					</control>
					<control type="image">
						<posx>0</posx>
						<posy>1</posy>
						<width>9</width>
						<height>9</height>
						<texture>pvr_isrecording.png</texture>
						<visible>ListItem.IsRecording</visible>
					</control>
					<control type="image">
						<posx>0</posx>
						<posy>1</posy>
						<width>9</width>
						<height>9</height>
						<texture>pvr_hastimer.png</texture>
						<visible>ListItem.HasTimer + !ListItem.IsRecording</visible>
					</control>
				</itemlayout>
				<focusedlayout height="40" width="50">
					<control type="image" id="14">
						<posx>0</posx>
						<posy>1</posy>
						<width>48</width>
						<height>38</height>
						<texture>settings_button_focus.png</texture>
					</control>
					<control type="image" id="2">
						<posx>0</posx>
						<posy>1</posy>
						<width>48</width>
						<height>38</height>
						<aspectratio>stretch</aspectratio>
						<texture border="3">genres/$INFO[ListItem.Property(GenreType)].png</texture>
						<colordiffuse>90FFFAF0</colordiffuse>	
					</control>
					<control type="label" id="1">
						<posx>6</posx>
						<posy>1</posy>
						<width>42</width>
						<height>38</height>
						<aligny>center</aligny>
						<align>left</align>
						<font>Font_17</font>
						<include>listcolorfocus</include>
						<info>ListItem.Label</info>
					</control>
					<control type="image">
						<posx>0</posx>
						<posy>1</posy>
						<width>9</width>
						<height>9</height>
						<texture>pvr_isrecording.png</texture>
						<visible>ListItem.IsRecording</visible>
					</control>
					<control type="image">
						<posx>0</posx>
						<posy>1</posy>
						<width>9</width>
						<height>9</height>
						<texture>pvr_hastimer.png</texture>
						<colordiffuse>E4101010</colordiffuse>
						<visible>ListItem.HasTimer + !ListItem.IsRecording</visible>
					</control>
				</focusedlayout>
			</control>
			<include>PVRCommonInfo</include>
		</control>
	</include>

	<!--##################################################################################   EPG AGORA/PROXIMO   ##################################################################################-->
	<include name="ViewLiveTVGuideNowNext">
		<control type="group">
			<animation effect="fade" reversible="true" time="300">VisibleChange</animation>
			<visible>Control.IsVisible(16)</visible>
			<include>EPGMenu</include>
			<control type="image">
				<posx>240</posx>
				<posy>131</posy>
				<width>120</width>
				<height>409</height>
				<texture>grey.png</texture>
				<colordiffuse>20FFFFFF</colordiffuse>
			</control>
			<control type="image">
				<posx>1060</posx>
				<posy>131</posy>
				<width>180</width>
				<height>409</height>
				<texture>grey.png</texture>
				<colordiffuse>20FFFFFF</colordiffuse>
			</control>
			<control type="list" id="16">
				<posx>0</posx>
				<posy>130</posy>
				<width>1280</width>
				<height>410</height>
				<onup>16</onup>
				<ondown>16</ondown>
				<onleft>9900</onleft>
				<onright>76</onright>
				<pagecontrol>76</pagecontrol>
				<scrolltime>350</scrolltime>
				<itemlayout height="40">
					<control type="label">
						<include>SettingsLabel</include>
						<label>$INFO[ListItem.ChannelName]</label>
					</control>
					<control type="image">
						<posx>0</posx>
						<posy>0</posy>
						<width>240</width>
						<height>3</height>
						<texture>divider.png</texture>
						<colordiffuse>90FFFFFF</colordiffuse>
					</control>
					<control type="image">
						<posx>240</posx>
						<posy>1</posy>
						<width>1040</width>
						<height>38</height>
						<aspectratio>stretch</aspectratio>
						<colordiffuse>50FFFAF0</colordiffuse>
						<texture>settings_button_focus.png</texture>
					</control>	
					<control type="label">
						<posx>300</posx>
						<posy>0</posy>
						<width>100</width>
						<height>40</height>
						<align>center</align>
						<aligny>center</aligny>
						<font>Font_20</font>
						<include>listcolor</include>
						<info>ListItem.StartTime</info>
					</control>
					<control type="label">
						<posx>400</posx>
						<posy>1</posy>
						<width>590</width>
						<height>38</height>
						<align>left</align>
						<aligny>center</aligny>
						<font>Font_17</font>
						<include>listcolor</include>
						<info>ListItem.Label</info>
					</control>
					<control type="image">
						<posx>1080</posx>
						<posy>10</posy>
						<width>30</width>
						<height>20</height>
						<texture>pvr_isrecording.png</texture>
						<visible>ListItem.IsRecording</visible>
					</control>
					<control type="label">
						<posx>1120</posx>
						<posy>1</posy>
						<width>110</width>
						<height>38</height>
						<align>left</align>
						<aligny>center</aligny>
						<font>Font_17</font>
						<include>listcolor</include>
						<label>19043</label>
						<visible>ListItem.IsRecording</visible>
					</control>
					<control type="image">
						<posx>1080</posx>
						<posy>10</posy>
						<width>20</width>
						<height>20</height>
						<texture>pvr_hastimer.png</texture>
						<visible>ListItem.HasTimer + !ListItem.IsRecording</visible>
					</control>
					<control type="label">
						<posx>1120</posx>
						<posy>1</posy>
						<width>110</width>
						<height>38</height>
						<align>left</align>
						<aligny>center</aligny>
						<font>Font_17</font>
						<include>listcolor</include>
						<label>31149</label>
						<visible>ListItem.HasTimer</visible>
					</control>
				</itemlayout>
				<focusedlayout height="40">
					<control type="image">
						<posx>0</posx>
						<posy>0</posy>
						<width>238</width>
						<height>40</height>
						<texture>settings_button.png</texture>
						<animation effect="fade" start="100" end="50" time="50" condition="!Control.Hasfocus(16)">conditional</animation>
					</control>
					<control type="image">
						<posx>240</posx>
						<posy>1</posy>
						<width>1040</width>
						<height>38</height>
						<aspectratio>stretch</aspectratio>
						<colordiffuse>FFFFFAF0</colordiffuse>
						<texture>settings_button_focus.png</texture>
					</control>
					<control type="label">
						<include>SettingsLabelFocus</include>
						<label>$INFO[ListItem.ChannelName]</label>
					</control>	
					<control type="label">
						<posx>300</posx>
						<posy>0</posy>
						<width>100</width>
						<height>40</height>
						<align>center</align>
						<aligny>center</aligny>
						<font>Font_20</font>
						<textcolor>$VAR[value_headercolor]</textcolor>
						<info>ListItem.StartTime</info>
					</control>
					<control type="label">
						<posx>400</posx>
						<posy>1</posy>
						<width>590</width>
						<height>38</height>
						<align>left</align>
						<aligny>center</aligny>
						<font>Font_17</font>
						<include>listcolorfocus</include>
						<info>ListItem.Label</info>
					</control>
					<control type="image">
						<posx>1080</posx>
						<posy>10</posy>
						<width>30</width>
						<height>20</height>
						<texture>pvr_isrecording.png</texture>
						<visible>ListItem.IsRecording</visible>
					</control>
					<control type="label">
						<posx>1120</posx>
						<posy>1</posy>
						<width>110</width>
						<height>38</height>
						<align>left</align>
						<aligny>center</aligny>
						<font>Font_17</font>
						<include>listcolorfocus</include>
						<label>19043</label>
						<visible>ListItem.IsRecording</visible>
					</control>
					<control type="image">
						<posx>1080</posx>
						<posy>10</posy>
						<width>20</width>
						<height>20</height>
						<texture>pvr_hastimer.png</texture>
						<visible>ListItem.HasTimer + !ListItem.IsRecording</visible>
					</control>
					<control type="label">
						<posx>1120</posx>
						<posy>1</posy>
						<width>110</width>
						<height>38</height>
						<align>left</align>
						<aligny>center</aligny>
						<font>Font_17</font>
						<include>listcolorfocus</include>
						<label>31149</label>
						<visible>ListItem.HasTimer</visible>
					</control>
				</focusedlayout>
			</control>
			<control type="scrollbar" id="76">
				<include>ScrollBar_Vertical</include>
				<posx>1245</posx>
				<posy>135</posy>
				<height>430</height>
				<onleft>16</onleft>
				<onright>16</onright>
			</control>
			<include>PVRCommonInfo</include>
		</control>
	</include>

	<!--##################################################################################   EPG GUIA DE CANAIS   ##################################################################################-->
	<include name="ViewLiveTVGuideChannel">
		<control type="group">
			<animation effect="fade" reversible="true" time="300">VisibleChange</animation>
			<visible>Control.IsVisible(15)</visible>
			<include>EPGMenu</include>
			<control type="image">
				<posx>240</posx>
				<posy>131</posy>
				<width>160</width>
				<height>409</height>
				<texture>grey.png</texture>
				<colordiffuse>20FFFFFF</colordiffuse>
			</control>
			<control type="image">
				<posx>1060</posx>
				<posy>131</posy>
				<width>180</width>
				<height>409</height>
				<texture>grey.png</texture>
				<colordiffuse>20FFFFFF</colordiffuse>
			</control>
			<control type="list" id="15">
				<posx>0</posx>
				<posy>130</posy>
				<width>1280</width>
				<height>410</height>
				<onup>15</onup>
				<ondown>15</ondown>
				<onleft>9900</onleft>
				<onright>75</onright>
				<pagecontrol>75</pagecontrol>
				<scrolltime>350</scrolltime>
				<itemlayout height="40" width="1280">
					<control type="label">
						<include>SettingsLabel</include>
						<label>$INFO[ListItem.ChannelName]</label>
					</control>
					<control type="image">
						<posx>0</posx>
						<posy>0</posy>
						<width>240</width>
						<height>3</height>
						<texture>divider.png</texture>
						<colordiffuse>90FFFFFF</colordiffuse>
					</control>
					<control type="image">
						<posx>240</posx>
						<posy>1</posy>
						<width>1040</width>
						<height>38</height>
						<aspectratio>stretch</aspectratio>
						<colordiffuse>50FFFAF0</colordiffuse>
						<texture>settings_button_focus.png</texture>
					</control>
					<control type="label">
						<posx>320</posx>
						<posy>0</posy>
						<width>140</width>
						<height>40</height>
						<align>center</align>
						<aligny>center</aligny>
						<font>Font_20</font>
						<include>listcolor</include>
						<info>ListItem.Date</info>
					</control>
					<control type="label">
						<posx>430</posx>
						<posy>1</posy>
						<width>590</width>
						<height>38</height>
						<align>left</align>
						<aligny>center</aligny>
						<font>Font_17</font>
						<include>listcolor</include>
						<info>ListItem.Label</info>
					</control>
					<control type="image">
						<posx>1080</posx>
						<posy>10</posy>
						<width>30</width>
						<height>20</height>
						<texture>pvr_isrecording.png</texture>
						<visible>ListItem.IsRecording</visible>
					</control>
					<control type="label">
						<posx>1120</posx>
						<posy>1</posy>
						<width>110</width>
						<height>38</height>
						<align>left</align>
						<aligny>center</aligny>
						<font>Font_17</font>
						<include>listcolorfocus</include>
						<label>19043</label>
						<visible>ListItem.IsRecording</visible>
					</control>
					<control type="label">
						<posx>1120</posx>
						<posy>1</posy>
						<width>110</width>
						<height>38</height>
						<align>left</align>
						<aligny>center</aligny>
						<font>Font_17</font>
						<include>listcolorfocus</include>
						<label>31149</label>
						<visible>ListItem.HasTimer</visible>
					</control>
				</itemlayout>
				<focusedlayout height="40" width="1280">
					<control type="image">
						<posx>0</posx>
						<posy>0</posy>
						<width>238</width>
						<height>40</height>
						<texture>settings_button.png</texture>
						<animation effect="fade" start="100" end="50" time="50" condition="!Control.Hasfocus(15)">conditional</animation>
					</control>
					<control type="image">
						<posx>240</posx>
						<posy>1</posy>
						<width>1040</width>
						<height>38</height>
						<aspectratio>stretch</aspectratio>
						<colordiffuse>FFFFFAF0</colordiffuse>
						<texture>settings_button_focus.png</texture>
					</control>
					<control type="label">
						<include>SettingsLabelFocus</include>
						<label>$INFO[ListItem.ChannelName]</label>
					</control>
					<control type="label">
						<posx>320</posx>
						<posy>0</posy>
						<width>140</width>
						<height>40</height>
						<align>center</align>
						<aligny>center</aligny>
						<font>Font_20</font>
						<textcolor>$VAR[value_headercolor]</textcolor>
						<info>ListItem.Date</info>
					</control>
					<control type="label">
						<posx>430</posx>
						<posy>1</posy>
						<width>590</width>
						<height>38</height>
						<align>left</align>
						<aligny>center</aligny>
						<font>Font_17</font>
						<include>listcolorfocus</include>
						<info>ListItem.Label</info>
					</control>
					<control type="image">
						<posx>1080</posx>
						<posy>10</posy>
						<width>30</width>
						<height>20</height>
						<texture>pvr_isrecording.png</texture>
						<visible>ListItem.IsRecording</visible>
					</control>
					<control type="label">
						<posx>1120</posx>
						<posy>1</posy>
						<width>110</width>
						<height>38</height>
						<align>left</align>
						<aligny>center</aligny>
						<font>Font_17</font>
						<include>listcolorfocus</include>
						<label>19043</label>
						<visible>ListItem.IsRecording</visible>
					</control>
					<control type="label">
						<posx>1120</posx>
						<posy>1</posy>
						<width>110</width>
						<height>38</height>
						<align>left</align>
						<aligny>center</aligny>
						<font>Font_17</font>
						<include>listcolorfocus</include>
						<label>31149</label>
						<visible>ListItem.HasTimer</visible>
					</control>
				</focusedlayout>	
			</control>
			<control type="scrollbar" id="75">
				<include>ScrollBar_Vertical</include>
				<posx>1245</posx>
				<posy>135</posy>
				<height>430</height>
				<onleft>15</onleft>
				<onright>31</onright>
				<ondown>75</ondown>
				<onup>75</onup>
			</control>
			<include>PVRCommonInfo</include>
		</control>
	</include>

	<!--##################################################################################   AGENDAMENTO  ##################################################################################-->
	<include name="ViewLiveTVTimers">
		<control type="group">
			<animation effect="fade" reversible="true" time="300">VisibleChange</animation>
			<visible>Control.IsVisible(14)</visible>
			<include>EPGMenu</include>
			<control type="image">
				<posx>240</posx>
				<posy>131</posy>
				<width>315</width>
				<height>409</height>
				<texture>grey.png</texture>
				<colordiffuse>20FFFFFF</colordiffuse>
			</control>
			<control type="image">
				<posx>1060</posx>
				<posy>131</posy>
				<width>180</width>
				<height>409</height>
				<texture>grey.png</texture>
				<colordiffuse>20FFFFFF</colordiffuse>
			</control>
			<control type="panel" id="14">
				<posx>0</posx>
				<posy>130</posy>
				<width>1280</width>
				<height>410</height>
				<onup>14</onup>
				<ondown>14</ondown>
				<onleft>35</onleft>
				<onright>73</onright>
				<pagecontrol>73</pagecontrol>
				<scrolltime>350</scrolltime>
				<itemlayout height="40" width="1280">
					<control type="label">
						<include>SettingsLabel</include>
						<label>$INFO[ListItem.ChannelName]</label>
					</control>
					<control type="image">
						<posx>0</posx>
						<posy>0</posy>
						<width>240</width>
						<height>3</height>
						<texture>divider.png</texture>
						<colordiffuse>90FFFFFF</colordiffuse>
					</control>
					<control type="image">
						<posx>240</posx>
						<posy>1</posy>
						<width>1040</width>
						<height>38</height>
						<aspectratio>stretch</aspectratio>
						<colordiffuse>50FFFAF0</colordiffuse>
						<texture>settings_button_focus.png</texture>
					</control>
					<control type="label">
						<posx>400</posx>
						<posy>0</posy>
						<width>350</width>
						<height>40</height>
						<align>center</align>
						<aligny>center</aligny>
						<font>Font_20</font>
						<include>listcolor</include>
						<info>ListItem.Date</info>
					</control>
					<control type="label">
						<posx>590</posx>
						<posy>1</posy>
						<width>590</width>
						<height>38</height>
						<align>left</align>
						<aligny>center</aligny>
						<font>Font_17</font>
						<include>listcolor</include>
						<info>ListItem.Label</info>
					</control>
					<control type="image">
						<posx>1080</posx>
						<posy>10</posy>
						<width>30</width>
						<height>20</height>
						<texture>pvr_isrecording.png</texture>
						<visible>ListItem.IsRecording</visible>
					</control>
					<control type="label">
						<posx>1120</posx>
						<posy>1</posy>
						<width>110</width>
						<height>38</height>
						<align>left</align>
						<aligny>center</aligny>
						<font>Font_17</font>
						<include>listcolorfocus</include>
						<info>ListItem.Comment</info>
					</control>
				</itemlayout>
				<focusedlayout height="40" width="1280">
					<control type="image">
						<posx>0</posx>
						<posy>0</posy>
						<width>238</width>
						<height>40</height>
						<texture>settings_button.png</texture>
						<animation effect="fade" start="100" end="50" time="50" condition="!Control.Hasfocus(14)">conditional</animation>
					</control>
					<control type="image">
						<posx>240</posx>
						<posy>1</posy>
						<width>1040</width>
						<height>38</height>
						<aspectratio>stretch</aspectratio>
						<colordiffuse>FFFFFAF0</colordiffuse>
						<texture>settings_button_focus.png</texture>
					</control>
					<control type="label">
						<include>SettingsLabelFocus</include>
						<label>$INFO[ListItem.ChannelName]</label>
					</control>
					<control type="label">
						<posx>400</posx>
						<posy>0</posy>
						<width>350</width>
						<height>40</height>
						<align>center</align>
						<aligny>center</aligny>
						<font>Font_20</font>
						<textcolor>$VAR[value_headercolor]</textcolor>
						<info>ListItem.Date</info>
					</control>
					<control type="label">
						<posx>590</posx>
						<posy>1</posy>
						<width>590</width>
						<height>38</height>
						<align>left</align>
						<aligny>center</aligny>
						<font>Font_17</font>
						<include>listcolorfocus</include>
						<info>ListItem.Label</info>
					</control>
					<control type="image">
						<posx>1080</posx>
						<posy>10</posy>
						<width>30</width>
						<height>20</height>
						<texture>pvr_isrecording.png</texture>
						<visible>ListItem.IsRecording</visible>
					</control>
					<control type="label">
						<posx>1120</posx>
						<posy>1</posy>
						<width>110</width>
						<height>38</height>
						<align>left</align>
						<aligny>center</aligny>
						<font>Font_17</font>
						<include>listcolorfocus</include>
						<info>ListItem.Comment</info>
					</control>
				</focusedlayout>
			</control>
			<control type="scrollbar" id="73">
				<include>ScrollBar_Vertical</include>
				<posx>1245</posx>
				<posy>135</posy>
				<height>430</height>
				<onleft>11</onleft>
				<onright>35</onright>
				<ondown>73</ondown>
				<onup>73</onup>
				<visible>Control.IsVisible(14)</visible>
			</control>
			<include>PVRCommonInfo</include>
		</control>
	</include>

	<!--##################################################################################   BUSCA   ##################################################################################-->
	<include name="ViewLiveTVSeach">
		<control type="group">
			<animation effect="fade" reversible="true" time="300">VisibleChange</animation>
			<visible>Control.IsVisible(17)</visible>
			<include>EPGMenu</include>
			<control type="image">
				<posx>240</posx>
				<posy>131</posy>
				<width>240</width>
				<height>409</height>
				<texture>grey.png</texture>
				<colordiffuse>20FFFFFF</colordiffuse>
			</control>
			<control type="image">
				<posx>1160</posx>
				<posy>131</posy>
				<width>70</width>
				<height>409</height>
				<texture>grey.png</texture>
				<colordiffuse>20FFFFFF</colordiffuse>
			</control>
			<control type="panel" id="17">
				<posx>0</posx>
				<posy>130</posy>
				<width>1280</width>
				<height>410</height>
				<onup>17</onup>
				<ondown>17</ondown>
				<onleft>9900</onleft>
				<onright>77</onright>
				<pagecontrol>77</pagecontrol>
				<scrolltime>350</scrolltime>
				<itemlayout height="40">
					<control type="label">
						<include>SettingsLabel</include>
						<label>$INFO[ListItem.ChannelName]</label>
					</control>
					<control type="image">
						<posx>0</posx>
						<posy>0</posy>
						<width>240</width>
						<height>3</height>
						<texture>divider.png</texture>
						<colordiffuse>90FFFFFF</colordiffuse>
					</control>
					<control type="image">
						<posx>240</posx>
						<posy>1</posy>
						<width>1040</width>
						<height>38</height>
						<aspectratio>stretch</aspectratio>
						<colordiffuse>50FFFAF0</colordiffuse>
						<texture>settings_button_focus.png</texture>
					</control>
					<control type="label">
						<posx>358</posx>
						<posy>0</posy>
						<width>200</width>
						<height>40</height>
						<align>center</align>
						<aligny>center</aligny>
						<font>Font_20</font>
						<include>listcolor</include>
						<label>$INFO[ListItem.StartDate] $INFO[ListItem.StartTime]</label>
					</control>
					<control type="label">
						<posx>520</posx>
						<posy>1</posy>
						<width>590</width>
						<height>38</height>
						<align>left</align>
						<aligny>center</aligny>
						<font>Font_17</font>
						<include>listcolor</include>
						<info>ListItem.Label</info>
					</control>
					<control type="image">
						<posx>1180</posx>
						<posy>10</posy>
						<width>30</width>
						<height>20</height>
						<texture>pvr_isrecording.png</texture>
						<visible>ListItem.IsRecording</visible>
					</control>
					<control type="image">
						<posx>1180</posx>
						<posy>10</posy>
						<width>20</width>
						<height>20</height>
						<texture>pvr_hastimer.png</texture>
						<visible>ListItem.HasTimer + ![ListItem.IsRecording]</visible>
					</control>
				</itemlayout>
				<focusedlayout height="40" width="1100">
					<control type="image">
						<posx>0</posx>
						<posy>0</posy>
						<width>238</width>
						<height>40</height>
						<texture>settings_button.png</texture>
						<animation effect="fade" start="100" end="50" time="50" condition="!Control.Hasfocus(17)">conditional</animation>
					</control>
					<control type="image">
						<posx>240</posx>
						<posy>1</posy>
						<width>1040</width>
						<height>38</height>
						<aspectratio>stretch</aspectratio>
						<colordiffuse>FFFFFAF0</colordiffuse>
						<texture>settings_button_focus.png</texture>
					</control>
					<control type="label">
						<include>SettingsLabelFocus</include>
						<label>$INFO[ListItem.ChannelName]</label>
					</control>
					<control type="label">
						<posx>358</posx>
						<posy>0</posy>
						<width>200</width>
						<height>40</height>
						<align>center</align>
						<aligny>center</aligny>
						<font>Font_20</font>
						<textcolor>$VAR[value_headercolor]</textcolor>
						<label>$INFO[ListItem.StartDate] $INFO[ListItem.StartTime]</label>
					</control>
					<control type="label">
						<posx>520</posx>
						<posy>1</posy>
						<width>590</width>
						<height>38</height>
						<align>left</align>
						<aligny>center</aligny>
						<font>Font_17</font>
						<include>listcolorfocus</include>
						<info>ListItem.Label</info>
					</control>
					<control type="image">
						<posx>1180</posx>
						<posy>10</posy>
						<width>30</width>
						<height>20</height>
						<texture>pvr_isrecording.png</texture>
						<visible>ListItem.IsRecording</visible>
					</control>
					<control type="image">
						<posx>1180</posx>
						<posy>10</posy>
						<width>20</width>
						<height>20</height>
						<texture>pvr_hastimer.png</texture>
						<visible>ListItem.HasTimer + !ListItem.IsRecording</visible>
					</control>
				</focusedlayout>
			</control>
			<control type="scrollbar" id="77">
				<include>ScrollBar_Vertical</include>
				<posx>1245</posx>
				<posy>135</posy>
				<height>430</height>
				<onleft>17</onleft>
				<onright>36</onright>
				<ondown>77</ondown>
				<onup>77</onup>
			</control>
			<include>PVRCommonInfo</include>
		</control>
	</include>

	<!--##################################################################################   GRAVACOES   ##################################################################################-->
	<include name="ViewLiveTVRecordings">
		<control type="group">
			<!-- Grupo ocultar flags ou fanart -->
			<posy>30</posy>
			<visible>Control.IsVisible(13)</visible>
			<include>Animation_HiddenView</include>
			<control type="image">
				<!-- Barra das etiquetas -->
				<posx>0</posx>
				<posy>610</posy>
				<width>1280</width>
				<height>82</height>
				<colordiffuse>$VAR[value_flagsbar]</colordiffuse>
				<texture>shadow_mask.png</texture>
			</control>
			<control type="group">
				<animation effect="slide" start="0,300" end="0,0"  time="500" tween="sine" easing="out">WindowOpen</animation>
				<animation effect="slide" start="0,300" end="0,0"  time="500" tween="sine" easing="out">Visible</animation>
				<animation effect="fade" start="100" end="0" time="200">Hidden</animation>
				<visible>!Skin.HasSetting(nomediaflags)</visible>
				<control type="grouplist">
					<!-- Etiquetas -->
					<posx>20</posx>
					<posy>651</posy>
					<orientation>horizontal</orientation>
					<itemgap>26</itemgap>
					<control type="image">
						<!-- Mpaa -->
						<include>FlagImage</include>
						<texture>$VAR[value_mpaa]</texture>
						<visible>!IsEmpty(ListItem.Mpaa)</visible>
					</control>
					<control type="image">
						<include>FlagSeparator</include>
						<visible>!IsEmpty(ListItem.Mpaa)</visible>
					</control>
					<control type="group">
						<!-- Rating -->
						<visible>!IsEmpty(ListItem.Rating)</visible>
						<control type="image">
							<posx>5</posx>
							<include>FlagImage</include>
							<texture>flags/rating.png</texture>
						</control>
						<control type="label">
							<posx>13</posx>
							<posy>1.5</posy>
							<width>89</width>
							<height>50</height>
							<align>center</align>
							<aligny>center</aligny>
							<font>Font_20B</font>
							<textcolor>$VAR[value_flagscolor]</textcolor>
							<fadetime>FanartCrossFadeTime</fadetime>
							<label>$INFO[ListItem.Rating]</label>
						</control>
						<control type="image">
							<posx>125</posx>
							<include>FlagSeparator</include>
						</control>
					</control>
					<control type="image">
						<!-- Codec -->
						<include>FlagImage</include>
						<texture>$VAR[value_videocodec]</texture>
						<visible>!IsEmpty(ListItem.VideoCodec)</visible>
					</control>
					<control type="image">
						<include>FlagSeparator</include>
						<visible>!IsEmpty(ListItem.VideoCodec)</visible>
					</control>
					<control type="image">
						<!-- Resolution -->
						<include>FlagImage</include>
						<texture>$INFO[ListItem.VideoResolution,flags/resolution/,.png]</texture>
						<visible>!IsEmpty(ListItem.VideoResolution)</visible>
					</control>
					<control type="image">
						<include>FlagSeparator</include>
						<visible>!IsEmpty(ListItem.VideoResolution)</visible>
					</control>
					<control type="image">
						<!-- Aspect -->
						<include>FlagImage</include>
						<texture>$INFO[ListItem.VideoAspect,flags/aspectratio/,.png]</texture>
						<visible>!IsEmpty(ListItem.VideoAspect)</visible>
					</control>
					<control type="image">
						<include>FlagSeparator</include>
						<visible>!IsEmpty(ListItem.VideoAspect)</visible>
					</control>
					<control type="image">
						<!-- Audio Codec -->
						<include>FlagImage</include>
						<texture>$INFO[ListItem.AudioCodec,flags/audiocodec/,.png]</texture>
						<visible>!IsEmpty(ListItem.AudioCodec)</visible>
					</control>
					<control type="image">
						<include>FlagSeparator</include>
						<visible>!IsEmpty(ListItem.AudioCodec)</visible>
					</control>
					<control type="image">
						<!-- Channels -->
						<include>FlagImage</include>
						<texture>$INFO[ListItem.AudioChannels,flags/audiochannels/,ch.png]</texture>
						<visible>!IsEmpty(ListItem.AudioChannels)</visible>
					</control>
					<control type="image">
						<include>FlagSeparator</include>
						<visible>!IsEmpty(ListItem.AudioChannels)</visible>
					</control>
					<control type="image">
						<!-- Trailer -->
						<include>FlagImage</include>
						<texture>flags/trailer.png</texture>
						<visible>!IsEmpty(ListItem.Trailer)</visible>
					</control>
					<control type="image">
						<include>FlagSeparator</include>
						<visible>!IsEmpty(ListItem.Trailer) + !StringCompare(ListItem.PercentPlayed,0)</visible>
					</control>
					<control type="group">
						<!-- % Played -->
						<visible>!StringCompare(ListItem.PercentPlayed,0)</visible>
						<control type="image">
							<include>FlagImage</include>
							<texture>flags/percentplayed.png</texture>
						</control>
						<control type="label">
							<posx>12</posx>
							<posy>1.5</posy>
							<width>89</width>
							<height>50</height>
							<align>center</align>
							<aligny>center</aligny>
							<font>Font_20B</font>
							<textcolor>$VAR[value_flagscolor]</textcolor>
							<fadetime>FanartCrossFadeTime</fadetime>
							<label>$INFO[ListItem.PercentPlayed]%</label>
						</control>
					</control>
				</control>
				<control type="image">
					<posx>0</posx>
					<posy>650</posy>
					<height>42</height>
					<width>1280</width>
					<texture>gradient_small.png</texture>
				</control>
			</control>
			<control type="group">
				<!-- default group -->
				<animation effect="fade" time="400">VisibleChange</animation>
				<visible>Control.IsVisible(13)</visible>
				<control type="group">
					<animation effect="slide" time="500" start="-800,0" end="0,0" tween="cubic" easing="out">WindowOpen</animation>
					<animation effect="slide" time="500" start="-800,0" end="0,0" tween="cubic" easing="out">Visible</animation>
					<animation effect="fade" time="200" start="100" end="0">Hidden</animation>
					<control type="image">
						<posx>0</posx>
						<posy>36</posy>
						<width>640</width>
						<height>30</height>
						<texture>shadow_h.png</texture>
						<colordiffuse>C3FFFFFF</colordiffuse>
					</control>
					<control type="image">
						<posx>0</posx>
						<posy>650</posy>
						<width>1280</width>
						<height>30</height>
						<texture flipy="true">shadow_h.png</texture>
						<colordiffuse>C3FFFFFF</colordiffuse>
					</control>
					<control type="image">
						<posx>0</posx>
						<posy>65</posy>
						<width>640</width>
						<height>585</height>
						<texture>darkgrey.png</texture>
						<colordiffuse>$VAR[value_texturecolor]</colordiffuse>
						<animation effect="fade" end="95" condition="true">Conditional</animation>
					</control>
					<control type="image">
						<posx>430</posx>
						<posy>65</posy>
						<width>160</width>
						<height>584</height>
						<texture>grey.png</texture>
						<colordiffuse>20FFFFFF</colordiffuse>
					</control>
					<control type="button" id="562">
						<include>InvisibleButton</include>
						<onright>9920</onright>
						<onleft>51</onleft>
						<onup>51</onup>
						<ondown>51</ondown>
					</control>
					<visible>Control.IsVisible(13)</visible>	
					<control type="list" id="13">
						<viewtype label="31813">list</viewtype>
						<posx>0</posx>
						<posy>65</posy>
						<width>640</width>
						<height>584</height>
						<pagecontrol>73</pagecontrol>
						<onleft>73</onleft>
						<onright>562</onright>
						<orientation>vertical</orientation>
						<scrolltime>450</scrolltime>
						<preloaditems>2</preloaditems>
						<itemlayout height="40">
							<control type="image">
								<posx>0</posx>
								<posy>0</posy>
								<width>739</width>
								<height>1</height>
								<texture>line.png</texture>
							</control>
							<control type="label">
								<posx>45</posx>
								<posy>1</posy>
								<width>370</width>
								<height>40</height>
								<font>Font_22</font>
								<aligny>center</aligny>
								<include>listcolor</include>
								<label>$INFO[ListItem.Label]</label>
							</control>
							<control type="label">
								<posx>520</posx>
								<posy>0</posy>
								<width>145</width>
								<height>40</height>
								<font>Font_16</font>
								<align>center</align>
								<aligny>center</aligny>
								<include>detailcolor</include>
								<label>$INFO[ListItem.Date]</label>
							</control>
							<control type="image">
								<posx>580</posx>
								<posy>2</posy>
								<width>80</width>
								<height>37</height>
								<info>ListItem.Overlay</info>
								<visible>!Skin.HasSetting(nooverlays)</visible>
							</control>
						</itemlayout>
						<focusedlayout height="40">
							<control type="image">
								<posx>0</posx>
								<posy>0</posy>
								<width>640</width>
								<height>40</height>
								<texture>settings_button_focus.png</texture>
								<animation effect="fade" start="100" end="30" time="0" condition="!Control.Hasfocus(13)">conditional</animation>
							</control>
							<control type="label">
								<posx>45</posx>
								<posy>1</posy>
								<width>370</width>
								<height>40</height>
								<font>Font_22</font>
								<aligny>center</aligny>
								<include>listcolorfocus</include>
								<label>$INFO[ListItem.Label]</label>
							</control>
							<control type="label">
								<posx>510</posx>
								<posy>0</posy>
								<width>150</width>
								<height>40</height>
								<font>Font_16</font>
								<align>center</align>
								<aligny>center</aligny>
								<include>detailcolorfocus</include>
								<label>$INFO[ListItem.Date]</label>
							</control>
							<control type="image">
								<posx>580</posx>
								<posy>2</posy>
								<width>80</width>
								<height>37</height>
								<info>ListItem.Overlay</info>
								<visible>!Skin.HasSetting(nooverlays)</visible>
							</control>
						</focusedlayout>
					</control>
				</control>
				<control type="group">
					<!-- Grupo da direita -->
					<posx>640</posx>
					<posy>0</posy>
					<animation effect="slide" time="1000" start="600,0" end="0,0" tween="cubic" easing="out">WindowOpen</animation>
					<animation effect="slide" time="1000" start="600,0" end="0,0" tween="cubic" easing="out">Visible</animation>
					<animation effect="fade" time="400" start="100" end="0">Hidden</animation>
					<visible>Control.IsVisible(13)</visible>
					<control type="image">
						<posx>-29</posx>
						<posy>-70</posy>
						<width>30</width>
						<height>720</height>
						<texture flipx="true">shadow.png</texture>
						<colordiffuse>C3FFFFFF</colordiffuse>
					</control>
					<control type="image">
						<posx>0</posx>
						<posy>-70</posy>
						<width>640</width>
						<height>720</height>
						<texture>darkgrey.png</texture>
						<colordiffuse>$VAR[value_texturecolor]</colordiffuse>
						<animation effect="fade" end="85" condition="true">Conditional</animation>
					</control>
					<control type="image">
						<posx>0</posx>
						<posy>396</posy>
						<width>640</width>
						<height>254</height>
						<texture>darkgrey.png</texture>
						<colordiffuse>$VAR[value_texturecolor]</colordiffuse>
						<animation effect="fade" end="85" condition="true">Conditional</animation>
						<include>Animation_Fade</include>
						<visible>!Control.HasFocus(562)</visible>
					</control>
					<control type="image">
						<posx>0</posx>
						<posy>-70</posy>
						<width>640</width>
						<height>720</height>
						<texture>black.png</texture>
						<colordiffuse>75FFFFFF</colordiffuse>
						<include>Animation_Fade</include>
						<visible>Control.HasFocus(562)</visible>
					</control>
					<control type="group">
						<!-- Grupo das artes -->
						<animation effect="slide" start="0,0" end="700,0" time="400" easing="inout" tween="cubic" condition="Control.HasFocus(9920) | Window.IsVisible(PVRRecordingInfo)">Conditional</animation>
						<control type="group">
							<!-- VIDEOS -->
							<include>Animation_Fade</include>
							<control type="image">
								<!-- reflexo -->
								<posx>20</posx>
								<posy>401</posy>
								<width>600</width>
								<height>367</height>
								<fadetime>FanartCrossFadeTime</fadetime>
								<aspectratio align="center" aligny="top">keep</aspectratio>
								<texture flipy="true" fallback="special://skin/backgrounds/default.jpg" diffuse="thumb_reflect.png" background="true">$INFO[ListItem.Icon]</texture>
								<bordertexture flipy="true" diffuse="thumb_reflect.png" border="-2">black.png</bordertexture>
							</control>
							<control type="image">
								<!-- miniatura -->
								<posx>20</posx>
								<posy>30</posy>
								<width>600</width>
								<height>367</height>
								<fadetime>FanartCrossFadeTime</fadetime>
								<aspectratio align="center" aligny="bottom">keep</aspectratio>
								<texture fallback="special://skin/backgrounds/default.jpg" background="true">$INFO[ListItem.Icon]</texture>
								<bordertexture border="-2">black.png</bordertexture>
							</control>
						</control>
						<control type="textbox">
							<posx>20</posx>
							<posy>410</posy>
							<width>600</width>
							<height>235</height>
							<label>$INFO[ListItem.Plot]</label>
							<textcolor>FFFFFAF0</textcolor>
							<font>Font_16</font>
							<autoscroll delay="20000" time="3000" repeat="20000">!Skin.HasSetting(noallowscroll)</autoscroll>
						</control>
						<control type="image">
							<posx>0</posx>
							<posy>573</posy>
							<width>640</width>
							<height>77</height>
							<texture>gradient_small.png</texture>
						</control>	
						<control type="scrollbar" id="73">
							<include>ScrollBar_Vertical</include>
							<posx>5</posx>
							<posy>68</posy>
							<height>580</height>
							<onleft>9900</onleft>
							<onright>13</onright>
							<include>Animation_Fade</include>
							<visible allowhiddenfocus="true">Control.IsVisible(13) + Control.HasFocus(73)</visible>
						</control>
					</control>
				</control>
			</control>
		</control>
	</include>
</includes>