<includes>
	<!-- ID: 10 -->
	<include name="PVRGuideViewTimeline"> <!-- ViewEPGTimeline -->
		<control type="group">
			<visible>Control.IsVisible(10)</visible>
			<animation effect="fade" reversible="true" time="300">VisibleChange</animation>
			<include>EPGMenu</include>
			<control type="image">
				<posx>0</posx>
				<posy>140</posy>
				<width>240</width>
				<height>25</height>
				<texture>grey.png</texture>
				<colordiffuse>E4101010</colordiffuse>
			</control>
			<control type="epggrid" id="10">
				<viewtype label="19032">list</viewtype>
				<posx>0</posx>
				<posy>140</posy>
				<width>1280</width>
				<height>400</height>
				<onleft>31</onleft>
				<onright>31</onright>
				<onup>10</onup>
				<ondown>10</ondown>
				<pagecontrol>10</pagecontrol>
				<scrolltime>350</scrolltime>
				<timeblocks>40</timeblocks>
				<rulerunit>6</rulerunit>
				<rulerlayout height="30" width="40">
					<control type="image">
						<posx>0</posx>
						<posy>0</posy>
						<width>154</width>
						<height>25</height>
						<texture>grey.png</texture>
						<colordiffuse>50101010</colordiffuse>
					</control>
					<control type="label" id="2">
						<posx>20</posx>
						<posy>-1</posy>
						<width>40</width>
						<height>28</height>
						<align>left</align>
						<aligny>center</aligny>
						<font>Font_16</font>
						<label>$INFO[ListItem.Label]</label>
						<textcolor>$VAR[value_headercolor]</textcolor>
					</control>
				</rulerlayout>
				<channellayout height="40" width="240">
					<control type="label" id="1">
						<include>SettingsLabel</include>
						<label>$INFO[ListItem.ChannelName]</label>
					</control>
					<control type="image">
						<posx>0</posx>
						<posy>0</posy>
						<width>240</width>
						<height>3</height>
						<texture>divider.png</texture>
						<colordiffuse>90FFFFFF</colordiffuse>
					</control>
				</channellayout>
				<focusedchannellayout height="40" width="240">
					<control type="image" id="1">
						<posx>0</posx>
						<posy>0</posy>
						<width>238</width>
						<height>40</height>
						<texture>settings_button.png</texture>
						<animation effect="fade" start="100" end="50" time="50" condition="!Control.Hasfocus(10)">conditional</animation>
					</control>
					<control type="label" id="1">
						<include>SettingsLabelFocus</include>
						<label>$INFO[ListItem.ChannelName]</label>
					</control>
				</focusedchannellayout>
				<itemlayout height="40" width="50">
					<control type="image" id="14">
						<posx>0</posx>
						<posy>1</posy>
						<width>48</width>
						<height>38</height>
						<aspectratio>stretch</aspectratio>
						<colordiffuse>50FFFAF0</colordiffuse>
						<texture>settings_button_focus.png</texture>
					</control>
					<control type="image" id="2">
						<posx>0</posx>
						<posy>1</posy>
						<width>48</width>
						<height>38</height>
						<aspectratio>stretch</aspectratio>
						<texture border="3">genres/$INFO[ListItem.Property(GenreType)].png</texture>
						<colordiffuse>50FFFAF0</colordiffuse>	
					</control>
					<control type="label" id="1">
						<posx>6</posx>
						<posy>1</posy>
						<width>42</width>
						<height>38</height>
						<aligny>center</aligny>
						<align>left</align>
						<font>Font_17</font>
						<include>listcolor</include>
						<info>ListItem.Label</info>
					</control>
					<control type="image">
						<posx>0</posx>
						<posy>1</posy>
						<width>9</width>
						<height>9</height>
						<texture>pvr_isrecording.png</texture>
						<visible>ListItem.IsRecording</visible>
					</control>
					<control type="image">
						<posx>0</posx>
						<posy>1</posy>
						<width>9</width>
						<height>9</height>
						<texture>pvr_hastimer.png</texture>
						<visible>ListItem.HasTimer + !ListItem.IsRecording</visible>
					</control>
				</itemlayout>
				<focusedlayout height="40" width="50">
					<control type="image" id="14">
						<posx>0</posx>
						<posy>1</posy>
						<width>48</width>
						<height>38</height>
						<texture>settings_button_focus.png</texture>
					</control>
					<control type="image" id="2">
						<posx>0</posx>
						<posy>1</posy>
						<width>48</width>
						<height>38</height>
						<aspectratio>stretch</aspectratio>
						<texture border="3">genres/$INFO[ListItem.Property(GenreType)].png</texture>
						<colordiffuse>90FFFAF0</colordiffuse>	
					</control>
					<control type="label" id="1">
						<posx>6</posx>
						<posy>1</posy>
						<width>42</width>
						<height>38</height>
						<aligny>center</aligny>
						<align>left</align>
						<font>Font_17</font>
						<include>listcolorfocus</include>
						<info>ListItem.Label</info>
					</control>
					<control type="image">
						<posx>0</posx>
						<posy>1</posy>
						<width>9</width>
						<height>9</height>
						<texture>pvr_isrecording.png</texture>
						<visible>ListItem.IsRecording</visible>
					</control>
					<control type="image">
						<posx>0</posx>
						<posy>1</posy>
						<width>9</width>
						<height>9</height>
						<texture>pvr_hastimer.png</texture>
						<colordiffuse>E4101010</colordiffuse>
						<visible>ListItem.HasTimer + !ListItem.IsRecording</visible>
					</control>
				</focusedlayout>
			</control>
			<include>PVRCommonInfo</include>
		</control>
	</include>
	
	<!-- ID: 11 -->
	<include name="PVRGuideViewNow">
		<control type="group">
			<animation effect="fade" reversible="true" time="300">VisibleChange</animation>
			<visible>Control.IsVisible(11)</visible>
			<include>EPGMenu</include>
			<control type="image">
				<posx>240</posx>
				<posy>131</posy>
				<width>120</width>
				<height>409</height>
				<texture>grey.png</texture>
				<colordiffuse>20FFFFFF</colordiffuse>
			</control>
			<control type="image">
				<posx>1060</posx>
				<posy>131</posy>
				<width>180</width>
				<height>409</height>
				<texture>grey.png</texture>
				<colordiffuse>20FFFFFF</colordiffuse>
			</control>
			<control type="list" id="11">
				<viewtype label="19030">list</viewtype>
				<posx>0</posx>
				<posy>130</posy>
				<width>1280</width>
				<height>410</height>
				<onup>11</onup>
				<ondown>11</ondown>
				<onleft>31</onleft> <!-- 9900 -->
				<onright>76</onright>
				<pagecontrol>76</pagecontrol>
				<scrolltime>350</scrolltime>
				<itemlayout height="40">
					<control type="label">
						<include>SettingsLabel</include>
						<label>$INFO[ListItem.ChannelName]</label>
					</control>
					<control type="image">
						<posx>0</posx>
						<posy>0</posy>
						<width>240</width>
						<height>3</height>
						<texture>divider.png</texture>
						<colordiffuse>90FFFFFF</colordiffuse>
					</control>
					<control type="image">
						<posx>240</posx>
						<posy>1</posy>
						<width>1040</width>
						<height>38</height>
						<aspectratio>stretch</aspectratio>
						<colordiffuse>50FFFAF0</colordiffuse>
						<texture>settings_button_focus.png</texture>
					</control>	
					<control type="label">
						<posx>300</posx>
						<posy>0</posy>
						<width>100</width>
						<height>40</height>
						<align>center</align>
						<aligny>center</aligny>
						<font>Font_20</font>
						<include>listcolor</include>
						<info>ListItem.StartTime</info>
					</control>
					<control type="label">
						<posx>400</posx>
						<posy>1</posy>
						<width>590</width>
						<height>38</height>
						<align>left</align>
						<aligny>center</aligny>
						<font>Font_17</font>
						<include>listcolor</include>
						<info>ListItem.Label</info>
					</control>
					<control type="image">
						<posx>1080</posx>
						<posy>10</posy>
						<width>30</width>
						<height>20</height>
						<texture>pvr_isrecording.png</texture>
						<visible>ListItem.IsRecording</visible>
					</control>
					<control type="label">
						<posx>1120</posx>
						<posy>1</posy>
						<width>110</width>
						<height>38</height>
						<align>left</align>
						<aligny>center</aligny>
						<font>Font_17</font>
						<include>listcolor</include>
						<label>19043</label>
						<visible>ListItem.IsRecording</visible>
					</control>
					<control type="image">
						<posx>1080</posx>
						<posy>10</posy>
						<width>20</width>
						<height>20</height>
						<texture>pvr_hastimer.png</texture>
						<visible>ListItem.HasTimer + !ListItem.IsRecording</visible>
					</control>
					<control type="label">
						<posx>1120</posx>
						<posy>1</posy>
						<width>110</width>
						<height>38</height>
						<align>left</align>
						<aligny>center</aligny>
						<font>Font_17</font>
						<include>listcolor</include>
						<label>31149</label>
						<visible>ListItem.HasTimer</visible>
					</control>
				</itemlayout>
				<focusedlayout height="40">
					<control type="image">
						<posx>0</posx>
						<posy>0</posy>
						<width>238</width>
						<height>40</height>
						<texture>settings_button.png</texture>
						<animation effect="fade" start="100" end="50" time="50" condition="!Control.Hasfocus(16)">conditional</animation>
					</control>
					<control type="image">
						<posx>240</posx>
						<posy>1</posy>
						<width>1040</width>
						<height>38</height>
						<aspectratio>stretch</aspectratio>
						<colordiffuse>FFFFFAF0</colordiffuse>
						<texture>settings_button_focus.png</texture>
					</control>
					<control type="label">
						<include>SettingsLabelFocus</include>
						<label>$INFO[ListItem.ChannelName]</label>
					</control>	
					<control type="label">
						<posx>300</posx>
						<posy>0</posy>
						<width>100</width>
						<height>40</height>
						<align>center</align>
						<aligny>center</aligny>
						<font>Font_20</font>
						<textcolor>$VAR[value_headercolor]</textcolor>
						<info>ListItem.StartTime</info>
					</control>
					<control type="label">
						<posx>400</posx>
						<posy>1</posy>
						<width>590</width>
						<height>38</height>
						<align>left</align>
						<aligny>center</aligny>
						<font>Font_17</font>
						<include>listcolorfocus</include>
						<info>ListItem.Label</info>
					</control>
					<control type="image">
						<posx>1080</posx>
						<posy>10</posy>
						<width>30</width>
						<height>20</height>
						<texture>pvr_isrecording.png</texture>
						<visible>ListItem.IsRecording</visible>
					</control>
					<control type="label">
						<posx>1120</posx>
						<posy>1</posy>
						<width>110</width>
						<height>38</height>
						<align>left</align>
						<aligny>center</aligny>
						<font>Font_17</font>
						<include>listcolorfocus</include>
						<label>19043</label>
						<visible>ListItem.IsRecording</visible>
					</control>
					<control type="image">
						<posx>1080</posx>
						<posy>10</posy>
						<width>20</width>
						<height>20</height>
						<texture>pvr_hastimer.png</texture>
						<visible>ListItem.HasTimer + !ListItem.IsRecording</visible>
					</control>
					<control type="label">
						<posx>1120</posx>
						<posy>1</posy>
						<width>110</width>
						<height>38</height>
						<align>left</align>
						<aligny>center</aligny>
						<font>Font_17</font>
						<include>listcolorfocus</include>
						<label>31149</label>
						<visible>ListItem.HasTimer</visible>
					</control>
				</focusedlayout>
			</control>
			<control type="scrollbar" id="76">
				<include>ScrollBar_Vertical</include>
				<posx>1245</posx>
				<posy>135</posy>
				<height>430</height>
				<onleft>11</onleft>
				<onright>11</onright>
			</control>
			<include>PVRCommonInfo</include>
		</control>
	</include>
	
	<!-- ID: 12 -->
	<include name="PVRGuideViewNext">
		<control type="group">
			<animation effect="fade" reversible="true" time="300">VisibleChange</animation>
			<visible>Control.IsVisible(12)</visible>
			<include>EPGMenu</include>
			<control type="image">
				<posx>240</posx>
				<posy>131</posy>
				<width>120</width>
				<height>409</height>
				<texture>grey.png</texture>
				<colordiffuse>20FFFFFF</colordiffuse>
			</control>
			<control type="image">
				<posx>1060</posx>
				<posy>131</posy>
				<width>180</width>
				<height>409</height>
				<texture>grey.png</texture>
				<colordiffuse>20FFFFFF</colordiffuse>
			</control>
			<control type="list" id="12">
				<viewtype label="19031">list</viewtype>
				<posx>0</posx>
				<posy>130</posy>
				<width>1280</width>
				<height>410</height>
				<onup>12</onup>
				<ondown>12</ondown>
				<onleft>31</onleft> <!-- 9900 -->
				<onright>76</onright>
				<pagecontrol>76</pagecontrol>
				<scrolltime>350</scrolltime>
				<itemlayout height="40">
					<control type="label">
						<include>SettingsLabel</include>
						<label>$INFO[ListItem.ChannelName]</label>
					</control>
					<control type="image">
						<posx>0</posx>
						<posy>0</posy>
						<width>240</width>
						<height>3</height>
						<texture>divider.png</texture>
						<colordiffuse>90FFFFFF</colordiffuse>
					</control>
					<control type="image">
						<posx>240</posx>
						<posy>1</posy>
						<width>1040</width>
						<height>38</height>
						<aspectratio>stretch</aspectratio>
						<colordiffuse>50FFFAF0</colordiffuse>
						<texture>settings_button_focus.png</texture>
					</control>	
					<control type="label">
						<posx>300</posx>
						<posy>0</posy>
						<width>100</width>
						<height>40</height>
						<align>center</align>
						<aligny>center</aligny>
						<font>Font_20</font>
						<include>listcolor</include>
						<info>ListItem.StartTime</info>
					</control>
					<control type="label">
						<posx>400</posx>
						<posy>1</posy>
						<width>590</width>
						<height>38</height>
						<align>left</align>
						<aligny>center</aligny>
						<font>Font_17</font>
						<include>listcolor</include>
						<info>ListItem.Label</info>
					</control>
					<control type="image">
						<posx>1080</posx>
						<posy>10</posy>
						<width>30</width>
						<height>20</height>
						<texture>pvr_isrecording.png</texture>
						<visible>ListItem.IsRecording</visible>
					</control>
					<control type="label">
						<posx>1120</posx>
						<posy>1</posy>
						<width>110</width>
						<height>38</height>
						<align>left</align>
						<aligny>center</aligny>
						<font>Font_17</font>
						<include>listcolor</include>
						<label>19043</label>
						<visible>ListItem.IsRecording</visible>
					</control>
					<control type="image">
						<posx>1080</posx>
						<posy>10</posy>
						<width>20</width>
						<height>20</height>
						<texture>pvr_hastimer.png</texture>
						<visible>ListItem.HasTimer + !ListItem.IsRecording</visible>
					</control>
					<control type="label">
						<posx>1120</posx>
						<posy>1</posy>
						<width>110</width>
						<height>38</height>
						<align>left</align>
						<aligny>center</aligny>
						<font>Font_17</font>
						<include>listcolor</include>
						<label>31149</label>
						<visible>ListItem.HasTimer</visible>
					</control>
				</itemlayout>
				<focusedlayout height="40">
					<control type="image">
						<posx>0</posx>
						<posy>0</posy>
						<width>238</width>
						<height>40</height>
						<texture>settings_button.png</texture>
						<animation effect="fade" start="100" end="50" time="50" condition="!Control.Hasfocus(16)">conditional</animation>
					</control>
					<control type="image">
						<posx>240</posx>
						<posy>1</posy>
						<width>1040</width>
						<height>38</height>
						<aspectratio>stretch</aspectratio>
						<colordiffuse>FFFFFAF0</colordiffuse>
						<texture>settings_button_focus.png</texture>
					</control>
					<control type="label">
						<include>SettingsLabelFocus</include>
						<label>$INFO[ListItem.ChannelName]</label>
					</control>	
					<control type="label">
						<posx>300</posx>
						<posy>0</posy>
						<width>100</width>
						<height>40</height>
						<align>center</align>
						<aligny>center</aligny>
						<font>Font_20</font>
						<textcolor>$VAR[value_headercolor]</textcolor>
						<info>ListItem.StartTime</info>
					</control>
					<control type="label">
						<posx>400</posx>
						<posy>1</posy>
						<width>590</width>
						<height>38</height>
						<align>left</align>
						<aligny>center</aligny>
						<font>Font_17</font>
						<include>listcolorfocus</include>
						<info>ListItem.Label</info>
					</control>
					<control type="image">
						<posx>1080</posx>
						<posy>10</posy>
						<width>30</width>
						<height>20</height>
						<texture>pvr_isrecording.png</texture>
						<visible>ListItem.IsRecording</visible>
					</control>
					<control type="label">
						<posx>1120</posx>
						<posy>1</posy>
						<width>110</width>
						<height>38</height>
						<align>left</align>
						<aligny>center</aligny>
						<font>Font_17</font>
						<include>listcolorfocus</include>
						<label>19043</label>
						<visible>ListItem.IsRecording</visible>
					</control>
					<control type="image">
						<posx>1080</posx>
						<posy>10</posy>
						<width>20</width>
						<height>20</height>
						<texture>pvr_hastimer.png</texture>
						<visible>ListItem.HasTimer + !ListItem.IsRecording</visible>
					</control>
					<control type="label">
						<posx>1120</posx>
						<posy>1</posy>
						<width>110</width>
						<height>38</height>
						<align>left</align>
						<aligny>center</aligny>
						<font>Font_17</font>
						<include>listcolorfocus</include>
						<label>31149</label>
						<visible>ListItem.HasTimer</visible>
					</control>
				</focusedlayout>
			</control>
			<control type="scrollbar" id="76">
				<include>ScrollBar_Vertical</include>
				<posx>1245</posx>
				<posy>135</posy>
				<height>430</height>
				<onleft>12</onleft>
				<onright>12</onright>
			</control>
			<include>PVRCommonInfo</include>
		</control>
	</include>
	
	<!-- ID: 13 -->
	<include name="PVRGuideViewChannel">
		<control type="group">
			<animation effect="fade" reversible="true" time="300">VisibleChange</animation>
			<visible>Control.IsVisible(13)</visible>
			<include>EPGMenu</include>
			<control type="image">
				<posx>240</posx>
				<posy>131</posy>
				<width>160</width>
				<height>409</height>
				<texture>grey.png</texture>
				<colordiffuse>20FFFFFF</colordiffuse>
			</control>
			<control type="image">
				<posx>1060</posx>
				<posy>131</posy>
				<width>180</width>
				<height>409</height>
				<texture>grey.png</texture>
				<colordiffuse>20FFFFFF</colordiffuse>
			</control>
			<control type="list" id="13">
				<viewtype label="19029">list</viewtype>
				<posx>0</posx>
				<posy>130</posy>
				<width>1280</width>
				<height>410</height>
				<onup>13</onup>
				<ondown>13</ondown>
				<onleft>31</onleft> <!-- 9900 -->
				<onright>75</onright>
				<pagecontrol>75</pagecontrol>
				<scrolltime>350</scrolltime>
				<itemlayout height="40" width="1280">
					<control type="label">
						<include>SettingsLabel</include>
						<label>$INFO[ListItem.ChannelName]</label>
					</control>
					<control type="image">
						<posx>0</posx>
						<posy>0</posy>
						<width>240</width>
						<height>3</height>
						<texture>divider.png</texture>
						<colordiffuse>90FFFFFF</colordiffuse>
					</control>
					<control type="image">
						<posx>240</posx>
						<posy>1</posy>
						<width>1040</width>
						<height>38</height>
						<aspectratio>stretch</aspectratio>
						<colordiffuse>50FFFAF0</colordiffuse>
						<texture>settings_button_focus.png</texture>
					</control>
					<control type="label">
						<posx>320</posx>
						<posy>0</posy>
						<width>140</width>
						<height>40</height>
						<align>center</align>
						<aligny>center</aligny>
						<font>Font_20</font>
						<include>listcolor</include>
						<info>ListItem.Date</info>
					</control>
					<control type="label">
						<posx>430</posx>
						<posy>1</posy>
						<width>590</width>
						<height>38</height>
						<align>left</align>
						<aligny>center</aligny>
						<font>Font_17</font>
						<include>listcolor</include>
						<info>ListItem.Label</info>
					</control>
					<control type="image">
						<posx>1080</posx>
						<posy>10</posy>
						<width>30</width>
						<height>20</height>
						<texture>pvr_isrecording.png</texture>
						<visible>ListItem.IsRecording</visible>
					</control>
					<control type="label">
						<posx>1120</posx>
						<posy>1</posy>
						<width>110</width>
						<height>38</height>
						<align>left</align>
						<aligny>center</aligny>
						<font>Font_17</font>
						<include>listcolorfocus</include>
						<label>19043</label>
						<visible>ListItem.IsRecording</visible>
					</control>
					<control type="label">
						<posx>1120</posx>
						<posy>1</posy>
						<width>110</width>
						<height>38</height>
						<align>left</align>
						<aligny>center</aligny>
						<font>Font_17</font>
						<include>listcolorfocus</include>
						<label>31149</label>
						<visible>ListItem.HasTimer</visible>
					</control>
				</itemlayout>
				<focusedlayout height="40" width="1280">
					<control type="image">
						<posx>0</posx>
						<posy>0</posy>
						<width>238</width>
						<height>40</height>
						<texture>settings_button.png</texture>
						<animation effect="fade" start="100" end="50" time="50" condition="!Control.Hasfocus(15)">conditional</animation>
					</control>
					<control type="image">
						<posx>240</posx>
						<posy>1</posy>
						<width>1040</width>
						<height>38</height>
						<aspectratio>stretch</aspectratio>
						<colordiffuse>FFFFFAF0</colordiffuse>
						<texture>settings_button_focus.png</texture>
					</control>
					<control type="label">
						<include>SettingsLabelFocus</include>
						<label>$INFO[ListItem.ChannelName]</label>
					</control>
					<control type="label">
						<posx>320</posx>
						<posy>0</posy>
						<width>140</width>
						<height>40</height>
						<align>center</align>
						<aligny>center</aligny>
						<font>Font_20</font>
						<textcolor>$VAR[value_headercolor]</textcolor>
						<info>ListItem.Date</info>
					</control>
					<control type="label">
						<posx>430</posx>
						<posy>1</posy>
						<width>590</width>
						<height>38</height>
						<align>left</align>
						<aligny>center</aligny>
						<font>Font_17</font>
						<include>listcolorfocus</include>
						<info>ListItem.Label</info>
					</control>
					<control type="image">
						<posx>1080</posx>
						<posy>10</posy>
						<width>30</width>
						<height>20</height>
						<texture>pvr_isrecording.png</texture>
						<visible>ListItem.IsRecording</visible>
					</control>
					<control type="label">
						<posx>1120</posx>
						<posy>1</posy>
						<width>110</width>
						<height>38</height>
						<align>left</align>
						<aligny>center</aligny>
						<font>Font_17</font>
						<include>listcolorfocus</include>
						<label>19043</label>
						<visible>ListItem.IsRecording</visible>
					</control>
					<control type="label">
						<posx>1120</posx>
						<posy>1</posy>
						<width>110</width>
						<height>38</height>
						<align>left</align>
						<aligny>center</aligny>
						<font>Font_17</font>
						<include>listcolorfocus</include>
						<label>31149</label>
						<visible>ListItem.HasTimer</visible>
					</control>
				</focusedlayout>	
			</control>
			<control type="scrollbar" id="75">
				<include>ScrollBar_Vertical</include>
				<posx>1245</posx>
				<posy>135</posy>
				<height>430</height>
				<onleft>13</onleft>
				<onright>31</onright>
				<ondown>75</ondown>
				<onup>75</onup>
			</control>
			<include>PVRCommonInfo</include>
		</control>
	</include>
</includes>