<includes>
	<!--##################################################################################   VISTA PANEL - ID 62   ##################################################################################-->
	<include name="ViewPanel">
		<control type="group">
			<!-- default group -->
			<include>ViewBack</include>
			<!-- Fundo -->
			<visible>Control.IsVisible(62)</visible>
			<control type="group">
				<animation effect="slide" time="500" start="-800,0" end="0,0" tween="cubic" easing="out">WindowOpen</animation>
				<animation effect="slide" time="500" start="-800,0" end="0,0" tween="cubic" easing="out">Visible</animation>
				<animation effect="fade" time="200" start="100" end="0">Hidden</animation>

				<!-- Movies/TVShows Poster/Programs -->
				<control type="panel" id="62">
					<viewtype label="31818">icon</viewtype>
					<posx>505</posx>
					<posy>110</posy>
					<width>720</width>
					<height>510</height>
					<scrolltime>200</scrolltime>
					<orientation>vertical</orientation>
					<onup>9900</onup>
					<ondown>9920</ondown>
					<onleft>9900</onleft>
					<onright>80</onright>
					<pagecontrol>80</pagecontrol>
					<preloaditems>2</preloaditems>
					<visible>Window.IsActive(25) | Window.IsActive(28) | Window.IsActive(500) | Window.IsActive(501) | Window.IsActive(502) | Window.IsActive(1)</visible>
					<itemlayout condition="Window.IsActive(25) + Skin.HasSetting(novideomediacase) + Container.Content(movies) + !Skin.HasSetting(noviewpanelposter) | Skin.HasSetting(novideomediacase) + [Container.Content(musicvideos) | Container.Content(sets)] | Container.Content(tvshows) + !Skin.HasSetting(noviewpanelposter)  | Container.Content(seasons) | Container.Content(episodes)" width="120" height="170">
						<!-- POSTER SEM ESTOJO -->
						<control type="image">
							<posx>8</posx>
							<posy>6</posy>
							<width>100</width>
							<height>141</height>
							<texture fallback="DefaultVideoPoster.png" diffuse="thumb_shelf_poster_diffuse.png" background="true">$VAR[value_poster]</texture>
							<colordiffuse>FF909090</colordiffuse>
							<aspectratio>keep</aspectratio>
						</control>
						<control type="image">
							<posx>81</posx>
							<posy>5</posy>
							<width>25</width>
							<height>25</height>
							<info>ListItem.Overlay</info>
							<visible>!Skin.HasSetting(nooverlays)</visible>
						</control>
					</itemlayout>
					<itemlayout condition="Window.IsActive(25) + Container.Content(movies) + !Skin.HasSetting(noviewpanelposter) + !Skin.HasSetting(novideomediacase)  | !Skin.HasSetting(novideomediacase) + [Container.Content(musicvideos) | Container.Content(sets)]" width="120" height="172">
						<!-- ESTOJO -->
						<control type="image">
							<!-- Poster com estojo -->
							<posx>9</posx>
							<posy>18</posy>
							<width>99</width>
							<height>141</height>
							<texture fallback="DefaultVideoPoster.png" background="true">$VAR[value_poster]</texture>
							<colordiffuse>FF909090</colordiffuse>
							<aspectratio>scale</aspectratio>
						</control>
						<control type="image">
							<!-- Estojo -->
							<posx>0</posx>
							<posy>-5</posy>
							<width>119</width>
							<height>178</height>	
							<fadetime>FanartCrossFadeTime</fadetime>
							<texture>$VAR[value_videocase0]</texture>
							<aspectratio align="center" aligny="bottom">stretch</aspectratio>
						</control>
						<control type="image">
							<!-- Codec -->
							<posx>45</posx>
							<posy>-6</posy>
							<width>30</width>
							<height>30</height>
							<fadetime>FanartCrossFadeTime</fadetime>
							<align>center</align>
							<aligny>center</aligny>
							<aspectratio scalediffuse="true">keep</aspectratio>
							<texture>$VAR[value_videocodec0]</texture>
						</control>
						<control type="image">
							<posx>84</posx>
							<posy>17</posy>
							<width>25</width>
							<height>25</height>
							<info>ListItem.Overlay</info>
							<visible>!Skin.HasSetting(nooverlays)</visible>
						</control>
					</itemlayout>
					<itemlayout condition="Window.IsActive(25) + [Container.Content(movies) | Container.Content(tvshows)] + Skin.HasSetting(noviewpanelposter)" width="120" height="160">
						<!-- ARTE -->
						<control type="image">
							<!-- clearlogo e clearart -->
							<posx>8</posx>
							<posy>6</posy>
							<width>100</width>
							<height>141</height>
							<texture fallback="ace_logo_small.png" background="true">$VAR[value_logoandclearart]</texture>
							<colordiffuse>FF909090</colordiffuse>
							<aspectratio>keep</aspectratio>
						</control>
						<control type="image">
							<posx>81</posx>
							<posy>5</posy>
							<width>25</width>
							<height>25</height>
							<info>ListItem.Overlay</info>
							<visible>!Skin.HasSetting(nooverlays)</visible>
						</control>
					</itemlayout>
					<itemlayout condition="!Window.IsActive(25)" width="120" height="120">
						<control type="image">
							<posx>6</posx>
							<posy>6</posy>
							<width>105</width>
							<height>105</height>
							<texture fallback="DefaultAudioCover.png" diffuse="thumb_shelf_poster_diffuse.png" background="true">$VAR[value_poster]</texture>
							<colordiffuse>FF909090</colordiffuse>
							<aspectratio>keep</aspectratio>
						</control>
						<control type="image">
							<posx>81</posx>
							<posy>5</posy>
							<width>25</width>
							<height>25</height>
							<info>ListItem.Overlay</info>
							<visible>!Skin.HasSetting(nooverlays)</visible>
						</control>
					</itemlayout>
					<focusedlayout condition="Window.IsActive(25) + Skin.HasSetting(novideomediacase) + Container.Content(movies) + !Skin.HasSetting(noviewpanelposter) | Skin.HasSetting(novideomediacase) + [Container.Content(musicvideos) | Container.Content(sets)] | Container.Content(tvshows) + !Skin.HasSetting(noviewpanelposter)  | Container.Content(seasons) | Container.Content(episodes)" width="120" height="170">
						<!-- POSTER SEM ESTOJO -->
						<control type="image">
							<posx>8</posx>
							<posy>6</posy>
							<width>100</width>
							<height>141</height>
							<texture fallback="DefaultVideoPoster.png" diffuse="thumb_shelf_poster_diffuse.png" background="true">$VAR[value_poster]</texture>
							<animation type="Focus" reversible="false">
								<effect type="zoom" center="auto" start="80" end="100" time="400" tween="back" easing="out" />
								<effect type="fade" start="80" end="100" time="400" />
							</animation>
							<aspectratio>keep</aspectratio>
						</control>
						<control type="image">
							<posx>81</posx>
							<posy>5</posy>
							<width>25</width>
							<height>25</height>
							<info>ListItem.Overlay</info>
							<animation type="Focus" reversible="false">
								<effect type="zoom" center="60,60" start="80" end="100" time="400" tween="back" easing="out" />
								<effect type="fade" start="80" end="100" time="400" />
							</animation>
							<visible>!Skin.HasSetting(nooverlays)</visible>
						</control>
					</focusedlayout>
					<focusedlayout condition="Window.IsActive(25) + Container.Content(movies) + !Skin.HasSetting(noviewpanelposter) + !Skin.HasSetting(novideomediacase)  | !Skin.HasSetting(novideomediacase) + [Container.Content(musicvideos) | Container.Content(sets)]" width="120" height="172">
						<!-- ESTOJO -->
						<control type="image">
							<posx>9</posx>
							<posy>18</posy>
							<width>99</width>
							<height>141</height>
							<texture fallback="DefaultVideoPoster.png" background="true">$VAR[value_poster]</texture>
							<animation type="Focus" reversible="false">
								<effect type="zoom" center="auto" start="80" end="100" time="400" tween="back" easing="out" />
								<effect type="fade" start="80" end="100" time="400" />
							</animation>
							<aspectratio>scale</aspectratio>
						</control>
						<control type="image">
							<!-- Estojo -->
							<posx>0</posx>
							<posy>-5</posy>
							<width>119</width>
							<height>178</height>	
							<fadetime>FanartCrossFadeTime</fadetime>
							<texture>$VAR[value_videocase0]</texture>
							<aspectratio align="center" aligny="bottom">stretch</aspectratio>
							<animation type="Focus" reversible="false">
								<effect type="zoom" center="auto" start="80" end="100" time="400" tween="back" easing="out" />
								<effect type="fade" start="80" end="100" time="400" />
							</animation>
						</control>
						<control type="image">
							<!-- Codec -->
							<posx>45</posx>
							<posy>-6</posy>
							<width>30</width>
							<height>30</height>
							<fadetime>FanartCrossFadeTime</fadetime>
							<align>center</align>
							<aligny>center</aligny>
							<aspectratio scalediffuse="true">keep</aspectratio>
							<texture>$VAR[value_videocodec0]</texture>
							<animation type="Focus" reversible="false">
								<effect type="zoom" center="60,60" start="80" end="100" time="400" tween="back" easing="out" />
								<effect type="fade" start="80" end="100" time="400" />
							</animation>
						</control>
						<control type="image">
							<posx>84</posx>
							<posy>17</posy>
							<width>25</width>
							<height>25</height>
							<info>ListItem.Overlay</info>
							<animation type="Focus" reversible="false">
								<effect type="zoom" center="60,60" start="80" end="100" time="400" tween="back" easing="out" />
								<effect type="fade" start="80" end="100" time="400" />
							</animation>
							<visible>!Skin.HasSetting(nooverlays)</visible>
						</control>
					</focusedlayout>
					<focusedlayout condition="Window.IsActive(25) + [Container.Content(movies) | Container.Content(tvshows)] + Skin.HasSetting(noviewpanelposter)" width="120" height="160">
						<control type="image">
							<!-- clearlogo e clearart -->
							<posx>8</posx>
							<posy>6</posy>
							<width>100</width>
							<height>141</height>
							<texture fallback="ace_logo_small.png" background="true">$VAR[value_logoandclearart]</texture>
							<aspectratio>keep</aspectratio>
							<animation type="Focus" reversible="false">
								<effect type="zoom" center="auto" start="80" end="100" time="400" tween="back" easing="out" />
								<effect type="fade" start="80" end="100" time="400" />
							</animation>
						</control>
						<control type="image">
							<posx>81</posx>
							<posy>5</posy>
							<width>25</width>
							<height>25</height>
							<info>ListItem.Overlay</info>
							<visible>!Skin.HasSetting(nooverlays)</visible>
							<animation type="Focus" reversible="false">
								<effect type="zoom" center="60,60" start="80" end="100" time="400" tween="back" easing="out" />
								<effect type="fade" start="80" end="100" time="400" />
							</animation>
						</control>
					</focusedlayout>
					<focusedlayout condition="!Window.IsActive(25)" width="120" height="120">
						<control type="image">
							<posx>6</posx>
							<posy>6</posy>
							<width>105</width>
							<height>105</height>
							<texture fallback="DefaultVideoPoster.png" diffuse="thumb_shelf_poster_diffuse.png" background="true">$VAR[value_poster]</texture>
							<animation type="Focus" reversible="false">
								<effect type="zoom" center="auto" start="80" end="100" time="400" tween="back" easing="out" />
								<effect type="fade" start="80" end="100" time="400" />
							</animation>
							<aspectratio>keep</aspectratio>
						</control>
						<control type="image">
							<posx>81</posx>
							<posy>5</posy>
							<width>25</width>
							<height>25</height>
							<info>ListItem.Overlay</info>
							<animation type="Focus" reversible="false">
								<effect type="zoom" center="60,60" start="80" end="100" time="400" tween="back" easing="out" />
								<effect type="fade" start="80" end="100" time="400" />
							</animation>
							<visible>!Skin.HasSetting(nooverlays)</visible>
						</control>
					</focusedlayout>
				</control>
			</control>

			<!-- Info Panel -->
			<control type="group">
				<animation effect="slide" time="700" start="-800,0" end="0,0" tween="cubic" easing="out">WindowOpen</animation>
				<animation effect="slide" time="700" start="0,0" end="-800,0" tween="cubic" easing="out">WindowClose</animation>
				<animation effect="slide" time="700" start="-800,0" end="0,0" tween="cubic" easing="out">Visible</animation>
				<animation effect="fade" time="200" start="100" end="0">Hidden</animation>
				<visible>Control.IsVisible(62)</visible>
				<posx>60</posx>
				<posy>80</posy>
				<control type="image">
					<posx>0</posx>
					<posy>32</posy>
					<width>407</width>
					<height>230</height>
					<texture>homewidget.png</texture>
					<colordiffuse>$VAR[value_texturecolor]</colordiffuse>
					<animation effect="fade" end="85" condition="true">Conditional</animation>
				</control>
				<control type="image">
					<posx>10</posx>
					<posy>42</posy>
					<width>387</width>
					<height>210</height>
					<texture fallback="DefaultExtraThumbs.png" background="true">$INFO[ListItem.Art(fanart)]</texture>
					<aspectratio>stretch</aspectratio>
					<fadetime>FanartCrossFadeTime</fadetime>
				</control>
				<control type="label">
					<posx>10</posx>
					<posy>260</posy>
					<width>387</width>
					<height>15</height>
					<textcolor>FFFFFAF0</textcolor>
					<label>$VAR[value_panelinfo]</label>
					<font>Font_16</font>
					<scroll>true</scroll>
					<scrollout>false</scrollout>
					<visible>!StringCompare(ListItem.Label,..)</visible>
				</control>
				<control type="textbox">
					<posx>10</posx>
					<posy>290</posy>
					<width>387</width>
					<height>253</height>
					<label>$VAR[value_plot]</label>
					<font>Font_16</font>
					<autoscroll delay="8000" time="2000" repeat="8000">!Skin.HasSetting(noallowscroll)</autoscroll>
				</control>
			</control>
			<!-- Scroll Bar -->
			<control type="scrollbar" id="80">
				<include>ScrollBar_Vertical</include>
				<posx>1230</posx>
				<posy>111</posy>
				<height>471</height>
				<onleft>62</onleft>
				<onright>62</onright>
				<include>Animation_Fade</include>
				<visible allowhiddenfocus="true">Control.IsVisible(62) + Control.HasFocus(80)</visible>
			</control>
		</control>
	</include>
</includes>