<includes>
	<!--##################################################################################   VISTA BANNER - ID 52   ##################################################################################-->
	<include name="BannerWatchedOverlay_1">
		<posx>546</posx>
		<posy>6</posy>
		<width>40</width>
		<height>40</height>
	</include>
	<include name="BannerInfoLabel">
		<posx>0</posx>
		<height>13</height>
		<width>265</width>
		<font>Font_15</font>
		<textcolor>$VAR[value_headercolor]</textcolor>
	</include>
	<include name="BannerInfoValue">
		<posx>0</posx>
		<height>13</height>
		<width>265</width>
		<font>Font_16</font>
		<textcolor>FFFFFAF0</textcolor>
		<scroll>true</scroll>
	</include>
	<include name="ViewBanner">
		<control type="group">
			<include>ViewBack</include>
			<!-- Fundo -->
			<visible>Control.IsVisible(52)</visible>
			<control type="panel" id="52">
				<viewtype label="31811">Wide Icon</viewtype>
				<posx>50</posx>
				<posy>98</posy>
				<width>1200</width>
				<height>548</height>
				<onleft>9900</onleft>
				<onright>80</onright>
				<pagecontrol>80</pagecontrol>
				<scrolltime>450</scrolltime>
				<preloaditems>2</preloaditems>
				<animation effect="slide" start="0,0" end="-10,0" time="400" tween="cubic" easing="inout" condition="Control.HasFocus(80)">Conditional</animation>
				<visible>Container.Content(movies) | Container.Content(tvshows) | Window.IsActive(videofiles)</visible>
				<itemlayout height="137" width="600">
					<control type="image">
						<!-- Background -->
						<width>590</width>
						<height>127</height>
						<texture>banner_glass.png</texture>
						<colordiffuse>FF505050</colordiffuse>
						<aspectratio>stretch</aspectratio>
						<include>Animation_Fade</include>
					</control>
					<control type="image">
						<!-- Cover -->
						<width>590</width>
						<height>127</height>
						<bordersize>8</bordersize>
						<texture background="true">$VAR[value_banner]</texture>
						<aspectratio>keep</aspectratio>
					</control>
					<control type="image">
						<include>BannerWatchedOverlay_1</include>
						<info>ListItem.Overlay</info>
						<visible>!Skin.HasSetting(nooverlays)</visible>
					</control>
					<control type="image">
						<!-- Dimmer -->
						<width>590</width>
						<height>127</height>
						<bordersize>8</bordersize>
						<texture>black.png</texture>
						<aspectratio>stretch</aspectratio>
						<colordiffuse>70FFFFFF</colordiffuse>
					</control>
				</itemlayout>
				<focusedlayout height="137" width="600">
					<control type="image">
						<!-- Background -->
						<width>590</width>
						<height>127</height>
						<texture>banner_glass.png</texture>
						<aspectratio>stretch</aspectratio>
						<animation effect="zoom" center="auto" start="90" end="110" time="600" tween="back" easing="out" reversible="false" condition="Skin.HasSetting(bannerzoom)">Focus</animation>
					</control>
					<control type="image">
						<!-- Background Double -->
						<width>590</width>
						<height>127</height>
						<texture>banner_glass.png</texture>
						<aspectratio>stretch</aspectratio>
						<animation effect="zoom" center="auto" start="90" end="110" time="600" tween="back" easing="out" reversible="false" condition="Skin.HasSetting(bannerzoom)">Focus</animation>
					</control>
					<control type="image">
						<!-- Cover -->
						<width>590</width>
						<height>127</height>
						<bordersize>8</bordersize>
						<texture background="true">$VAR[value_banner]</texture>
						<aspectratio>keep</aspectratio>
						<animation effect="zoom" center="auto" start="90" end="110" time="600" tween="back" easing="out" reversible="false" condition="Skin.HasSetting(bannerzoom)">Focus</animation>
					</control>
					<control type="image">
						<include>BannerWatchedOverlay_1</include>
						<info>ListItem.Overlay</info>
						<animation effect="zoom" center="290,60" start="90" end="110" time="600" tween="back" easing="out" reversible="false" condition="Skin.HasSetting(bannerzoom)">Focus</animation>
						<visible>!Skin.HasSetting(nooverlays)</visible>
					</control>
				</focusedlayout>
			</control>
			<control type="scrollbar" id="80">
				<!--Banner-->
				<include>ScrollBar_Vertical</include>
				<posx>1240</posx>
				<posy>92</posy>
				<height>548</height>
				<onleft>52</onleft>
				<onright>9920</onright>
				<include>Animation_Fade</include>
				<visible allowhiddenfocus="true">Control.IsVisible(52) + Control.HasFocus(80)</visible>
			</control>
		</control>
	</include>
</includes>