<includes>
	<!--##################################################################################   VISTA WIDE - 51   ##################################################################################-->
	<include name="listcolor">
		<textcolor>FFFFFAF0</textcolor>
		<selectedcolor>$VAR[value_headercolor]</selectedcolor>
	</include>
	<include name="listcolorfocus">
		<textcolor>E4101010</textcolor>
		<selectedcolor>$VAR[value_headercolorfocus]</selectedcolor>
	</include>
	<include name="subcolor">
		<textcolor>80FFFAF0</textcolor>
		<selectedcolor>$VAR[value_headercolor]</selectedcolor>
	</include>
	<include name="subcolorfocus">
		<textcolor>FF151515</textcolor>
		<selectedcolor>$VAR[value_headercolorfocus]</selectedcolor>
	</include>
	<include name="detailcolor">
		<textcolor>FFFFFAF0</textcolor>
		<selectedcolor>$VAR[value_headercolor]</selectedcolor>
	</include>
	<include name="detailcolorfocus">
		<textcolor>FF151515</textcolor>
		<selectedcolor>$VAR[value_headercolorfocus]</selectedcolor>
	</include>
	<include name="WideLabel">
		<posx>660</posx>
		<height>27</height>
		<width>200</width>
		<align>left</align>
		<aligny>center</aligny>
		<font>Font_15</font>
		<textcolor>$VAR[value_headercolor]</textcolor>
	</include>
	<include name="WideValue">
		<posx>660</posx>
		<height>27</height>
		<width>600</width>
		<align>left</align>
		<aligny>center</aligny>
		<font>Font_16</font>
		<textcolor>FFFFFAF0</textcolor>
		<scroll>true</scroll>
		<scrollout>false</scrollout>
	</include>
	<include name="WideDisc">
		<width>150</width>
		<height>150</height>
		<fadetime>FanartCrossFadeTime</fadetime>
		<aspectratio align="center" aligny="center">keep</aspectratio>
		<animation effect="rotate" start="0" end="-360" center="auto" time="40000" delay="5000" loop="true" reversible="false" condition="!Player.HasVideo">Conditional</animation>
		<animation effect="rotate" end="-360" center="auto" time="4000" loop="true" reversible="false" condition="Player.HasVideo + !Player.Paused">Conditional</animation>
	</include>
	<include name="ViewWide">
		<control type="group">
			<!-- default group -->
			<visible>Control.IsVisible(51)</visible>
			<control type="group">
				<animation effect="slide" time="500" start="-800,0" end="0,0" tween="cubic" easing="out">WindowOpen</animation>
				<animation effect="slide" time="500" start="-800,0" end="0,0" tween="cubic" easing="out">Visible</animation>
				<animation effect="fade" time="200" start="100" end="0">Hidden</animation>
				<control type="image">
					<posx>0</posx>
					<posy>36</posy>
					<width>640</width>
					<height>30</height>
					<texture>shadow_h.png</texture>
					<colordiffuse>C3FFFFFF</colordiffuse>
				</control>
				<control type="image">
					<posx>0</posx>
					<posy>650</posy>
					<width>1280</width>
					<height>30</height>
					<texture flipy="true">shadow_h.png</texture>
					<colordiffuse>C3FFFFFF</colordiffuse>
				</control>
				<control type="image">
					<posx>0</posx>
					<posy>65</posy>
					<width>640</width>
					<height>585</height>
					<texture>darkgrey.png</texture>
					<colordiffuse>$VAR[value_texturecolor]</colordiffuse>
					<animation effect="fade" end="95" condition="true">Conditional</animation>
				</control>
				<control type="image">
					<posx>510</posx>
					<posy>65</posy>
					<width>90</width>
					<height>584</height>
					<texture>grey.png</texture>
					<animation effect="fade" end="20" condition="true">conditional</animation>
					<visible>[Container.Content(movies) | Container.Content(musicvideos) | Container.Content(sets) | Container.Content(tvshows) | Container.Content(episodes) | Container.Content(songs) | Container.Content(albums) | Container.Content(years)]</visible>
				</control>
				<control type="button" id="562">
					<include>InvisibleButton</include>
					<onright>9920</onright>
					<onleft>51</onleft>
					<onup>51</onup>
					<ondown>51</ondown>
				</control>
				<control type="list" id="51">
					<viewtype label="31813">list</viewtype>
					<posx>0</posx>
					<posy>65</posy>
					<width>640</width>
					<height>584</height>
					<pagecontrol>80</pagecontrol>
					<onleft>80</onleft>
					<onright>562</onright>
					<orientation>vertical</orientation>
					<scrolltime>450</scrolltime>
					<preloaditems>2</preloaditems>
					<itemlayout height="40">
						<control type="image">
							<posx>0</posx>
							<posy>0</posy>
							<width>739</width>
							<height>1</height>
							<texture>line.png</texture>
						</control>
						<control type="label">
							<posx>45</posx>
							<posy>1</posy>
							<width>440</width>
							<height>40</height>
							<font>Font_22</font>
							<aligny>center</aligny>
							<include>listcolor</include>
							<label>$INFO[ListItem.Label]</label>
						</control>
						<control type="label">
							<posx>513</posx>
							<posy>-8</posy>
							<width>85</width>
							<height>40</height>
							<font>Font_16</font>
							<align>center</align>
							<aligny>center</aligny>
							<include>detailcolor</include>
							<label>$INFO[ListItem.Year]</label>
							<animation effect="slide" start="0,0" end="0,8" time="0" condition="Container.Content(albums) | Container.Content(years)">Conditional</animation>
						</control>
						<control type="image">
							<posx>523</posx>
							<posy>25</posy>
							<width>65</width>
							<height>13</height>
							<info>ListItem.StarRating</info>
							<colordiffuse>$VAR[value_headercolor]</colordiffuse>
							<visible>![Container.Content(artists) | Container.Content(years) | Container.Content(genres) | Container.Content(seasons) | StringCompare(ListItem.Label,..)]</visible>
						</control>
						<control type="image">
							<include>KeepAspect</include>
							<posx>580</posx>
							<posy>2</posy>
							<width>80</width>
							<height>37</height>
							<info>ListItem.Overlay</info>
							<visible>!Skin.HasSetting(nooverlays)</visible>
						</control>
					</itemlayout>
					<focusedlayout condition="IsEmpty(Control.GetLabel(5101)) | [Window.IsActive(25) + Skin.HasSetting(slimwidevideo) | [Window.IsActive(500) | Window.IsActive(501) | Window.IsActive(502)] + Skin.HasSetting(slimwidemusic)]" height="40">
						<control type="image">
							<posx>0</posx>
							<posy>0</posy>
							<width>640</width>
							<height>40</height>
							<texture>settings_button_focus.png</texture>
							<animation effect="fade" start="100" end="30" time="0" condition="!Control.Hasfocus(51)">conditional</animation>
						</control>
						<control type="label">
							<posx>45</posx>
							<posy>1</posy>
							<width>440</width>
							<height>40</height>
							<font>Font_22</font>
							<aligny>center</aligny>
							<include>listcolorfocus</include>
							<label>$INFO[ListItem.Label]</label>
						</control>
						<control type="label">
							<posx>513</posx>
							<posy>-8</posy>
							<width>85</width>
							<height>40</height>
							<font>Font_16</font>
							<align>center</align>
							<aligny>center</aligny>
							<include>detailcolorfocus</include>
							<label>$INFO[ListItem.Year]</label>
							<animation effect="slide" start="0,0" end="0,8" time="0" condition="Container.Content(albums) | Container.Content(years)">Conditional</animation>
						</control>
						<control type="image">
							<posx>523</posx>
							<posy>23</posy>
							<width>65</width>
							<height>13</height>
							<info>ListItem.StarRating</info>
							<colordiffuse>$VAR[value_headercolorfocus]</colordiffuse>
							<visible>![Container.Content(artists) | Container.Content(years) | Container.Content(genres) | Container.Content(seasons) | StringCompare(ListItem.Label,..)]</visible>
						</control>
						<control type="image">
							<include>KeepAspect</include>
							<posx>580</posx>
							<posy>2</posy>
							<width>80</width>
							<height>37</height>
							<info>ListItem.Overlay</info>
							<visible>!Skin.HasSetting(nooverlays)</visible>
						</control>
					</focusedlayout>
					<focusedlayout condition="!IsEmpty(Control.GetLabel(5101)) + [Window.IsActive(25) + !Skin.HasSetting(slimwidevideo) | [Window.IsActive(500) | Window.IsActive(501) | Window.IsActive(502)] + !Skin.HasSetting(slimwidemusic)]" height="63">
						<control type="image">
							<posx>0</posx>
							<posy>0</posy>
							<width>640</width>
							<height>63</height>
							<texture>settings_button_focus.png</texture>
							<animation effect="fade" start="100" end="30" time="0" condition="!Control.Hasfocus(51)">conditional</animation>
						</control>
						<control type="label">
							<posx>45</posx>
							<posy>0</posy>
							<width>440</width>
							<height>41</height>
							<font>Font_22</font>
							<aligny>center</aligny>
							<include>listcolorfocus</include>
							<label>$INFO[ListItem.Label]</label>
						</control>
						<control type="label">
							<posx>45</posx>
							<posy>37</posy>
							<width>440</width>
							<height>16</height>
							<font>Font_16</font>
							<align>left</align>
							<aligny>center</aligny>
							<include>subcolorfocus</include>
							<label>$VAR[value_listinfofocus]</label>
							<visible>!StringCompare(ListItem.Label,..)</visible>
						</control>
						<control type="label">
							<posx>513</posx>
							<posy>0</posy>
							<width>85</width>
							<height>41</height>
							<font>Font_16</font>
							<align>center</align>
							<aligny>center</aligny>
							<include>detailcolorfocus</include>
							<label>$INFO[ListItem.Year]</label>
						</control>
						<control type="image">
							<posx>523</posx>
							<posy>37</posy>
							<width>65</width>
							<height>13</height>
							<info>ListItem.StarRating</info>
							<colordiffuse>$VAR[value_headercolorfocus]</colordiffuse>
							<visible>![Container.Content(artists) | Container.Content(years) | Container.Content(genres) | Container.Content(seasons) | StringCompare(ListItem.Label,..)]</visible>
						</control>
						<control type="image">
							<include>KeepAspect</include>
							<posx>580</posx>
							<posy>13</posy>
							<width>80</width>
							<height>37</height>
							<info>ListItem.Overlay</info>
							<visible>!Skin.HasSetting(nooverlays)</visible>
						</control>
					</focusedlayout>
				</control>
				<control type="label" id="5101">
					<!-- Tag -->
					<include>InvisibleButton</include>
					<label>$VAR[value_listinfofocus]</label>
				</control>
			</control>
			<control type="group">
				<!-- Grupo da direita -->
				<posx>640</posx>
				<posy>0</posy>
				<animation effect="slide" time="1000" start="600,0" end="0,0" tween="cubic" easing="out">WindowOpen</animation>
				<animation effect="slide" time="1000" start="600,0" end="0,0" tween="cubic" easing="out">Visible</animation>
				<animation effect="fade" time="400" start="100" end="0">Hidden</animation>
				<visible>Control.IsVisible(51)</visible>
				<control type="image">
					<posx>-29</posx>
					<posy>-70</posy>
					<width>30</width>
					<height>720</height>
					<texture flipx="true">shadow.png</texture>
					<colordiffuse>C3FFFFFF</colordiffuse>
				</control>
				<control type="image">
					<posx>0</posx>
					<posy>-70</posy>
					<width>640</width>
					<height>720</height>
					<texture>darkgrey.png</texture>
					<colordiffuse>$VAR[value_texturecolor]</colordiffuse>
					<animation effect="fade" end="85" condition="true">Conditional</animation>
				</control>
				<control type="image">
					<posx>0</posx>
					<posy>396</posy>
					<width>640</width>
					<height>254</height>
					<texture>darkgrey.png</texture>
					<colordiffuse>$VAR[value_texturecolor]</colordiffuse>
					<animation effect="fade" end="85" condition="true">Conditional</animation>
					<include>Animation_Fade</include>
					<visible>![Control.HasFocus(562) | Skin.HasSetting(widebanner)]</visible>
				</control>
				<control type="image">
					<posx>0</posx>
					<posy>140</posy>
					<width>640</width>
					<height>510</height>
					<texture>black.png</texture>
					<colordiffuse>75FFFFFF</colordiffuse>
					<include>Animation_Fade</include>
					<visible>!Control.HasFocus(562) + Skin.HasSetting(widebanner)</visible>
				</control>
				<control type="image">
					<posx>0</posx>
					<posy>-70</posy>
					<width>640</width>
					<height>720</height>
					<texture>black.png</texture>
					<colordiffuse>75FFFFFF</colordiffuse>
					<include>Animation_Fade</include>
					<visible>Control.HasFocus(562)</visible>
				</control>
				<control type="group">
					<!-- Grupo das artes -->
					<animation effect="slide" start="0,0" end="700,0" time="400" easing="inout" tween="cubic" condition="Control.HasFocus(562) | Control.HasFocus(9920)">Conditional</animation>

					<control type="group">
						<!-- CDART VIDEO -->
						<animation type="WindowOpen">
							<effect type="slide" start="-100,0" end="0,0" time="500" delay="500" tween="cubic" easing="out"/>
							<effect type="fade" start="0" end="100" time="500" delay="500"/>
						</animation>
						<animation type="Visible">
							<effect type="slide" start="-100,0" end="0,0" time="500" delay="500" tween="cubic" easing="out"/>
							<effect type="fade" start="0" end="100" time="500" delay="500"/>
						</animation>
						<animation effect="fade" start="100" end="0" time="200">WindowClose</animation>
						<animation type="Hidden">
							<effect type="slide" start="0,0" end="-100,0" time="300" tween="cubic" easing="out"/>
							<effect type="fade" start="100" end="0" time="200"/>
						</animation>
						<visible>![IsEmpty(ListItem.Art(discart)) | SubString(skin.string(widemovies.art),banner) | Skin.HasSetting(nodiscart) | SubString(ListItem.Path,videodb://movies/sets,left)] + Window.IsActive(25)</visible>
						<control type="image">
							<posx>270</posx>
							<posy>50</posy>
							<width>250</width>
							<height>250</height>
							<aligny>center</aligny>
							<texture>cdart.png</texture>
							<aspectratio align="center">keep</aspectratio>
							<animation effect="rotate" start="0" end="-360" center="auto" time="40000" delay="5000" loop="true" reversible="false" condition="!Player.HasVideo">Conditional</animation>
							<animation effect="rotate" end="-360" center="auto" time="4000" loop="true" reversible="false" condition="Player.HasVideo + !Player.Paused">Conditional</animation>
						</control>
						<control type="image">
							<posx>270</posx>
							<posy>50</posy>
							<width>250</width>
							<height>250</height>
							<aligny>center</aligny>
							<fadetime>FanartCrossFadeTime</fadetime>
							<texture diffuse="cdart_diffuse.png" background="true">$INFO[ListItem.Art(discart)]</texture>
							<aspectratio align="center">keep</aspectratio>
							<animation effect="rotate" start="0" end="-360" center="auto" time="40000" delay="5000" loop="true" reversible="false" condition="!Player.HasVideo">Conditional</animation>
							<animation effect="rotate" end="-360" center="auto" time="4000" loop="true" reversible="false" condition="Player.HasVideo + !Player.Paused">Conditional</animation>
						</control>
					</control>

					<control type="grouplist">
						<!-- CDART SETS da esquerda -->
						<posx>128</posx>
						<posy>30</posy>
						<orientation>vertical</orientation>
						<itemgap>-98</itemgap>
						<animation type="WindowOpen">
							<effect type="slide" start="100,0" end="0,0" time="500" delay="500" tween="cubic" easing="out"/>
							<effect type="fade" start="0" end="100" time="500" delay="500"/>
						</animation>
						<animation type="Visible">
							<effect type="slide" start="100,0" end="0,0" time="500" delay="500" tween="cubic" easing="out"/>
							<effect type="fade" start="0" end="100" time="500" delay="500"/>
						</animation>
						<animation effect="fade" start="100" end="0" time="200">WindowClose</animation>
						<animation type="Hidden">
							<effect type="slide" start="0,0" end="100,0" time="300" tween="cubic" easing="out"/>
							<effect type="fade" start="100" end="0" time="200"/>
						</animation>
						<animation effect="slide" start="0,0" end="-9,0" time="400" easing="inout" tween="cubic" condition="Skin.HasSetting(novideomediacase)">Conditional</animation>
						<visible>![IsEmpty(Window(0).Property(Set.Movie.6.Art(discart))) | SubString(skin.string(widemovies.art),banner) | Skin.HasSetting(nodiscart)] + Window.IsActive(25) + SubString(ListItem.Path,videodb://movies/sets,left)</visible>
						<control type="image">
							<include>WideDisc</include>
							<texture fallback="cdart.png" diffuse="cdart2_diffuse.png" background="true">$INFO[Window(0).Property(Set.Movie.6.Art(discart))]</texture>
							<visible>!IsEmpty(Window(0).Property(Set.Movie.6.Art(discart)))</visible>
						</control>
						<control type="image">
							<include>WideDisc</include>
							<texture fallback="cdart.png" diffuse="cdart2_diffuse.png" background="true">$INFO[Window(0).Property(Set.Movie.7.Art(discart))]</texture>
							<visible>!IsEmpty(Window(0).Property(Set.Movie.7.Art(discart)))</visible>
						</control>
						<control type="image">
							<include>WideDisc</include>
							<texture fallback="cdart.png" diffuse="cdart2_diffuse.png" background="true">$INFO[Window(0).Property(Set.Movie.8.Art(discart))]</texture>
							<visible>!IsEmpty(Window(0).Property(Set.Movie.8.Art(discart)))</visible>
						</control>
						<control type="image">
							<include>WideDisc</include>
							<texture fallback="cdart.png" diffuse="cdart2_diffuse.png" background="true">$INFO[Window(0).Property(Set.Movie.9.Art(discart))]</texture>
							<visible>!IsEmpty(Window(0).Property(Set.Movie.9.Art(discart)))</visible>
						</control>
						<control type="image">
							<include>WideDisc</include>
							<texture fallback="cdart.png" diffuse="cdart2_diffuse.png" background="true">$INFO[Window(0).Property(Set.Movie.10.Art(discart))]</texture>
							<visible>!IsEmpty(Window(0).Property(Set.Movie.10.Art(discart)))</visible>
						</control>
					</control>

					<control type="grouplist">
						<!-- CDART SETS da direita -->
						<posx>355</posx>
						<posy>30</posy>
						<orientation>vertical</orientation>
						<itemgap>-98</itemgap>
						<animation type="WindowOpen">
							<effect type="slide" start="-100,0" end="0,0" time="500" delay="500" tween="cubic" easing="out"/>
							<effect type="fade" start="0" end="100" time="500" delay="500"/>
						</animation>
						<animation type="Visible">
							<effect type="slide" start="-100,0" end="0,0" time="500" delay="500" tween="cubic" easing="out"/>
							<effect type="fade" start="0" end="100" time="500" delay="500"/>
						</animation>
						<animation effect="fade" start="100" end="0" time="200">WindowClose</animation>
						<animation type="Hidden">
							<effect type="slide" start="0,0" end="-100,0" time="300" tween="cubic" easing="out"/>
							<effect type="fade" start="100" end="0" time="200"/>
						</animation>
						<animation effect="slide" start="0,0" end="15,0" time="400" easing="inout" tween="cubic" condition="Skin.HasSetting(novideomediacase)">Conditional</animation>
						<visible>![IsEmpty(Window(0).Property(Set.Movie.1.Art(discart))) | SubString(skin.string(widemovies.art),banner) | Skin.HasSetting(nodiscart)] + Window.IsActive(25) + SubString(ListItem.Path,videodb://movies/sets,left)</visible>
						<control type="image">
							<include>WideDisc</include>
							<texture fallback="cdart.png" diffuse="cdart2_diffuse.png" background="true">$INFO[Window(0).Property(Set.Movie.1.Art(discart))]</texture>
							<visible>!IsEmpty(Window(0).Property(Set.Movie.1.Art(discart)))</visible>
						</control>
						<control type="image">
							<include>WideDisc</include>
							<texture fallback="cdart.png" diffuse="cdart2_diffuse.png" background="true">$INFO[Window(0).Property(Set.Movie.2.Art(discart))]</texture>
							<visible>!IsEmpty(Window(0).Property(Set.Movie.2.Art(discart)))</visible>
						</control>
						<control type="image">
							<include>WideDisc</include>
							<texture fallback="cdart.png" diffuse="cdart2_diffuse.png" background="true">$INFO[Window(0).Property(Set.Movie.3.Art(discart))]</texture>
							<visible>!IsEmpty(Window(0).Property(Set.Movie.3.Art(discart)))</visible>
						</control>
						<control type="image">
							<include>WideDisc</include>
							<texture fallback="cdart.png" diffuse="cdart2_diffuse.png" background="true">$INFO[Window(0).Property(Set.Movie.4.Art(discart))]</texture>
							<visible>!IsEmpty(Window(0).Property(Set.Movie.4.Art(discart)))</visible>
						</control>
						<control type="image">
							<include>WideDisc</include>
							<texture fallback="cdart.png" diffuse="cdart2_diffuse.png" background="true">$INFO[Window(0).Property(Set.Movie.5.Art(discart))]</texture>
							<visible>!IsEmpty(Window(0).Property(Set.Movie.5.Art(discart)))</visible>
						</control>
					</control>

					<control type="group">
						<!-- BANNER -->
						<include>Animation_Fade</include>
						<visible>Container.Content(movies) + SubString(skin.string(widemovies.art),banner) | Container.Content(tvshows) + SubString(skin.string(widetvshows.art),banner)</visible>
						<control type="image">
							<!-- banner reflexo -->
							<posx>20</posx>
							<posy>401</posy>
							<width>600</width>
							<height>367</height>
							<fadetime>FanartCrossFadeTime</fadetime>
							<aspectratio align="center" aligny="top">keep</aspectratio>
							<texture flipy="true" diffuse="thumb_reflect.png" background="true">$VAR[value_banner]</texture>
							<bordertexture flipy="true" diffuse="thumb_reflect.png" border="-2">black.png</bordertexture>
						</control>
						<control type="image">
							<!-- banner -->
							<posx>20</posx>
							<posy>30</posy>
							<width>600</width>
							<height>367</height>
							<fadetime>FanartCrossFadeTime</fadetime>
							<aspectratio align="center" aligny="bottom">keep</aspectratio>
							<texture background="true">$VAR[value_banner]</texture>
							<bordertexture border="-2">black.png</bordertexture>
						</control>
					</control>

					<control type="group">
						<!-- EPISODIOS -->
						<include>Animation_Fade</include>
						<visible>![Container.Content(movies) | Container.Content(musicvideos) | Container.Content(sets) | Container.Content(tvshows) | Container.Content(seasons) | Container.Content(genres) | Window.IsActive(500) | Window.IsActive(501) | Window.IsActive(502)]</visible>
						<control type="image">
							<!-- episodios reflexo -->
							<posx>20</posx>
							<posy>401</posy>
							<width>600</width>
							<height>367</height>
							<fadetime>FanartCrossFadeTime</fadetime>
							<aspectratio align="center" aligny="top">keep</aspectratio>
							<texture flipy="true" fallback="special://skin/backgrounds/default.jpg" diffuse="thumb_reflect.png" background="true">$VAR[value_poster]</texture>
							<bordertexture flipy="true" diffuse="thumb_reflect.png" border="-2">black.png</bordertexture>
						</control>
						<control type="image">
							<!-- episodios -->
							<posx>20</posx>
							<posy>30</posy>
							<width>600</width>
							<height>367</height>
							<fadetime>FanartCrossFadeTime</fadetime>
							<aspectratio align="center" aligny="bottom">keep</aspectratio>
							<texture fallback="special://skin/backgrounds/default.jpg" background="true">$VAR[value_poster]</texture>
							<bordertexture border="-2">black.png</bordertexture>
						</control>
					</control>

					<control type="group">
						<!-- VIDEO SEM ESTOJO -->
						<include>Animation_Fade</include>
						<animation effect="slide" start="0,0" end="-45,0" time="500" delay="50" tween="cubic" easing="in" condition="!Skin.HasSetting(nodiscart) + !IsEmpty(ListItem.Art(discart))">Conditional</animation>
						<visible>Skin.HasSetting(novideomediacase) + [Container.Content(movies) + SubString(skin.string(widemovies.art),poster) | Container.Content(musicvideos)  | Container.Content(sets)] | Container.Content(tvshows) + SubString(skin.string(widetvshows.art),poster) | Container.Content(seasons) | Container.Content(genres)</visible>
						<control type="image">
							<!-- Filmes/Fotos/Arquivos reflexo -->
							<posx>20</posx>
							<posy>401</posy>
							<width>600</width>
							<height>367</height>
							<fadetime>FanartCrossFadeTime</fadetime>
							<aspectratio align="center" aligny="top">keep</aspectratio>
							<texture flipy="true" fallback="DefaultVideoPoster.png" diffuse="thumb_reflect.png" background="true">$VAR[value_poster]</texture>
							<bordertexture flipy="true" diffuse="thumb_reflect.png" border="-2">black.png</bordertexture>
						</control>
						<control type="image">
							<!-- Filmes/Fotos/Arquivos -->
							<posx>20</posx>
							<posy>30</posy>
							<width>600</width>
							<height>367</height>
							<fadetime>FanartCrossFadeTime</fadetime>
							<aspectratio align="center" aligny="bottom">keep</aspectratio>
							<texture fallback="DefaultVideoPoster.png" background="true">$VAR[value_poster]</texture>
							<bordertexture border="-2">black.png</bordertexture>
						</control>
					</control>

					<control type="group">
						<!-- FILMES ESTOJO -->
						<include>Animation_Fade</include>
						<animation effect="slide" start="0,0" end="-33,0" time="500" delay="50" tween="cubic" easing="in" condition="!Skin.HasSetting(nodiscart) + !IsEmpty(ListItem.Art(discart))">Conditional</animation>
						<visible>!Skin.HasSetting(novideomediacase) + Container.Content(movies) + SubString(skin.string(widemovies.art),poster) | !Skin.HasSetting(novideomediacase) + [Container.Content(musicvideos) | Container.Content(sets)]</visible>
						<control type="image">
							<!-- Poster reflexo -->
							<posx>205</posx>
							<posy>416</posy>
							<width>225</width>
							<height>330</height>
							<fadetime>FanartCrossFadeTime</fadetime>
							<texture flipy="true" fallback="DefaultVideoPoster.png" diffuse="thumb_reflect.png" background="true">$VAR[value_poster]</texture>
							<aspectratio>stretch</aspectratio>
						</control>
						<control type="image">
							<!-- Estojo reflexo -->
							<posx>183</posx>
							<posy>381</posy>
							<width>273</width>
							<height>417</height>
							<fadetime>FanartCrossFadeTime</fadetime>
							<texture flipy="true" diffuse="thumb_box_reflect.png">$VAR[value_videocase0]</texture>
							<aspectratio>stretch</aspectratio>
						</control>
						<control type="image">
							<!-- Poster -->
							<posx>205</posx>
							<posy>52</posy>
							<width>225</width>
							<height>330</height>
							<fadetime>FanartCrossFadeTime</fadetime>
							<texture fallback="DefaultVideoPoster.png" background="true">$VAR[value_poster]</texture>
						</control>
						<control type="image">
							<!-- Estojo -->
							<posx>183</posx>
							<posy>-1</posy>
							<width>273</width>
							<height>417</height>
							<fadetime>FanartCrossFadeTime</fadetime>
							<texture>$VAR[value_videocase0]</texture>
						</control>
						<control type="image">
							<!-- Codec -->
							<posx>285</posx>
							<posy>-4</posy>
							<width>68</width>
							<height>68</height>
							<fadetime>FanartCrossFadeTime</fadetime>
							<align>center</align>
							<aligny>center</aligny>
							<aspectratio scalediffuse="true">keep</aspectratio>
							<texture>$VAR[value_videocodec0]</texture>
						</control>
					</control>

					<control type="group">
						<!-- MUSICA -->
						<include>Animation_Fade</include>
						<visible>[Window.IsActive(500) | Window.IsActive(501) | Window.IsActive(502)] + [Skin.HasSetting(noaudiomediacase) | Container.Content(genres)]</visible>
						<control type="image">
							<!-- Musica reflexo -->
							<posx>20</posx>
							<posy>400</posy>
							<width>600</width>
							<height>367</height>
							<fadetime>FanartCrossFadeTime</fadetime>
							<aspectratio align="center" aligny="top">keep</aspectratio>
							<texture flipy="true" diffuse="thumb_reflect.png" background="true">$VAR[value_poster]</texture>
							<bordertexture flipy="true" diffuse="thumb_reflect.png" border="-2">black.png</bordertexture>
						</control>
						<control type="image">
							<!-- Musica -->
							<posx>20</posx>
							<posy>30</posy>
							<width>600</width>
							<height>367</height>
							<fadetime>FanartCrossFadeTime</fadetime>
							<aspectratio align="center" aligny="bottom">keep</aspectratio>
							<texture fallback="DefaultAudioCover.png" background="true">$VAR[value_poster]</texture>
							<bordertexture border="-2">black.png</bordertexture>
						</control>
					</control>

					<control type="group">
						<!-- MUSICA ESTOJO -->
						<include>Animation_Fade</include>
						<visible>[Window.IsActive(500) | Window.IsActive(501) | Window.IsActive(502)] + ![Skin.HasSetting(noaudiomediacase) | Container.Content(genres)]</visible>
						<control type="image">
							<!-- Musica reflexo-->
							<posx>170</posx>
							<posy>404</posy>
							<width>340</width>
							<height>340</height>
							<fadetime>FanartCrossFadeTime</fadetime>
							<aspectratio scalediffuse="false">stretch</aspectratio>
							<texture flipy="true" diffuse="thumb_box_diffuse_reflect.png" background="true">$VAR[value_poster]</texture>
						</control>
						<control type="image">
							<!-- Estojo reflexo -->
							<posx>114</posx>
							<posy>389</posy>
							<width>411</width>
							<height>362</height>
							<texture flipy="true" diffuse="thumb_box_reflect.png">thumb_box_cd.png</texture>
						</control>
						<control type="image">
							<!-- Musica -->
							<posx>170</posx>
							<posy>57</posy>
							<width>340</width>
							<height>340</height>
							<fadetime>FanartCrossFadeTime</fadetime>
							<aspectratio scalediffuse="false">stretch</aspectratio>
							<texture diffuse="thumb_box_diffuse.png" fallback="DefaultAudioCover.png" background="true">$VAR[value_poster]</texture>
						</control>
						<control type="image">
							<!-- Estojo -->
							<posx>114</posx>
							<posy>50</posy>
							<width>411</width>
							<height>362</height>
							<texture>thumb_box_cd.png</texture>
							<colordiffuse>DEFFFFFF</colordiffuse>
						</control>
					</control>
				</control>

				<control type="textbox">
					<!-- Video e audio para quando tem logo -->
					<posx>20</posx>
					<posy>410</posy>
					<width>600</width>
					<height>160</height>
					<font>Font_16</font>
					<label>$VAR[value_plot]</label>
					<autoscroll delay="15000" time="2000" repeat="15000">!Skin.HasSetting(noallowscroll)</autoscroll>
					<include>Animation_Fade</include>
					<visible>![Control.HasFocus(562) | IsEmpty(Control.GetLabel(1018)) + IsEmpty(Window(2003).Property(AudioLanguage.1)) + IsEmpty(Window(2003).Property(SubtitleLanguage.1))] + Window.IsActive(25) | ![Control.HasFocus(562) | IsEmpty(Control.GetLabel(1017))] + [Window.IsActive(500) | Window.IsActive(501) | Window.IsActive(502)]</visible>
				</control>
				<control type="textbox">
					<!-- Video e audio para quando nao tem logo -->
					<posx>20</posx>
					<posy>410</posy>
					<width>600</width>
					<height>235</height>
					<font>Font_16</font>
					<label>$VAR[value_plot]</label>
					<autoscroll delay="15000" time="2000" repeat="15000">!Skin.HasSetting(noallowscroll)</autoscroll>
					<include>Animation_Fade</include>
					<visible>[!Control.HasFocus(562) + [IsEmpty(Control.GetLabel(1018)) + IsEmpty(Window(2003).Property(AudioLanguage.1)) + IsEmpty(Window(2003).Property(SubtitleLanguage.1))]] + Window.IsActive(25) | [!Control.HasFocus(562) + IsEmpty(Control.GetLabel(1017))] + [Window.IsActive(500) | Window.IsActive(501) | Window.IsActive(502)]</visible>
				</control>
				<control type="textbox">
					<!-- Video e audio para quando tem logo + foco no painel -->
					<posx>20</posx>
					<posy>293</posy>
					<width>600</width>
					<height>270</height>
					<font>Font_16</font>
					<label>$VAR[value_plot]</label>
					<autoscroll delay="15000" time="2000" repeat="15000">!Skin.HasSetting(noallowscroll)</autoscroll>
					<include>Animation_Fade</include>
					<visible>[Control.HasFocus(562) + ![IsEmpty(Control.GetLabel(1018)) + IsEmpty(Window(2003).Property(AudioLanguage.1)) + IsEmpty(Window(2003).Property(SubtitleLanguage.1))]] + Window.IsActive(25) | [Control.HasFocus(562) + !IsEmpty(Control.GetLabel(1017))] + [Window.IsActive(500) | Window.IsActive(501) | Window.IsActive(502)]</visible>
				</control>
				<control type="textbox">
					<!-- Video e audio para quando nao tem logo + foco no painel -->
					<posx>20</posx>
					<posy>293</posy>
					<width>600</width>
					<height>353</height>
					<font>Font_16</font>
					<label>$VAR[value_plot]</label>
					<autoscroll delay="15000" time="2000" repeat="15000">!Skin.HasSetting(noallowscroll)</autoscroll>
					<include>Animation_Fade</include>
					<visible>[Control.HasFocus(562) + [IsEmpty(Control.GetLabel(1018)) + IsEmpty(Window(2003).Property(AudioLanguage.1)) + IsEmpty(Window(2003).Property(SubtitleLanguage.1))]] + Window.IsActive(25) | [Control.HasFocus(562) + IsEmpty(Control.GetLabel(1017))] + [Window.IsActive(500) | Window.IsActive(501) | Window.IsActive(502)]</visible>
				</control>
				<control type="textbox">
					<!-- Addons -->
					<posx>20</posx>
					<posy>410</posy>
					<width>600</width>
					<height>235</height>
					<font>Font_16</font>
					<label>$VAR[value_plot]</label>
					<autoscroll delay="15000" time="2000" repeat="15000">!Skin.HasSetting(noallowscroll)</autoscroll>
					<include>Animation_Fade</include>
					<visible>![Control.HasFocus(562) | Window.IsActive(25) | Window.IsActive(500) | Window.IsActive(501) | Window.IsActive(502)]</visible>
				</control>
				<control type="textbox">
					<!-- Addons + foco no painel -->
					<posx>20</posx>
					<posy>293</posy>
					<width>600</width>
					<height>353</height>
					<font>Font_16</font>
					<label>$VAR[value_plot]</label>
					<autoscroll delay="15000" time="2000" repeat="15000">!Skin.HasSetting(noallowscroll)</autoscroll>
					<include>Animation_Fade</include>
					<visible>Control.HasFocus(562) + ![Window.IsActive(25) | Window.IsActive(500) | Window.IsActive(501) | Window.IsActive(502)]</visible>
				</control>
				<control type="image">
					<posx>10</posx>
					<posy>573</posy>	
					<width>620</width>
					<height>1</height>
					<texture>line.png</texture>
					<visible>![IsEmpty(Control.GetLabel(1018)) + IsEmpty(Window(2003).Property(AudioLanguage.1)) + IsEmpty(Window(2003).Property(SubtitleLanguage.1))] + Window.IsActive(25) | !IsEmpty(Control.GetLabel(1017)) + [Window.IsActive(500) | Window.IsActive(501) | Window.IsActive(502)]</visible>
				</control>
				<control type="image" id="1017">
					<!-- Logo Musicas -->
					<posx>420</posx>
					<posy>578</posy>
					<width>200</width>
					<height>72</height>
					<aspectratio align="right" aligny="bottom">keep</aspectratio>
					<texture background="true">$INFO[Skin.String(CustomMusicLogoPath)]$INFO[ListItem.Artist,,/logo.png]</texture>
					<fadetime>250</fadetime>	
				</control>
				<control type="image" id="1018">
					<!-- clearlogo e clearart -->
					<posx>420</posx>
					<posy>578</posy>
					<width>200</width>
					<height>72</height>
					<aspectratio align="right" aligny="bottom">keep</aspectratio>
					<texture background="true">$VAR[value_logoandclearart]</texture>
					<fadetime>250</fadetime>
					<visible>!Skin.HasSetting(noartwidevideo)</visible>
				</control>
				<control type="group">
					<!-- Linguagem de audio e legendas -->
					<posx>20</posx>
					<posy>585</posy>
					<include>AudioandSub</include>
					<visible>!Skin.HasSetting(nolanguageflags)</visible>
				</control>
				<control type="image">
					<posx>0</posx>
					<posy>573</posy>
					<width>640</width>
					<height>77</height>
					<texture>gradient_small.png</texture>
				</control>	
			</control>
			<control type="group">
				<animation effect="slide" start="700,0" end="0,0" time="400" easing="inout" tween="cubic">Visible</animation>
				<animation effect="slide" start="0,0" end="700,0" time="400" easing="inout" tween="cubic">Hidden</animation>
				<visible>Control.HasFocus(562)</visible>
				<control type="image">
					<posx>650</posx>
					<posy>280</posy>
					<height>1</height>
					<width>620</width>
					<texture>line.png</texture>
				</control>
				<control type="label">
					<include>WideLabel</include>
					<posy>20</posy>
					<label>$VAR[value_ground11_label]:</label>
				</control>
				<control type="label">
					<include>WideValue</include>
					<posy>40</posy>
					<label>$VAR[value_ground11_value]</label>
				</control>
				<control type="label">
					<include>WideLabel</include>
					<posy>70</posy>
					<label>$VAR[value_ground12_label]:</label>
				</control>
				<control type="label">
					<include>WideValue</include>
					<posy>90</posy>
					<label>$VAR[value_ground12_value]</label>
				</control>
				<control type="label">
					<include>WideLabel</include>
					<posy>120</posy>
					<label>$VAR[value_ground13_label]:</label>
				</control>
				<control type="label">
					<include>WideValue</include>
					<posy>140</posy>
					<label>$VAR[value_ground13_value]</label>
				</control>
				<control type="label">
					<!-- Written -->
					<include>WideLabel</include>
					<posy>170</posy>
					<label>$VAR[value_ground14_label]:</label>
				</control>
				<control type="label">
					<include>WideValue</include>
					<posy>190</posy>
					<label>$VAR[value_ground14_value]</label>
				</control>
			</control>
			<control type="scrollbar" id="80">
				<include>ScrollBar_Vertical</include>
				<posx>5</posx>
				<posy>68</posy>
				<height>580</height>
				<onleft>9900</onleft>
				<onright>51</onright>
				<include>Animation_Fade</include>
				<visible allowhiddenfocus="true">Control.IsVisible(51) + Control.HasFocus(80)</visible>
			</control>
		</control>
	</include>
</includes>