<includes>
	<!--##################################################################################   VISTA SETS - ID 65   ##################################################################################-->
	<include name="SetsLabel">
		<width>282</width>
		<height>13</height>
		<font>Font_15</font>
		<aligny>top</aligny>
		<align>left</align>
		<textcolor>$VAR[value_headercolor]</textcolor>
	</include>
	<include name="SetsValue">
		<width>282</width>
		<height>13</height>
		<align>left</align>
		<font>Font_16</font>
		<textcolor>FFFFFAF0</textcolor>
		<scroll>true</scroll>
	</include>
	<include name="ViewSets">
		<control type="group">
			<!-- default group -->
			<animation effect="fade" time="400">VisibleChange</animation>
			<visible>Control.IsVisible(65)</visible>
			<control type="image">
				<!-- fundo da parte de baixo -->
				<posx>0</posx>
				<posy>140</posy>
				<width>1280</width>
				<height>150</height>
				<texture>shadow_mask.png</texture>
				<colordiffuse>F9000000</colordiffuse>
				<animation effect="fade" end="85" condition="true">Conditional</animation>
			</control>
			<control type="image">
				<!-- fundo da lista -->
				<posx>900</posx>
				<posy>290</posy>
				<width>380</width>
				<height>362</height>
				<texture>darkgrey.png</texture>
				<colordiffuse>$VAR[value_texturecolor]</colordiffuse>
				<animation effect="fade" end="95" condition="true">Conditional</animation>
			</control>
			<control type="image">
				<posx>0</posx>
				<posy>261</posy>
				<width>1280</width>
				<height>30</height>
				<texture>shadow_h.png</texture>
				<colordiffuse>C3FFFFFF</colordiffuse>
			</control>
			<control type="image">
				<posx>0</posx>
				<posy>290</posy>
				<width>900</width>
				<height>362</height>
				<texture>darkgrey.png</texture>
				<colordiffuse>$VAR[value_texturecolor]</colordiffuse>
				<animation effect="fade" end="85" condition="true">Conditional</animation>
			</control>
			<control type="group">
				<visible>!StringCompare(ListItem.Label,..)</visible>
				<control type="label">
					<include>SetsLabel</include>
					<posx>30</posx>
					<posy>309</posy>
					<label>$VAR[value_ground6_label]</label>
					<visible>!Control.HasFocus(5801)</visible>
				</control>
				<control type="label">
					<include>SetsLabel</include>
					<posx>30</posx>
					<posy>309</posy>
					<label>345</label>
					<visible>Control.HasFocus(5801)</visible>
				</control>
				<control type="label">
					<include>SetsValue</include>
					<posx>30</posx>
					<posy>329</posy>
					<label>$VAR[value_ground6_value]</label>
					<visible>!Control.HasFocus(5801)</visible>
				</control>
				<control type="label">
					<include>SetsValue</include>
					<posx>30</posx>
					<posy>329</posy>
					<label>$INFO[Container(5801).ListItem.Property(Year)]</label>
					<visible>Control.HasFocus(5801)</visible>
				</control>
				<control type="label">
					<include>SetsLabel</include>
					<posx>30</posx>
					<posy>359</posy>
					<label>$LOCALIZE[21875]</label>
				</control>
				<control type="label">
					<include>SetsValue</include>
					<posx>30</posx>
					<posy>379</posy>
					<label>$INFO[ListItem.Country]$INFO[Window(0).Property(Set.Movies.Country)]</label>
				</control>
				<control type="label">
					<include>SetsLabel</include>
					<posx>352</posx>
					<posy>309</posy>
					<label>$LOCALIZE[515]</label>
				</control>
				<control type="label">
					<include>SetsValue</include>
					<posx>352</posx>
					<posy>329</posy>
					<label>$INFO[ListItem.Genre]$INFO[Window(0).Property(Set.Movies.Genre)]</label>
				</control>
				<control type="label">
					<include>SetsLabel</include>
					<posx>352</posx>
					<posy>359</posy>
					<label>$LOCALIZE[20388]</label>
				</control>
				<control type="label">
					<include>SetsValue</include>
					<posx>352</posx>
					<posy>379</posy>
					<label>$INFO[ListItem.studio]$INFO[Window(0).Property(Set.Movies.Studio)]</label>
				</control>
			</control>
			<control type="image">
				<posx>332</posx>
				<posy>291</posy>
				<width>2</width>
				<height>125</height>
				<texture>separator_v.png</texture>
			</control>
			<control type="image">
				<posx>0</posx>
				<posy>415</posy>
				<width>667</width>
				<height>2</height>
				<texture>separator.png</texture>
			</control>
			<control type="textbox">
				<!-- Plot -->
				<posx>30</posx>
				<posy>435</posy>
				<width>606</width>
				<height>196</height>	
				<align>justify</align>
				<font>Font_16</font>
				<label>$VAR[value_plotmoviesets]</label>
				<textcolor>FFFFFAF0</textcolor>
				<autoscroll delay="8000" time="2000" repeat="8000">!Skin.HasSetting(noinfoplotscroll)</autoscroll>
			</control>
			<control type="image">
				<!-- Fanart -->
				<posx>680</posx>
				<posy>301</posy>
				<height>340</height>
				<width>563</width>
				<fadetime>FanartCrossFadeTime</fadetime>
				<aspectratio align="left">keep</aspectratio>
				<texture fallback="DefaultExtraThumbs.png" background="true">$VAR[value_thumbmoviesets]</texture>
				<bordertexture border="-2">black.png</bordertexture>
				<animation effect="fade" start="0" end="100" time="350" tween="sine" easing="out" condition="true">Visible</animation>
				<visible>Control.HasFocus(5801)</visible>
			</control>

			<control type="group">
				<animation effect="slide" start="0,0" end="700,0" time="250" tween="sine" easing="out" condition="Control.HasFocus(5801)">Conditional</animation>
				<control type="group">
					<!-- VIDEO SEM ESTOJO -->
					<posx>670</posx>
					<posy>293</posy>
					<include>Animation_Fade</include>
					<visible>Skin.HasSetting(nosetsvideocase)</visible>
					<control type="image">
						<!-- Filmes/Fotos/Arquivos -->
						<posx>0</posx>
						<posy>0</posy>
						<width>230</width>
						<height>357</height>
						<fadetime>FanartCrossFadeTime</fadetime>
						<aspectratio align="right" aligny="bottom">stretch</aspectratio>
						<texture fallback="DefaultVideoPoster.png" background="true">$VAR[value_poster]</texture>
						<bordertexture border="-2">black.png</bordertexture>
					</control>
				</control>

				<control type="group">
					<!-- FILMES ESTOJO -->
					<posx>685</posx>
					<posy>285</posy>
					<include>Animation_Fade</include>
					<animation effect="slide" start="0,0" end="-8,0" time="250" tween="cubic" easing="out" condition="Control.HasFocus(80)">Conditional</animation>
					<visible>!Skin.HasSetting(nosetsvideocase)</visible>
					<control type="image">
						<!-- Poster -->
						<posx>-3</posx>
						<posy>45</posy>
						<width>203</width>
						<height>302</height>
						<fadetime>FanartCrossFadeTime</fadetime>
						<aspectratio align="right" aligny="bottom">stretch</aspectratio>
						<texture fallback="DefaultVideoPoster.png" background="true">$VAR[value_poster]</texture>
					</control>
					<control type="image">
						<!-- Estojo -->
						<posx>-22</posx>
						<posy>0</posy>
						<width>245</width>
						<height>377</height>
						<fadetime>FanartCrossFadeTime</fadetime>
						<texture>$VAR[value_videocase0]</texture>
					</control>
					<control type="image">
						<!-- Codec -->
						<posx>67</posx>
						<posy>-7</posy>
						<width>70</width>
						<height>70</height>
						<fadetime>FanartCrossFadeTime</fadetime>
						<align>center</align>
						<aligny>center</aligny>
						<aspectratio scalediffuse="true">keep</aspectratio>
						<texture>$VAR[value_videocodec0]</texture>
					</control>
				</control>
				<control type="list" id="65">
					<viewtype label="31826">list</viewtype>
					<posx>900</posx>
					<posy>291</posy>
					<width>380</width>
					<height>360</height>
					<onleft>80</onleft>
					<onright>5801</onright>
					<orientation>vertical</orientation>
					<pagecontrol>80</pagecontrol>
					<scrolltime>400</scrolltime>
					<preloaditems>2</preloaditems>
					<visible>Container.Content(movies) | Container.Content(sets)</visible>
					<itemlayout height="40">
						<control type="image">
							<posx>0</posx>
							<posy>0</posy>
							<width>380</width>
							<height>1</height>
							<texture>line.png</texture>
						</control>
						<control type="label">
							<posx>20</posx>
							<posy>0</posy>
							<height>40</height>
							<width>340</width>
							<aligny>center</aligny>
							<font>Font_18</font>
							<label>$INFO[ListItem.Label]</label>
							<include>listcolor</include>
						</control>
					</itemlayout>
					<focusedlayout height="40">
						<control type="image">
							<posx>0</posx>
							<posy>0</posy>
							<width>380</width>
							<height>40</height>
							<texture>settings_button_focus.png</texture>
							<animation effect="fade" start="100" end="30" time="0" condition="!Control.Hasfocus(65)">conditional</animation>
						</control>
						<control type="image">
							<posx>360</posx>
							<posy>0</posy>
							<width>20</width>
							<height>40</height>
							<texture>arrow_settings.png</texture>
							<colordiffuse>E4101010</colordiffuse>
							<include>Animation_Fade</include>
							<animation effect="fade" start="20" end="80" time="700" condition="true" pulse="true">Conditional</animation>
							<visible>SubString(ListItem.Path,videodb://movies/sets,left)</visible>
						</control>
						<control type="label">
							<posx>20</posx>
							<posy>0</posy>
							<height>40</height>
							<width>330</width>
							<aligny>center</aligny>
							<font>Font_22</font>
							<label>$INFO[ListItem.Label]</label>
							<include>listcolorfocus</include>
						</control>
					</focusedlayout>
				</control>
				<control type="image">
					<posx>900</posx>
					<posy>290</posy>
					<width>30</width>
					<height>362</height>
					<texture>shadow.png</texture>
					<colordiffuse>C3FFFFFF</colordiffuse>
				</control>
				<control type="image">
					<posx>900</posx>
					<posy>291</posy>
					<width>2</width>
					<height>360</height>
					<texture>separator_v.png</texture>
				</control>
			</control>
			<control type="image">
				<posx>667</posx>
				<posy>291</posy>
				<width>2</width>
				<height>360</height>
				<texture>separator_v.png</texture>
			</control>
			<control type="scrollbar" id="80">
				<include>ScrollBar_Vertical</include>
				<posx>875</posx>
				<posy>293</posy>
				<height>360</height>
				<onleft>9900</onleft>
				<onright>65</onright>
				<include>Animation_Fade</include>
				<visible allowhiddenfocus="true">Control.IsVisible(65) + Control.HasFocus(80)</visible>
			</control>
			<control type="image">
				<posx>0</posx>
				<posy>650</posy>
				<width>1280</width>
				<height>30</height>
				<texture flipy="true">shadow_h.png</texture>
				<colordiffuse>C3FFFFFF</colordiffuse>
			</control>
			<!-- Movies in Set -->
			<control type="list" id="5801">
				<viewtype>list</viewtype>
				<posx>30</posx>
				<posy>75</posy>
				<width>1230</width>
				<height>370</height>
				<onup>Skin.Reset(coverzoom)</onup>
				<onup>SetFocus(160)</onup>
				<onup>Skin.SetBool(moviezoom)</onup>
				<ondown>65</ondown>
				<orientation>horizontal</orientation>
				<scrolltime>350</scrolltime>
				<focusposition>3</focusposition>
				<preloaditems>2</preloaditems>
				<itemlayout condition="Skin.HasSetting(nosetsdiscart)" height="220" width="182">
					<!-- Sem disco -->
					<control type="image">
						<posx>0</posx>
						<posy>186</posy>
						<width>125</width>
						<height>180</height>
						<aspectratio align="center" aligny="top">keep</aspectratio>
						<texture flipy="true" diffuse="thumb_reflect.png" background="true">$INFO[ListItem.Icon]</texture>
						<bordertexture flipy="true" diffuse="thumb_reflect.png" border="-2">black.png</bordertexture>	
					</control>
					<control type="image">
						<posx>0</posx>
						<posy>5</posy>
						<width>125</width>
						<height>180</height>
						<aspectratio align="center" aligny="bottom">keep</aspectratio>
						<texture fallback="DefaultVideoPoster.png" background="true">$INFO[ListItem.Icon]</texture>
						<bordertexture border="-2">black.png</bordertexture>
					</control>
				</itemlayout>
				<itemlayout condition="!Skin.HasSetting(nosetsdiscart)" height="220" width="208">
					<!-- Com disco -->
					<control type="image">
						<posx>57</posx>
						<posy>10</posy>
						<width>130</width>
						<height>130</height>	
						<texture diffuse="cdart_diffuse.png" background="true">$INFO[ListItem.Property(Disc)]</texture>
						<fadetime>FanartCrossFadeTime</fadetime>
						<aspectratio align="center" aligny="center">keep</aspectratio>
						<animation effect="rotate" start="0" end="-360" center="auto" time="40000" delay="5000" loop="true" reversible="false" condition="!Player.HasVideo">Conditional</animation>
						<include>Animation_ViewsCDart</include>
						<visible>!IsEmpty(ListItem.Property(Disc))</visible>
					</control>
					<control type="image">
						<posx>0</posx>
						<posy>186</posy>
						<width>125</width>
						<height>180</height>
						<aspectratio align="center" aligny="top">keep</aspectratio>
						<texture flipy="true" diffuse="thumb_reflect.png" background="true">$INFO[ListItem.Icon]</texture>
						<bordertexture flipy="true" diffuse="thumb_reflect.png" border="-2">black.png</bordertexture>	
					</control>
					<control type="image">
						<posx>0</posx>
						<posy>5</posy>
						<width>125</width>
						<height>180</height>
						<aspectratio align="center" aligny="bottom">keep</aspectratio>
						<texture fallback="DefaultVideoPoster.png" background="true">$INFO[ListItem.Icon]</texture>
						<bordertexture border="-2">black.png</bordertexture>
					</control>
				</itemlayout>
				<focusedlayout condition="Skin.HasSetting(nosetsdiscart)" height="220" width="182">
					<!-- Sem disco -->
					<control type="image">
						<posx>0</posx>
						<posy>187</posy>
						<width>125</width>
						<height>180</height>
						<aspectratio align="center" aligny="top">keep</aspectratio>
						<texture flipy="true" diffuse="thumb_reflect.png" background="true">$INFO[ListItem.Icon]</texture>
						<bordertexture flipy="true" diffuse="thumb_reflect.png" border="-2">grey.png</bordertexture>	
						<animation effect="zoom" start="100" end="115" center="125,180" time="400" easing="out" reversible="false" tween="cubic">Focus</animation>
					</control>
					<control type="image">
						<posx>0</posx>
						<posy>2</posy>
						<width>125</width>
						<height>180</height>
						<aspectratio align="center" aligny="bottom">keep</aspectratio>
						<texture fallback="DefaultVideoPoster.png" background="true">$INFO[ListItem.Icon]</texture>
						<bordertexture border="-2">grey.png</bordertexture>
						<animation effect="zoom" start="100" end="115" center="125,180" time="400" easing="out" reversible="false" tween="cubic">Focus</animation>
					</control>
				</focusedlayout>
				<focusedlayout condition="!Skin.HasSetting(nosetsdiscart)" height="220" width="208">
					<!-- Com disco -->
					<control type="group">
						<animation effect="zoom" start="100" end="115" center="125,180" time="400" easing="out" reversible="false" tween="cubic">Focus</animation>
						<control type="image">
							<posx>57</posx>
							<posy>10</posy>
							<width>130</width>
							<height>130</height>
							<texture diffuse="cdart_diffuse.png" background="true">$INFO[ListItem.Property(Disc)]</texture>
							<fadetime>FanartCrossFadeTime</fadetime>
							<aspectratio align="center" aligny="center">keep</aspectratio>
							<animation effect="rotate" start="0" end="-360" center="auto" time="40000" delay="5000" loop="true" reversible="false" condition="!Player.HasVideo">Conditional</animation>
							<include>Animation_ViewsCDart</include>
							<visible>!IsEmpty(ListItem.Property(Disc))</visible>
						</control>
						<control type="image">
							<posx>0</posx>
							<posy>187</posy>
							<width>125</width>
							<height>180</height>
							<aspectratio align="center" aligny="top">keep</aspectratio>
							<texture flipy="true" diffuse="thumb_reflect.png" background="true">$INFO[ListItem.Icon]</texture>
							<bordertexture flipy="true" diffuse="thumb_reflect.png" border="-2">grey.png</bordertexture>	
						</control>
						<control type="image">
							<posx>0</posx>
							<posy>2</posy>
							<width>125</width>
							<height>180</height>
							<aspectratio align="center" aligny="bottom">keep</aspectratio>
							<texture fallback="DefaultVideoPoster.png" background="true">$INFO[ListItem.Icon]</texture>
							<bordertexture border="-2">grey.png</bordertexture>
						</control>
					</control>
				</focusedlayout>
				<content>
					<item>
						<label>$INFO[Window(0).Property(Set.Movie.1.Title)]</label>
						<icon>$INFO[Window(0).Property(Set.Movie.1.Art(poster))]</icon>
						<property name="Disc">$INFO[Window(0).Property(Set.Movie.1.Art(discart))]</property>
						<property name="Fanart">$INFO[Window(0).Property(Set.Movie.1.Art(fanart))]</property>
						<property name="Plot">$INFO[Window(0).Property(Set.Movie.1.Plot)]</property>
						<property name="Year">$INFO[Window(0).Property(Set.Movie.1.Year)]</property>
						<onclick>RunScript(service.skin.widgets,movieid=$INFO[Window(0).Property(Set.Movie.1.DBID)])</onclick>
						<visible>!IsEmpty(Window(0).Property(Set.Movie.1.Art(poster)))</visible>
					</item>
					<item>
						<label>$INFO[Window(0).Property(Set.Movie.2.Title)]</label>
						<icon>$INFO[Window(0).Property(Set.Movie.2.Art(poster))]</icon>
						<property name="Disc">$INFO[Window(0).Property(Set.Movie.2.Art(discart))]</property>
						<property name="Fanart">$INFO[Window(0).Property(Set.Movie.2.Art(fanart))]</property>
						<property name="Plot">$INFO[Window(0).Property(Set.Movie.2.Plot)]</property>
						<property name="Year">$INFO[Window(0).Property(Set.Movie.2.Year)]</property>
						<onclick>RunScript(service.skin.widgets,movieid=$INFO[Window(0).Property(Set.Movie.2.DBID)])</onclick>
						<visible>!IsEmpty(Window(0).Property(Set.Movie.2.Art(poster)))</visible>
					</item>
					<item>
						<label>$INFO[Window(0).Property(Set.Movie.3.Title)]</label>
						<icon>$INFO[Window(0).Property(Set.Movie.3.Art(poster))]</icon>
						<property name="Disc">$INFO[Window(0).Property(Set.Movie.3.Art(discart))]</property>
						<property name="Fanart">$INFO[Window(0).Property(Set.Movie.3.Art(fanart))]</property>
						<property name="Plot">$INFO[Window(0).Property(Set.Movie.3.Plot)]</property>
						<property name="Year">$INFO[Window(0).Property(Set.Movie.3.Year)]</property>
						<onclick>RunScript(service.skin.widgets,movieid=$INFO[Window(0).Property(Set.Movie.3.DBID)])</onclick>
						<visible>!IsEmpty(Window(0).Property(Set.Movie.3.Art(poster)))</visible>
					</item>
					<item>
						<label>$INFO[Window(0).Property(Set.Movie.4.Title)]</label>
						<icon>$INFO[Window(0).Property(Set.Movie.4.Art(poster))]</icon>
						<property name="Disc">$INFO[Window(0).Property(Set.Movie.4.Art(discart))]</property>
						<property name="Fanart">$INFO[Window(0).Property(Set.Movie.4.Art(fanart))]</property>
						<property name="Plot">$INFO[Window(0).Property(Set.Movie.4.Plot)]</property>
						<property name="Year">$INFO[Window(0).Property(Set.Movie.4.Year)]</property>
						<onclick>RunScript(service.skin.widgets,movieid=$INFO[Window(0).Property(Set.Movie.4.DBID)])</onclick>
						<visible>!IsEmpty(Window(0).Property(Set.Movie.4.Art(poster)))</visible>
					</item>
					<item>
						<label>$INFO[Window(0).Property(Set.Movie.5.Title)]</label>
						<icon>$INFO[Window(0).Property(Set.Movie.5.Art(poster))]</icon>
						<property name="Disc">$INFO[Window(0).Property(Set.Movie.5.Art(discart))]</property>
						<property name="Fanart">$INFO[Window(0).Property(Set.Movie.5.Art(fanart))]</property>
						<property name="Plot">$INFO[Window(0).Property(Set.Movie.5.Plot)]</property>
						<property name="Year">$INFO[Window(0).Property(Set.Movie.5.Year)]</property>
						<onclick>RunScript(service.skin.widgets,movieid=$INFO[Window(0).Property(Set.Movie.5.DBID)])</onclick>
						<visible>!IsEmpty(Window(0).Property(Set.Movie.5.Art(poster)))</visible>
					</item>
					<item>
						<label>$INFO[Window(0).Property(Set.Movie.6.Title)]</label>
						<icon>$INFO[Window(0).Property(Set.Movie.6.Art(poster))]</icon>
						<property name="Disc">$INFO[Window(0).Property(Set.Movie.6.Art(discart))]</property>
						<property name="Fanart">$INFO[Window(0).Property(Set.Movie.6.Art(fanart))]</property>
						<property name="Plot">$INFO[Window(0).Property(Set.Movie.6.Plot)]</property>
						<property name="Year">$INFO[Window(0).Property(Set.Movie.6.Year)]</property>
						<onclick>RunScript(service.skin.widgets,movieid=$INFO[Window(0).Property(Set.Movie.6.DBID)])</onclick>
						<visible>!IsEmpty(Window(0).Property(Set.Movie.6.Art(poster)))</visible>
					</item>
					<item>
						<label>$INFO[Window(0).Property(Set.Movie.7.Title)]</label>
						<icon>$INFO[Window(0).Property(Set.Movie.7.Art(poster))]</icon>
						<property name="Disc">$INFO[Window(0).Property(Set.Movie.7.Art(discart))]</property>
						<property name="Fanart">$INFO[Window(0).Property(Set.Movie.7.Art(fanart))]</property>
						<property name="Plot">$INFO[Window(0).Property(Set.Movie.7.Plot)]</property>
						<property name="Year">$INFO[Window(0).Property(Set.Movie.7.Year)]</property>
						<onclick>RunScript(service.skin.widgets,movieid=$INFO[Window(0).Property(Set.Movie.7.DBID)])</onclick>
						<visible>!IsEmpty(Window(0).Property(Set.Movie.7.Art(poster)))</visible>
					</item>
					<item>
						<label>$INFO[Window(0).Property(Set.Movie.8.Title)]</label>
						<icon>$INFO[Window(0).Property(Set.Movie.8.Art(poster))]</icon>
						<property name="Disc">$INFO[Window(0).Property(Set.Movie.8.Art(discart))]</property>
						<property name="Fanart">$INFO[Window(0).Property(Set.Movie.8.Art(fanart))]</property>
						<property name="Plot">$INFO[Window(0).Property(Set.Movie.8.Plot)]</property>
						<property name="Year">$INFO[Window(0).Property(Set.Movie.8.Year)]</property>
						<onclick>RunScript(service.skin.widgets,movieid=$INFO[Window(0).Property(Set.Movie.8.DBID)])</onclick>
						<visible>!IsEmpty(Window(0).Property(Set.Movie.8.Art(poster)))</visible>
					</item>
					<item>
						<label>$INFO[Window(0).Property(Set.Movie.9.Title)]</label>
						<icon>$INFO[Window(0).Property(Set.Movie.9.Art(poster))]</icon>
						<property name="Disc">$INFO[Window(0).Property(Set.Movie.9.Art(discart))]</property>
						<property name="Fanart">$INFO[Window(0).Property(Set.Movie.9.Art(fanart))]</property>
						<property name="Plot">$INFO[Window(0).Property(Set.Movie.9.Plot)]</property>
						<property name="Year">$INFO[Window(0).Property(Set.Movie.9.Year)]</property>
						<onclick>RunScript(service.skin.widgets,movieid=$INFO[Window(0).Property(Set.Movie.9.DBID)])</onclick>
						<visible>!IsEmpty(Window(0).Property(Set.Movie.9.Art(poster)))</visible>
					</item>
					<item>
						<label>$INFO[Window(0).Property(Set.Movie.10.Title)]</label>
						<icon>$INFO[Window(0).Property(Set.Movie.10.Art(poster))]</icon>
						<property name="Disc">$INFO[Window(0).Property(Set.Movie.10.Art(discart))]</property>
						<property name="Fanart">$INFO[Window(0).Property(Set.Movie.10.Art(fanart))]</property>
						<property name="Plot">$INFO[Window(0).Property(Set.Movie.10.Plot)]</property>
						<property name="Year">$INFO[Window(0).Property(Set.Movie.10.Year)]</property>
						<onclick>RunScript(service.skin.widgets,movieid=$INFO[Window(0).Property(Set.Movie.10.DBID)])</onclick>
						<visible>!IsEmpty(Window(0).Property(Set.Movie.10.Art(poster)))</visible>
					</item>
					<item>
						<label>$INFO[Window(0).Property(Set.Movie.11.Title)]</label>
						<icon>$INFO[Window(0).Property(Set.Movie.11.Art(poster))]</icon>
						<property name="Disc">$INFO[Window(0).Property(Set.Movie.11.Art(discart))]</property>
						<property name="Fanart">$INFO[Window(0).Property(Set.Movie.11.Art(fanart))]</property>
						<property name="Plot">$INFO[Window(0).Property(Set.Movie.11.Plot)]</property>
						<property name="Year">$INFO[Window(0).Property(Set.Movie.11.Year)]</property>
						<onclick>RunScript(service.skin.widgets,movieid=$INFO[Window(0).Property(Set.Movie.11.DBID)])</onclick>
						<visible>!IsEmpty(Window(0).Property(Set.Movie.11.Art(poster)))</visible>
					</item>
					<item>
						<label>$INFO[Window(0).Property(Set.Movie.12.Title)]</label>
						<icon>$INFO[Window(0).Property(Set.Movie.12.Art(poster))]</icon>
						<property name="Disc">$INFO[Window(0).Property(Set.Movie.12.Art(discart))]</property>
						<property name="Fanart">$INFO[Window(0).Property(Set.Movie.12.Art(fanart))]</property>
						<property name="Plot">$INFO[Window(0).Property(Set.Movie.12.Plot)]</property>
						<property name="Year">$INFO[Window(0).Property(Set.Movie.12.Year)]</property>
						<onclick>RunScript(service.skin.widgets,movieid=$INFO[Window(0).Property(Set.Movie.12.DBID)])</onclick>
						<visible>!IsEmpty(Window(0).Property(Set.Movie.12.Art(poster)))</visible>
					</item>
					<item>
						<label>$INFO[Window(0).Property(Set.Movie.13.Title)]</label>
						<icon>$INFO[Window(0).Property(Set.Movie.13.Art(poster))]</icon>
						<property name="Disc">$INFO[Window(0).Property(Set.Movie.13.Art(discart))]</property>
						<property name="Fanart">$INFO[Window(0).Property(Set.Movie.13.Art(fanart))]</property>
						<property name="Plot">$INFO[Window(0).Property(Set.Movie.13.Plot)]</property>
						<property name="Year">$INFO[Window(0).Property(Set.Movie.13.Year)]</property>
						<onclick>RunScript(service.skin.widgets,movieid=$INFO[Window(0).Property(Set.Movie.13.DBID)])</onclick>
						<visible>!IsEmpty(Window(0).Property(Set.Movie.13.Art(poster)))</visible>
					</item>
					<item>
						<label>$INFO[Window(0).Property(Set.Movie.14.Title)]</label>
						<icon>$INFO[Window(0).Property(Set.Movie.14.Art(poster))]</icon>
						<property name="Disc">$INFO[Window(0).Property(Set.Movie.14.Art(discart))]</property>
						<property name="Fanart">$INFO[Window(0).Property(Set.Movie.14.Art(fanart))]</property>
						<property name="Plot">$INFO[Window(0).Property(Set.Movie.14.Plot)]</property>
						<property name="Year">$INFO[Window(0).Property(Set.Movie.14.Year)]</property>
						<onclick>RunScript(service.skin.widgets,movieid=$INFO[Window(0).Property(Set.Movie.14.DBID)])</onclick>
						<visible>!IsEmpty(Window(0).Property(Set.Movie.14.Art(poster)))</visible>
					</item>
					<item>
						<label>$INFO[Window(0).Property(Set.Movie.15.Title)]</label>
						<icon>$INFO[Window(0).Property(Set.Movie.15.Art(poster))]</icon>
						<property name="Disc">$INFO[Window(0).Property(Set.Movie.15.Art(discart))]</property>
						<property name="Fanart">$INFO[Window(0).Property(Set.Movie.15.Art(fanart))]</property>
						<property name="Plot">$INFO[Window(0).Property(Set.Movie.15.Plot)]</property>
						<property name="Year">$INFO[Window(0).Property(Set.Movie.15.Year)]</property>
						<onclick>RunScript(service.skin.widgets,movieid=$INFO[Window(0).Property(Set.Movie.15.DBID)])</onclick>
						<visible>!IsEmpty(Window(0).Property(Set.Movie.15.Art(poster)))</visible>
					</item>
					<item>
						<label>$INFO[Window(0).Property(Set.Movie.16.Title)]</label>
						<icon>$INFO[Window(0).Property(Set.Movie.16.Art(poster))]</icon>
						<property name="Disc">$INFO[Window(0).Property(Set.Movie.16.Art(discart))]</property>
						<property name="Fanart">$INFO[Window(0).Property(Set.Movie.16.Art(fanart))]</property>
						<property name="Plot">$INFO[Window(0).Property(Set.Movie.16.Plot)]</property>
						<property name="Year">$INFO[Window(0).Property(Set.Movie.16.Year)]</property>
						<onclick>RunScript(service.skin.widgets,movieid=$INFO[Window(0).Property(Set.Movie.16.DBID)])</onclick>
						<visible>!IsEmpty(Window(0).Property(Set.Movie.16.Art(poster)))</visible>
					</item>
					<item>
						<label>$INFO[Window(0).Property(Set.Movie.17.Title)]</label>
						<icon>$INFO[Window(0).Property(Set.Movie.17.Art(poster))]</icon>
						<property name="Disc">$INFO[Window(0).Property(Set.Movie.17.Art(discart))]</property>
						<property name="Fanart">$INFO[Window(0).Property(Set.Movie.17.Art(fanart))]</property>
						<property name="Plot">$INFO[Window(0).Property(Set.Movie.17.Plot)]</property>
						<property name="Year">$INFO[Window(0).Property(Set.Movie.17.Year)]</property>
						<onclick>RunScript(service.skin.widgets,movieid=$INFO[Window(0).Property(Set.Movie.17.DBID)])</onclick>
						<visible>!IsEmpty(Window(0).Property(Set.Movie.17.Art(poster)))</visible>
					</item>
					<item>
						<label>$INFO[Window(0).Property(Set.Movie.18.Title)]</label>
						<icon>$INFO[Window(0).Property(Set.Movie.18.Art(poster))]</icon>
						<property name="Disc">$INFO[Window(0).Property(Set.Movie.18.Art(discart))]</property>
						<property name="Fanart">$INFO[Window(0).Property(Set.Movie.18.Art(fanart))]</property>
						<property name="Plot">$INFO[Window(0).Property(Set.Movie.18.Plot)]</property>
						<property name="Year">$INFO[Window(0).Property(Set.Movie.18.Year)]</property>
						<onclick>RunScript(service.skin.widgets,movieid=$INFO[Window(0).Property(Set.Movie.18.DBID)])</onclick>
						<visible>!IsEmpty(Window(0).Property(Set.Movie.18.Art(poster)))</visible>
					</item>
					<item>
						<label>$INFO[Window(0).Property(Set.Movie.19.Title)]</label>
						<icon>$INFO[Window(0).Property(Set.Movie.19.Art(poster))]</icon>
						<property name="Disc">$INFO[Window(0).Property(Set.Movie.19.Art(discart))]</property>
						<property name="Fanart">$INFO[Window(0).Property(Set.Movie.19.Art(fanart))]</property>
						<property name="Plot">$INFO[Window(0).Property(Set.Movie.19.Plot)]</property>
						<property name="Year">$INFO[Window(0).Property(Set.Movie.19.Year)]</property>
						<onclick>RunScript(service.skin.widgets,movieid=$INFO[Window(0).Property(Set.Movie.19.DBID)])</onclick>
						<visible>!IsEmpty(Window(0).Property(Set.Movie.19.Art(poster)))</visible>
					</item>
					<item>
						<label>$INFO[Window(0).Property(Set.Movie.20.Title)]</label>
						<icon>$INFO[Window(0).Property(Set.Movie.20.Art(poster))]</icon>
						<property name="Disc">$INFO[Window(0).Property(Set.Movie.20.Art(discart))]</property>
						<property name="Fanart">$INFO[Window(0).Property(Set.Movie.20.Art(fanart))]</property>
						<property name="Plot">$INFO[Window(0).Property(Set.Movie.20.Plot)]</property>
						<property name="Year">$INFO[Window(0).Property(Set.Movie.20.Year)]</property>
						<onclick>RunScript(service.skin.widgets,movieid=$INFO[Window(0).Property(Set.Movie.20.DBID)])</onclick>
						<visible>!IsEmpty(Window(0).Property(Set.Movie.20.Art(poster)))</visible>
					</item>
				</content>
			</control>
			<control type="button" id="160">
				<include>InvisibleButton</include>
				<onup condition="Skin.HasSetting(moviezoom)">SetFocus(5801)</onup>
				<onup condition="Skin.HasSetting(coverzoom)">SetFocus(65)</onup>
				<ondown condition="Skin.HasSetting(moviezoom)">SetFocus(5801)</ondown>
				<ondown condition="Skin.HasSetting(coverzoom)">SetFocus(65)</ondown>
				<onleft condition="Skin.HasSetting(moviezoom)">SetFocus(5801)</onleft>
				<onleft condition="Skin.HasSetting(coverzoom)">SetFocus(65)</onleft>
				<onright condition="Skin.HasSetting(moviezoom)">SetFocus(5801)</onright>
				<onright condition="Skin.HasSetting(coverzoom)">SetFocus(65)</onright>
			</control>
			<control type="image">
				<posx>0</posx>
				<posy>0</posy>
				<width>1280</width>
				<height>720</height>
				<texture>darkgrey.png</texture>
				<animation effect="fade" start="0" end="100" time="200">Visible</animation>
				<animation effect="fade" start="100" end="0" time="400">Hidden</animation>
				<visible>Control.HasFocus(160)</visible>
			</control>
			<control type="image">
				<posx>0</posx>
				<posy>0</posy>
				<width>1280</width>
				<height>720</height>
				<texture>hive_back.png</texture>
				<animation effect="fade" start="0" end="100" time="200">Visible</animation>
				<animation effect="fade" start="100" end="0" time="400">Hidden</animation>
				<visible>Control.HasFocus(160)</visible>
			</control>
			<control type="group">
				<posx>-1280</posx>
				<posy>15</posy>
				<animation effect="slide" start="0,0" end="1280,0" time="400" tween="cubic" easing="inout" condition="Control.HasFocus(160)">Conditional</animation>
				<animation effect="slide" start="0,0" end="0,-25" time="600" delay="1000" tween="cubic" easing="inout" condition="Control.HasFocus(160)">Conditional</animation>
				<control type="image">
					<!-- Cover -->
					<posx>390</posx>
					<posy>32</posy>
					<width>500</width>
					<height>640</height>
					<aspectratio>keep</aspectratio>
					<texture background="true">$INFO[Container(65).ListItem.Icon]</texture>
					<visible>Skin.HasSetting(coverzoom)</visible>
				</control>
				<control type="image">
					<!-- Movie -->
					<posx>390</posx>
					<posy>32</posy>
					<width>500</width>
					<height>640</height>
					<aspectratio>keep</aspectratio>
					<texture background="true">$INFO[Container(5801).ListItem.Icon]</texture>
					<visible>Skin.HasSetting(moviezoom)</visible>
				</control>
			</control>
			<control type="group">
				<visible>Control.HasFocus(160)</visible>
				<animation effect="slide" start="0,0" end="0,-80" time="600" delay="1000" tween="cubic" easing="inout" condition="Control.HasFocus(160)">Conditional</animation>
				<control type="image">
					<posx>0</posx>
					<posy>760</posy>
					<height>40</height>
					<width>1280</width>
					<texture>black.png</texture>
					<colordiffuse>95000000</colordiffuse>
				</control>
				<control type="label">
					<posx>0</posx>
					<posy>760</posy>
					<height>40</height>
					<width>1280</width>
					<align>center</align>
					<aligny>center</aligny>
					<label>$INFO[Container(5801).ListItem.Label]</label>
					<font>Font_23</font>
					<textcolor>FFFFFAF0</textcolor>
					<scroll>true</scroll>
					<scrollout>false</scrollout>
				</control>
				<control type="image">
					<posx>0</posx>
					<posy>760</posy>
					<height>40</height>
					<width>1280</width>
					<texture>gradient_small.png</texture>
				</control>
			</control>
		</control>
	</include>
</includes>