<includes>
	<!--##################################################################################   VISTA SHOWART- ID 60   ##################################################################################-->
	<include name="ShowArtLabel">
		<posx>60</posx>
		<width>400</width>
		<height>13</height>
		<font>Font_15</font>
		<textcolor>$VAR[value_headercolor]</textcolor>
	</include>
	<include name="ShowArtValue">
		<posx>60</posx>
		<width>400</width>
		<height>13</height>
		<align>left</align>
		<font>Font_16</font>
		<textcolor>FFFFFAF0</textcolor>
		<scroll>true</scroll>
	</include>
	<include name="ViewShowArt">
		<control type="group">
			<!-- default group -->
			<control type="button" id="9960">
				<include>InvisibleButton</include>
				<onleft>60</onleft>
				<onright>60</onright>
				<onup>9900</onup>
				<ondown>60</ondown>
			</control>
			<visible>Control.IsVisible(60)</visible>
			<control type="group">
				<!-- painel de info -->
				<animation effect="slide" start="0,-600" end="0,0" time="500" tween="sine" easing="out">Visible</animation>
				<animation effect="slide" start="0,0" end="0,-600" time="500" tween="sine" easing="out">Hidden</animation>
				<visible>[Control.HasFocus(9960) | Skin.HasSetting(showartpanel_on)] + !StringCompare(ListItem.Label,..)</visible>
				<control type="image">
					<posx>0</posx>
					<posy>56</posy>
					<width>1280</width>
					<height>30</height>
					<texture>shadow_h.png</texture>
					<colordiffuse>C3FFFFFF</colordiffuse>
				</control>
				<control type="image">
					<posx>0</posx>
					<posy>85</posy>
					<width>1280</width>
					<height>485</height>
					<texture>darkgrey.png</texture>
					<colordiffuse>$VAR[value_texturecolor]</colordiffuse>
					<animation effect="fade" end="85" condition="true">Conditional</animation>
				</control>
				<control type="image">
					<posx>485</posx>
					<posy>85</posy>
					<width>2</width>
					<height>435</height>
					<texture>separator_v.png</texture>
				</control>
				<control type="label">
					<include>ShowArtLabel</include>
					<posy>106</posy>
					<label>$VAR[value_ground1_label]</label>
				</control>
				<control type="fadelabel">
					<include>ShowArtValue</include>
					<posy>126</posy>
					<label>$VAR[value_ground1_value]</label>
				</control>
				<control type="label">
					<include>ShowArtLabel</include>
					<posy>156</posy>
					<label>$VAR[value_ground2_label]</label>
				</control>
				<control type="fadelabel">
					<include>ShowArtValue</include>
					<posy>176</posy>
					<label>$VAR[value_ground2_value]</label>
				</control>
				<control type="label">
					<include>ShowArtLabel</include>
					<posy>206</posy>
					<label>$VAR[value_ground3_label]</label>
				</control>
				<control type="fadelabel">
					<include>ShowArtValue</include>
					<posy>226</posy>
					<label>$VAR[value_ground3_value]</label>
				</control>
				<control type="image">
					<posx>0</posx>
					<posy>258</posy>
					<width>485</width>
					<height>2</height>
					<texture>separator.png</texture>
				</control>
				<control type="textbox">
					<posx>60</posx>
					<posy>273</posy>
					<width>400</width>
					<height>235</height>
					<font>Font_16</font>
					<label>$VAR[value_plot]</label>
					<autoscroll delay="15000" time="2000" repeat="15000">!Skin.HasSetting(noallowscroll)</autoscroll>
				</control>
				<control type="image">
					<posx>0</posx>
					<posy>520</posy>
					<width>1280</width>
					<height>2</height>
					<texture>separator.png</texture>
				</control>
				<control type="image">
					<posx>515</posx>
					<posy>64</posy>
					<width>695</width>
					<height>480</height>
					<aspectratio>keep</aspectratio>
					<texture background="true">$INFO[ListItem.Art(fanart)]</texture>
					<bordertexture border="-2">black.png</bordertexture>
					<fadetime>FanartCrossFadeTime</fadetime>
				</control>
			</control>
			<control type="image">
				<posx>0</posx>
				<posy>541</posy>
				<width>1280</width>
				<height>30</height>
				<texture>shadow_h.png</texture>
				<colordiffuse>C3FFFFFF</colordiffuse>
				<include>Animation_Fade</include>
			</control>
			<control type="image">
				<posx>0</posx>
				<posy>650</posy>
				<width>1280</width>
				<height>30</height>
				<texture flipy="true">shadow_h.png</texture>
				<colordiffuse>C3FFFFFF</colordiffuse>
			</control>
			<control type="image">
				<posx>0</posx>
				<posy>570</posy>
				<width>1280</width>
				<height>80</height>
				<texture>darkgrey.png</texture>
				<colordiffuse>$VAR[value_texturecolor]</colordiffuse>
				<animation effect="fade" end="95" condition="true">Conditional</animation>
			</control>
			<control type="wraplist" id="60">
				<viewtype label="31821">list</viewtype>
				<posx>95</posx>
				<posy>535</posy>
				<width>1095</width>
				<height>300</height>
				<pagecontrol>80</pagecontrol>
				<onup condition="![StringCompare(ListItem.Label,..) | Skin.HasSetting(showartpanel_on)]">9960</onup>
				<onup condition="StringCompare(ListItem.Label,..) | Skin.HasSetting(showartpanel_on)">9900</onup>
				<ondown>80</ondown>
				<orientation>horizontal</orientation>
				<focusposition>2</focusposition>
				<scrolltime>400</scrolltime>
				<preloaditems>2</preloaditems>
				<animation effect="slide" start="0,0" end="0,-32" time="300" tween="sine" easing="out" condition="Control.HasFocus(80)">Conditional</animation>
				<itemlayout width="219" height="300">
					<control type="image">
						<!-- clearlogo e clearart -->
						<posx>4</posx>
						<posy>0</posy>
						<width>204</width>
						<height>114</height>
						<texture fallback="ace_logo_small.png" background="true">$VAR[value_logoandclearart]</texture>
						<aspectratio align="center" aligny="bottom">keep</aspectratio>
					</control>
					<control type="image">
						<posx>180</posx>
						<posy>86</posy>
						<width>30</width>
						<height>30</height>
						<info>ListItem.Overlay</info>
						<texture flipy="true">$INFO[ListItem.Overlay]</texture>
						<aspectratio align="center" aligny="bottom">keep</aspectratio>
						<visible>!Skin.HasSetting(nooverlays)</visible>
					</control>
					<control type="label">
						<posx>107</posx>
						<posy>98</posy>
						<width>185</width>
						<height>60</height>
						<align>center</align>
						<label>[UPPERCASE]$LOCALIZE[31589] $INFO[ListItem.Season][/UPPERCASE]</label>
						<font>Font_16</font>
						<visible>Container.Content(seasons) + !IsEmpty(ListItem.Season)</visible>
					</control>
					<control type="label">
						<posx>107</posx>
						<posy>98</posy>
						<width>185</width>
						<height>60</height>
						<align>center</align>
						<label>[UPPERCASE]$LOCALIZE[31589][/UPPERCASE]</label>
						<font>Font_16</font>
						<visible>Container.Content(seasons) + IsEmpty(ListItem.Season)</visible>
					</control>
				</itemlayout>
				<focusedlayout width="219" height="300">
					<control type="image">
						<!-- clearlogo e clearart -->
						<posx>4</posx>
						<posy>0</posy>
						<width>204</width>
						<height>114</height>
						<texture fallback="ace_logo_small.png" background="true">$VAR[value_logoandclearart]</texture>
						<aspectratio align="center" aligny="bottom">keep</aspectratio>
					</control>
					<control type="image">
						<posx>180</posx>
						<posy>86</posy>
						<width>30</width>
						<height>30</height>
						<info>ListItem.Overlay</info>
						<texture flipy="true">$INFO[ListItem.Overlay]</texture>
						<aspectratio align="center" aligny="bottom">keep</aspectratio>
						<visible>!Skin.HasSetting(nooverlays)</visible>
					</control>
					<control type="label">
						<posx>107</posx>
						<posy>98</posy>
						<width>185</width>
						<height>60</height>
						<align>center</align>
						<label>[UPPERCASE]$LOCALIZE[31528] $INFO[ListItem.Season].$INFO[ListItem.Episode][/UPPERCASE]</label>
						<font>Font_16</font>
						<animation effect="zoom" center="106,50" start="80" end="110" time="200" tween="cubic" easing="inout">Focus</animation>
						<visible>Container.Content(episodes)</visible>
					</control>
					<control type="label">
						<posx>107</posx>
						<posy>98</posy>
						<width>185</width>
						<height>60</height>
						<align>center</align>
						<label>[UPPERCASE]$LOCALIZE[31589] $INFO[ListItem.Season][/UPPERCASE]</label>
						<font>Font_16</font>
						<animation effect="zoom" center="106,50" start="80" end="110" time="200" tween="cubic" easing="inout">Focus</animation>
						<visible>Container.Content(seasons) + !IsEmpty(ListItem.Season)</visible>
					</control>
					<control type="label">
						<posx>107</posx>
						<posy>98</posy>
						<width>185</width>
						<height>60</height>
						<align>center</align>
						<label>[UPPERCASE]$LOCALIZE[31589][/UPPERCASE]</label>
						<font>Font_16</font>
						<animation effect="zoom" center="106,50" start="80" end="110" time="200" tween="cubic" easing="inout">Focus</animation>
						<visible>Container.Content(seasons) + IsEmpty(ListItem.Season)</visible>
					</control>
				</focusedlayout>
			</control>
			<control type="scrollbar" id="80">
				<include>ScrollBar_Horizontal</include>
				<posx>305</posx>
				<posy>613</posy>
				<width>670</width>
				<onup>SetFocus(60)</onup>
				<ondown>9920</ondown>
				<include>Animation_Fade</include>
				<visible allowhiddenfocus="true">Control.IsVisible(60) + Control.HasFocus(80)</visible>
			</control>
		</control>
	</include>
</includes>