<includes>
	<!--##################################################################################   VISTA POSTER - ID 54   #############################################################################-->
	<include name="PosterLabel">
		<height>13</height>
		<width>160</width>
		<font>Font_15</font>
		<align>left</align>
		<textcolor>$VAR[value_headercolor]</textcolor>
	</include>
	<include name="PosterValue">
		<height>13</height>
		<width>300</width>
		<font>Font_16</font>
		<align>left</align>
		<textcolor>FFFFFAF0</textcolor>
		<scroll>true</scroll>
	</include>
	<include name="PosterFixedList">
		<control type="fixedlist" id="54">
			<include>Poster_Content</include>
		</control>
	</include>
	<include name="PosterWrapList">
		<control type="wraplist" id="54">
			<include>Poster_Content</include>
		</control>
	</include>
	<include name="Poster_Content">
		<viewtype label="31808">list</viewtype>
		<posx>-88</posx>
		<posy>120</posy>
		<width>1420</width>
		<height>400</height>
		<onleft>54</onleft>
		<onright>54</onright>
		<onup>9900</onup>
		<ondown>80</ondown>
		<orientation>horizontal</orientation>
		<focusposition>2</focusposition>
		<scrolltime>400</scrolltime>
		<preloaditems>2</preloaditems>
		<pagecontrol>80</pagecontrol>
		<itemlayout width="298" height="360">
			<control type="image">
				<posx>0</posx>
				<posy>6</posy>
				<width>260</width>
				<height>350</height>
				<aspectratio align="center" aligny="bottom">keep</aspectratio>
				<bordertexture border="-2">black.png</bordertexture>
				<texture fallback="DefaultVideoPoster.png" background="true">$VAR[value_poster]</texture>
			</control>
			<control type="image">
				<posx>212</posx>
				<posy>320</posy>
				<width>40</width>
				<height>40</height>
				<info>ListItem.Overlay</info>
				<texture flipy="true">$INFO[ListItem.Overlay]</texture>
				<aspectratio align="center" aligny="bottom">keep</aspectratio>
				<visible>!Skin.HasSetting(nooverlays) + Control.HasFocus(54)</visible>
			</control>
		</itemlayout>
		<focusedlayout width="298" height="360">
			<control type="image">
				<posx>0</posx>
				<posy>6</posy>
				<width>260</width>
				<height>350</height>
				<aspectratio align="center" aligny="bottom">keep</aspectratio>
				<texture fallback="DefaultVideoPoster.png" background="true">$VAR[value_poster]</texture>
				<bordertexture border="-2">black.png</bordertexture>
				<animation reversible="false" effect="zoom" end="120" center="auto" time="200">Focus</animation>
			</control>
			<control type="image">
				<posx>212</posx>
				<posy>320</posy>
				<width>40</width>
				<height>40</height>
				<texture flipy="true">$INFO[ListItem.Overlay]</texture>
				<aspectratio align="center" aligny="bottom">keep</aspectratio>
				<animation reversible="false" effect="slide" start="0,0" end="24,36" center="auto" time="200">Focus</animation>
				<animation reversible="false" effect="zoom" end="120" center="auto" time="200">Focus</animation>
				<visible>!Skin.HasSetting(nooverlays) + Control.HasFocus(54)</visible>
			</control>
		</focusedlayout>
	</include>
	<include name="ViewPoster">
		<control type="group">
			<!-- default group -->
			<visible>Control.IsVisible(54)</visible>
			<control type="group">
				<!-- CDART VIDEO -->
				<animation type="WindowOpen">
					<effect type="slide" start="0,-100" end="0,0" time="500" delay="500" tween="cubic" easing="out"/>
					<effect type="fade" start="0" end="100" time="500" delay="500"/>
				</animation>
				<animation type="Visible">
					<effect type="slide" start="0,-100" end="0,0" time="500" delay="500" tween="cubic" easing="out"/>
					<effect type="fade" start="0" end="100" time="500" delay="500"/>
				</animation>
				<animation effect="fade" start="100" end="0" time="200">WindowClose</animation>
				<animation effect="fade" start="100" end="0" time="50">Hidden</animation>
				<visible>!IsEmpty(ListItem.Art(discart)) + !Skin.HasSetting(nodiscart) + Window.IsActive(25)</visible>
				<control type="image">
					<posx>497</posx>
					<posy>365</posy>
					<width>280</width>
					<height>280</height>
					<aligny>center</aligny>
					<texture>cdart.png</texture>
					<aspectratio align="center">keep</aspectratio>
					<animation effect="rotate" end="-360" center="auto" time="4000" loop="true" reversible="false" condition="Player.HasVideo + !Player.Paused">Conditional</animation>
				</control>
				<control type="image">
					<posx>497</posx>
					<posy>365</posy>
					<width>280</width>
					<height>280</height>
					<aligny>center</aligny>
					<fadetime>FanartCrossFadeTime</fadetime>
					<texture diffuse="cdart_diffuse.png" background="true">$INFO[ListItem.Art(discart)]</texture>
					<aspectratio align="center">keep</aspectratio>
					<animation effect="rotate" start="0" end="-360" center="auto" time="40000" delay="5000" loop="true" reversible="false" condition="!Player.HasVideo">Conditional</animation>
					<animation effect="rotate" end="-360" center="auto" time="4000" loop="true" reversible="false" condition="Player.HasVideo + !Player.Paused">Conditional</animation>
				</control>
			</control>
			<include>ViewBack</include>
			<!-- Fundo -->
			<control type="image">
				<posx>0</posx>
				<posy>515</posy>
				<width>1280</width>
				<height>134</height>
				<texture>black.png</texture>
				<colordiffuse>70FFFFFF</colordiffuse>
			</control>
			<control type="image" id="1008">
				<!-- clearlogo e clearart -->
				<posx>1035</posx>
				<posy>540</posy>
				<width>220</width>
				<height>110</height>
				<aligny>center</aligny>
				<texture background="true">$VAR[value_logoandclearart]</texture>
				<aspectratio align="right">keep</aspectratio>
				<fadetime>FanartCrossFadeTime</fadetime>
				<visible>!Skin.HasSetting(noartpostervideo)</visible>
			</control>
			<control type="image">
				<posx>0</posx>
				<posy>515</posy>
				<width>1280</width>
				<height>2</height>
				<texture>separator.png</texture>
			</control>
			<control type="image">
				<posx>350</posx>
				<posy>516</posy>
				<width>2</width>
				<height>134</height>
				<texture>separator_v.png</texture>
			</control>
			<control type="image">
				<posx>1020</posx>
				<posy>516</posy>
				<width>2</width>
				<height>134</height>
				<texture>separator_v.png</texture>
				<visible>![IsEmpty(Control.GetLabel(1008)) | Skin.HasSetting(noartpostervideo)]</visible>
			</control>
			<control type="group">
				<!-- Info-->
				<include>Animation_Fade</include>
				<visible>!StringCompare(ListItem.Label,..)</visible>
				<control type="label">
					<include>PosterLabel</include>
					<posx>30</posx>
					<posy>525</posy>
					<label>$VAR[value_ground1_label]</label>
				</control>
				<control type="label">
					<include>PosterValue</include>
					<posx>30</posx>
					<posy>542</posy>
					<label>$VAR[value_ground1_value]</label>
				</control>
				<control type="label">
					<include>PosterLabel</include>
					<posx>30</posx>
					<posy>565</posy>
					<label>$VAR[value_ground2_label]</label>
				</control>
				<control type="label">
					<include>PosterValue</include>
					<posx>30</posx>
					<posy>582</posy>
					<label>$VAR[value_ground2_value]</label>
				</control>
				<control type="label">
					<include>PosterLabel</include>
					<posx>30</posx>
					<posy>605</posy>
					<label>$VAR[value_ground3_label]</label>
				</control>
				<control type="label">
					<include>PosterValue</include>
					<posx>30</posx>
					<posy>622</posy>
					<label>$VAR[value_ground3_value]</label>
				</control>
			</control>
			<control type="textbox">
				<posx>366</posx>
				<posy>525</posy>
				<width>640</width>
				<height>120</height>
				<textcolor>FFFFFAF0</textcolor>
				<font>Font_16</font>
				<label>$VAR[value_plot]</label>
				<autoscroll delay="15000" time="3000" repeat="15000">!Skin.HasSetting(noallowscroll)</autoscroll>
				<visible>![IsEmpty(Control.GetLabel(1008)) | Skin.HasSetting(noartpostervideo)]</visible>
			</control>
			<control type="textbox">
				<posx>366</posx>
				<posy>525</posy>
				<width>885</width>
				<height>120</height>
				<textcolor>FFFFFAF0</textcolor>
				<font>Font_16</font>
				<label>$VAR[value_plot]</label>
				<autoscroll delay="15000" time="3000" repeat="15000">!Skin.HasSetting(noallowscroll)</autoscroll>
				<visible>IsEmpty(Control.GetLabel(1008)) | Skin.HasSetting(noartpostervideo)</visible>
			</control>
			<include condition="Skin.HasSetting(posterfixedlist)">PosterFixedList</include>
			<include condition="!Skin.HasSetting(posterfixedlist)">PosterWrapList</include>
			<control type="scrollbar" id="80">
				<include>ScrollBar_Horizontal</include>
				<posx>190</posx>
				<posy>480</posy>
				<width>900</width>
				<onup>54</onup>
				<ondown>9920</ondown>
				<include>Animation_Fade</include>
				<visible allowhiddenfocus="true">Control.IsVisible(54) + Control.HasFocus(80)</visible>
			</control>
		</control>
	</include>
</includes>