<includes>
	<!--##################################################################################   VISTA GAMES ID 50   #############################################################################-->
	<include name="ViewWideGames">
		<control type="group">
			<visible>Control.IsVisible(50)</visible>
			<control type="group">
				<animation effect="slide" time="500" start="-800,0" end="0,0" tween="cubic" easing="out">WindowOpen</animation>
				<animation effect="slide" time="500" start="-800,0" end="0,0" tween="cubic" easing="out">Visible</animation>
				<animation effect="fade" time="200" start="100" end="0">Hidden</animation>
				<control type="image">
					<posx>0</posx>
					<posy>36</posy>
					<width>640</width>
					<height>30</height>
					<texture>shadow_h.png</texture>
					<colordiffuse>C3FFFFFF</colordiffuse>
				</control>
				<control type="image">
					<posx>0</posx>
					<posy>650</posy>
					<width>1280</width>
					<height>30</height>
					<texture flipy="true">shadow_h.png</texture>
					<colordiffuse>C3FFFFFF</colordiffuse>
				</control>
				<control type="image">
					<posx>0</posx>
					<posy>65</posy>
					<width>640</width>
					<height>585</height>
					<texture>darkgrey.png</texture>
					<colordiffuse>$VAR[value_texturecolor]</colordiffuse>
					<animation effect="fade" end="95" condition="true">Conditional</animation>
				</control>
				<control type="button" id="562">
					<include>InvisibleButton</include>
					<onright>9920</onright>
					<onleft>50</onleft>
					<onup>50</onup>
					<ondown>50</ondown>
				</control>
				<control type="list" id="50">
					<viewtype label="31813">list</viewtype>
					<posx>0</posx>
					<posy>65</posy>
					<width>640</width>
					<height>584</height>
					<pagecontrol>61</pagecontrol>
					<onleft>61</onleft>
					<onright>562</onright>
					<orientation>vertical</orientation>
					<scrolltime>450</scrolltime>
					<preloaditems>2</preloaditems>
					<itemlayout height="40" width="640">
						<control type="image">
							<posx>0</posx>
							<posy>0</posy>
							<width>739</width>
							<height>1</height>
							<texture>line.png</texture>
						</control>
						<control type="label">
							<posx>45</posx>
							<posy>-1</posy>
							<width>440</width>
							<height>40</height>
							<font>Font_22</font>
							<aligny>center</aligny>
							<include>listcolor</include>
							<label>$INFO[ListItem.Label]</label>
						</control>
						<control type="image">
							<posx>503</posx>
							<posy>1</posy>
							<width>35</width>
							<height>35</height>
							<texture>star.png</texture>
							<visible>!IsEmpty(ListItem.Property(isfavorite))</visible>
						</control>
					</itemlayout>
					<focusedlayout height="63" width="640">
						<control type="button">
							<include>InvisibleButton</include>
							<animation effect="fade" start="100" end="100" time="0" delay="2000">Focus</animation>
							<onfocus condition="!Skin.HasSetting(fullscreengamevideo)">PlayMedia($ESCINFO[ListItem.Property(gameplaymain)],1)</onfocus>
							<onfocus condition="Skin.HasSetting(fullscreengamevideo)">PlayMedia($ESCINFO[ListItem.Property(gameplaymain)])</onfocus>
							<visible>![IsEmpty(ListItem.Property(autoplayvideomain)) | IsEmpty(ListItem.Property(gameplaymain))]</visible>
						</control>
						<control type="image">
							<posx>0</posx>
							<posy>0</posy>
							<width>640</width>
							<height>63</height>
							<texture>settings_button_focus.png</texture>
							<animation effect="fade" start="100" end="50" time="0" condition="!Control.Hasfocus(50)">conditional</animation>
						</control>
						<control type="label">
							<posx>45</posx>
							<posy>0</posy>
							<width>440</width>
							<height>41</height>
							<font>Font_22</font>
							<aligny>center</aligny>
							<include>listcolorfocus</include>
							<label>$INFO[ListItem.Label]</label>
						</control>
						<control type="fadelabel">
							<posx>45</posx>
							<posy>37</posy>
							<width>440</width>
							<height>16</height>
							<font>Font_16</font>
							<align>left</align>
							<aligny>center</aligny>
							<include>subcolorfocus</include>
							<label>[COLOR=$VAR[value_headercolorfocus]]$LOCALIZE[31770]: [/COLOR]$INFO[ListItem.Property(console)] - [COLOR=$VAR[value_headercolorfocus]]$LOCALIZE[515]: [/COLOR]$INFO[ListItem.Property(genre)]</label>
							<visible>!StringCompare(ListItem.Label,..)</visible>
						</control>
						<control type="image">
							<posx>503</posx>
							<posy>1</posy>
							<width>35</width>
							<height>35</height>
							<texture>star.png</texture>
							<visible>!IsEmpty(ListItem.Property(isfavorite))</visible>
						</control>
						<control type="group">
							<visible>SubString(skin.string(games_video),trigger)</visible>
							<control type="button">
								<include>InvisibleButton</include>
								<animation effect="fade" start="100" end="100" time="150" delay="500" condition="true">Focus</animation>
								<onfocus>PlayMedia($ESCINFO[ListItem.Property(gameplaymain)],1)</onfocus>
								<visible>!IsEmpty(ListItem.Property(autoplayvideomain)) + !IsEmpty(ListItem.Property(gameplaymain))</visible>
							</control>
						</control>
					</focusedlayout>
				</control>
				<control type="scrollbar" id="61">
					<include>ScrollBar_Vertical</include>
					<posx>5</posx>
					<posy>155</posy>
					<height>490</height>
					<onleft>9900</onleft>
					<onright>52</onright>
					<include>Animation_Fade</include>
					<visible allowhiddenfocus="true">Control.IsVisible(50) + Control.HasFocus(61)</visible>
				</control>
			</control>
			<control type="group">
				<!-- Grupo da direita -->
				<posx>640</posx>
				<posy>0</posy>
				<animation effect="slide" time="1000" start="600,0" end="0,0" tween="cubic" easing="out">WindowOpen</animation>
				<animation effect="slide" time="1000" start="600,0" end="0,0" tween="cubic" easing="out">Visible</animation>
				<animation effect="fade" time="400" start="100" end="0">Hidden</animation>
				<visible>Control.IsVisible(50)</visible>
				<control type="image">
					<posx>-29</posx>
					<posy>-70</posy>
					<width>30</width>
					<height>720</height>
					<texture flipx="true">shadow.png</texture>
					<colordiffuse>C3FFFFFF</colordiffuse>
				</control>
				<control type="image">
					<posx>0</posx>
					<posy>-70</posy>
					<width>640</width>
					<height>720</height>
					<texture>darkgrey.png</texture>
					<colordiffuse>$VAR[value_texturecolor]</colordiffuse>
					<animation effect="fade" end="85" condition="true">Conditional</animation>
				</control>
				<control type="image">
					<posx>0</posx>
					<posy>396</posy>
					<width>640</width>
					<height>254</height>
					<texture>darkgrey.png</texture>
					<colordiffuse>$VAR[value_texturecolor]</colordiffuse>
					<animation effect="fade" end="85" condition="true">Conditional</animation>
					<include>Animation_Fade</include>
					<visible>!Control.HasFocus(562)</visible>
				</control>
				<control type="image">
					<posx>0</posx>
					<posy>-70</posy>
					<width>640</width>
					<height>720</height>
					<texture>black.png</texture>
					<colordiffuse>75FFFFFF</colordiffuse>
					<include>Animation_Fade</include>
					<visible>Control.HasFocus(562)</visible>
				</control>
				<control type="group">
					<!-- Grupo das artes -->
					<animation effect="slide" start="0,0" end="700,0" time="400" easing="inout" tween="cubic" condition="Control.HasFocus(562) | Control.HasFocus(9920)">Conditional</animation>
					<include>Animation_Fade</include>
					<control type="image">
						<!-- gameinfobig -->
						<posx>20</posx>
						<posy>401</posy>
						<width>600</width>
						<height>367</height>
						<fadetime>FanartCrossFadeTime</fadetime>
						<aspectratio align="center" aligny="top">keep</aspectratio>
						<texture flipy="true" diffuse="thumb_reflect.png" background="true">$INFO[ListItem.Property(gameinfobig)]</texture>
						<bordertexture flipy="true" diffuse="thumb_reflect.png" border="-2">black.png</bordertexture>
						<visible>!Player.HasVideo | IsEmpty(ListItem.Property(gameplaymain))</visible>
					</control>
					<control type="image" id="2001">
						<!-- gameinfobig -->
						<posx>20</posx>
						<posy>30</posy>
						<width>600</width>
						<height>367</height>
						<fadetime>FanartCrossFadeTime</fadetime>
						<aspectratio align="center" aligny="bottom">keep</aspectratio>
						<texture background="true">$INFO[ListItem.Property(gameinfobig)]</texture>
						<bordertexture border="-2">black.png</bordertexture>
						<visible>!Player.HasVideo | IsEmpty(ListItem.Property(gameplaymain))</visible>
					</control>
					<control type="videowindow" id="2301">
						<!-- videowindowbig -->
						<posx>20</posx>
						<posy>30</posy>
						<width>600</width>
						<height>367</height>
						<animation effect="slide" start="0,0" end="-2000,0" time="0">WindowClose</animation>
						<visible>![IsEmpty(ListItem.Property(videosizebig)) | Skin.HasSetting(trailerplay)]</visible>
					</control>
					<control type="button">
						<!-- click absorber -->
						<posx>20</posx>
						<posy>30</posy>
						<width>600</width>
						<height>367</height>
						<texturefocus/>
						<texturenofocus/>
						<visible>!IsEmpty(ListItem.Property(videosizebig))</visible>
					</control>
					<control type="image" id="2401">
						<!-- gameinfoupperleft -->
						<posx>20</posx>
						<posy>30</posy>
						<width>300</width>
						<height>183</height>
						<fadetime>FanartCrossFadeTime</fadetime>
						<aspectratio align="center" aligny="top">keep</aspectratio>
						<texture background="true">$INFO[ListItem.Property(gameinfoupperleft)]</texture>
						<bordertexture border="-2">black.png</bordertexture>
					</control>
					<control type="image" id="2501">
						<!-- gameinfoupperright -->
						<posx>295</posx>
						<posy>30</posy>
						<width>300</width>
						<height>183</height>
						<fadetime>FanartCrossFadeTime</fadetime>
						<aspectratio align="center" aligny="top">keep</aspectratio>
						<texture background="true">$INFO[ListItem.Property(gameinfoupperright)]</texture>
						<bordertexture border="-2">black.png</bordertexture>
					</control>
					<control type="image" id="2601">
						<!-- gameinfolowerleft -->
						<posx>20</posx>
						<posy>215</posy>
						<width>300</width>
						<height>183</height>
						<fadetime>FanartCrossFadeTime</fadetime>
						<aspectratio align="center" aligny="bottom">keep</aspectratio>
						<texture background="true">$INFO[ListItem.Property(gameinfolowerleft)]</texture>
						<bordertexture border="-2">black.png</bordertexture>
					</control>
					<control type="image" id="2701">
						<!-- gameinfolowerright -->
						<posx>295</posx>
						<posy>215</posy>
						<width>300</width>
						<height>183</height>
						<fadetime>FanartCrossFadeTime</fadetime>
						<aspectratio align="center" aligny="bottom">keep</aspectratio>
						<texture background="true">$INFO[ListItem.Property(gameinfolowerright)]</texture>
						<bordertexture border="-2">black.png</bordertexture>
						<visible>!Player.HasVideo</visible>
					</control>
					<control type="image" id="2711">
						<!-- gameinfoupper -->
						<posx>25</posx>
						<posy>60</posy>
						<width>538</width>
						<height>145</height>
						<texture background="true">$INFO[ListItem.Property(gameinfoupper)]</texture>
						<aspectratio>keep</aspectratio>
						<fadetime>FanartCrossfadeTime</fadetime>
					</control>
					<control type="image" id="2721">
						<!-- gameinfolower -->
						<posx>25</posx>
						<posy>207</posy>
						<width>538</width>
						<height>145</height>
						<texture background="true">$INFO[ListItem.Property(gameinfolower)]</texture>
						<aspectratio>keep</aspectratio>
						<fadetime>FanartCrossfadeTime</fadetime>
					</control>
					<control type="image" id="2731">
						<!-- gameinfoleft -->
						<posx>25</posx>
						<posy>60</posy>
						<width>268</width>
						<height>290</height>
						<texture background="true">$INFO[ListItem.Property(gameinfoleft)]</texture>
						<aspectratio>keep</aspectratio>
						<fadetime>FanartCrossfadeTime</fadetime>
					</control>
					<control type="image" id="2741">
						<!-- gameinforight -->
						<posx>295</posx>
						<posy>60</posy>
						<width>268</width>
						<height>290</height>
						<texture background="true">$INFO[ListItem.Property(gameinforight)]</texture>
						<aspectratio>keep</aspectratio>
						<fadetime>FanartCrossfadeTime</fadetime>
					</control>
					<control type="videowindow" id="2801">
						<!-- videowindowsmall -->
						<posx>295</posx>
						<posy>207</posy>
						<width>268</width>
						<height>145</height>
						<animation effect="slide" start="0,0" end="-2000,0" time="0">WindowClose</animation>
						<visible>![IsEmpty(ListItem.Property(videosizesmall)) | Skin.HasSetting(trailerplay)]</visible>
					</control>
					<control type="button">
						<!-- video absorber -->
						<posx>269</posx>
						<posy>207</posy>
						<width>268</width>
						<height>145</height>
						<texturefocus/>
						<texturenofocus/>
						<visible>!IsEmpty(ListItem.Property(videosizesmall))</visible>
					</control>
				</control>
			</control>
			<control type="textbox" id="2101">
				<posx>660</posx>
				<posy>410</posy>
				<width>600</width>
				<height>235</height>
				<font>Font_16</font>
				<label>$INFO[ListItem.Property(plot)]</label>
				<autoscroll delay="15000" time="2000" repeat="15000">!Skin.HasSetting(noallowscroll)</autoscroll>
				<include>Animation_Fade</include>
				<visible>!Control.HasFocus(562)</visible>
			</control>
			<control type="textbox" id="2101">
				<posx>660</posx>
				<posy>293</posy>
				<width>600</width>
				<height>353</height>
				<font>Font_16</font>
				<label>$INFO[ListItem.Property(plot)]</label>
				<autoscroll delay="15000" time="2000" repeat="15000">!Skin.HasSetting(noallowscroll)</autoscroll>
				<include>Animation_Fade</include>
				<visible>Control.HasFocus(562)</visible>
			</control>

			<control type="group">
				<animation effect="slide" start="700,0" end="0,0" time="400" easing="inout" tween="cubic">Visible</animation>
				<animation effect="slide" start="0,0" end="700,0" time="400" easing="inout" tween="cubic">Hidden</animation>
				<visible>Control.HasFocus(562)</visible>
				<control type="image">
					<posx>650</posx>
					<posy>280</posy>
					<height>1</height>
					<width>620</width>
					<texture>line.png</texture>
				</control>
				<control type="label">
					<!-- Year -->
					<include>WideLabel</include>
					<posy>20</posy>
					<label>$LOCALIZE[345]:</label>
				</control>
				<control type="label">
					<include>WideValue</include>
					<posy>40</posy>
					<label fallback="416">$INFO[ListItem.Property(year)]</label>
				</control>
				<control type="label">
					<!-- Genre -->
					<include>WideLabel</include>
					<posy>70</posy>
					<label>$LOCALIZE[515]:</label>
				</control>
				<control type="label">
					<include>WideValue</include>
					<posy>90</posy>
					<label fallback="416">$INFO[ListItem.Property(genre)]</label>
				</control>
				<control type="label">
					<!-- Publisher -->
					<include>WideLabel</include>
					<posy>120</posy>
					<label>$LOCALIZE[31771]:</label>
				</control>
				<control type="label">
					<include>WideValue</include>
					<posy>140</posy>
					<label fallback="416">$INFO[ListItem.Property(publisher)]</label>
				</control>
				<control type="label">
					<!-- Developer -->
					<include>WideLabel</include>
					<posy>170</posy>
					<label>$LOCALIZE[31788]:</label>
				</control>
				<control type="label">
					<include>WideValue</include>
					<posy>190</posy>
					<label fallback="416">$INFO[ListItem.Property(developer)]</label>
				</control>
			</control>
		</control>
	</include>

	<!--##################################################################################   VISTA POSTER GAMES - ID 51   #############################################################################-->
	<include name="PosterGamesFixedList">
		<control type="fixedlist" id="51">
			<include>PosterGames_Content</include>
		</control>
	</include>
	<include name="PosterGamesWrapList">
		<control type="wraplist" id="51">
			<include>PosterGames_Content</include>
		</control>
	</include>
	<include name="PosterGames_Content">
		<viewtype label="31808">list</viewtype>
		<posx>-88</posx>
		<posy>120</posy>
		<width>1420</width>
		<height>400</height>
		<onleft>51</onleft>
		<onright>51</onright>
		<onup>9900</onup>
		<ondown>80</ondown>
		<orientation>horizontal</orientation>
		<focusposition>2</focusposition>
		<scrolltime>400</scrolltime>
		<preloaditems>2</preloaditems>
		<pagecontrol>80</pagecontrol>
		<itemlayout width="298" height="360">
			<control type="image">
				<posx>0</posx>
				<posy>6</posy>
				<width>260</width>
				<height>350</height>
				<aspectratio align="center" aligny="bottom">keep</aspectratio>
				<bordertexture border="-2">black.png</bordertexture>
				<texture fallback="DefaultVideoPoster.png" background="true">$INFO[ListItem.ActualIcon]</texture>
			</control>
			<control type="image">
				<posx>205</posx>
				<posy>317</posy>
				<width>40</width>
				<height>40</height>
				<texture>OverlayWatched.png</texture>
				<aspectratio align="center" aligny="bottom">keep</aspectratio>
				<colordiffuse>$VAR[value_headercolor]</colordiffuse>
				<visible>!IsEmpty(ListItem.Property(isfavorite))</visible>
			</control>
		</itemlayout>
		<focusedlayout width="298" height="360">
			<control type="image">
				<posx>0</posx>
				<posy>6</posy>
				<width>260</width>
				<height>350</height>
				<aspectratio align="center" aligny="bottom">keep</aspectratio>
				<texture fallback="DefaultVideoPoster.png" background="true">$INFO[ListItem.ActualIcon]</texture>
				<bordertexture border="-2">black.png</bordertexture>
				<animation reversible="false" effect="zoom" end="120" center="auto" time="200">Focus</animation>
			</control>
			<control type="image">
				<posx>222</posx>
				<posy>317</posy>
				<width>40</width>
				<height>40</height>
				<texture>OverlayWatched.png</texture>
				<aspectratio align="center" aligny="bottom">keep</aspectratio>
				<colordiffuse>$VAR[value_headercolor]</colordiffuse>
				<animation reversible="false" effect="zoom" end="120" center="auto" time="200">Focus</animation>
				<visible>!IsEmpty(ListItem.Property(isfavorite))</visible>
			</control>
		</focusedlayout>
	</include>
	<include name="ViewPosterGames">
		<control type="group">
			<!-- default group -->
			<visible>Control.IsVisible(51)</visible>
			<include>ViewBack</include>
			<!-- Fundo -->
			<control type="image">
				<posx>0</posx>
				<posy>515</posy>
				<width>1280</width>
				<height>134</height>
				<texture>black.png</texture>
				<colordiffuse>70FFFFFF</colordiffuse>
			</control>
			<control type="image">
				<posx>0</posx>
				<posy>515</posy>
				<width>1280</width>
				<height>2</height>
				<texture>separator.png</texture>
			</control>
			<control type="image">
				<posx>350</posx>
				<posy>516</posy>
				<width>2</width>
				<height>134</height>
				<texture>separator_v.png</texture>
			</control>
			<control type="label">
				<!-- Year -->
				<include>PosterLabel</include>
				<posx>30</posx>
				<posy>525</posy>
				<label>345</label>
			</control>
			<control type="label">
				<include>PosterValue</include>
				<posx>30</posx>
				<posy>542</posy>
				<label>$INFO[ListItem.Property(year)]</label>
			</control>
			<control type="label">
				<!-- Genre -->
				<include>PosterLabel</include>
				<posx>30</posx>
				<posy>565</posy>
				<label>515</label>
			</control>
			<control type="label">
				<include>PosterValue</include>
				<posx>30</posx>
				<posy>582</posy>
				<label>$INFO[ListItem.Property(genre)]</label>
			</control>
			<control type="label">
				<!-- Publisher -->
				<!-- Developer -->
				<include>PosterLabel</include>
				<posx>30</posx>
				<posy>605</posy>
				<label>$LOCALIZE[31771] / $LOCALIZE[31788]</label>
			</control>
			<control type="label">
				<include>PosterValue</include>
				<posx>30</posx>
				<posy>622</posy>
				<label>$INFO[ListItem.Property(publisher)] / $INFO[ListItem.Property(developer)]</label>
			</control>
			<control type="textbox" id="2101">
				<posx>366</posx>
				<posy>525</posy>
				<width>885</width>
				<height>120</height>
				<textcolor>FFFFFAF0</textcolor>
				<font>Font_16</font>
				<label>$INFO[ListItem.Property(plot)]</label>
				<autoscroll delay="15000" time="3000" repeat="15000">!Skin.HasSetting(noallowscroll)</autoscroll>
			</control>
			<include condition="Skin.HasSetting(postergamesfixedlist)">PosterGamesFixedList</include>
			<include condition="!Skin.HasSetting(postergamesfixedlist)">PosterGamesWrapList</include>
			<control type="scrollbar" id="80">
				<include>ScrollBar_Horizontal</include>
				<posx>190</posx>
				<posy>480</posy>
				<width>900</width>
				<onup>51</onup>
				<ondown>9920</ondown>
				<include>Animation_Fade</include>
				<visible allowhiddenfocus="true">Control.IsVisible(51) + Control.HasFocus(80)</visible>
			</control>
		</control>
	</include>

	<!--##################################################################################   VISTA WALL - ID 56   ##################################################################################-->
	<include name="ViewWallGames">
		<control type="group">
			<animation effect="fade" time="400">VisibleChange</animation>
			<include>ViewBack</include>
			<!-- Fundo -->
			<visible>Control.IsVisible(56)</visible>
			<control type="panel" id="56">
				<viewtype label="31805">Panel</viewtype>
				<posx>0</posx>
				<posy>91</posy>
				<width>1375</width>
				<height>553</height>
				<onleft>9900</onleft>
				<onup>9900</onup>
				<ondown>9920</ondown>
				<orientation>vertical</orientation>
				<pagecontrol>-</pagecontrol>
				<itemlayout condition="SubString(skin.string(wallgamesgrid),default)" width="98.5" height="138">
					<!-- tamanho normal -->
					<control type="image">
						<posx>2</posx>
						<posy>2</posy>
						<width>94</width>
						<height>134</height>
						<texture fallback="DefaultVideoPoster.png" background="true">$INFO[ListItem.ActualIcon]</texture>
						<bordertexture border="-2">black.png</bordertexture>
						<aspectratio align="center" aligny="bottom">keep</aspectratio>
					</control>
					<control type="image">
						<posx>73</posx>
						<posy>1</posy>
						<width>25</width>
						<height>25</height>
						<texture>OverlayWatched.png</texture>
						<visible>!IsEmpty(ListItem.Property(isfavorite))</visible>
					</control>
				</itemlayout>
				<itemlayout condition="SubString(skin.string(wallgamesgrid),mid)" width="128" height="184">
					<!-- tamanho medio -->
					<control type="image">
						<posx>2</posx>
						<posy>2</posy>
						<width>124</width>
						<height>175</height>
						<texture fallback="DefaultVideoPoster.png" background="true">$INFO[ListItem.ActualIcon]</texture>
						<bordertexture border="-2">black.png</bordertexture>
						<aspectratio align="center" aligny="bottom">keep</aspectratio>
					</control>
					<control type="image">
						<posx>104</posx>
						<posy>-1</posy>
						<width>25</width>
						<height>25</height>
						<texture>OverlayWatched.png</texture>
						<visible>!IsEmpty(ListItem.Property(isfavorite))</visible>
					</control>
				</itemlayout>
				<itemlayout condition="SubString(skin.string(wallgamesgrid),big)" width="210" height="276">
					<!-- tamanho grande -->
					<control type="image">
						<posx>18</posx>
						<posy>2</posy>
						<width>193</width>
						<height>272</height>
						<texture fallback="DefaultVideoPoster.png" background="true">$INFO[ListItem.ActualIcon]</texture>
						<bordertexture border="-2">black.png</bordertexture>
						<aspectratio align="center" aligny="bottom">keep</aspectratio>
					</control>
					<control type="image">
						<posx>180</posx>
						<posy>-1</posy>
						<width>35</width>
						<height>35</height>
						<texture>OverlayWatched.png</texture>
						<visible>!IsEmpty(ListItem.Property(isfavorite))</visible>
					</control>
				</itemlayout>
				<focusedlayout condition="SubString(skin.string(wallgamesgrid),default)" width="98.5" height="138">
					<!-- tamanho normal -->
					<control type="image">
						<posx>2</posx>
						<posy>2</posy>
						<width>94</width>
						<height>134</height>
						<texture fallback="DefaultVideoPoster.png" background="true">$INFO[ListItem.ActualIcon]</texture>
						<bordertexture border="-2">grey.png</bordertexture>
						<aspectratio align="center" aligny="bottom">keep</aspectratio>
						<animation type="Focus" reversible="false">
							<effect type="zoom" center="auto" start="80" end="100" time="400" tween="back" easing="out" />
							<effect type="fade" start="80" end="100" time="400" />
						</animation>
					</control>
					<control type="image">
						<posx>73</posx>
						<posy>1</posy>
						<width>25</width>
						<height>25</height>
						<texture>OverlayWatched.png</texture>
						<animation type="Focus" reversible="false">
							<effect type="zoom" center="60,60" start="80" end="100" time="400" tween="back" easing="out" />
							<effect type="fade" start="80" end="100" time="400" />
						</animation>
						<visible>!IsEmpty(ListItem.Property(isfavorite))</visible>
					</control>
				</focusedlayout>
				<focusedlayout condition="SubString(skin.string(wallgamesgrid),mid)" width="128" height="184">
					<!-- tamanho medio -->
					<control type="image">
						<posx>2</posx>
						<posy>2</posy>
						<width>124</width>
						<height>175</height>
						<texture fallback="DefaultVideoPoster.png" background="true">$INFO[ListItem.ActualIcon]</texture>
						<bordertexture border="-2">grey.png</bordertexture>
						<aspectratio align="center" aligny="bottom">keep</aspectratio>
						<animation type="Focus" reversible="false">
							<effect type="zoom" center="auto" start="80" end="100" time="400" tween="back" easing="out" />
							<effect type="fade" start="80" end="100" time="400" />
						</animation>
					</control>
					<control type="image">
						<posx>105</posx>
						<posy>-2</posy>
						<width>25</width>
						<height>25</height>
						<texture>OverlayWatched.png</texture>
						<animation type="Focus" reversible="false">
							<effect type="zoom" center="60,60" start="80" end="100" time="400" tween="back" easing="out" />
							<effect type="fade" start="80" end="100" time="400" />
						</animation>
						<visible>!IsEmpty(ListItem.Property(isfavorite))</visible>
					</control>
				</focusedlayout>
				<focusedlayout condition="SubString(skin.string(wallgamesgrid),big)" width="210" height="276">
					<!-- tamanho grande -->
					<control type="image">
						<posx>18</posx>
						<posy>2</posy>
						<width>193</width>
						<height>272</height>
						<texture fallback="DefaultVideoPoster.png" background="true">$INFO[ListItem.ActualIcon]</texture>
						<bordertexture border="-2">grey.png</bordertexture>
						<aspectratio align="center" aligny="bottom">keep</aspectratio>
						<animation type="Focus" reversible="false">
							<effect type="zoom" center="auto" start="80" end="100" time="400" tween="back" easing="out" />
							<effect type="fade" start="80" end="100" time="400" />
						</animation>
					</control>
					<control type="image">
						<posx>180</posx>
						<posy>-1</posy>
						<width>35</width>
						<height>35</height>
						<texture>OverlayWatched.png</texture>
						<animation type="Focus" reversible="false">
							<effect type="zoom" center="60,60" start="80" end="100" time="400" tween="back" easing="out" />
							<effect type="fade" start="80" end="100" time="400" />
						</animation>
						<visible>!IsEmpty(ListItem.Property(isfavorite))</visible>
					</control>
				</focusedlayout>
			</control>
		</control>
	</include>

	<!--##################################################################################   VISTA PANEL - ID 52   ##################################################################################-->
	<include name="ViewPanelGames">
		<control type="group">
			<!-- default group -->
			<animation effect="fade" time="400">VisibleChange</animation>
			<include>ViewBack</include>
			<!-- Fundo -->
			<visible>Control.IsVisible(52)</visible>
			<control type="group">
				<animation effect="slide" time="500" start="-800,0" end="0,0" tween="cubic" easing="out">WindowOpen</animation>
				<animation effect="slide" time="500" start="-800,0" end="0,0" tween="cubic" easing="out">Visible</animation>
				<animation effect="fade" time="200" start="100" end="0">Hidden</animation>

				<!-- Movies/TVShows Poster/Programs -->
				<control type="panel" id="52">
					<viewtype label="31818">icon</viewtype>
					<posx>505</posx>
					<posy>110</posy>
					<width>720</width>
					<height>510</height>
					<scrolltime>200</scrolltime>
					<orientation>vertical</orientation>
					<onup>9900</onup>
					<ondown>9920</ondown>
					<onleft>9900</onleft>
					<onright>80</onright>
					<pagecontrol>80</pagecontrol>
					<preloaditems>2</preloaditems>
					<itemlayout width="120" height="170">
						<control type="image">
							<posx>8</posx>
							<posy>6</posy>
							<width>100</width>
							<height>141</height>
							<texture fallback="DefaultVideoPoster.png" background="true">$INFO[ListItem.ActualIcon]</texture>
							<colordiffuse>FF909090</colordiffuse>
							<aspectratio>keep</aspectratio>
						</control>
						<control type="image">
							<posx>81</posx>
							<posy>5</posy>
							<width>25</width>
							<height>25</height>
							<info>ListItem.Overlay</info>
							<visible>!Skin.HasSetting(nooverlays)</visible>
						</control>
					</itemlayout>
					<focusedlayout width="120" height="170">
						<control type="button">
							<include>InvisibleButton</include>
							<animation effect="fade" start="100" end="100" time="150" delay="500" condition="true">Focus</animation>
							<onfocus>PlayMedia($ESCINFO[ListItem.Property(gameplaymain)],1)</onfocus>
							<visible>!IsEmpty(ListItem.Property(autoplayvideomain)) + !IsEmpty(ListItem.Property(gameplaymain))</visible>
						</control>
						<control type="image">
							<posx>8</posx>
							<posy>6</posy>
							<width>100</width>
							<height>141</height>
							<texture fallback="DefaultVideoPoster.png" background="true">$INFO[ListItem.ActualIcon]</texture>
							<bordertexture border="-2">grey.png</bordertexture>
							<animation type="Focus" reversible="false">
								<effect type="zoom" center="auto" start="80" end="100" time="400" tween="back" easing="out" />
								<effect type="fade" start="80" end="100" time="400" />
							</animation>
							<aspectratio>keep</aspectratio>
						</control>
						<control type="image">
							<posx>81</posx>
							<posy>5</posy>
							<width>25</width>
							<height>25</height>
							<info>ListItem.Overlay</info>
							<animation type="Focus" reversible="false">
								<effect type="zoom" center="60,60" start="80" end="100" time="400" tween="back" easing="out" />
								<effect type="fade" start="80" end="100" time="400" />
							</animation>
							<visible>!Skin.HasSetting(nooverlays)</visible>
						</control>
					</focusedlayout>
				</control>
			</control>

			<!-- Info Panel -->
			<control type="group">
				<animation effect="slide" time="700" start="-800,0" end="0,0" tween="cubic" easing="out">WindowOpen</animation>
				<animation effect="slide" time="700" start="0,0" end="-800,0" tween="cubic" easing="out">WindowClose</animation>
				<animation effect="slide" time="700" start="-800,0" end="0,0" tween="cubic" easing="out">Visible</animation>
				<animation effect="fade" time="200" start="100" end="0">Hidden</animation>
				<visible>Control.IsVisible(52)</visible>
				<posx>60</posx>
				<posy>80</posy>
				<control type="image">
					<posx>-5</posx>
					<posy>27</posy>
					<width>417</width>
					<height>240</height>
					<texture>fanartframe.png</texture>
				</control>
				<control type="image" id="2001">
					<!-- gameinfobig -->
					<posx>10</posx>
					<posy>42</posy>
					<width>387</width>
					<height>210</height>
					<fadetime>FanartCrossFadeTime</fadetime>
					<aspectratio align="center" aligny="bottom">keep</aspectratio>
					<texture fallback="DefaultExtraThumbs.png" background="true">$INFO[ListItem.Property(gameinfobig)]</texture>
					<bordertexture border="-2">black.png</bordertexture>
					<visible>!Player.HasVideo | IsEmpty(ListItem.Property(gameplaymain))</visible>
				</control>
				<control type="videowindow" id="2301">
					<!-- videowindowbig -->
					<posx>10</posx>
					<posy>42</posy>
					<width>387</width>
					<height>210</height>
					<animation effect="slide" start="0,0" end="-2000,0" time="0">WindowClose</animation>
					<visible>![IsEmpty(ListItem.Property(videosizebig)) | Skin.HasSetting(trailerplay)]</visible>
				</control>
				<control type="label">
					<posx>10</posx>
					<posy>262</posy>
					<width>387</width>
					<height>15</height>
					<textcolor>FFFFFAF0</textcolor>
					<label>[COLOR=$VAR[value_headercolor]]$LOCALIZE[345]: [/COLOR] $INFO[ListItem.Property(year)] - [COLOR=$VAR[value_headercolor]]$LOCALIZE[515]: [/COLOR] $INFO[ListItem.Property(genre)] - [COLOR=$VAR[value_headercolor]]$LOCALIZE[31788]: [/COLOR] $INFO[ListItem.Property(developer)]</label>
					<font>Font_16</font>
					<scroll>true</scroll>
					<scrollout>false</scrollout>
					<visible>!StringCompare(ListItem.Label,..)</visible>
				</control>	
				<control type="textbox">
					<posx>10</posx>
					<posy>290</posy>
					<width>387</width>
					<height>253</height>
					<label>$INFO[ListItem.Property(plot)]</label>
					<font>Font_16</font>
					<autoscroll delay="8000" time="2000" repeat="8000">!Skin.HasSetting(noallowscroll)</autoscroll>
				</control>
			</control>
			<!-- Scroll Bar -->
			<control type="scrollbar" id="80">
				<include>ScrollBar_Vertical</include>
				<posx>1230</posx>
				<posy>111</posy>
				<height>471</height>
				<onleft>52</onleft>
				<onright>52</onright>
				<include>Animation_Fade</include>
				<visible allowhiddenfocus="true">Control.IsVisible(52) + Control.HasFocus(80)</visible>
			</control>
		</control>
	</include>
</includes>