<includes>
	<!--##################################################################################   VISTA SHELF - ID 63   ##################################################################################-->
	<include name="ViewShelf">
		<control type="group">
			<!-- default group -->
			<visible>Control.IsVisible(63)</visible>
			<control type="group">
				<animation effect="slide" time="1000" start="-800,0" end="0,0" tween="cubic" easing="out">WindowOpen</animation>
				<animation effect="slide" time="700" start="0,0" end="-800,0" tween="cubic" easing="out">WindowClose</animation>
				<animation effect="slide" time="1000" start="0,600" end="0,0" tween="cubic" easing="out">Visible</animation>
				<animation effect="fade" time="200" start="100" end="0">Hidden</animation>
				<control type="image">
					<posx>0</posx>
					<posy>541</posy>
					<width>1280</width>
					<height>30</height>
					<texture>shadow_h.png</texture>
					<colordiffuse>C3FFFFFF</colordiffuse>
					<include>Animation_Fade</include>
				</control>
				<control type="image">
					<posx>0</posx>
					<posy>650</posy>
					<width>1280</width>
					<height>30</height>
					<texture flipy="true">shadow_h.png</texture>
					<colordiffuse>C3FFFFFF</colordiffuse>
				</control>
				<control type="image">
					<posx>0</posx>
					<posy>570</posy>
					<width>1280</width>
					<height>80</height>
					<texture>darkgrey.png</texture>
					<colordiffuse>$VAR[value_texturecolor]</colordiffuse>
					<animation effect="fade" end="95" condition="true">Conditional</animation>
				</control>
				<control type="fixedlist" id="63">
					<viewtype label="31809">list</viewtype>
					<posx>-30</posx>
					<posy>210</posy>
					<height>615</height>
					<width>1900</width>
					<onleft>63</onleft>
					<onright>63</onright>
					<onup>9900</onup>
					<ondown>80</ondown>
					<orientation>horizontal</orientation>
					<focusposition>3</focusposition>
					<scrolltime>400</scrolltime>
					<preloaditems>2</preloaditems>
					<pagecontrol>80</pagecontrol>
					<camera x="1340" y="380" />
					<animation effect="rotatey" center="50" start="8" end="8" time="0" condition="true">Conditional</animation>
					<animation effect="slide" start="0,0" end="0,-8" time="300" tween="sine" easing="out" condition="Control.HasFocus(80)">Conditional</animation>
					<visible>Container.Content(movies) | Container.Content(tvshows) | Container.Content(sets) | Container.Content(seasons) | Container.Content(albums) | Container.Content(artists) | Window.IsActive(1) | Window.IsActive(28) | Container.Content(Addons) | Container.Content(genres)</visible>
					<itemlayout width="176" height="245" condition="Window.IsActive(25) | Window.IsActive(28) | Window.IsActive(1)">
						<control type="group">
							<posx>150</posx>
							<posy>0</posy>
							<control type="image">
								<!-- Estojo reflexo -->
								<posx>-2</posx>
								<posy>363</posy>
								<width>28</width>
								<height>304</height>
								<texture>shelf_case_reflect.png</texture>
							</control>
							<control type="image">
								<!-- Estojo -->
								<posx>-2</posx>
								<posy>133</posy>
								<width>28</width>
								<height>236.5</height>
								<texture>shelf_case.png</texture>
								<aspectratio>stretch</aspectratio>
							</control>
							<control type="image">
								<!-- Borda reflexo -->
								<posx>-150</posx>
								<posy>367</posy>
								<width>163</width>
								<height>241</height>
								<texture flipy="true" diffuse="thumb_shelf_poster_reflect.png">thumb_shelf_border.png</texture>
								<fadetime>200</fadetime>
								<aspectratio>stretch</aspectratio>
								<colordiffuse>30FFFFFF</colordiffuse>
							</control>
							<control type="image">
								<!-- Poster reflexo -->
								<posx>-150</posx>
								<posy>368</posy>
								<width>162</width>
								<height>241</height>
								<texture flipy="true" diffuse="thumb_shelf_poster_reflect.png" fallback="DefaultVideoPoster.png" background="true">$VAR[value_poster]</texture>
								<fadetime>200</fadetime>
								<aspectratio>stretch</aspectratio>
							</control>
							<control type="image">
								<!-- Borda -->
								<posx>-149</posx>
								<posy>131</posy>
								<width>162</width>
								<height>241</height>
								<texture>thumb_shelf_poster_diffuse.png</texture>
								<fadetime>200</fadetime>
								<aspectratio>stretch</aspectratio>
							</control>
							<control type="image">
								<!-- Poster -->
								<posx>-149</posx>
								<posy>131</posy>
								<width>162</width>
								<height>241</height>
								<texture diffuse="thumb_shelf_poster_diffuse.png" fallback="DefaultVideoPoster.png" background="true">$VAR[value_poster]</texture>
								<fadetime>200</fadetime>
								<aspectratio>stretch</aspectratio>
							</control>
							<control type="image">
								<posx>-28</posx>
								<posy>133</posy>
								<width>40</width>
								<height>40</height>
								<info>ListItem.Overlay</info>
								<visible>!Skin.HasSetting(nooverlays)</visible>
							</control>
						</control>
					</itemlayout>
					<focusedlayout width="220" height="515" condition="Window.IsActive(25) | Window.IsActive(28) | Window.IsActive(1)">
						<control type="group">
							<posx>140</posx>
							<posy>0</posy>
							<control type="image">
								<!-- Estojo reflexo -->
								<posx>44</posx>
								<posy>379</posy>
								<width>36</width>
								<height>330</height>
								<texture>shelf_case_reflect.png</texture>
								<aspectratio>stretch</aspectratio>
								<animation type="Focus" reversible="false">
									<effect type="zoom" center="60,238" start="80" end="100" time="600" tween="cubic" easing="out" />
								</animation>
							</control>
							<control type="image">
								<!-- Estojo -->
								<posx>44</posx>
								<posy>92</posy>
								<width>36</width>
								<height>294</height>
								<texture>shelf_case.png</texture>
								<aspectratio>stretch</aspectratio>
								<animation type="Focus" reversible="false">
									<effect type="zoom" center="60,238" start="80" end="100" time="600" tween="cubic" easing="out" />
								</animation>
							</control>
							<control type="image">
								<!-- Borda reflexo -->
								<posx>-148</posx>
								<posy>383</posy>
								<width>213</width>
								<height>300</height>
								<texture flipy="true" diffuse="thumb_shelf_poster_reflect.png">thumb_shelf_border.png</texture>
								<fadetime>200</fadetime>
								<aspectratio>stretch</aspectratio>
								<colordiffuse>30FFFFFF</colordiffuse>
								<animation type="Focus" reversible="false">
									<effect type="zoom" center="60,238" start="80" end="100" time="600" tween="cubic" easing="out" />
								</animation>
							</control>
							<control type="image">
								<!-- Poster reflexo  -->
								<posx>-148</posx>
								<posy>384</posy>
								<width>211</width>
								<height>300</height>
								<texture flipy="true" diffuse="thumb_shelf_poster_reflect.png" fallback="DefaultVideoPoster.png" background="true">$VAR[value_poster]</texture>
								<fadetime>200</fadetime>
								<aspectratio>stretch</aspectratio>
								<animation type="Focus" reversible="false">
									<effect type="zoom" center="60,238" start="80" end="100" time="600" tween="cubic" easing="out" />
								</animation>
							</control>
							<control type="image">
								<!-- Borda -->
								<posx>-148</posx>
								<posy>89</posy>
								<width>211</width>
								<height>300</height>
								<texture>thumb_shelf_poster_diffuse.png</texture>
								<fadetime>200</fadetime>
								<aspectratio scalediffuse="false">stretch</aspectratio>
								<animation type="Focus" reversible="false">
									<effect type="zoom" center="60,238" start="80" end="100" time="600" tween="cubic" easing="out" />
								</animation>
							</control>
							<control type="image">
								<!-- Poster  -->
								<posx>-148</posx>
								<posy>89</posy>
								<width>211</width>
								<height>300</height>
								<texture diffuse="thumb_shelf_poster_diffuse.png" fallback="DefaultVideoPoster.png" background="true">$VAR[value_poster]</texture>
								<fadetime>200</fadetime>
								<aspectratio scalediffuse="false">stretch</aspectratio>
								<animation type="Focus" reversible="false">
									<effect type="zoom" center="60,238" start="80" end="100" time="600" tween="cubic" easing="out" />
								</animation>
							</control>
							<control type="image">
								<posx>12</posx>
								<posy>91</posy>
								<width>50</width>
								<height>50</height>
								<info>ListItem.Overlay</info>
								<animation type="Focus" reversible="false">
									<effect type="zoom" center="60,238" start="80" end="100" time="600" tween="cubic" easing="out" />
								</animation>
								<visible>!Skin.HasSetting(nooverlays)</visible>
							</control>
						</control>
					</focusedlayout>
					<itemlayout width="176" height="245" condition="Window.IsActive(500) | Window.IsActive(501) | Window.IsActive(502)">
						<control type="group">
							<posx>150</posx>
							<posy>60</posy>
							<control type="image">
								<posx>-2</posx>
								<posy>133</posy>
								<width>26</width>
								<height>160</height>
								<texture>shelf_case.png</texture>
								<aspectratio scalediffuse="false">stretch</aspectratio>
							</control>
							<control type="image">
								<posx>-2</posx>
								<posy>284</posy>
								<width>40</width>
								<height>304</height>
								<texture>shelf_case_botton.png</texture>
								<colordiffuse>89FFFFFF</colordiffuse>
								<aspectratio scalediffuse="false">stretch</aspectratio>
							</control>
							<control type="image">
								<posx>-149</posx>
								<posy>131</posy>
								<width>162</width>
								<height>162</height>
								<texture>thumb_cdmask_diffuse.png</texture>
							</control>
							<control type="image">
								<posx>-149</posx>
								<posy>131</posy>
								<width>162</width>
								<height>162</height>
								<texture diffuse="thumb_cdmask_diffuse.png" background="true">$VAR[value_poster]</texture>
								<fadetime>200</fadetime>
								<aspectratio scalediffuse="false">stretch</aspectratio>
							</control>
							<control type="image">
								<posx>-150</posx>
								<posy>290</posy>
								<width>162</width>
								<height>162</height>
								<texture flipy="true">thumb_shelf_border_diffuse.png</texture>
								<fadetime>200</fadetime>
								<colordiffuse>89FFFFFF</colordiffuse>
								<aspectratio scalediffuse="false">stretch</aspectratio>
								<animation effect="fade" start="0" end="30" time="0" condition="true">Conditional</animation>
							</control>
							<control type="image">
								<posx>-150</posx>
								<posy>290</posy>
								<width>162</width>
								<height>162</height>
								<texture flipy="true" diffuse="thumb_cdmask_diffuse.png" background="true">$VAR[value_poster]</texture>
								<fadetime>200</fadetime>
								<colordiffuse>89FFFFFF</colordiffuse>
								<aspectratio scalediffuse="false">stretch</aspectratio>
								<visible>!Container.Content(Genres)</visible>
							</control>
						</control>
					</itemlayout>
					<focusedlayout width="220" height="515" condition="Window.IsActive(500) | Window.IsActive(501) | Window.IsActive(502)">
						<control type="group">
							<posx>140</posx>
							<posy>60</posy>
							<control type="image">
								<posx>44</posx>
								<posy>93</posy>
								<width>36</width>
								<height>206</height>
								<texture>shelf_case.png</texture>
								<aspectratio scalediffuse="false">stretch</aspectratio>
								<animation type="Focus" reversible="false">
									<effect type="zoom" center="60,238" start="80" end="100" time="600" tween="cubic" easing="out" />
									<effect type="fade" start="0" end="100" time="600" />
								</animation>
							</control>
							<control type="image">
								<posx>48</posx>
								<posy>289</posy>
								<width>48</width>
								<height>304</height>
								<texture>shelf_case_botton.png</texture>
								<aspectratio scalediffuse="false">stretch</aspectratio>
								<animation type="Focus" reversible="false">
									<effect type="zoom" center="60,238" start="80" end="100" time="600" tween="cubic" easing="out" />
									<effect type="fade" start="0" end="800" time="800" />
								</animation>
							</control>
							<control type="image">
								<posx>-148</posx>
								<posy>90</posy>
								<width>211</width>
								<height>211</height>
								<texture>thumb_cdmask_diffuse.png</texture>
								<fadetime>200</fadetime>
								<aspectratio scalediffuse="false">stretch</aspectratio>
								<animation type="Focus" reversible="false">
									<effect type="zoom" center="60,238" start="80" end="100" time="600" tween="cubic" easing="out" />
								</animation>
							</control>
							<control type="image">
								<posx>-148</posx>
								<posy>302</posy>
								<width>211</width>
								<height>211</height>
								<texture flipy="true">thumb_cdmask_diffuse.png</texture>
								<colordiffuse>ff000000</colordiffuse>
								<aspectratio scalediffuse="false">stretch</aspectratio>
								<animation type="Focus" reversible="false">
									<effect type="zoom" center="60,238" start="80" end="100" time="600" tween="cubic" easing="out" />
									<effect type="fade" start="0" end="100" time="600" />
								</animation>
							</control>
							<control type="image">
								<posx>-148</posx>
								<posy>90</posy>
								<width>211</width>
								<height>211</height>
								<texture diffuse="thumb_cdmask_diffuse.png" background="true">$VAR[value_poster]</texture>
								<fadetime>200</fadetime>
								<aspectratio scalediffuse="false">stretch</aspectratio>
								<animation type="Focus" reversible="false">
									<effect type="zoom" center="60,238" start="80" end="100" time="600" tween="cubic" easing="out" />
								</animation>
							</control>
							<control type="image">
								<posx>-146</posx>
								<posy>298</posy>
								<width>211</width>
								<height>211</height>
								<texture flipy="true">thumb_cdmask_diffuse.png</texture>
								<fadetime>200</fadetime>
								<aspectratio scalediffuse="false">stretch</aspectratio>
								<animation type="Focus" reversible="false">
									<effect type="zoom" center="60,238" start="80" end="100" time="600" tween="cubic" easing="out" />
									<effect type="fade" start="0" end="30" time="600" />
								</animation>
							</control>
							<control type="image">
								<posx>-148</posx>
								<posy>298</posy>
								<width>211</width>
								<height>211</height>
								<texture flipy="true" diffuse="thumb_cdmask_diffuse.png" background="true">$VAR[value_poster]</texture>
								<fadetime>200</fadetime>
								<aspectratio scalediffuse="false">stretch</aspectratio>
								<animation type="Focus" reversible="false">
									<effect type="zoom" center="60,238" start="80" end="100" time="600" tween="cubic" easing="out" />
									<effect type="fade" start="0" end="70" time="600" />
								</animation>
							</control>
						</control>
					</focusedlayout>
				</control>
			</control>
			<control type="scrollbar" id="80">
				<include>ScrollBar_Horizontal</include>
				<posx>305</posx>
				<posy>613</posy>
				<width>670</width>
				<onup>63</onup>
				<ondown>9920</ondown>
				<include>Animation_Fade</include>
				<visible allowhiddenfocus="true">Control.IsVisible(63) + Control.HasFocus(80)</visible>
			</control>
		</control>
	</include>
</includes>