<?xml version="1.0" encoding="UTF-8" standalone="yes"?>
<addon id="program.mrspeedtest"
       name="Mr. Quim Speed Tester"
       version="0.0.3"
       provider-name="Mr. Quim">
  <requires>
    <import addon="xbmc.python" version="2.1.0"/>
  </requires>
<extension point="xbmc.python.pluginsource"
             library="default.py">
        <provides>executable</provides>
  </extension>
  <extension point="xbmc.addon.metadata">
    <summary lang="en">Mr. Quim Speed Tester</summary>
    <description lang="en">This is a clone of ARNU Box Speed Tester. No you can know how much speed your internet provider gives to you.</description>
    <platform>all</platform>
  </extension>
</addon>