{
  "RTP1": {
    "epg": "RTP1",
    "streams": [
      {
        "url": "http://www.rtp.pt/play/direto/rtp1",
        "name": "RTP Play",
        "resolve": true,
		"visible": true
      },
	  {
        "url": "http://noscdn1.connectedviews.com:1935/live/rtp1.stream/livestream.m3u8",
        "name": "Alternativa #1",
        "resolve": false,
		"visible": false
      },
      {
        "url": "http://88.157.194.246/live/ramdisk/zrtp1/HLS/zrtp1.m3u8",
        "name": "Alternativa",
        "resolve": false,
		"visible": true
      }
    ],
    "name": "RTP 1",
    "thumb": "thumb_rtp1.png"
  },
  "RTP2": {
    "epg": "RTP2",
    "streams": [
      {
        "url": "http://www.rtp.pt/play/direto/rtp2",
        "name": "RTP Play",
        "resolve": true,
		"visible": true
      },
	  {
        "url": "http://noscdn1.connectedviews.com:1935/live/rtp2.stream/livestream.m3u8",
        "name": "Alternativa #1",
        "resolve": false,
		"visible": false
      },
      {
        "url": "http://88.157.194.246/live/ramdisk/zrtp2/HLS/zrtp2.m3u8",
        "name": "Alternativa",
        "resolve": false,
		"visible": true
      }
    ],
    "name": "RTP 2",
    "thumb": "thumb_rtp2.png"
  },
  "SIC": {
    "epg": "SIC",
    "streams": [
      {
        "url": "http://videos.sapo.pt/ShZNJuwCiSpfkjYs7YNk",
        "name": "SIC Oficial",
        "resolve": false,
		"visible": true
      },
	  {
        "url": "http://videos.sapo.pt/R3MFqEghlPJy2sjIIm96",
        "name": "SIC Internacional Oficial",
        "resolve": false,
		"visible": true
      },
	  {
        "url": "http://noscdn1.connectedviews.com:1935/live/sic.stream/livestream.m3u8",
        "name": "Alternativa",
        "resolve": false,
		"visible": false
      },
      {
        "url": "http://88.157.194.246/live/ramdisk/zsic/HLS/zsic.m3u8",
        "name": "Alternativa",
        "resolve": false,
		"visible": true
      }
    ],
    "name": "SIC",
    "thumb": "thumb_sic.png"
  },
  "TVI": {
    "epg": "TVI",
    "streams": [
      {
        "url": "http://tviplayer.iol.pt/direto/TVI",
        "name": "TVI Oficial (M3U8)",
        "resolve": true,
		"visible": true
      },
	  {
        "url": "http://noscdn1.connectedviews.com:1935/live/tvi.stream/livestream.m3u8",
        "name": "Alternativa",
        "resolve": false,
		"visible": false
      },
      {
        "url": "http://88.157.194.246/live/ramdisk/ztvi/HLS/ztvi.m3u8",
        "name": "Alternativa",
        "resolve": false,
		"visible": true
      }
    ],
    "name": "TVI",
    "thumb": "thumb_tvi.png"
  },
  "RTP3": {
    "epg": "RTP3",
    "streams": [
      {
        "url": "http://www.rtp.pt/play/direto/rtp3",
        "name": "RTP Play",
        "resolve": true,
		"visible": true
      }
    ],
    "name": "RTP 3",
    "thumb": "temp2_rtp3.png"
  },
  "SICN": {
    "epg": "SICN",
    "streams": [
      {
        "url": "http://videos.sapo.pt/syqqba8JjeKyS8WFMA1H",
        "name": "SIC Notícias Oficial",
        "resolve": false,
		"visible": true
      },
	  {
        "url": "http://videos.sapo.pt/sv9LOwqkjQB1pZQffRcw",
        "name": "SIC Noticias Internacional Oficial",
        "resolve": false,
		"visible": true
      }
    ],
    "name": "SIC Notícias",
    "thumb": "thumb_sicn.png"
  },
  "TVI24": {
    "epg": "TVI24",
    "streams": [
      {
        "url": "http://tviplayer.iol.pt/direto/TVI24",
        "name": "TVI Oficial",
        "resolve": true,
		"visible": true
      }
    ],
    "name": "TVI24",
    "thumb": "thumb_tvi24.png"
  },
  "EURON": {
    "epg": "EURN",
    "streams": [
      {
        "url": "http://pt.euronews.com/noticias/en-direto/",
        "name": "Euronews PT Oficial (M3U8)",
        "resolve": true,
		"visible": true
      },
	  {
        "url": "http://fr-par-iphone-1.cdn.hexaglobe.net/streaming/euronews_ewns/iphone_pt.m3u8",
        "name": "Euronews PT Oficial (M3U8 Alternativa)",
        "resolve": false,
		"visible": true
      },
      {
        "url": "rtsp://ewns-hls-b-stream.hexaglobe.net/rtpeuronewslive/pt_vidan750_rtp.sdp",
        "name": "Euronews PT Oficial (RTSP)",
        "resolve": false,
		"visible": true
      }
    ],
    "name": "Euronews",
    "thumb": "thumb_euron.png"
  },
  "RTPACO": {
    "epg": "RTPAC",
    "streams": [
      {
        "url": "http://www.rtp.pt/play/direto/rtpacores",
        "name": "RTP Play",
        "resolve": true,
		"visible": true
      }
    ],
    "name": "RTP Açores",
    "thumb": "thumb_rtpaco.png"
  },
  "RTPAFR": {
    "epg": "RTPA",
    "streams": [
      {
        "url": "http://www.rtp.pt/play/direto/rtpafrica",
        "name": "RTP Play",
        "resolve": true,
		"visible": true
      }
    ],
    "name": "RTP Africa",
    "thumb": "thumb_rtpafr.png"
  },
  "RTPINT": {
    "epg": null,
    "streams": [
      {
        "url": "http://www.rtp.pt/play/direto/rtpinternacional",
        "name": "RTP Play",
        "resolve": true,
		"visible": true
      }
    ],
    "name": "RTP Internacional",
    "thumb": "thumb_rtpint.png"
  },
  "RTPMAD": {
    "epg": "RTPMD",
    "streams": [
      {
        "url": "http://www.rtp.pt/play/direto/rtpmadeira",
        "name": "RTP Play",
        "resolve": true,
		"visible": true
      }
    ],
    "name": "RTP Madeira",
    "thumb": "thumb_rtpmad.png"
  },
  "RTPMEM": {
    "epg": "RTPM",
    "streams": [
      {
        "url": "http://www.rtp.pt/play/direto/rtpmemoria",
        "name": "RTP Play",
        "resolve": true,
		"visible": true
      }
    ],
    "name": "RTP Memória",
    "thumb": "thumb_rtpmem.png"
  },
  "ARTV": {
    "epg": "ARTV",
    "streams": [
      {
        "url": "http://arfrontend.livemeans.com/contents.jsonp?op=606",
        "name": "ARTV Oficial",
        "resolve": true,
		"visible": true
      }
    ],
    "name": "ARTV",
    "thumb": "thumb_artv.png"
  },
  "CNOVA": {
    "epg": "CNOVA",
    "streams": [
      {
        "url": "http://tv.cancaonova.pt",
        "name": "Canção Nova Oficial",
        "resolve": true,
		"visible": true
      }
    ],
    "name": "Canção Nova",
    "thumb": "temp2_cancaonova.png"
  },
  "TVL": {
    "epg": null,
    "streams": [
      {
        "url": "http://videos.sapo.pt/y7CW0D0aVqUNyVjIAfpd",
        "name": "TV Lisboa Oficial",
        "resolve": false,
		"visible": true
      }
    ],
    "name": "TV Lisboa",
    "thumb": "temp2_tvl.png"
  },
  "ETV": {
    "epg": "ETVHD",
    "streams": [
      {
        "url": "http://videos.sapo.pt/lcmPmevoiFzq5Z9BvgtT",
        "name": "ETV Oficial",
        "resolve": false,
		"visible": true
      }
    ],
    "name": "Económico TV",
    "thumb": "thumb_etv.png"
  },
  "TPA": {
    "epg": "TPA",
    "streams": [
	  {
        "url": "http://videos.sapo.pt/EhIPsAptHi3PPYAIoz1M",
        "name": "TPA1 Oficial",
        "resolve": false,
		"visible": true
      },
      {
        "url": "http://www.tpai.tv/tpai_rtmp_dynamic_streaming.xml",
        "name": "TPAi Live (RTMP)",
        "resolve": true,
		"visible": true
      }
    ],
    "name": "TPA Internacional",
    "thumb": "thumb_tpa.png"
  },
  "TCV": {
    "epg": "TCV",
    "streams": [
      {
        "url": "http://videos.sapo.pt/o7sf94LpzBDc94GY3N4i",
        "name": "TCV Oficial",
        "resolve": false,
		"visible": true
      }
    ],
    "name": "TCV Internacional",
    "thumb": "temp2_tcv.png"
  },
  "FTV": {
    "epg": "FTV",
    "streams": [
      {
        "url": "http://www.dailymotion.com/embed/video/x3m6nld",
        "name": "Fashion TV Oficial",
        "resolve": true,
		"visible": true
      }
    ],
    "name": "Fashion TV",
    "thumb": "thumb_ftv.png"
  },
  "TRACE": {
    "epg": "TRACE",
    "streams": [
      {
        "url": "http://www.dailymotion.com/embed/video/x1ahjk1",
        "name": "TRACE Urban Oficial",
        "resolve": true,
		"visible": true
      }
    ],
    "name": "TRACE Urban",
    "thumb": "thumb_trace.png"
  },
  "DJING": {
    "epg": null,
    "streams": [
      {
        "url": "http://www.djing.com/tv/noaudio_PT.m3u8",
        "name": "DJing.com Oficial",
        "resolve": false,
		"visible": true
      }
    ],
    "name": "DJing TV",
    "thumb": "thumb_djing.png"
  },
  "VIRGIN": {
    "epg": null,
    "streams": [
      {
        "url": "http://wow01.105.net/live/virgin1/playlist.m3u8",
        "name": "Virgin Radio 105FM Oficial",
        "resolve": false,
		"visible": true
      }
    ],
    "name": "Virgin Radio TV",
    "thumb": "thumb_virgin.png"
  }
}