<?xml version="1.0" encoding="UTF-8" standalone="yes"?>
<addon id="program.speedtest"
       name="ARNU Box Speed Tester"
       version="0.0.3"
       provider-name="ARNU Box / Josh.5">
  <requires>
    <import addon="xbmc.python" version="2.1.0"/>
  </requires>
<extension point="xbmc.python.pluginsource"
             library="default.py">
        <provides>executable</provides>
  </extension>
  <extension point="xbmc.addon.metadata">
    <summary lang="en">ARNU Box Speed Tester</summary>
    <description lang="en">ARNU Box Speed Tester powered by speedtest.net will give you accurate Internet speed/ping test results. \n Brought to you by http://www.arnubox.com</description>
    <platform>all</platform>
  </extension>
</addon>
