<?xml version="1.0" encoding="UTF-8" standalone="yes"?>
<addon id="plugin.program.advancedsettings"
       name="Facil Configuracao Buffering"
       version="1.1.1"
       provider-name="Live!t TV - Buffering">
    <requires>
        <import addon="xbmc.python" version="2.1.0"/>
    </requires>
    <extension point="xbmc.python.pluginsource"
               	library="default.py">
        <provides>video executable</provides>
    </extension>
    <extension point="xbmc.addon.metadata">
        <platform>all</platform>
        <summary>Criar, visualizar, editar e excluir o arquivo advancedsettings.xml</summary>
        <description>Com esta ferramenta podes criar as tuas configuracoes avancadas diretamente do XBMC ou KODI.Se não sabes o que uma configuracao faz, não o inicies!</description>
        <platform>all</platform>
        <language>pt</language>
        <license>GNU GENERAL PUBLIC LICENSE</license>
        <forum>http://www.pcteckserv.com/Forum/</forum>
		<website>https://www.facebook.com/groups/LIVEITTV/</website>
        <source></source>
        <email></email>
    </extension>
	
</addon>
